VEH_NO,PER_NO,ST_CASE,P1,P2,P3,P4,P5,P6,P7,P8,P9,P10
3,1,10678,0,0,0,0,0,0,0,0,0,0
4,1,10678,0,0,0,0,0,0,0,0,0,0
5,1,10678,0,0,0,0,0,0,0,0,0,0
1,1,10679,22,18,27,16,35,22,14,5,30,5
1,1,10680,0,0,0,0,0,0,0,0,0,0
2,1,10680,0,0,0,0,0,0,0,0,0,0
1,1,10681,0,0,0,0,0,0,0,0,0,0
1,1,10682,0,0,0,0,0,0,0,0,0,0
1,1,10683,11,11,11,11,11,11,11,11,11,11
1,1,10684,0,0,0,0,0,0,0,0,0,0
1,1,10685,0,0,0,0,0,0,0,0,0,0
1,1,10686,18,28,13,9,13,16,32,21,16,22
2,1,10686,0,0,0,0,0,0,0,0,0,0
1,1,10687,0,0,0,0,0,0,0,0,0,0
2,1,10687,0,0,0,0,0,0,0,0,0,0
1,1,10688,19,19,19,19,19,19,19,19,19,19
1,1,10689,14,20,14,15,11,32,25,13,26,16
0,1,10690,21,18,6,28,10,13,18,7,31,17
1,1,10690,0,5,6,0,0,27,0,0,13,8
0,1,10691,0,0,0,0,0,0,0,0,0,0
1,1,10691,0,0,0,0,0,0,0,0,0,0
1,1,10692,21,19,11,25,0,13,13,22,14,9
1,1,10693,9,0,0,0,11,15,20,0,0,10
1,1,10694,5,0,5,0,0,0,0,0,0,0
2,1,10694,0,0,0,0,0,0,0,0,0,0
1,1,10695,0,3,0,0,0,0,0,0,0,0
2,1,10695,0,0,0,0,0,0,0,0,0,0
1,1,10696,0,0,0,0,0,0,0,0,0,0
0,1,10697,31,31,31,31,31,31,31,31,31,31
1,1,10697,0,13,0,0,0,0,0,0,0,0
1,1,10698,18,18,18,18,18,18,18,18,18,18
1,1,10699,20,20,20,20,20,20,20,20,20,20
1,1,10700,0,0,0,0,0,0,0,0,0,0
1,1,10701,0,0,0,0,0,0,0,0,0,0
1,1,10702,13,13,13,13,13,13,13,13,13,13
2,1,10702,6,16,0,7,17,14,12,8,0,12
1,1,10703,21,21,21,21,21,21,21,21,21,21
1,1,10704,0,0,0,0,0,0,0,0,0,0
1,1,10705,0,0,0,0,0,0,0,0,0,0
2,1,10705,0,0,0,0,0,0,0,0,0,0
3,1,10705,0,0,0,0,0,0,0,0,0,0
0,1,10706,28,28,28,28,28,28,28,28,28,28
1,1,10706,0,0,0,0,0,0,0,0,0,0
0,1,10707,3,3,3,3,3,3,3,3,3,3
1,1,10707,0,0,0,0,0,0,0,0,0,0
1,1,10708,0,0,0,0,0,0,0,0,0,0
2,1,10708,0,0,0,0,0,0,0,0,0,0
1,1,10709,0,0,0,0,0,0,0,0,0,0
1,1,10710,0,0,0,0,0,0,0,0,0,0
2,1,10710,0,0,0,0,0,0,0,0,0,0
1,1,10711,21,21,21,21,21,21,21,21,21,21
1,1,10712,15,15,15,15,15,15,15,15,15,15
1,1,10713,0,0,0,0,0,0,0,0,0,0
1,1,10714,0,0,0,0,0,0,0,0,0,0
2,1,10714,0,0,0,0,0,0,0,0,0,0
1,1,10715,14,14,14,14,14,14,14,14,14,14
1,1,10716,16,16,16,16,16,16,16,16,16,16
1,1,10717,15,15,15,15,15,15,15,15,15,15
1,1,10718,0,0,0,0,0,0,0,0,0,0
1,1,10719,0,0,0,0,0,0,0,0,0,0
2,1,10719,0,0,0,0,0,0,0,0,0,0
3,1,10719,0,0,0,0,0,0,0,0,0,0
1,1,10720,0,0,0,0,0,0,0,0,0,0
2,1,10720,0,0,0,0,0,0,0,0,0,0
1,1,10721,0,0,20,14,0,0,7,0,0,18
1,1,10722,14,14,14,14,14,14,14,14,14,14
1,1,10723,0,0,0,0,0,0,0,0,0,0
1,1,10724,0,0,0,0,0,0,0,0,0,0
1,1,10725,26,26,26,26,26,26,26,26,26,26
1,1,10726,23,23,23,23,23,23,23,23,23,23
1,1,10727,28,28,28,28,28,28,28,28,28,28
1,1,10728,0,0,0,0,0,0,0,0,0,0
1,1,10729,17,17,17,17,17,17,17,17,17,17
1,1,10730,0,0,0,0,0,0,0,0,0,0
1,1,10731,6,6,6,6,6,6,6,6,6,6
2,1,10731,0,0,6,0,10,0,5,0,0,0
1,1,10732,0,0,0,0,0,0,0,0,0,0
2,1,10732,0,0,0,0,0,0,0,0,0,0
1,1,10733,0,25,14,32,0,17,0,0,17,8
1,1,10734,21,21,21,21,21,21,21,21,21,21
1,1,10735,2,2,2,2,2,2,2,2,2,2
0,1,10736,14,28,0,30,21,20,0,0,19,27
1,1,10736,0,0,0,0,0,0,0,0,0,0
1,1,10737,7,7,7,7,7,7,7,7,7,7
1,1,10738,0,0,0,0,0,0,0,0,0,0
2,1,10738,0,0,0,0,0,0,0,0,0,15
1,1,10739,0,0,0,0,0,0,0,9,6,0
1,1,10740,0,0,0,0,0,0,0,0,0,0
0,1,10741,19,19,19,19,19,19,19,19,19,19
1,1,10741,0,0,0,0,0,0,0,0,0,18
1,1,10742,0,0,0,0,0,0,0,0,0,0
2,1,10742,0,0,0,0,0,0,0,0,0,0
1,1,10743,0,0,0,0,0,0,0,0,0,0
2,1,10743,0,0,0,0,0,0,0,0,0,0
1,1,10744,0,0,0,0,0,0,0,0,0,0
2,1,10744,0,0,0,0,0,0,0,0,0,0
2,1,10745,17,18,10,6,6,14,7,9,16,15
1,1,10746,0,0,0,0,0,0,0,0,0,0
2,1,10746,0,0,0,0,0,0,0,0,0,0
0,1,10747,17,0,0,0,0,0,15,0,0,0
1,1,10747,0,0,0,0,0,0,0,0,3,0
2,1,10747,0,4,0,0,0,13,0,14,0,0
3,1,10747,0,0,0,0,0,0,0,0,0,0
4,1,10747,0,0,0,0,0,0,0,0,0,0
5,1,10747,0,0,0,0,0,0,0,0,0,0
1,1,10748,18,18,18,18,18,18,18,18,18,18
1,1,10749,0,0,0,0,0,0,0,0,0,0
1,1,10750,6,0,0,38,14,18,15,0,18,13
1,1,10751,27,27,27,27,27,27,27,27,27,27
1,1,10752,18,18,18,18,18,18,18,18,18,18
1,1,10753,0,0,0,0,0,0,0,0,0,0
1,1,10754,15,15,15,15,15,15,15,15,15,15
1,1,10755,0,0,0,0,0,0,0,0,0,0
2,1,10755,0,0,0,0,0,0,0,7,0,0
3,1,10755,0,0,0,0,0,0,0,0,0,0
1,1,10756,0,0,0,0,0,0,0,0,0,0
1,1,10757,0,0,0,0,0,0,0,0,0,0
1,1,10758,0,0,0,0,0,0,0,0,0,0
2,1,10758,0,0,0,0,0,0,0,0,0,0
1,1,10759,0,0,0,0,0,0,0,0,0,0
2,1,10759,0,0,0,0,0,0,0,0,0,0
1,1,10760,0,0,0,0,0,0,0,0,0,0
2,1,10760,0,0,0,0,0,0,0,0,0,0
1,1,10761,8,8,8,8,8,8,8,8,8,8
1,1,10762,0,0,0,0,15,0,0,0,0,0
2,1,10762,0,0,0,0,0,0,0,0,0,0
1,1,10763,0,0,0,0,0,0,0,0,0,0
1,1,10764,0,0,0,0,0,0,0,0,0,0
1,1,10765,15,15,15,15,15,15,15,15,15,15
1,1,10766,20,20,20,20,20,20,20,20,20,20
1,1,10767,14,14,14,14,14,14,14,14,14,14
1,1,10768,0,0,0,0,0,0,0,0,0,0
1,1,10769,0,0,0,0,0,0,0,0,0,0
2,1,10769,0,0,0,0,0,0,0,0,0,0
1,1,10770,0,0,22,0,0,0,0,16,0,0
1,1,10771,0,21,18,0,0,23,0,0,0,8
2,1,10771,0,0,0,0,0,0,0,0,0,0
1,1,10772,11,4,0,8,0,18,0,0,0,0
2,1,10772,0,0,0,0,0,0,0,0,0,0
1,1,10773,24,0,30,13,15,20,25,27,21,27
1,1,10774,0,0,0,0,0,0,0,0,0,0
1,1,10775,23,23,23,23,23,23,23,23,23,23
1,1,10776,15,15,15,15,15,15,15,15,15,15
1,1,10777,0,0,0,0,0,0,0,0,0,0
1,1,10778,25,25,25,25,25,25,25,25,25,25
1,1,10779,0,0,0,0,0,0,0,0,0,0
2,1,10779,0,0,0,0,0,0,0,14,0,0
1,1,10780,13,13,13,13,13,13,13,13,13,13
1,1,10781,0,11,39,19,0,5,0,4,22,23
1,1,10782,2,6,28,24,9,15,10,15,12,22
1,1,10783,21,23,5,21,20,10,7,24,16,10
1,1,10784,0,0,0,0,0,0,0,0,0,0
1,1,10785,0,0,0,0,0,0,0,0,0,0
0,1,10786,0,0,0,0,0,0,0,0,1,0
1,1,10786,0,0,0,0,0,0,0,0,0,0
1,1,10787,0,0,0,0,0,11,0,0,0,0
2,1,10787,0,0,0,0,0,0,0,0,0,0
1,1,10788,16,16,16,16,16,16,16,16,16,16
1,1,10789,9,10,7,12,5,16,23,6,12,12
1,1,10790,0,0,0,0,0,0,0,0,0,0
1,1,10791,16,10,20,25,25,19,23,25,22,10
1,1,10792,30,16,0,0,39,14,0,22,16,29
2,1,10792,0,0,0,0,0,0,0,0,0,0
1,1,10793,24,24,24,24,24,24,24,24,24,24
0,1,10794,0,0,0,0,0,0,0,0,0,0
1,1,10794,0,0,0,0,0,0,0,0,0,0
1,1,10795,13,0,19,20,0,0,0,0,0,0
1,1,10796,0,0,0,0,0,0,0,0,0,0
1,1,10797,0,0,0,0,0,0,0,0,0,0
1,1,10798,0,0,0,0,0,0,0,0,0,0
1,1,10799,0,0,0,0,0,0,0,0,0,0
1,1,10800,0,0,0,0,0,0,0,0,0,0
2,1,10800,0,0,0,0,0,0,0,0,0,0
3,1,10800,0,0,0,0,0,0,0,0,0,0
1,1,10801,0,0,0,0,0,0,0,0,0,0
2,1,10801,0,0,0,0,0,0,0,0,0,0
1,1,10802,0,0,0,0,0,0,0,0,0,0
2,1,10802,0,0,0,0,0,0,0,0,0,0
1,1,10803,2,2,2,2,2,2,2,2,2,2
1,1,10804,0,0,0,0,0,0,0,31,0,0
1,1,10805,0,0,0,0,0,0,12,0,0,0
2,1,10805,0,0,0,0,0,0,0,0,0,0
1,1,10806,0,0,21,0,0,19,0,0,0,0
1,1,10807,26,26,26,26,26,26,26,26,26,26
1,1,10808,24,24,24,24,24,24,24,24,24,24
2,1,10808,0,0,0,0,0,0,0,0,0,0
1,1,10809,0,0,0,0,0,0,14,0,0,0
2,1,10809,0,0,0,0,0,0,0,0,0,0
1,1,10810,19,0,0,10,0,0,20,18,3,24
1,1,10811,0,0,0,0,0,0,0,0,0,0
2,1,10811,0,0,0,0,0,0,0,0,0,0
1,1,10812,0,0,0,0,0,0,0,0,0,0
2,1,10812,0,0,22,0,0,0,0,0,0,0
1,1,10813,0,0,0,0,0,0,0,0,0,0
1,1,10814,0,0,0,0,0,0,0,0,0,0
2,1,10814,0,0,12,0,0,0,0,0,0,0
1,1,10815,29,14,23,11,3,35,32,31,18,25
1,1,10816,17,10,0,13,0,14,30,28,15,0
1,1,10817,26,26,26,26,26,26,26,26,26,26
1,1,10818,0,0,0,0,0,0,0,0,0,0
1,1,10819,28,23,13,16,34,20,30,21,12,18
1,1,10820,0,0,0,0,0,0,0,0,0,0
2,1,10820,0,0,0,0,0,3,0,0,0,0
1,1,10821,5,5,5,5,5,5,5,5,5,5
0,1,10822,11,19,0,0,0,0,29,0,21,0
1,1,10822,0,0,0,0,0,0,0,0,0,0
1,1,10823,14,17,11,15,20,0,16,11,16,16
1,1,10824,14,14,14,14,14,14,14,14,14,14
2,1,10824,0,0,0,0,0,0,0,0,0,0
1,1,10825,11,0,16,0,0,0,0,0,0,16
2,1,10825,0,0,0,0,0,0,0,0,0,4
1,1,10826,11,11,16,13,10,16,22,9,12,25
0,1,10827,0,0,0,0,0,0,0,0,0,0
1,1,10827,0,0,13,0,0,0,0,0,0,0
0,1,10828,0,0,0,0,0,0,0,0,0,0
1,1,10828,0,0,0,0,0,0,0,0,0,0
1,1,10829,0,5,0,10,28,0,0,3,0,12
0,1,10830,15,15,15,15,15,15,15,15,15,15
1,1,10830,0,0,0,0,0,0,0,0,0,0
1,1,10831,9,15,25,12,8,20,11,16,6,9
1,1,10832,28,30,0,30,14,0,0,0,27,16
0,1,10833,30,30,30,30,30,30,30,30,30,30
1,1,10833,0,0,0,0,0,0,0,0,0,0
1,1,10834,0,0,0,0,0,0,0,0,0,0
2,1,10834,0,0,0,0,0,0,0,0,0,0
3,1,10834,0,0,0,0,0,0,0,0,0,0
1,1,10835,0,0,0,0,0,0,0,0,0,0
1,1,10836,0,0,0,22,0,0,0,0,0,0
1,1,10837,0,14,0,24,8,5,0,0,3,0
2,1,10837,0,0,0,21,0,0,0,0,0,0
0,1,10838,16,23,0,0,0,16,25,0,16,0
1,1,10838,0,0,0,0,0,0,0,0,0,0
1,1,10839,0,0,0,0,0,0,0,0,0,0
2,1,10839,0,0,0,0,0,0,0,7,0,0
1,1,10840,0,0,0,0,0,0,0,0,0,0
1,1,10841,0,0,0,0,0,0,0,0,0,0
2,1,10841,0,0,0,0,0,0,0,0,0,0
1,1,10842,0,0,0,0,0,0,0,0,0,0
1,1,10843,0,0,0,0,0,0,0,0,0,0
1,1,10844,17,17,17,17,17,17,17,17,17,17
2,1,10844,0,0,0,0,0,0,0,0,0,0
1,1,10845,0,0,9,12,13,0,33,27,17,6
2,1,10845,0,0,0,0,0,0,0,0,0,0
1,1,10846,0,0,0,0,0,0,0,0,0,0
2,1,10846,0,0,0,0,0,0,0,0,0,0
1,1,10847,26,26,26,26,26,26,26,26,26,26
1,1,10848,0,0,14,0,0,0,0,0,0,0
2,1,10848,0,0,0,0,0,0,0,0,0,0
1,1,10849,31,0,0,19,38,10,15,0,26,12
1,1,10850,21,14,16,21,27,4,18,14,13,26
0,1,10851,0,0,9,0,0,18,11,0,14,0
1,1,10851,9,9,9,9,9,9,9,9,9,9
1,1,10852,0,0,0,14,10,0,0,0,16,0
2,1,10852,0,0,0,0,0,0,0,0,0,0
3,1,10852,0,0,0,0,0,0,0,0,0,0
1,1,10853,0,0,0,0,0,0,0,0,0,0
2,1,10853,0,0,0,0,0,0,0,0,0,0
1,1,10854,0,0,10,0,0,0,0,0,0,12
1,1,10855,32,20,20,0,0,15,14,13,10,15
0,1,10856,0,12,13,16,48,8,0,24,28,17
1,1,10856,0,16,0,0,0,6,0,0,0,0
1,1,10857,0,0,0,0,0,0,0,0,0,0
2,1,10857,21,0,0,0,13,16,16,0,21,20
0,1,10858,0,0,33,11,0,0,0,0,0,0
1,1,10858,0,0,0,0,0,0,0,0,0,0
1,1,10859,0,0,0,0,0,0,0,0,0,0
2,1,10859,0,0,0,0,0,0,0,0,0,0
1,1,10860,12,12,12,12,12,12,12,12,12,12
1,1,10861,0,0,0,0,0,0,0,0,0,0
0,1,10862,0,0,0,0,0,0,0,0,0,0
1,1,10862,0,0,0,0,0,0,0,0,0,0
1,1,10863,0,0,0,0,0,0,0,5,0,0
2,1,10863,0,0,0,0,0,0,0,0,0,0
1,1,10864,0,0,0,0,0,0,0,0,0,0
2,1,10864,5,5,5,5,5,5,5,5,5,5
3,1,10864,0,0,0,0,0,0,0,0,0,0
1,1,10865,5,8,0,16,38,25,10,14,27,19
1,1,10866,0,0,0,0,0,0,0,0,0,0
1,1,10867,0,0,0,8,9,0,0,0,0,5
1,1,10868,15,17,16,25,0,16,3,25,8,18
1,1,10869,30,30,30,30,30,30,30,30,30,30
1,1,10870,5,8,3,0,0,0,2,0,0,8
2,1,10870,0,0,0,0,0,0,0,0,0,0
1,1,10871,0,0,0,0,0,0,0,0,0,0
0,1,10872,17,0,20,0,17,8,17,0,29,0
1,1,10872,0,0,0,0,0,0,0,0,0,0
1,1,10873,0,0,0,0,0,0,0,0,0,0
2,1,10873,0,0,0,0,0,0,0,0,0,0
0,1,10874,27,14,35,22,21,10,38,21,23,22
1,1,10874,0,0,0,0,17,8,0,0,0,0
1,1,10875,0,16,0,0,0,0,0,0,0,31
2,1,10875,0,0,0,0,0,0,0,0,0,0
1,1,10876,12,9,0,14,11,0,25,0,0,2
2,1,10876,0,0,0,0,0,0,0,0,0,0
1,1,10877,0,18,14,0,7,0,0,0,7,0
1,1,10878,0,0,0,0,20,0,0,0,0,0
2,1,10878,8,8,8,8,8,8,8,8,8,8
1,3,10879,0,19,0,0,0,0,11,0,0,0
1,1,10880,0,0,0,0,0,0,0,9,0,0
2,1,10880,0,0,0,0,0,0,0,0,0,0
0,1,10881,0,17,0,0,0,0,9,0,18,0
2,1,10881,17,0,0,0,0,0,0,0,5,0
3,1,10881,0,0,0,0,0,0,0,0,0,0
1,1,10882,0,0,0,0,0,0,0,0,0,0
2,1,10882,0,0,0,0,0,0,0,0,0,0
1,1,10883,0,0,0,0,0,0,0,0,0,0
2,1,10883,0,0,0,0,0,0,0,0,0,0
1,1,10884,14,14,14,14,14,14,14,14,14,14
1,1,10885,0,0,0,0,0,0,0,0,0,0
0,1,10886,0,0,16,0,31,0,18,0,18,0
1,1,10886,0,0,0,0,0,0,0,0,0,0
1,1,10887,0,11,0,0,10,0,0,0,0,0
1,1,10888,11,11,11,11,11,11,11,11,11,11
0,1,10889,34,23,21,27,7,30,26,21,22,2
1,1,10889,0,0,0,0,0,0,0,0,0,0
0,1,10890,0,0,0,0,0,0,0,0,0,0
1,1,10890,0,0,0,0,0,0,0,0,0,0
1,1,10891,0,0,0,0,0,0,0,0,0,0
2,1,10891,0,0,0,0,0,0,0,0,0,0
1,1,20001,0,0,0,0,0,0,0,0,0,0
2,1,20001,0,0,0,0,0,0,0,0,0,0
1,1,20002,0,0,0,0,0,0,0,0,0,0
2,1,20002,0,0,0,0,0,0,0,0,0,0
1,1,20003,0,0,0,0,0,0,0,0,0,0
2,1,20003,0,0,0,0,0,0,0,0,0,0
3,1,20003,0,0,0,0,0,0,0,0,0,0
1,1,20004,0,0,0,0,0,0,0,0,0,0
2,1,20004,0,0,0,0,0,0,0,0,0,0
3,1,20004,0,0,0,0,0,0,0,0,0,0
1,1,20005,15,15,15,15,15,15,15,15,15,15
2,1,20005,0,0,0,0,0,0,0,0,0,0
1,1,20006,0,0,0,0,0,0,0,0,0,0
2,1,20006,14,14,14,14,14,14,14,14,14,14
1,1,20007,12,12,12,12,12,12,12,12,12,12
1,1,20008,16,16,16,16,16,16,16,16,16,16
1,1,20009,0,0,0,0,0,0,0,0,0,0
2,1,20009,0,0,0,0,0,0,0,0,0,0
1,1,20010,0,0,0,0,0,0,0,0,0,0
1,1,20011,21,21,21,21,21,21,21,21,21,21
1,1,20012,5,5,5,5,5,5,5,5,5,5
0,1,20013,0,28,24,31,23,33,27,24,28,31
1,1,20013,0,0,0,0,0,0,0,11,0,0
1,1,20014,0,0,0,0,0,0,0,0,0,0
1,1,20015,0,0,0,0,0,0,0,0,0,0
2,1,20015,0,0,0,0,0,0,0,0,0,0
1,1,20016,11,11,11,11,11,11,11,11,11,11
2,1,20016,3,3,3,3,3,3,3,3,3,3
1,1,20017,19,19,19,19,19,19,19,19,19,19
1,1,20018,0,0,0,0,0,0,0,0,0,0
2,1,20018,0,0,0,0,0,0,0,0,0,0
1,1,20019,21,21,21,21,21,21,21,21,21,21
1,1,20020,1,1,1,1,1,1,1,1,1,1
2,1,20020,0,0,0,0,0,0,0,0,0,0
3,1,20020,0,0,0,0,0,0,0,0,0,0
1,1,20021,12,12,12,12,12,12,12,12,12,12
1,1,20022,0,0,0,0,0,0,0,0,0,0
2,1,20022,0,0,0,0,0,0,0,0,0,0
1,1,20023,0,0,0,0,0,0,0,0,0,0
2,1,20023,0,0,0,0,0,0,0,0,0,0
1,1,20024,14,14,14,14,14,14,14,14,14,14
1,1,20026,0,0,0,0,0,0,0,0,0,0
1,1,20027,2,2,2,2,2,2,2,2,2,2
2,1,20027,1,1,1,1,1,1,1,1,1,1
1,1,20028,0,0,0,0,0,13,7,0,0,0
2,1,20028,8,0,0,9,0,4,18,7,11,24
1,1,20030,25,25,25,25,25,25,25,25,25,25
1,1,20031,20,20,20,20,20,20,20,20,20,20
1,1,20032,23,23,23,23,23,23,23,23,23,23
0,1,20033,9,9,9,9,9,9,9,9,9,9
0,2,20033,15,15,15,15,15,15,15,15,15,15
1,1,20033,0,0,0,0,0,0,0,0,0,0
1,1,20034,2,2,2,2,2,2,2,2,2,2
1,1,20035,0,0,0,0,0,0,0,0,0,0
2,1,20035,0,0,0,0,0,0,0,0,0,0
1,1,20036,0,0,0,0,0,0,0,0,0,0
2,1,20036,0,0,0,0,0,0,0,0,0,0
1,1,20037,0,0,0,0,0,0,0,0,0,0
2,1,20037,0,0,0,0,0,0,0,0,0,0
1,1,20038,0,0,0,0,0,0,0,0,0,0
2,1,20038,0,0,0,0,0,0,0,0,0,0
1,1,20039,23,23,23,23,23,23,23,23,23,23
1,1,20040,12,12,12,12,12,12,12,12,12,12
1,1,20041,0,0,0,0,0,0,0,0,0,0
2,1,20041,0,0,0,0,0,0,0,0,0,0
1,1,20042,0,0,0,0,0,0,0,0,0,0
2,1,20042,0,0,0,0,0,0,0,0,0,0
1,1,20043,24,24,24,24,24,24,24,24,24,24
0,1,20044,0,0,0,0,0,0,0,0,0,0
1,1,20044,0,0,0,0,0,0,0,0,0,0
1,1,20045,0,0,0,0,0,0,0,0,0,0
1,1,20046,0,0,0,0,0,0,0,0,0,0
2,1,20046,0,0,0,0,0,0,0,0,0,0
1,1,20047,0,0,0,0,0,0,0,0,0,0
2,1,20047,0,0,0,0,0,0,0,0,0,0
1,1,20048,0,0,0,0,0,0,0,0,0,0
2,1,20048,0,0,0,0,0,0,0,0,0,0
1,1,20049,0,0,0,0,0,0,0,0,0,0
2,1,20049,0,0,0,0,0,0,0,0,0,0
1,1,20050,16,14,21,8,20,29,8,13,9,9
1,1,20051,0,0,0,0,0,0,0,0,0,0
2,1,20051,0,0,0,0,0,0,0,0,0,0
3,1,20051,0,0,0,0,0,0,0,0,0,0
4,1,20051,0,0,0,0,0,0,0,0,0,0
5,1,20051,0,0,0,0,0,0,0,0,0,0
1,1,20052,0,0,0,0,0,0,0,0,0,0
1,1,20053,0,0,0,0,0,0,0,0,0,0
2,1,20053,0,0,0,0,0,0,0,0,0,0
1,1,20054,0,0,0,0,0,0,0,0,0,0
2,1,20054,1,1,1,1,1,1,1,1,1,1
1,1,20055,0,0,0,0,0,0,0,0,0,0
2,1,20055,0,0,0,0,0,0,0,0,0,0
1,1,20056,0,0,0,0,0,0,0,0,0,0
2,1,20056,0,0,0,0,0,0,0,0,0,0
1,1,20057,0,0,0,0,0,0,0,0,0,6
1,1,40001,0,0,0,0,0,0,0,0,0,0
1,1,40002,27,27,27,27,27,27,27,27,27,27
2,1,40002,0,0,0,0,0,0,0,0,0,0
3,1,40002,0,0,0,0,0,0,0,0,0,0
1,1,40003,22,22,22,22,22,22,22,22,22,22
1,1,40004,0,0,0,0,0,0,0,0,0,0
2,1,40004,0,0,0,0,0,0,0,0,0,0
1,1,40005,0,0,0,0,0,0,0,0,0,0
2,1,40005,0,0,0,0,0,0,0,0,0,0
1,1,40006,27,27,27,27,27,27,27,27,27,27
1,1,40007,0,0,0,0,0,0,0,0,0,0
2,1,40007,0,0,0,0,0,0,0,0,0,0
0,1,40008,32,32,32,32,32,32,32,32,32,32
1,1,40008,0,0,0,0,0,0,0,0,0,0
1,1,40009,0,0,0,0,0,0,0,0,0,0
1,1,40010,0,0,0,0,0,0,0,0,0,0
0,1,40011,0,0,0,0,0,0,0,0,0,0
1,1,40011,0,0,0,0,17,8,0,0,0,0
0,1,40012,0,0,0,0,0,0,0,0,0,0
1,1,40012,0,0,0,0,4,0,0,0,0,0
1,1,40013,0,0,0,0,0,0,0,0,0,0
1,1,40014,0,0,0,0,0,0,0,0,0,0
1,1,40015,0,0,0,0,0,0,0,0,0,0
1,1,40016,0,0,0,0,0,0,0,0,0,0
1,1,40017,0,0,0,0,0,0,0,0,0,0
2,1,40017,0,0,0,0,0,0,0,0,0,0
0,1,40018,0,0,0,0,0,0,0,0,0,0
0,2,40018,0,0,0,0,0,0,0,0,0,0
1,1,40018,24,24,24,24,24,24,24,24,24,24
1,1,40019,21,21,21,21,21,21,21,21,21,21
1,1,40020,0,0,0,0,0,0,0,0,0,0
2,1,40020,0,0,0,0,0,0,0,0,0,0
1,1,40021,0,0,0,0,0,0,0,0,0,0
1,1,40022,0,0,0,0,0,0,0,0,0,0
1,1,40023,0,0,0,0,0,0,0,0,0,0
1,1,40024,18,0,0,0,0,0,0,0,23,0
1,1,40025,27,27,27,27,27,27,27,27,27,27
2,1,40025,0,0,0,0,0,0,0,0,0,0
1,1,40026,0,0,0,0,0,0,0,0,0,0
2,1,40026,0,0,0,0,0,0,0,0,0,0
1,1,40027,24,24,24,24,24,24,24,24,24,24
2,1,40027,27,27,27,27,27,27,27,27,27,27
1,1,40028,21,21,21,21,21,21,21,21,21,21
1,1,40029,0,0,0,0,0,0,0,0,0,0
0,1,40030,0,0,0,0,0,0,0,0,0,0
1,1,40030,0,0,0,0,0,0,0,0,0,0
1,1,40031,0,0,0,0,0,0,0,0,0,0
2,1,40031,0,0,0,0,0,0,0,0,0,0
1,1,40032,0,0,0,0,0,0,0,0,0,0
2,1,40032,0,0,13,0,0,0,0,0,0,0
0,1,40033,0,0,0,0,0,0,0,0,0,0
1,1,40033,0,0,0,0,0,0,0,0,0,0
1,1,40034,24,24,24,24,24,24,24,24,24,24
2,1,40034,0,0,0,0,0,0,0,0,0,0
3,1,40034,0,0,0,0,0,0,0,0,0,0
1,1,40035,21,21,21,21,21,21,21,21,21,21
1,1,40036,15,15,15,15,15,15,15,15,15,15
2,1,40036,0,0,0,0,0,0,0,0,0,0
1,1,40037,16,16,16,16,16,16,16,16,16,16
1,1,40038,0,0,0,0,0,0,0,0,0,0
2,1,40038,0,0,0,0,0,0,0,0,0,0
1,1,40039,0,0,0,0,0,0,0,0,0,0
2,1,40039,6,0,0,0,0,0,0,0,0,0
1,1,40040,0,0,0,0,0,0,0,0,0,0
2,1,40040,0,0,0,0,0,0,0,0,0,0
1,1,40041,0,0,0,0,0,0,0,0,0,0
0,1,40042,15,0,12,29,11,0,0,0,23,0
1,1,40042,0,9,0,0,0,13,0,27,26,0
1,1,40043,0,0,0,0,0,0,0,0,0,0
2,1,40043,0,0,0,0,0,0,0,0,0,0
3,1,40043,0,0,0,0,0,0,0,0,0,0
4,1,40043,0,0,0,0,0,0,0,0,0,0
5,1,40043,0,6,0,0,0,0,0,0,0,0
6,1,40043,0,0,0,0,0,0,0,0,0,0
7,1,40043,0,0,0,0,0,0,0,0,0,0
8,1,40043,0,7,0,0,0,0,0,0,0,0
9,1,40043,0,0,0,0,0,0,0,0,0,0
10,1,40043,0,0,0,0,0,0,0,0,0,0
11,1,40043,0,0,0,0,0,0,0,0,0,0
12,1,40043,0,0,0,0,0,0,0,0,0,0
1,1,40044,11,11,11,11,11,11,11,11,11,11
1,1,40045,0,0,0,0,0,0,0,0,0,0
2,1,40045,0,0,0,0,0,0,0,0,0,0
1,1,40046,8,8,8,8,8,8,8,8,8,8
2,1,40046,0,0,0,0,0,0,0,0,0,0
1,1,40047,13,13,13,13,13,13,13,13,13,13
2,1,40047,0,0,0,0,0,0,0,0,0,0
3,1,40047,0,0,0,0,0,0,0,0,0,0
4,1,40047,0,0,0,0,0,0,0,0,0,0
1,1,40048,0,0,0,0,0,0,0,0,0,0
2,1,40048,0,0,0,0,0,0,0,0,0,0
1,1,40049,7,7,7,7,7,7,7,7,7,7
1,1,40050,0,0,0,0,0,0,0,0,0,0
1,1,40051,0,0,0,0,0,0,11,0,0,0
2,1,40051,0,0,0,0,0,0,0,0,0,0
1,1,40052,0,0,0,0,0,0,0,0,0,0
2,1,40052,0,0,0,0,0,0,0,0,0,0
3,1,40052,0,0,0,0,0,0,0,0,0,0
2,1,40053,0,0,0,0,0,0,0,0,0,0
1,1,40054,0,0,0,0,0,0,0,0,0,0
0,1,40055,40,40,40,40,40,40,40,40,40,40
1,1,40055,0,0,0,0,0,0,0,0,0,0
1,1,40056,17,17,17,17,17,17,17,17,17,17
2,1,40056,0,0,0,0,0,0,0,0,0,0
3,1,40056,0,0,0,0,0,0,0,0,0,0
1,1,40057,0,0,0,0,0,0,0,0,0,0
2,1,40057,0,0,0,0,0,0,0,0,0,0
0,1,40058,4,4,4,4,4,4,4,4,4,4
1,1,40058,0,0,0,0,0,0,0,0,0,0