VEH_NO,PER_NO,ST_CASE,P1,P2,P3,P4,P5,P6,P7,P8,P9,P10
1,1,40059,0,0,0,0,0,0,0,0,0,0
0,1,40060,0,0,0,0,0,0,0,0,0,0
1,1,40060,0,0,0,0,0,8,0,0,0,0
1,1,40061,0,0,0,0,0,0,0,0,0,0
1,1,40062,0,0,0,0,0,0,0,0,0,0
1,1,40063,0,0,0,0,0,0,0,0,0,0
2,1,40063,0,15,8,13,0,0,23,0,0,0
1,1,40064,0,0,0,0,0,0,0,0,0,0
1,1,40065,0,0,0,0,0,0,0,0,0,0
1,1,40066,0,0,0,0,0,0,0,0,0,0
1,1,40067,22,22,22,22,22,22,22,22,22,22
1,1,40068,0,0,0,0,0,0,18,0,0,0
1,1,40069,2,2,2,2,2,2,2,2,2,2
1,1,40070,0,0,0,0,0,0,0,0,4,0
0,1,40071,0,0,0,0,0,0,0,0,0,0
1,1,40071,0,0,0,0,0,0,0,0,0,0
1,1,40072,0,0,0,0,0,0,0,0,0,0
2,1,40072,0,0,0,0,0,0,0,0,0,0
3,1,40072,10,0,0,0,0,0,0,0,0,0
1,1,40073,0,0,0,0,0,0,0,0,0,0
2,1,40073,0,0,17,6,0,0,0,7,0,0
1,1,40074,0,0,0,0,0,0,0,0,0,0
2,1,40074,0,0,0,0,0,0,0,0,0,0
1,1,40075,0,0,0,0,0,0,0,0,0,0
2,1,40075,0,0,0,0,0,0,0,0,0,0
1,1,40076,0,0,0,0,0,0,0,0,0,0
1,1,40077,0,0,0,0,0,0,0,0,0,0
2,1,40077,0,0,0,0,0,0,0,0,0,0
3,1,40077,0,0,0,0,4,0,0,0,0,0
1,1,40078,0,0,0,0,0,0,0,0,0,0
0,1,40079,0,0,0,0,0,0,0,0,0,0
1,1,40079,0,0,0,0,0,0,0,0,0,0
1,1,40080,0,0,0,0,0,0,0,0,0,0
0,1,40081,20,20,20,20,20,20,20,20,20,20
1,1,40081,0,0,0,0,0,0,0,0,0,0
0,1,40082,0,0,12,0,0,0,0,0,0,0
1,1,40082,0,0,0,0,0,0,0,0,0,0
1,1,40083,0,0,0,0,0,0,0,0,0,0
2,1,40083,0,0,0,0,0,0,0,0,0,0
3,1,40083,0,0,0,0,0,0,0,0,0,0
4,1,40083,0,0,0,0,0,0,0,0,0,0
1,1,40084,11,11,11,11,11,11,11,11,11,11
2,1,40084,0,0,0,0,0,0,0,0,0,0
1,1,40085,0,0,0,0,0,0,0,0,0,0
2,1,40085,0,0,0,0,0,0,0,0,0,0
1,1,40086,17,17,17,17,17,17,17,17,17,17
2,1,40086,0,0,0,0,0,0,0,0,0,0
1,1,40087,0,0,0,0,0,0,0,0,0,0
2,1,40087,0,0,0,0,0,0,0,0,0,0
1,1,40088,0,0,0,0,0,0,0,0,0,0
2,1,40088,0,0,0,0,0,0,0,0,0,0
1,1,40089,0,0,0,0,0,0,0,0,0,0
2,1,40089,2,2,2,2,2,2,2,2,2,2
0,1,40090,0,0,0,0,0,0,0,0,0,0
1,1,40090,0,0,0,0,0,0,0,0,0,0
0,1,40091,0,0,0,0,0,0,0,0,0,0
1,1,40091,0,0,0,0,0,0,0,0,0,0
0,1,40092,0,0,0,0,0,0,0,0,0,0
0,2,40092,0,0,0,31,0,0,0,0,0,0
1,1,40092,0,0,21,0,0,0,0,0,0,0
2,1,40092,0,0,0,0,0,0,0,0,0,0
1,1,40093,0,0,0,0,0,0,0,0,0,0
2,1,40093,0,0,0,0,0,0,0,0,0,0
1,1,40094,0,0,0,0,0,0,0,0,0,0
1,1,40095,0,0,0,0,0,0,0,0,0,0
1,1,40096,0,0,0,0,0,0,0,0,0,0
2,1,40096,0,0,0,0,0,0,0,0,0,0
1,1,40097,11,11,11,11,11,11,11,11,11,11
2,1,40097,0,0,0,0,0,0,0,0,0,0
0,1,40098,19,33,9,22,9,12,18,21,25,9
1,1,40098,0,0,0,0,0,0,0,0,0,0
0,1,40099,27,27,27,27,27,27,27,27,27,27
1,1,40099,0,0,0,0,0,0,0,0,0,0
1,1,40100,0,0,0,0,0,0,0,0,0,0
2,1,40100,0,0,0,0,0,0,0,0,0,0
1,1,40101,15,0,0,0,0,0,0,0,0,0
2,1,40101,0,0,0,0,0,0,0,0,0,0
1,1,40102,0,0,0,0,0,0,26,0,0,0
2,1,40102,0,0,0,0,0,0,0,0,0,0
1,1,40103,0,0,0,0,0,0,0,0,0,0
2,1,40103,0,0,0,0,0,0,0,0,0,0
1,1,40104,0,0,0,0,0,0,0,0,0,0
1,1,40105,30,30,30,30,30,30,30,30,30,30
1,1,40106,0,0,0,0,0,0,0,0,0,0
2,1,40106,0,0,0,0,0,0,0,0,0,0
3,1,40106,0,0,0,0,0,0,0,0,0,0
1,1,40107,0,0,0,0,0,0,0,0,0,0
2,1,40107,0,0,0,0,0,0,0,0,0,0
3,1,40107,0,0,0,0,0,0,0,0,0,0
1,1,40108,15,15,15,15,15,15,15,15,15,15
0,1,40109,30,30,30,30,30,30,30,30,30,30
1,1,40109,0,0,0,0,0,0,0,0,0,0
1,1,40110,0,0,0,0,0,0,0,0,0,0
1,1,40111,21,21,21,21,21,21,21,21,21,21
1,1,40112,0,0,0,0,0,0,0,0,0,0
2,1,40112,0,0,0,0,0,0,0,0,0,0
1,1,40113,30,30,30,30,30,30,30,30,30,30
2,1,40113,0,0,0,10,0,11,0,0,0,0
1,1,40114,29,29,29,29,29,29,29,29,29,29
1,1,40115,19,19,19,19,19,19,19,19,19,19
1,1,40116,0,0,0,0,0,0,0,0,0,0
0,1,40117,0,0,0,0,0,0,0,0,0,0
1,1,40117,21,0,0,0,0,0,0,0,0,0
1,1,40118,0,0,0,0,0,0,0,0,0,0
1,1,40119,0,0,0,0,0,0,0,0,0,0
1,1,40120,0,0,0,0,0,0,0,0,0,0
2,1,40120,0,0,0,0,0,0,0,0,0,0
1,1,40121,39,39,39,39,39,39,39,39,39,39
1,1,40122,0,0,0,0,0,0,0,0,0,0
1,1,40123,0,0,0,0,0,0,0,0,0,0
2,1,40123,0,0,0,0,0,0,0,0,0,0
3,1,40123,0,0,0,0,0,0,0,0,0,0
1,1,40124,0,0,0,0,0,10,0,0,15,0
2,1,40124,15,13,11,0,0,0,3,0,0,0
1,1,40125,0,0,0,0,0,0,0,0,9,0
1,1,40126,0,0,0,0,0,0,0,0,0,0
0,1,40127,0,26,0,0,0,0,0,0,0,0
1,1,40127,0,0,0,0,0,0,0,0,0,0
0,1,40128,18,18,18,18,18,18,18,18,18,18
1,1,40128,3,3,3,3,3,3,3,3,3,3
1,1,40129,0,0,0,0,0,0,0,0,0,0
2,1,40129,0,0,0,0,0,0,0,0,0,0
1,1,40130,0,0,0,0,0,0,0,0,0,0
1,1,40131,0,0,0,0,0,0,11,13,0,0
0,1,40132,40,28,0,13,33,40,0,30,10,23
1,1,40132,0,0,0,0,0,0,0,0,0,0
1,1,40133,15,15,15,15,15,15,15,15,15,15
2,1,40133,0,0,0,0,0,10,0,12,0,0
1,1,40134,0,0,0,0,0,0,0,0,0,0
0,1,40135,11,11,17,0,28,18,26,0,14,24
1,1,40135,0,12,0,0,4,0,0,0,0,13
1,1,40136,0,0,0,0,0,0,0,0,0,0
1,1,40137,0,0,0,0,0,0,0,0,0,0
0,1,40138,26,26,26,26,26,26,26,26,26,26
1,1,40138,0,0,0,9,0,0,0,0,0,0
1,1,40139,0,0,0,0,0,0,0,0,0,0
2,1,40139,0,0,0,0,0,0,0,0,0,0
1,1,40140,25,25,25,25,25,25,25,25,25,25
1,1,40141,0,0,0,0,0,0,0,0,0,0
2,1,40141,0,0,0,0,0,0,0,0,0,0
1,1,40142,8,8,8,8,8,8,8,8,8,8
1,1,40144,23,23,23,23,23,23,23,23,23,23
2,1,40144,0,0,0,0,0,0,0,0,0,2
3,1,40144,0,0,0,0,0,0,0,0,0,0
1,1,40145,0,0,0,0,0,0,0,0,0,0
2,1,40145,0,0,0,0,0,0,0,0,0,0
3,1,40145,0,0,0,0,0,0,0,0,0,0
4,1,40145,0,0,0,0,0,0,0,0,0,0
1,1,40146,0,0,0,0,0,0,0,0,0,0
1,1,40147,0,0,0,0,0,0,0,0,0,0
2,1,40147,0,0,0,0,0,0,0,0,0,0
3,1,40147,5,0,9,0,0,0,0,0,0,0
1,1,40148,0,0,0,4,0,0,0,0,0,0
1,1,40149,0,0,0,0,0,0,0,0,0,0
1,1,40150,0,0,0,0,0,0,0,0,0,0
2,1,40150,0,0,0,0,0,0,0,0,0,0
3,1,40150,0,0,0,0,0,0,0,0,0,0
4,1,40150,10,0,0,0,0,0,0,0,0,0
5,1,40150,0,0,0,0,0,0,0,0,0,0
6,1,40150,0,0,0,0,0,0,0,0,5,8
1,1,40151,0,0,0,0,0,0,0,0,0,0
2,1,40151,0,0,0,0,0,0,0,0,0,0
1,1,40152,19,19,19,19,19,19,19,19,19,19
1,1,40153,0,0,0,0,0,0,0,0,0,0
2,1,40153,23,23,23,23,23,23,23,23,23,23
1,1,40154,16,16,16,16,16,16,16,16,16,16
1,1,40155,24,24,24,24,24,24,24,24,24,24
1,1,40156,24,24,24,24,24,24,24,24,24,24
2,1,40156,0,0,0,0,0,0,0,0,0,0
1,1,40157,0,0,0,0,0,0,0,0,0,0
1,1,40158,0,0,0,4,0,0,0,0,0,0
3,1,40159,0,0,0,0,0,0,0,0,10,0
4,1,40159,0,0,0,0,0,0,0,0,0,0
5,1,40159,0,0,0,0,0,0,0,0,0,0
6,1,40159,0,0,0,0,0,0,0,0,0,0
7,1,40159,0,0,0,0,0,0,0,2,0,0
8,1,40159,0,0,0,0,0,0,0,0,0,0
9,1,40159,0,0,0,0,12,0,0,0,0,0
10,1,40159,0,0,0,0,0,0,0,0,0,0
11,1,40159,0,0,0,0,0,0,0,0,0,0
12,1,40159,0,0,0,0,0,0,0,0,0,0
0,1,40160,0,0,0,0,0,0,0,0,0,0
1,1,40160,0,0,0,0,0,0,0,0,0,0
0,1,40161,0,0,0,0,0,0,0,0,0,0
1,1,40161,0,0,0,0,0,0,0,0,0,0
0,1,40162,14,14,14,14,14,14,14,14,14,14
1,1,40162,0,0,0,0,0,0,0,0,0,0
0,1,40163,0,0,0,0,0,0,0,0,0,0
1,1,40163,0,0,0,0,0,0,0,0,0,0
1,1,40164,19,19,19,19,19,19,19,19,19,19
2,1,40164,0,0,0,0,0,0,0,0,0,5
1,1,40165,0,0,0,0,0,0,0,0,0,0
1,1,40166,0,0,0,0,0,0,0,0,0,0
2,1,40166,0,0,0,0,0,0,0,0,0,0
1,1,40167,13,13,13,13,13,13,13,13,13,13
2,1,40167,0,0,0,0,0,0,0,0,0,0
1,1,40168,22,22,22,22,22,22,22,22,22,22
1,1,40169,0,0,0,0,0,0,0,0,0,0
0,1,40170,18,18,18,18,18,18,18,18,18,18
1,1,40170,0,0,0,0,0,0,0,0,0,0
1,1,40171,0,0,0,0,0,0,0,0,0,0
2,1,40171,0,0,0,0,0,0,0,0,0,0
1,1,40172,0,0,0,0,0,0,0,0,0,0
2,1,40172,0,0,0,0,0,0,0,0,0,0
0,1,40173,0,0,0,0,0,0,0,0,0,0
1,1,40173,0,0,0,0,0,0,0,0,0,0
0,1,40174,0,0,0,0,0,0,0,0,0,0
1,1,40174,0,0,0,0,0,0,0,0,0,0
1,1,40175,7,7,7,7,7,7,7,7,7,7
0,1,40176,26,26,26,26,26,26,26,26,26,26
1,1,40176,0,5,0,0,0,0,0,0,0,0
1,1,40177,0,0,0,0,0,0,0,0,0,0
2,1,40177,0,0,0,0,0,0,0,0,0,0
0,1,40178,33,33,33,33,33,33,33,33,33,33
1,1,40178,0,0,0,0,0,0,0,0,0,0
2,1,40178,0,0,12,0,0,0,0,0,0,0
0,1,40179,0,0,0,0,0,0,0,0,0,0
1,1,40179,0,0,0,11,6,0,0,0,0,0
1,1,40180,0,0,0,0,0,0,0,0,0,0
2,1,40180,0,0,0,0,0,0,0,0,0,0
3,1,40180,0,0,0,0,0,0,0,0,0,0
1,1,40182,0,0,7,0,0,0,0,0,0,0
2,1,40182,0,0,0,0,0,0,0,0,0,0
1,1,40183,0,0,0,0,0,0,0,0,0,0
2,1,40183,0,0,0,0,0,0,0,0,0,0
1,1,40184,0,0,0,0,0,0,0,0,0,9
2,1,40184,0,0,0,0,0,0,0,0,0,0
3,1,40184,0,0,0,0,0,0,0,0,0,0
1,1,40185,0,0,0,0,0,0,0,10,0,0
2,1,40185,4,4,4,4,4,4,4,4,4,4
3,1,40185,0,0,0,0,0,0,0,0,0,0
0,1,40186,0,7,0,0,0,0,16,0,0,18
1,1,40186,0,0,0,0,0,0,0,0,0,0
1,1,40187,0,0,0,0,0,0,0,0,0,0
2,1,40187,0,0,0,0,0,0,0,0,0,0
1,1,40188,0,0,0,0,0,0,0,0,0,0
1,1,40189,0,0,0,0,0,0,0,0,0,0
1,1,40190,0,0,0,0,0,0,0,0,0,0
1,1,40191,0,0,0,0,0,0,0,0,0,0
2,1,40191,0,0,0,0,0,0,0,0,0,0
0,1,40192,5,5,5,5,5,5,5,5,5,5
1,1,40192,0,0,0,0,0,0,0,0,0,0
1,1,40193,12,0,0,0,0,0,0,0,0,0
1,1,40194,0,0,0,0,0,0,0,0,0,0
1,1,40195,0,0,0,0,0,0,0,0,7,0
1,1,40196,0,0,0,0,0,0,0,0,0,0
2,1,40196,26,26,26,26,26,26,26,26,26,26
1,1,40197,0,0,0,0,0,0,0,0,0,0
1,1,40198,0,0,0,0,0,0,0,0,0,0
2,1,40198,0,0,0,0,11,0,0,13,0,0
1,1,40199,11,11,11,11,11,11,11,11,11,11
1,1,40200,0,0,0,0,0,0,0,0,33,0
2,1,40200,23,23,23,23,23,23,23,23,23,23
3,1,40200,0,0,0,0,0,0,0,0,0,0
1,1,40201,9,9,9,9,9,9,9,9,9,9
2,1,40201,0,0,0,0,0,0,0,0,0,0
3,1,40201,0,0,0,0,0,0,0,0,0,10
1,1,40202,34,34,34,34,34,34,34,34,34,34
1,1,40203,0,0,0,0,0,0,0,0,0,0
2,1,40203,0,0,0,0,0,0,13,0,0,0
3,1,40203,0,0,0,0,0,12,0,0,0,0
4,1,40203,0,0,0,0,0,0,0,0,0,0
1,1,40204,0,0,0,0,0,0,0,0,0,0
2,1,40204,0,0,0,0,0,0,0,0,0,0
1,1,40205,28,0,20,0,0,0,7,0,9,0
0,1,40206,25,11,55,22,8,16,25,20,0,12
0,2,40206,26,26,26,26,26,26,26,26,26,26
1,1,40206,0,0,0,0,0,0,0,0,0,0
1,1,40207,0,0,0,0,0,0,0,0,0,0
1,1,40208,0,0,13,0,0,0,0,0,0,0
1,1,40209,24,24,24,24,24,24,24,24,24,24
2,1,40209,0,0,0,0,0,0,0,0,0,0
3,1,40209,0,0,0,0,0,0,0,0,0,0
4,1,40209,0,0,0,0,0,0,0,0,0,0
1,1,40210,0,0,0,0,0,0,0,0,0,0
0,1,40211,5,5,5,5,5,5,5,5,5,5
1,1,40211,0,0,0,14,0,0,16,23,0,0
1,1,40212,0,0,0,0,0,0,0,0,0,0
2,1,40212,0,0,0,0,0,0,0,0,0,0
3,1,40212,0,0,0,0,0,0,0,0,0,0
1,1,40213,21,21,21,21,21,21,21,21,21,21
1,1,40214,15,15,15,15,15,15,15,15,15,15
2,1,40214,0,0,0,0,0,0,0,0,0,0
1,1,40215,0,0,0,0,0,0,0,0,0,0
1,1,40216,15,15,15,15,15,15,15,15,15,15
1,1,40217,0,0,0,0,0,0,0,0,0,0
2,1,40217,0,0,0,0,0,0,0,0,0,0
1,1,40218,26,26,26,26,26,26,26,26,26,26
1,1,40219,0,0,0,0,0,0,0,0,0,0
2,1,40219,0,0,10,0,0,0,0,0,0,0
1,1,40220,7,7,7,7,7,7,7,7,7,7
2,1,40220,0,0,0,0,0,0,0,0,0,0
1,1,40221,0,0,0,0,0,0,11,0,0,0
1,1,40222,0,0,0,0,0,0,7,0,0,0
1,1,40223,0,0,0,0,0,0,0,0,0,0
2,1,40223,0,0,0,0,0,0,0,0,0,0
1,1,40224,11,6,18,6,12,15,18,0,0,20
2,1,40224,0,0,0,0,0,0,0,15,0,0
1,1,40225,0,0,0,0,0,0,0,0,0,0
2,1,40225,0,0,0,13,0,0,0,0,0,0
1,1,40226,0,0,0,0,0,19,0,0,0,0
1,1,40227,0,0,0,0,0,0,0,0,0,0
2,1,40227,0,0,0,0,0,0,0,0,0,0
1,1,40228,0,0,0,0,0,0,0,0,0,0
2,1,40228,0,0,0,0,0,0,0,0,0,0
1,1,40229,12,12,12,12,12,12,12,12,12,12
1,1,40230,0,0,0,0,0,0,0,0,0,0
2,1,40230,0,0,0,0,0,0,0,0,0,0
0,1,40231,0,0,0,0,0,0,0,0,0,0
0,2,40231,0,0,0,0,0,0,0,0,0,0
1,1,40231,0,0,0,0,0,0,0,0,0,0
2,1,40231,0,0,0,0,0,0,0,0,0,0
1,1,40232,21,21,21,21,21,21,21,21,21,21
2,1,40232,0,0,0,0,0,0,0,0,0,0
1,1,40234,13,13,13,13,13,13,13,13,13,13
1,1,40236,0,0,0,0,0,0,0,0,0,0
2,1,40236,0,0,0,0,0,0,0,0,0,0
0,1,40237,26,26,26,26,26,26,26,26,26,26
1,1,40237,24,24,24,24,24,24,24,24,24,24
1,1,40238,0,0,0,0,0,0,0,0,0,0
2,1,40238,0,0,0,0,0,0,0,0,0,0
1,1,40239,0,0,0,0,0,0,0,0,0,0
0,1,40240,37,37,37,37,37,37,37,37,37,37
1,1,40240,0,0,0,0,0,0,0,0,0,0
1,1,40241,14,14,14,14,14,14,14,14,14,14
1,1,40242,0,0,0,0,0,0,0,0,0,0
2,1,40242,0,0,0,0,0,0,0,0,0,0
1,1,40243,17,17,17,17,17,17,17,17,17,17
2,1,40243,0,0,0,0,0,0,0,0,0,0
1,1,40244,10,10,10,10,10,10,10,10,10,10
0,1,40245,0,0,0,0,0,0,0,0,0,0
1,1,40245,14,14,14,14,14,14,14,14,14,14
1,1,40246,0,0,0,0,0,0,0,0,0,0
2,1,40246,0,0,0,0,0,0,0,0,0,0
1,1,40247,10,10,10,10,10,10,10,10,10,10
1,1,40248,0,0,0,0,0,0,12,0,0,0
2,1,40248,0,0,0,0,0,0,0,0,0,0
1,1,40249,0,0,0,0,0,0,0,0,0,0
2,1,40249,0,0,0,0,0,0,0,0,0,0
1,1,40250,18,18,18,18,18,18,18,18,18,18
0,1,40251,20,20,20,20,20,20,20,20,20,20
1,1,40251,0,0,0,0,0,0,0,0,0,0
1,1,40252,18,18,18,18,18,18,18,18,18,18
0,1,40253,21,21,21,21,21,21,21,21,21,21
1,1,40253,0,0,0,0,0,0,0,0,0,0
2,1,40253,0,0,13,0,0,2,0,19,0,0
1,1,40254,0,0,0,0,0,0,0,0,0,0
2,1,40254,0,0,0,0,0,0,0,0,0,0
0,1,40255,0,0,0,0,0,0,0,0,0,0
1,1,40255,0,0,0,0,0,0,0,0,0,0
1,1,40256,28,28,28,28,28,28,28,28,28,28
1,1,40257,0,3,0,0,0,0,0,0,0,0
0,1,40258,33,12,12,16,0,0,0,21,18,12
1,1,40258,0,22,0,0,0,0,0,0,0,14
2,1,40258,0,0,0,0,0,0,0,15,0,0
1,1,40259,0,0,0,0,0,0,0,0,0,0
2,1,40259,0,0,0,0,0,0,0,0,0,0
1,1,40260,0,0,0,0,0,0,0,0,0,0
1,1,40261,24,24,24,24,24,24,24,24,24,24
0,1,40262,14,14,14,14,14,14,14,14,14,14
1,1,40262,6,7,0,5,0,3,0,0,0,0
1,1,40263,0,0,0,0,0,0,0,0,0,0
1,1,40264,25,25,25,25,25,25,25,25,25,25
0,1,40265,10,10,10,10,10,10,10,10,10,10
1,1,40265,9,9,9,9,9,9,9,9,9,9
1,1,40266,0,0,0,0,0,0,0,0,0,0
2,1,40266,0,0,0,0,0,0,0,0,0,0
1,1,40267,0,0,0,0,16,0,0,0,0,0
0,1,40268,21,21,21,21,21,21,21,21,21,21
1,1,40268,0,0,0,0,0,0,0,0,0,0
2,1,40268,0,0,0,0,0,0,0,0,0,0
1,1,40269,0,0,0,0,0,0,0,0,0,0
1,1,40270,19,19,19,19,19,19,19,19,19,19
2,1,40270,0,0,0,0,0,0,0,0,0,0
1,1,40271,0,0,0,0,0,0,0,0,0,0
2,1,40271,0,0,0,0,0,0,0,0,0,0
1,1,40272,9,18,0,0,0,12,10,0,8,0
2,1,40272,0,0,0,0,0,0,0,0,0,18
0,1,40273,39,39,39,39,39,39,39,39,39,39
1,1,40273,0,0,0,0,0,0,0,0,0,0
1,1,40274,0,0,0,0,0,0,0,0,0,0
1,1,40275,2,2,2,2,2,2,2,2,2,2
1,1,40276,18,18,18,18,18,18,18,18,18,18
2,1,40276,0,0,0,0,0,0,0,0,0,0
1,1,40277,12,12,12,12,12,12,12,12,12,12
1,1,40278,0,0,0,0,0,0,0,0,0,0
2,1,40278,0,0,0,0,0,0,0,0,0,0
1,1,40279,0,0,0,0,0,0,0,0,0,0
2,1,40279,0,0,0,0,0,0,0,0,0,0
1,1,40280,23,23,23,23,23,23,23,23,23,23
2,1,40280,0,0,5,0,0,0,0,0,8,0
1,1,40281,0,0,0,0,0,0,0,0,0,0
2,1,40281,0,0,0,0,0,0,0,0,0,0
1,1,40282,0,0,0,0,0,0,7,0,0,0
2,1,40282,0,0,0,0,0,0,0,0,0,0
1,1,40283,11,13,27,17,15,15,17,27,18,19
0,1,40284,0,0,0,0,0,0,0,0,0,0
1,1,40284,0,0,0,0,0,0,0,0,0,0
1,1,40285,9,9,9,9,9,9,9,9,9,9
1,1,40286,0,0,0,0,0,0,0,0,0,0
2,1,40286,0,0,0,0,0,0,0,0,0,0
1,1,40287,0,0,0,0,0,0,0,0,0,0
2,1,40287,0,4,0,0,0,0,0,0,0,0
3,1,40287,0,0,0,0,0,0,0,0,0,0
1,1,40288,0,0,0,0,0,0,0,0,0,0
2,1,40288,0,0,0,0,0,0,0,0,0,0
0,1,40289,37,37,37,37,37,37,37,37,37,37
1,1,40289,0,0,0,0,0,0,0,0,0,0
1,1,40290,14,14,14,14,14,14,14,14,14,14
2,1,40290,0,0,0,0,0,0,0,0,0,0
0,1,40291,0,0,0,0,0,0,0,20,40,15
1,1,40291,0,0,0,0,0,0,0,0,0,0
1,1,40292,0,0,10,0,0,0,0,6,22,0
1,1,40293,0,0,0,0,0,0,9,0,0,0
1,1,40294,0,0,0,0,0,23,0,0,0,0
1,1,40295,0,0,0,0,0,0,0,0,0,0
1,1,40296,0,0,0,0,0,0,0,0,0,0
2,1,40296,10,10,10,10,10,10,10,10,10,10
1,1,40297,0,0,0,0,0,0,0,0,0,0
0,1,40298,11,11,11,11,11,11,11,11,11,11
1,1,40298,0,0,0,0,0,12,0,0,8,0
2,1,40298,0,0,0,0,0,0,0,0,0,0
3,1,40298,10,15,0,0,0,0,0,0,0,3
4,1,40298,0,0,0,0,0,0,0,0,0,0
5,1,40298,0,0,0,0,0,0,0,0,0,0
6,1,40298,0,0,0,0,0,0,0,0,0,0
1,1,40300,0,0,0,0,0,0,0,0,0,0
1,1,40301,0,0,0,0,0,0,0,0,0,0
1,1,40302,0,0,0,0,0,0,0,0,0,0
2,1,40302,0,0,0,0,0,10,0,0,0,0
3,1,40302,0,0,0,16,5,0,0,0,0,0
1,1,40303,0,0,0,0,0,0,0,0,0,0
2,1,40303,0,0,0,0,0,0,0,0,0,0
1,1,40304,0,0,0,0,0,0,0,0,0,0
1,1,40305,21,21,21,21,21,21,21,21,21,21
1,1,40306,12,12,12,12,12,12,12,12,12,12
0,1,40307,13,13,13,13,13,13,13,13,13,13
1,1,40307,0,0,0,0,0,11,0,0,0,0
1,1,40308,0,0,0,0,0,0,0,0,0,0
1,1,40309,0,0,0,0,0,13,0,0,0,0
1,1,40310,0,0,0,0,0,0,0,9,0,0
2,1,40310,0,0,0,0,0,0,0,0,0,0
1,1,40311,0,0,0,0,0,0,0,0,0,0
1,1,40312,15,15,15,15,15,15,15,15,15,15
2,1,40312,0,0,0,0,0,14,35,0,0,18
1,1,40313,6,6,6,6,6,6,6,6,6,6
1,1,40314,0,0,0,0,0,0,0,0,0,0
2,1,40314,0,0,0,0,0,0,0,0,0,0
1,1,40315,17,17,17,17,17,17,17,17,17,17
1,1,40316,0,0,0,0,0,0,0,0,0,0
2,1,40316,0,0,0,0,0,31,0,0,0,0
1,1,40317,8,8,8,8,8,8,8,8,8,8
1,1,40318,0,0,0,0,0,0,0,0,0,0
2,1,40318,0,0,0,0,0,0,0,0,0,0
0,1,40319,0,0,0,0,0,0,0,0,0,0
1,1,40319,0,0,0,0,0,10,0,0,7,0
0,1,40320,0,0,0,0,0,0,0,0,22,0
1,1,40320,0,0,0,0,0,0,0,0,0,0
1,1,40321,0,0,0,0,0,0,0,0,0,0
1,1,40322,4,4,4,4,4,4,4,4,4,4
2,1,40322,0,0,0,0,0,0,0,0,0,0
3,1,40322,0,0,0,8,0,0,0,0,0,0
1,1,40323,0,0,0,0,0,0,0,0,0,0
1,1,40325,15,15,15,15,15,15,15,15,15,15
2,1,40325,0,0,0,0,0,0,0,0,0,0
1,1,40326,1,1,1,1,1,1,1,1,1,1
2,1,40326,8,0,0,0,0,0,0,0,0,0
1,1,40328,0,0,0,0,0,0,0,0,0,0
2,1,40328,0,0,0,0,0,0,0,0,0,0
3,1,40328,0,0,0,0,0,0,0,0,0,0
1,1,40329,0,0,0,0,0,0,0,0,0,4
1,1,40330,13,13,13,13,13,13,13,13,13,13
2,1,40330,0,0,0,0,0,0,0,0,0,0
1,1,40331,15,15,15,15,15,15,15,15,15,15
1,1,40332,0,0,0,0,0,0,0,0,0,0
1,1,40333,16,16,16,16,16,16,16,16,16,16
2,1,40333,9,9,9,9,9,9,9,9,9,9
1,1,40334,0,0,0,0,0,0,0,0,0,0
2,1,40334,0,0,0,0,0,0,0,0,0,0
0,1,40335,39,39,39,39,39,39,39,39,39,39
1,1,40335,0,0,0,0,0,0,0,0,0,0
1,1,40336,24,24,24,24,24,24,24,24,24,24
2,1,40336,0,0,0,0,0,0,0,0,0,0
3,1,40336,0,0,0,0,0,0,0,0,0,0
1,1,40337,16,16,16,16,16,16,16,16,16,16
2,1,40337,0,0,0,0,0,0,0,0,0,0
1,1,40338,0,0,0,0,0,0,0,0,0,0
2,1,40338,0,0,0,0,0,0,0,0,0,0
0,1,40339,0,0,0,0,0,0,0,0,0,0
1,1,40339,0,0,0,0,0,0,0,0,0,0
1,1,40340,24,24,24,24,24,24,24,24,24,24
0,1,40341,5,5,5,5,5,5,5,5,5,5
1,1,40341,33,0,0,8,0,0,0,0,0,0
0,1,40342,12,12,12,12,12,12,12,12,12,12
1,1,40342,0,0,0,0,0,0,0,0,0,0
1,1,40343,0,0,0,0,0,0,0,0,0,0
0,1,40344,0,0,0,0,0,0,0,0,0,0
1,1,40344,0,0,0,0,0,0,0,0,0,0
1,1,40345,0,0,0,0,0,0,0,0,0,0
2,1,40345,0,0,0,0,0,12,0,0,0,0
1,1,40346,0,13,0,0,0,0,0,0,0,0
1,1,40347,0,0,0,0,0,0,0,0,10,0
1,1,40348,0,0,0,0,0,0,0,0,0,0
1,1,40349,0,0,0,0,0,0,0,0,0,0
1,1,40350,8,8,8,8,8,8,8,8,8,8
1,1,40351,0,0,0,0,0,0,0,0,0,0
2,1,40351,0,0,2,0,0,0,0,0,0,0
1,1,40352,0,0,0,0,0,0,0,0,0,0
1,1,40353,18,18,18,18,18,18,18,18,18,18
1,1,40354,12,12,12,12,12,12,12,12,12,12
1,1,40355,14,14,14,14,14,14,14,14,14,14
2,1,40355,0,0,0,0,14,0,0,0,0,0
1,1,40356,11,11,11,11,11,11,11,11,11,11
2,1,40356,0,0,0,0,0,0,0,0,0,0
0,1,40357,0,0,0,0,0,0,0,0,0,0
1,1,40357,0,0,0,0,0,0,0,0,0,0
1,1,40358,7,7,7,7,7,7,7,7,7,7
1,1,40359,0,0,0,0,0,0,0,0,0,0
1,1,40360,0,0,0,0,0,0,0,0,0,0
2,1,40360,0,0,0,0,0,0,0,0,0,0
1,1,40361,0,0,0,0,0,0,0,0,0,0
2,1,40361,0,0,0,0,0,0,0,0,0,0
3,1,40361,0,0,0,0,0,0,0,0,0,0
1,1,40362,0,0,0,0,0,0,0,0,0,0
1,1,40363,0,0,0,0,0,0,0,0,0,0
2,1,40364,0,0,0,0,0,0,0,0,0,0
1,1,40365,16,16,16,16,16,16,16,16,16,16
2,1,40365,0,0,0,0,0,0,0,0,0,0