VEH_NO,PER_NO,ST_CASE,P1,P2,P3,P4,P5,P6,P7,P8,P9,P10
1,1,40366,0,0,0,0,0,0,0,0,0,0
2,1,40366,16,0,0,0,0,0,0,0,0,0
1,1,40367,0,0,0,0,0,0,0,0,0,0
2,1,40367,0,0,0,0,0,0,0,0,0,0
3,1,40367,0,0,0,0,0,0,0,0,0,0
1,1,40368,26,26,26,26,26,26,26,26,26,26
1,1,40369,11,11,11,11,11,11,11,11,11,11
1,1,40370,0,0,0,0,0,0,0,0,0,0
1,1,40371,0,0,0,0,0,0,0,0,0,0
2,1,40371,0,0,0,0,0,0,0,0,0,0
1,1,40372,0,0,0,0,0,0,0,0,0,0
1,1,40373,0,0,0,0,0,0,0,0,0,0
1,1,40374,1,1,1,1,1,1,1,1,1,1
1,1,40375,17,17,17,17,17,17,17,17,17,17
2,1,40375,0,0,0,0,0,0,0,0,0,0
1,1,40376,22,22,22,22,22,22,22,22,22,22
2,1,40376,11,11,11,11,11,11,11,11,11,11
1,1,40377,0,0,0,0,0,0,0,0,0,0
1,1,40378,0,0,0,0,0,0,0,0,0,0
1,1,40379,0,0,0,0,0,0,0,0,0,0
1,1,40380,0,0,0,0,0,0,0,0,0,0
2,1,40380,0,0,0,0,0,0,0,0,0,0
1,1,40381,0,0,0,6,0,0,0,0,0,19
1,1,40382,0,0,0,0,0,0,0,0,0,0
2,1,40382,0,0,0,0,0,0,0,0,0,0
1,1,40383,0,0,0,0,0,0,0,0,0,0
0,1,40384,27,27,27,27,27,27,27,27,27,27
1,1,40384,0,0,0,0,0,0,0,0,0,0
1,1,40385,27,27,27,27,27,27,27,27,27,27
2,1,40385,0,0,0,0,0,0,0,0,0,0
1,1,40386,15,15,15,15,15,15,15,15,15,15
1,1,40387,0,0,4,0,0,7,17,15,17,0
0,1,40388,0,0,0,0,0,0,0,0,0,0
1,1,40388,0,0,0,0,0,0,0,0,0,0
1,1,40389,0,0,0,0,0,0,0,0,0,0
1,1,40390,0,0,0,0,0,0,0,0,0,0
1,2,40391,0,11,0,0,12,32,8,23,0,5
1,1,40392,16,16,16,16,16,16,16,16,16,16
1,1,40393,23,23,23,23,23,23,23,23,23,23
0,1,40394,11,33,19,32,0,25,13,8,19,14
1,1,40394,0,0,0,0,0,0,0,0,0,0
0,1,40395,23,23,23,23,23,23,23,23,23,23
1,1,40395,0,0,0,0,0,0,0,0,0,0
0,1,40396,0,0,0,0,0,8,0,0,0,0
0,2,40396,0,0,0,0,0,0,0,0,0,0
1,1,40396,0,0,0,0,0,0,0,0,0,0
0,1,40397,0,0,0,0,0,0,0,0,0,0
1,1,40397,0,8,0,0,0,0,0,0,0,0
0,1,40398,0,0,0,0,0,0,0,0,0,0
1,1,40398,0,0,0,0,0,0,0,0,0,0
2,1,40398,0,0,0,0,0,0,0,0,0,0
1,1,40399,22,22,22,22,22,22,22,22,22,22
1,1,40400,19,19,19,19,19,19,19,19,19,19
1,1,40401,0,5,0,28,13,26,13,10,17,14
1,1,40402,21,21,21,21,21,21,21,21,21,21
1,1,40403,0,0,0,0,0,0,0,0,0,0
2,1,40403,0,0,0,0,0,0,0,0,0,0
1,1,40404,0,0,0,0,0,0,0,0,0,0
1,1,40405,0,0,0,0,0,0,0,0,0,0
1,1,40406,0,6,0,0,0,0,0,0,0,0
1,1,40407,0,0,0,0,0,0,0,0,0,0
1,1,40408,0,0,0,12,0,0,0,0,0,0
1,1,40409,2,2,2,2,2,2,2,2,2,2
1,1,40410,0,0,0,0,0,0,67,0,0,0
2,1,40410,0,0,0,0,0,0,0,0,0,0
1,1,40411,9,9,9,9,9,9,9,9,9,9
1,1,40412,16,16,16,16,16,16,16,16,16,16
1,1,40413,0,0,0,0,0,0,0,0,0,0
2,1,40413,0,0,0,0,0,0,0,0,0,0
1,1,40414,0,0,0,0,0,0,0,0,0,7
1,1,40415,0,0,0,0,0,0,0,0,0,0
2,1,40415,0,0,0,0,0,0,0,0,0,0
1,1,40416,0,0,0,0,0,0,0,0,0,0
1,1,40417,0,0,0,0,0,0,0,0,0,0
1,1,40418,0,0,0,0,0,0,0,0,0,0
2,1,40418,0,0,0,0,0,0,0,0,0,0
1,1,40419,0,0,0,0,0,0,0,0,0,0
1,1,40420,0,0,0,0,0,0,0,0,0,0
2,1,40420,0,0,0,0,0,0,0,0,0,0
1,1,40421,0,0,0,0,0,0,0,0,0,0
1,1,40422,0,0,0,0,0,0,0,0,0,0
2,1,40422,0,0,0,0,0,0,0,0,0,0
3,1,40422,0,0,0,0,0,0,0,0,0,0
1,1,40423,0,0,0,0,0,0,0,0,0,0
1,1,40424,0,0,0,0,0,0,0,0,0,0
1,1,40425,0,0,0,0,0,0,0,0,0,0
1,1,40426,0,0,0,0,6,0,0,0,0,0
1,1,40427,0,0,0,0,0,0,0,0,0,0
1,1,40428,13,13,13,13,13,13,13,13,13,13
1,1,40429,0,0,0,0,0,0,0,0,0,0
2,1,40429,0,0,0,0,0,0,0,0,0,0
0,1,40430,0,0,0,0,0,0,0,0,0,0
1,1,40430,0,0,0,0,0,0,0,5,0,0
0,1,40431,0,12,6,18,0,0,26,25,0,14
1,1,40431,0,0,0,0,0,0,0,0,0,0
1,1,40432,0,18,0,0,0,0,0,0,5,0
1,1,40433,0,0,0,0,0,0,0,13,0,0
1,1,40434,0,0,0,0,0,0,0,0,0,0
2,1,40434,0,0,0,0,0,0,0,0,0,0
1,1,40435,0,0,0,0,0,0,0,0,0,0
1,1,40436,0,0,0,0,0,0,0,0,0,0
2,1,40436,21,21,21,21,21,21,21,21,21,21
1,1,40437,17,17,17,17,17,17,17,17,17,17
1,1,40438,0,0,0,0,0,0,0,0,0,0
2,1,40438,0,0,0,0,0,0,0,0,0,0
3,1,40438,0,0,0,0,0,0,0,0,0,0
4,1,40438,0,0,0,0,0,0,0,0,0,0
5,1,40438,0,0,0,0,0,0,0,0,0,0
1,1,40439,7,7,7,7,7,7,7,7,7,7
1,1,40440,0,0,0,0,0,0,0,0,0,0
1,1,40441,22,22,22,22,22,22,22,22,22,22
1,1,40442,0,0,0,0,0,0,0,0,0,0
1,1,40443,0,0,0,0,0,0,0,0,0,0
1,1,40444,0,0,0,0,0,0,0,0,0,0
2,1,40444,0,0,0,0,0,0,0,0,0,0
1,1,40445,0,0,0,0,0,0,0,0,0,0
1,1,40446,0,0,0,0,0,0,0,0,0,0
2,1,40446,12,12,12,12,12,12,12,12,12,12
1,1,40447,0,0,0,0,0,0,0,0,0,0
1,1,40448,8,8,8,8,8,8,8,8,8,8
1,1,40449,0,0,0,0,0,0,0,0,0,0
1,1,40450,13,13,13,13,13,13,13,13,13,13
1,1,40451,0,0,0,0,0,0,0,0,0,0
1,1,40452,0,0,0,0,0,0,0,0,0,0
2,1,40452,0,0,0,0,0,0,0,0,0,0
1,1,40453,0,0,0,0,0,0,0,0,0,0
2,1,40453,0,0,0,0,0,0,0,0,0,0
0,1,40454,0,0,0,0,0,0,0,0,0,0
1,1,40454,0,0,0,0,0,0,0,0,0,0
1,1,40455,31,0,0,0,0,0,34,0,0,0
1,1,40456,16,16,16,16,16,16,16,16,16,16
1,1,40457,21,21,21,21,21,21,21,21,21,21
1,1,40458,0,0,0,0,0,0,0,0,0,0
2,1,40458,19,5,0,0,0,0,19,18,0,0
1,1,40459,0,0,0,0,0,0,0,0,0,0
2,1,40459,0,0,0,0,0,0,0,0,0,0
0,1,40460,0,0,0,0,0,0,0,0,0,0
1,1,40460,0,0,0,0,0,0,0,0,0,0
1,1,40461,5,10,11,25,9,10,14,19,13,18
1,1,40462,0,0,0,0,0,0,0,0,0,0
0,1,40463,0,0,0,0,0,29,21,0,0,26
1,1,40463,0,0,0,0,0,0,0,0,0,0
1,1,40464,27,27,27,27,27,27,27,27,27,27
1,1,40465,12,12,12,12,12,12,12,12,12,12
2,1,40465,8,0,0,0,6,5,0,6,0,0
3,1,40465,0,0,0,0,0,0,0,0,0,0
1,1,40466,0,0,0,0,0,0,0,0,0,0
2,1,40466,0,0,0,0,0,0,0,0,0,0
3,1,40466,0,0,0,0,0,0,0,0,0,0
1,1,40467,0,0,0,0,0,0,0,0,0,17
2,1,40467,0,0,0,0,0,0,0,0,0,0
1,1,40468,8,0,0,0,0,7,0,0,0,0
1,1,40469,8,8,8,8,8,8,8,8,8,8
1,1,40470,11,11,11,11,11,11,11,11,11,11
1,1,40471,0,6,11,11,0,12,31,0,0,0
1,1,40472,0,0,0,0,0,0,0,0,0,0
2,1,40472,0,0,0,0,0,0,0,0,0,0
1,1,40473,13,13,13,13,13,13,13,13,13,13
1,1,40474,0,0,0,0,0,0,0,0,0,0
2,1,40474,0,0,0,0,0,0,0,0,0,0
1,1,40475,0,0,0,0,0,0,0,0,0,0
2,1,40475,0,0,0,0,0,0,0,0,0,0
3,1,40475,0,0,0,0,0,0,0,0,0,0
4,1,40475,0,0,0,0,0,0,0,0,0,0
1,1,40476,0,0,12,0,0,0,0,0,0,0
1,1,40478,0,0,0,0,0,0,0,0,0,0
0,1,40479,0,0,0,0,0,0,0,0,0,0
1,1,40479,0,0,0,0,0,0,0,0,0,0
0,1,40480,0,14,15,19,21,0,24,14,0,4
1,1,40480,3,0,15,0,3,0,5,0,0,0
1,1,40481,0,0,0,0,0,0,0,0,0,0
1,2,40482,0,0,0,21,25,24,17,19,7,0
1,1,40483,2,14,26,0,12,11,0,14,0,0
0,1,40484,0,0,0,0,0,0,42,0,0,0
1,1,40484,10,25,13,17,22,9,20,14,20,11
1,1,40485,5,0,0,0,0,0,0,0,0,0
1,1,40486,9,16,23,9,22,18,31,10,21,14
1,1,40487,7,7,7,7,7,7,7,7,7,7
0,1,40488,0,0,0,0,0,0,0,0,0,0
1,1,40488,0,0,0,0,0,0,0,0,0,0
2,1,40488,0,0,0,0,0,0,0,0,0,0
3,1,40488,0,0,0,0,0,0,0,0,0,0
1,1,40489,0,0,0,0,0,0,0,0,0,0
2,1,40489,1,1,1,1,1,1,1,1,1,1
0,1,40490,0,0,0,0,0,0,0,0,0,0
0,2,40490,0,0,0,0,14,0,0,0,0,0
1,1,40490,0,0,0,0,0,0,0,0,0,0
1,1,40491,0,0,0,0,0,0,0,0,0,0
1,1,40492,0,0,0,0,0,0,0,0,0,0
2,1,40492,0,0,6,0,0,0,5,0,0,0
1,1,40493,0,0,0,0,0,0,0,0,0,0
1,1,40494,8,0,0,0,0,0,0,0,0,0
1,1,40496,0,0,0,0,0,0,0,0,0,0
1,1,40497,0,0,0,0,0,0,0,0,0,0
1,1,40498,24,24,24,24,24,24,24,24,24,24
2,1,40498,0,0,0,0,0,0,0,0,0,0
1,1,40499,5,5,5,5,5,5,5,5,5,5
1,1,40500,0,0,0,0,0,0,0,0,0,0
2,1,40500,0,0,0,0,0,0,0,0,0,0
3,1,40500,0,0,0,0,0,0,0,0,0,0
1,1,40501,0,0,0,0,0,0,0,0,0,0
2,1,40501,0,0,0,0,0,0,13,0,0,0
1,1,40502,24,24,24,24,24,24,24,24,24,24
1,1,40503,0,0,0,0,0,0,0,0,0,0
2,1,40503,0,0,0,0,0,0,0,0,0,0
0,1,40504,0,0,21,0,0,0,0,0,0,0
1,1,40504,0,0,0,0,0,0,0,0,0,0
0,1,40505,0,0,0,0,0,0,7,0,0,0
1,1,40505,0,0,0,0,0,0,0,0,0,0
0,1,40506,0,0,0,0,0,0,0,0,0,0
1,1,40506,0,0,0,0,0,0,0,0,0,0
1,1,40507,13,13,13,13,13,13,13,13,13,13
1,1,40508,0,0,0,0,0,0,0,0,0,0
2,1,40508,8,11,0,0,0,0,0,0,18,0
1,1,40509,0,0,0,0,0,0,0,0,0,0
2,1,40509,0,0,0,0,0,0,0,0,0,0
1,1,40510,0,0,0,0,0,0,0,0,0,0
1,1,40511,0,0,0,0,0,0,0,10,0,0
2,1,40511,0,0,0,0,0,0,0,0,0,0
1,1,40512,0,0,0,0,0,0,3,0,0,0
1,1,40513,0,0,0,0,0,0,0,0,0,0
3,1,40513,0,0,0,0,0,0,0,0,0,0
1,1,40514,0,0,0,0,0,0,0,0,0,0
1,1,40515,4,4,4,4,4,4,4,4,4,4
2,1,40515,0,0,0,0,0,0,0,0,0,0
1,1,40516,0,0,0,0,0,0,0,0,0,0
0,1,40517,0,0,0,0,0,0,0,0,0,0
1,1,40517,10,10,10,10,10,10,10,10,10,10
1,1,40518,17,17,17,17,17,17,17,17,17,17
1,1,40519,6,6,6,6,6,6,6,6,6,6
1,1,40520,0,0,0,0,0,0,0,0,0,0
2,1,40520,0,0,0,0,0,0,0,0,0,0
1,1,40521,0,0,0,0,0,0,0,0,0,0
1,1,40522,4,4,12,13,0,22,8,0,11,12
1,1,40523,7,7,7,7,7,7,7,7,7,7
1,1,40524,0,0,0,0,0,0,0,0,12,0
2,1,40524,0,0,0,0,0,0,0,0,0,0
3,1,40524,0,0,0,0,0,0,0,0,0,0
4,1,40524,0,0,0,0,0,0,0,0,0,0
5,1,40524,0,0,0,0,0,0,0,0,0,0
1,1,40525,0,0,0,0,0,0,0,0,0,0
2,1,40525,0,0,0,0,0,0,0,0,0,0
1,1,40526,0,0,13,16,0,0,23,12,21,20
1,1,40527,0,0,0,0,0,0,0,0,0,0
1,1,40528,0,0,0,0,0,0,0,0,0,0
2,1,40528,0,0,0,0,0,0,0,0,0,0
1,1,40529,0,0,0,0,0,0,0,0,0,0
1,1,40530,14,14,14,14,14,14,14,14,14,14
1,1,40531,0,0,0,0,0,0,0,0,0,0
2,1,40531,0,0,0,0,0,0,0,0,0,0
3,1,40531,0,9,0,0,0,0,0,0,0,9
1,1,40532,17,17,17,17,17,17,17,17,17,17
1,1,40533,53,53,53,53,53,53,53,53,53,53
1,1,40534,17,17,17,17,17,17,17,17,17,17
1,1,40535,4,4,4,4,4,4,4,4,4,4
2,1,40535,0,0,0,0,0,0,0,0,0,0
1,1,40536,0,0,0,19,6,8,8,0,0,0
1,1,40537,16,16,16,16,16,16,16,16,16,16
2,1,40537,0,0,0,0,0,0,0,0,0,0
1,1,40539,0,0,0,0,0,0,0,0,0,0
1,1,40540,0,0,0,0,0,0,0,0,0,0
2,1,40540,0,0,0,0,0,0,0,0,0,0
1,1,40541,0,0,0,0,0,0,0,0,0,0
2,1,40541,0,0,0,0,0,0,0,0,0,0
1,1,40542,0,0,0,0,0,0,0,0,0,0
0,1,40543,25,7,0,0,7,0,38,25,24,16
0,2,40543,21,0,7,0,15,0,0,0,0,14
0,3,40543,0,0,0,0,0,0,0,0,16,0
1,1,40543,13,13,13,13,13,13,13,13,13,13
0,1,40544,18,18,18,18,18,18,18,18,18,18
1,1,40544,0,0,0,0,0,0,0,0,0,0
1,1,40545,0,0,0,0,0,0,0,0,0,0
2,1,40545,0,0,0,0,0,0,0,0,0,0
1,1,40546,0,0,0,0,0,0,0,0,0,0
2,1,40546,2,2,2,2,2,2,2,2,2,2
1,1,40547,0,0,0,0,0,0,0,0,0,0
1,1,40548,3,3,3,3,3,3,3,3,3,3
0,1,40549,18,18,18,18,18,18,18,18,18,18
1,1,40549,0,0,0,0,0,0,0,0,0,0
0,1,40550,37,19,16,0,0,23,0,27,19,0
1,1,40550,6,6,6,6,6,6,6,6,6,6
1,1,40551,0,0,0,0,0,0,0,0,0,0
1,1,40552,6,6,16,11,19,17,9,17,13,17
0,1,40553,0,0,0,0,0,0,0,0,0,0
1,1,40553,0,0,0,0,0,0,9,0,0,0
1,1,40554,0,0,0,0,0,0,0,0,0,0
2,1,40554,2,2,2,2,2,2,2,2,2,2
1,1,40555,15,15,15,15,15,15,15,15,15,15
2,1,40555,0,0,0,0,0,0,0,0,0,0
3,1,40555,0,0,0,20,0,0,0,0,0,14
1,1,40556,0,0,0,0,0,0,0,0,0,0
1,1,40557,0,0,0,0,0,0,0,0,0,0
2,1,40557,0,0,0,0,0,0,0,0,0,0
1,1,40558,2,2,2,2,2,2,2,2,2,2
0,1,40559,24,24,24,24,24,24,24,24,24,24
0,2,40559,27,10,19,38,32,17,28,20,37,26
1,1,40559,0,0,0,0,0,0,0,0,0,0
1,1,40560,0,0,0,45,0,0,0,0,0,0
2,1,40560,0,0,0,0,0,0,0,0,0,0
1,1,40561,0,0,0,0,0,0,0,0,0,0
1,1,40562,14,14,14,14,14,14,14,14,14,14
2,1,40562,0,0,0,0,0,0,0,0,0,0
1,1,40563,21,21,21,21,21,21,21,21,21,21
1,1,40564,0,0,0,0,0,9,3,6,0,0
1,1,40565,0,0,0,0,0,0,0,0,0,0
0,1,40566,0,0,0,0,0,0,0,0,0,0
1,1,40566,0,0,0,0,0,22,0,21,0,36
2,1,40567,0,0,0,0,0,0,0,0,0,7
2,1,40568,0,0,0,0,0,0,0,0,0,0
1,1,40569,20,20,20,20,20,20,20,20,20,20
1,1,40570,0,0,0,0,0,0,0,0,0,0
1,1,40571,1,1,1,1,1,1,1,1,1,1
1,1,40572,0,0,0,0,0,0,0,0,0,0
2,1,40572,0,0,0,0,0,0,0,0,0,0
0,1,40573,0,0,0,0,0,0,0,0,0,0
1,1,40573,0,0,0,0,0,0,0,0,0,0
1,1,40574,0,0,0,0,0,0,0,0,0,0
0,1,40575,28,28,28,28,28,28,28,28,28,28
1,1,40575,0,0,12,0,0,11,16,0,9,0
1,1,40576,0,0,0,0,0,0,0,0,0,0
2,1,40576,0,0,0,0,0,0,0,0,0,0
1,1,40577,12,18,0,0,23,11,17,0,7,15
0,1,40578,0,0,0,0,0,0,21,0,0,0
1,1,40578,0,0,0,0,0,0,0,0,0,0
1,1,40579,0,0,0,0,0,14,10,0,3,0
2,1,40579,0,0,0,0,0,0,0,0,0,0
1,1,40580,24,24,24,24,24,24,24,24,24,24
2,1,40580,0,0,0,0,0,0,0,0,0,0
1,1,40581,19,19,19,19,19,19,19,19,19,19
1,1,40582,10,10,10,10,10,10,10,10,10,10
1,1,40583,18,18,18,18,18,18,18,18,18,18
1,1,40584,0,0,0,0,0,0,0,0,0,0
0,1,40585,0,0,0,0,0,0,0,0,0,0
1,1,40585,0,0,0,0,0,0,0,0,0,0
1,1,40586,0,0,0,0,0,0,0,0,0,0
1,1,40587,0,0,0,0,0,0,0,0,0,0
2,1,40587,0,0,0,0,0,0,0,0,0,0
1,1,40588,0,0,0,0,0,0,0,0,0,0
1,1,40589,0,0,0,0,0,0,0,0,0,0
2,1,40589,0,0,0,0,0,0,0,0,0,0
1,1,40590,0,0,0,0,0,0,0,0,0,0
1,1,40591,19,19,19,19,19,19,19,19,19,19
1,1,40592,3,3,3,3,3,3,3,3,3,3
1,1,40593,0,0,0,0,0,0,0,0,0,0
1,1,40594,18,18,18,18,18,18,18,18,18,18
1,1,40595,19,19,19,19,19,19,19,19,19,19
1,1,40596,0,0,0,0,0,0,0,0,0,0
1,1,40597,26,26,26,26,26,26,26,26,26,26
1,1,40598,17,0,0,0,0,0,16,16,24,15
1,1,40599,0,0,0,0,0,0,0,0,0,0
1,1,40600,0,0,0,0,0,0,0,0,0,0
2,1,40600,0,0,0,0,0,0,0,0,0,0
1,1,40601,0,0,0,0,0,0,0,13,0,0
2,1,40601,0,9,0,0,0,0,6,0,0,0
1,1,40602,17,17,17,17,17,17,17,17,17,17
0,1,40603,0,0,0,0,0,0,0,0,0,0
1,1,40603,0,0,0,0,0,0,0,0,0,0
0,1,40604,23,23,23,23,23,23,23,23,23,23
1,1,40604,0,0,0,0,0,0,0,0,4,0
1,1,40605,0,0,0,0,0,0,0,0,0,0
2,1,40605,0,0,0,0,0,0,0,0,0,0
1,1,40606,6,6,6,6,6,6,6,6,6,6
2,1,40606,0,0,0,18,0,0,0,0,0,0
0,1,40607,0,0,0,0,0,0,0,0,0,0
1,1,40607,6,0,0,0,0,0,3,0,0,0
1,1,40608,0,0,0,0,0,0,0,0,0,0
2,1,40608,0,0,0,8,0,0,33,0,10,0
1,2,40609,0,0,12,0,0,0,0,0,0,8
1,1,40610,0,0,0,0,0,0,0,0,0,0
1,1,40611,0,0,0,0,0,0,0,0,0,0
2,1,40611,0,0,0,0,0,0,0,0,0,0
1,1,40612,0,0,0,0,0,0,0,0,0,0
2,1,40612,0,0,0,0,0,0,0,0,0,0
1,1,40613,0,0,0,0,0,0,0,0,0,0
2,1,40613,0,0,0,0,0,0,0,0,0,0
1,1,40614,0,0,0,0,0,0,0,0,0,0
2,1,40614,0,0,0,0,0,0,0,0,0,0
1,1,40615,0,0,0,0,0,0,0,0,0,0
2,1,40615,0,0,0,0,0,0,0,0,0,0
0,1,40616,0,0,0,0,0,0,0,0,0,0
1,1,40616,0,0,0,0,0,0,0,0,0,0
1,1,40617,26,26,26,26,26,26,26,26,26,26
1,1,40618,5,5,5,5,5,5,5,5,5,5
2,1,40618,0,0,0,0,0,0,0,0,0,0
1,1,40619,0,0,0,0,0,0,0,0,0,0
2,1,40619,0,0,0,0,0,0,0,0,0,0
3,1,40619,0,0,0,0,0,0,0,0,0,0
1,1,40620,0,0,0,0,0,0,0,0,0,0
2,1,40620,0,0,0,0,0,0,0,0,0,0
1,1,40621,19,19,19,19,19,19,19,19,19,19
1,1,40622,0,0,0,0,0,0,0,0,0,13
2,1,40622,0,0,0,0,0,0,0,0,0,0
1,1,40623,0,23,0,0,0,0,0,0,0,0
1,1,40624,15,15,15,15,15,15,15,15,15,15
1,1,40625,0,0,0,0,0,0,0,0,0,0
1,1,40626,0,0,0,0,0,0,0,0,0,0
2,1,40626,0,0,0,0,0,0,0,0,0,0
3,1,40626,0,0,0,0,0,0,0,0,15,0
1,1,40627,0,0,0,0,0,0,0,0,0,0
2,1,40627,0,0,0,0,0,0,0,0,0,0
1,1,40628,16,16,16,16,16,16,16,16,16,16
2,1,40628,0,0,0,0,0,0,0,0,0,0
3,1,40628,0,0,0,0,0,0,0,0,0,0
1,1,40629,15,15,15,15,15,15,15,15,15,15
1,1,40630,0,0,0,0,0,0,0,0,0,0
1,1,40631,0,0,0,0,0,0,0,0,0,0
2,1,40631,0,0,0,0,0,0,0,0,0,0
1,1,40632,0,0,0,0,0,0,0,0,0,0
1,1,40633,0,0,0,0,0,0,0,0,27,0
2,1,40633,0,0,0,0,0,0,0,0,0,0
3,1,40633,0,0,0,0,0,0,0,0,0,0
1,1,40634,0,0,0,0,0,0,0,0,0,0
1,1,40635,0,9,14,15,11,18,19,15,11,21
1,1,40636,0,0,0,0,0,0,0,0,0,0
2,1,40636,0,0,0,0,0,0,0,0,0,0
1,1,40637,0,0,0,0,0,0,0,0,0,0
2,1,40637,0,0,0,0,0,0,0,0,0,0
1,1,40638,0,0,0,0,0,3,0,0,0,0
1,1,40639,19,19,19,19,19,19,19,19,19,19
1,1,40640,5,5,5,5,5,5,5,5,5,5
1,1,40641,0,0,0,0,0,0,0,0,0,0
0,1,40642,0,0,0,0,15,0,0,0,0,0
1,1,40642,0,0,0,0,0,0,0,0,0,0
1,1,40643,0,0,0,0,0,0,0,0,0,0
2,1,40643,0,0,0,0,0,0,0,0,0,0
0,1,40644,0,0,0,0,0,0,0,0,0,0
1,1,40644,0,0,0,0,3,13,19,12,0,0
1,1,40645,11,11,11,11,11,11,11,11,11,11
2,1,40645,0,0,0,0,0,0,0,0,0,0
1,1,40646,16,0,13,0,0,0,0,18,6,0
0,1,40647,0,0,0,0,0,0,0,0,0,0
1,1,40647,0,0,0,0,0,0,0,0,0,0
1,1,40648,0,0,0,0,0,0,0,0,0,0
2,1,40648,0,0,0,0,0,0,0,0,0,0
1,1,40649,0,0,0,0,0,0,0,0,0,0
2,1,40649,0,0,0,0,0,0,0,0,0,0
1,1,40650,22,22,22,22,22,22,22,22,22,22
0,1,40651,0,0,0,0,0,2,0,0,0,0
1,1,40651,18,18,18,18,18,18,18,18,18,18
0,1,40652,0,0,0,0,0,0,0,0,0,0
1,1,40652,0,0,0,0,0,0,0,0,0,0
1,1,40653,29,29,29,29,29,29,29,29,29,29
2,1,40653,0,0,0,0,0,0,0,0,0,0
1,1,40654,0,0,0,0,0,0,0,0,0,0
2,1,40654,0,0,0,12,0,0,0,0,0,0
1,1,40655,0,0,0,0,0,0,0,0,0,0
1,2,40656,14,0,0,0,0,0,0,7,0,0
1,2,40657,24,0,0,0,0,0,16,0,0,0
1,1,40658,12,18,3,22,14,22,26,16,29,27
1,1,40659,0,0,0,0,0,0,0,0,0,0
2,1,40659,0,0,10,0,14,0,0,0,0,0
0,1,40660,0,0,0,0,0,0,0,17,0,9
1,1,40660,0,0,0,12,11,12,0,0,0,0
0,1,40661,14,23,6,41,22,32,34,37,29,8
1,1,40661,0,0,0,0,0,0,0,0,0,0
1,1,40662,4,4,4,4,4,4,4,4,4,4
1,1,40663,0,0,0,0,0,0,0,0,0,0
1,1,40664,0,0,0,0,0,0,0,0,0,0
1,1,40665,0,0,0,0,0,0,0,0,0,0
0,1,40666,0,0,0,0,0,0,0,0,0,0
1,1,40666,0,0,0,0,0,0,0,0,0,0
1,1,40667,0,0,0,0,0,0,0,0,0,0
2,1,40667,0,0,0,0,0,0,0,0,0,0
1,1,40668,0,0,0,0,0,0,0,0,0,0
2,1,40668,14,14,14,14,14,14,14,14,14,14
1,1,40669,1,1,1,1,1,1,1,1,1,1
1,1,40670,0,0,0,0,0,0,0,0,0,0
2,1,40670,2,2,2,2,2,2,2,2,2,2
1,1,40671,16,16,16,16,16,16,16,16,16,16
1,1,40672,0,0,0,0,0,0,0,0,0,0
0,1,40673,0,0,0,15,0,14,0,8,16,6
1,1,40673,12,8,23,3,5,0,0,9,15,33
1,1,40674,17,17,17,17,17,17,17,17,17,17
1,1,40675,0,0,0,0,0,0,0,0,0,0
2,1,40675,0,0,0,0,0,0,0,0,0,0
3,1,40675,0,0,0,0,0,0,0,0,0,5
1,1,40676,0,0,0,0,0,0,0,0,0,0
2,1,40676,0,0,0,0,0,0,0,0,0,0
1,1,40677,0,0,0,0,0,0,0,0,0,0
2,1,40677,0,0,0,0,0,0,0,0,0,0
1,1,40678,0,0,0,0,7,0,0,0,0,0
2,1,40678,0,0,0,0,0,0,0,0,0,0
0,1,40679,23,23,23,23,23,23,23,23,23,23
1,1,40679,15,24,0,0,0,0,0,14,17,0
1,1,40680,26,26,26,26,26,26,26,26,26,26
2,1,40680,0,0,0,0,0,0,0,0,0,0
3,1,40680,0,0,0,0,0,0,0,0,0,0
4,1,40680,0,0,0,0,0,0,0,0,0,0
1,1,40681,21,34,9,14,23,25,16,32,21,27
1,2,40682,0,0,5,0,0,0,0,0,0,6
0,1,40683,20,22,18,42,17,23,25,14,20,8
1,1,40683,0,0,0,0,7,0,0,6,0,0
1,1,40684,18,18,18,18,18,18,18,18,18,18
2,1,40684,1,1,1,1,1,1,1,1,1,1
1,1,40685,0,0,0,0,0,0,0,0,0,0
2,1,40685,0,0,0,0,6,0,0,0,0,0
3,1,40685,0,0,0,0,0,0,0,0,0,0
0,1,40686,13,13,13,13,13,13,13,13,13,13
1,1,40686,0,0,0,0,8,0,0,0,0,0
1,1,40687,19,30,21,19,20,28,25,23,25,24
1,1,40688,0,0,0,0,0,0,0,0,0,0
2,1,40688,13,13,13,13,13,13,13,13,13,13
3,1,40688,0,0,0,0,0,0,0,0,0,0
1,1,40690,0,0,0,0,0,0,0,0,0,0
2,1,40690,0,0,0,0,0,0,0,0,0,0
1,1,40691,14,22,22,24,20,12,24,3,14,22
2,1,40691,0,0,0,11,0,0,0,0,0,0
0,1,40692,0,0,0,0,5,0,0,16,0,0
1,1,40692,0,0,0,0,0,0,0,0,0,0
1,1,40693,14,14,14,14,14,14,14,14,14,14
1,1,40694,0,0,0,0,0,0,0,0,0,0
1,1,40695,0,0,0,0,0,0,0,0,0,0
2,1,40695,0,0,0,0,0,0,0,0,0,0
0,1,40696,24,24,24,24,24,24,24,24,24,24
1,1,40696,0,0,0,0,0,0,0,0,0,0
1,1,40697,17,17,17,17,17,17,17,17,17,17
2,1,40697,0,0,0,0,0,0,0,0,0,0
1,1,40698,0,0,0,0,0,0,0,0,0,0
2,1,40698,2,2,2,2,2,2,2,2,2,2
0,1,40699,0,0,0,0,0,0,0,0,0,0
1,1,40699,0,0,0,0,0,6,0,0,7,6
1,1,40700,19,20,4,9,17,16,33,19,11,13
2,1,40700,0,0,0,0,0,9,0,0,0,0
1,1,40701,0,18,17,15,26,17,0,0,16,0
0,1,40702,0,9,13,0,0,0,0,11,12,0
1,1,40702,0,0,12,0,0,25,0,0,0,0
1,1,40703,0,0,0,0,0,0,0,0,0,0
2,1,40703,0,0,0,0,0,0,0,0,0,0