VEH_NO,PER_NO,ST_CASE,P1,P2,P3,P4,P5,P6,P7,P8,P9,P10
3,1,40703,0,0,0,0,0,0,0,0,0,0
0,1,40704,25,5,0,16,0,18,14,12,21,25
1,1,40704,0,0,0,0,0,0,0,0,0,0
1,1,40705,16,0,24,0,5,0,12,0,21,0
1,1,40706,0,20,14,0,0,0,0,0,0,13
1,1,40707,0,0,0,0,0,0,0,0,0,0
2,1,40707,0,0,0,0,0,0,0,0,0,0
3,1,40707,0,0,0,0,0,0,0,0,0,0
1,1,40708,6,16,13,11,4,10,4,25,14,10
1,1,40709,0,0,0,0,0,0,0,0,0,0
1,1,40710,0,0,0,9,5,0,0,13,0,0
1,1,40711,0,25,0,8,7,10,14,10,8,3
2,1,40711,0,0,0,0,0,0,0,0,0,0
1,1,40712,0,0,0,0,0,0,0,0,0,0
0,1,40713,9,0,13,20,21,0,25,0,0,15
1,1,40713,0,0,0,0,0,0,0,0,0,0
1,1,40714,0,0,0,0,0,0,0,0,0,0
1,1,40715,0,0,0,0,0,0,0,0,0,0
1,1,40716,0,0,15,0,0,0,0,0,0,0
1,1,40717,17,17,17,17,17,17,17,17,17,17
2,1,40717,0,0,0,0,0,0,0,0,0,0
1,1,40718,0,0,0,0,0,0,0,0,0,0
1,1,40719,0,0,0,0,0,0,0,0,0,0
2,1,40719,0,0,0,0,0,0,0,0,0,0
1,1,40720,0,0,0,0,0,0,0,0,0,0
0,1,40721,22,22,22,22,22,22,22,22,22,22
1,1,40721,0,0,0,0,0,0,0,0,0,0
1,1,40722,0,16,0,0,0,0,31,0,0,20
1,1,40723,0,0,0,0,0,0,0,0,0,0
1,1,40724,0,0,0,0,0,0,0,0,0,0
1,1,40725,0,0,0,0,0,0,0,0,0,0
1,1,40726,0,0,0,0,0,0,0,0,0,0
1,1,40727,0,0,0,0,0,0,0,0,0,0
2,1,40727,0,0,0,0,0,0,0,0,0,0
1,1,40728,0,0,0,0,0,0,0,0,0,0
1,1,40729,19,19,19,19,19,19,19,19,19,19
2,1,40729,0,0,0,0,0,0,0,0,0,0
0,1,40730,24,24,24,24,24,24,24,24,24,24
1,1,40730,0,0,0,0,0,0,0,0,0,0
1,1,40731,28,28,28,28,28,28,28,28,28,28
2,1,40731,0,0,0,0,0,0,0,0,0,0
1,1,40732,16,16,16,16,16,16,16,16,16,16
2,1,40732,0,0,13,0,0,0,0,0,0,0
3,1,40732,20,0,0,0,0,0,0,0,0,0
4,1,40732,0,27,0,0,0,11,0,12,17,0
1,1,40733,15,0,0,0,0,0,0,0,0,6
2,1,40733,0,0,0,0,0,0,0,0,0,0
1,1,40734,0,0,0,0,0,0,0,0,0,0
2,1,40734,0,0,0,0,0,0,0,0,0,0
3,1,40734,0,0,0,0,0,0,0,0,0,0
1,1,40735,19,19,19,19,19,19,19,19,19,19
1,1,40736,2,2,2,2,2,2,2,2,2,2
2,1,40736,0,0,0,0,0,0,0,0,0,0
1,1,40737,0,0,0,0,0,0,0,0,0,0
2,1,40737,0,0,0,0,0,0,0,0,0,0
3,1,40737,0,0,0,0,0,0,0,0,0,0
0,1,40738,0,0,0,0,0,12,0,0,0,0
1,1,40738,0,0,0,0,0,0,0,0,0,0
1,1,40739,0,0,0,0,0,0,0,0,0,0
2,1,40739,0,0,0,3,0,0,0,0,0,0
1,1,40740,20,20,20,20,20,20,20,20,20,20
2,1,40740,0,0,0,0,0,0,0,0,0,0
1,1,40741,21,21,21,21,21,21,21,21,21,21
1,1,40742,0,0,0,0,0,0,0,0,0,0
2,1,40742,0,0,0,0,0,0,0,0,0,0
1,1,40743,0,0,0,0,0,0,0,0,0,0
1,1,40744,16,16,16,16,16,16,16,16,16,16
2,1,40744,0,0,0,0,0,0,0,0,0,0
1,1,40745,0,0,0,0,0,0,0,0,0,0
2,1,40745,0,0,0,0,0,0,0,0,0,0
1,1,40746,15,15,15,15,15,15,15,15,15,15
1,1,40747,0,0,0,0,0,0,0,0,0,0
2,1,40747,0,0,0,0,0,0,0,0,0,0
1,1,40748,19,19,19,19,19,19,19,19,19,19
1,1,40749,0,0,0,0,0,0,0,0,0,0
2,1,40749,0,0,0,0,0,0,0,0,0,0
0,1,40750,8,8,8,8,8,8,8,8,8,8
1,1,40750,0,0,0,0,0,0,0,0,0,13
1,1,40751,19,19,19,19,19,19,19,19,19,19
1,1,40752,4,4,4,4,4,4,4,4,4,4
1,1,40753,16,16,16,16,16,16,16,16,16,16
1,1,40754,22,22,22,22,22,22,22,22,22,22
2,1,40754,0,0,17,0,0,0,0,0,12,0
1,1,40755,0,0,0,0,0,0,0,0,0,0
2,1,40755,17,17,17,17,17,17,17,17,17,17
1,1,40756,7,7,7,7,7,7,7,7,7,7
1,1,40757,24,24,24,24,24,24,24,24,24,24
1,1,40758,0,0,0,0,0,0,0,0,0,0
0,1,40759,16,16,16,16,16,16,16,16,16,16
1,1,40759,0,0,0,0,0,0,0,0,0,0
1,1,40760,0,0,0,0,0,0,0,17,0,0
1,1,40761,0,0,0,0,4,0,0,0,0,0
1,1,40762,13,13,13,13,13,13,13,13,13,13
1,1,40763,0,0,0,0,0,0,0,0,0,0
0,1,40765,16,0,23,0,0,32,20,11,17,33
1,1,40765,11,11,11,11,11,11,11,11,11,11
1,1,40766,20,20,20,20,20,20,20,20,20,20
2,1,40766,0,0,0,0,0,0,0,0,0,0
1,1,40767,0,9,14,0,10,0,0,0,0,0
2,1,40767,0,0,0,0,0,0,0,0,0,0
1,1,40768,0,0,0,0,0,0,0,0,0,0
2,1,40768,0,0,0,0,0,0,0,0,0,0
1,1,40769,13,13,13,13,13,13,13,13,13,13
1,1,40770,0,0,17,0,0,0,0,0,8,0
2,1,40770,0,0,0,0,0,0,0,0,0,0
0,1,40771,29,29,29,29,29,29,29,29,29,29
1,1,40771,0,15,0,0,0,0,0,0,0,0
1,1,40772,0,0,0,0,0,0,0,0,0,0
1,1,40773,22,22,22,22,22,22,22,22,22,22
0,1,40774,0,0,0,0,0,0,0,0,0,0
1,1,40774,0,0,0,0,0,0,9,0,17,0
1,1,40775,0,0,0,0,0,0,0,0,0,0
2,1,40775,0,0,0,0,0,0,0,0,0,0
1,1,40776,0,0,0,0,0,0,0,0,0,0
2,1,40776,0,0,0,0,0,0,0,0,0,0
0,1,40777,15,15,15,15,15,15,15,15,15,15
1,1,40777,0,0,0,0,0,0,0,0,0,0
1,1,40778,0,0,0,0,0,0,0,0,0,0
2,1,40778,0,0,0,0,0,0,0,0,0,0
1,1,40779,0,0,12,0,2,0,0,4,0,10
0,1,40780,14,14,14,14,14,14,14,14,14,14
0,2,40780,19,0,17,0,0,6,6,0,28,19
1,1,40780,0,0,0,23,5,0,12,0,0,0
1,1,40781,0,0,0,0,0,0,0,0,0,0
2,1,40781,0,0,0,0,0,0,0,0,0,0
1,1,40782,0,0,0,0,0,0,0,0,0,0
2,1,40782,0,0,0,0,0,0,0,0,0,0
1,1,40784,0,0,20,22,0,0,11,9,0,25
1,1,40785,0,0,0,0,0,0,0,0,0,0
0,1,40786,23,23,23,23,23,23,23,23,23,23
1,1,40786,0,0,16,0,0,0,5,0,0,0
0,1,40787,19,19,19,19,19,19,19,19,19,19
1,1,40787,0,5,0,0,0,0,0,0,0,0
0,1,40788,20,20,20,20,20,20,20,20,20,20
1,1,40788,0,0,0,0,0,0,0,0,0,0
0,1,40790,32,32,32,32,32,32,32,32,32,32
1,1,40790,0,0,0,0,15,0,0,0,0,0
1,1,40791,0,0,0,0,0,0,0,0,0,0
2,1,40791,0,0,0,0,0,0,0,0,0,0
1,1,40792,0,0,0,0,0,0,0,0,0,0
2,1,40792,0,0,0,0,0,0,0,0,0,0
1,1,40793,24,24,24,24,24,24,24,24,24,24
2,1,40793,0,0,0,0,0,0,0,0,0,0
1,1,40794,0,0,0,0,0,0,0,0,0,0
2,1,40794,0,0,0,0,0,0,0,0,0,0
1,1,40795,0,0,0,0,0,0,0,0,0,0
1,1,40796,5,5,5,5,5,5,5,5,5,5
1,1,40797,0,0,0,0,0,0,0,0,0,0
2,1,40797,0,0,0,0,0,0,0,0,0,0
1,1,40798,0,0,0,0,0,0,0,0,0,0
1,1,40799,0,0,0,0,0,0,0,0,0,0
1,1,40800,0,0,0,0,0,0,0,0,0,0
2,1,40800,0,0,0,0,0,0,0,0,0,0
1,1,40801,0,0,0,0,0,0,0,0,0,0
2,1,40801,0,0,0,0,0,0,0,0,0,0
1,1,40802,0,0,0,0,0,0,0,0,8,0
1,1,40803,7,7,7,7,7,7,7,7,7,7
1,1,40804,0,0,0,0,0,0,0,0,0,0
0,1,40805,24,24,24,24,24,24,24,24,24,24
1,1,40805,0,0,0,0,0,0,0,0,0,0
2,1,40805,0,0,0,0,0,0,0,0,0,0
1,1,40806,0,0,0,0,0,0,0,0,0,0
2,1,40806,0,0,0,0,0,0,0,0,0,0
1,1,40807,18,18,18,18,18,18,18,18,18,18
2,1,40807,0,0,0,0,0,0,0,0,0,0
1,1,40808,15,0,0,17,0,0,0,0,0,22
2,1,40808,0,0,0,0,0,0,0,0,0,0
1,1,40809,0,0,0,0,0,0,0,0,0,0
1,1,40810,27,27,27,27,27,27,27,27,27,27
0,1,40811,21,21,21,21,21,21,21,21,21,21
1,1,40811,0,0,0,0,0,0,0,0,0,0
1,1,40812,13,13,13,13,13,13,13,13,13,13
1,1,40813,0,0,0,0,0,0,0,0,0,8
1,1,40814,0,0,0,0,0,0,0,0,0,0
2,1,40814,0,0,0,0,0,0,0,0,0,0
1,1,40815,7,7,7,7,7,7,7,7,7,7
0,1,40816,20,20,20,20,20,20,20,20,20,20
1,1,40816,4,4,4,4,4,4,4,4,4,4
0,1,40817,27,19,0,18,0,0,14,19,0,0
1,1,40817,0,0,0,0,0,0,0,0,0,0
1,1,40819,19,19,19,19,19,19,19,19,19,19
2,1,40819,0,0,0,0,0,0,0,0,0,0
1,1,40820,20,20,20,20,20,20,20,20,20,20
1,1,40821,0,0,0,0,0,0,0,0,0,0
2,1,40821,0,0,0,0,0,0,0,0,0,0
1,1,40822,0,0,0,0,0,6,0,0,0,0
1,1,40823,17,17,17,17,17,17,17,17,17,17
2,1,40823,0,0,0,0,0,0,0,0,0,0
1,1,40824,0,0,0,0,0,0,0,0,0,0
2,1,40824,0,0,0,0,0,0,0,0,0,0
0,1,40825,27,27,27,27,27,27,27,27,27,27
1,1,40825,0,0,0,0,0,0,0,0,0,0
1,1,40826,0,0,0,0,0,0,0,0,0,0
2,1,40826,0,0,0,0,0,0,0,0,0,0
1,1,40827,0,0,0,0,0,0,0,0,0,0
0,1,40828,20,20,20,20,20,20,20,20,20,20
1,1,40828,0,0,0,0,0,0,0,0,0,7
1,1,40829,15,15,15,15,15,15,15,15,15,15
1,1,40830,2,2,2,2,2,2,2,2,2,2
1,1,40831,0,0,0,0,0,0,0,0,0,0
2,1,40831,0,0,0,0,0,0,0,0,0,0
1,2,40832,12,0,0,2,12,11,18,29,18,22
0,1,40833,0,0,0,0,0,0,0,0,0,8
1,1,40833,0,0,0,0,0,0,0,0,0,0
1,1,40834,0,0,0,0,0,0,0,0,0,0
2,1,40834,0,0,0,0,0,0,0,0,0,0
1,1,40835,15,15,15,15,15,15,15,15,15,15
2,1,40835,2,2,2,2,2,2,2,2,2,2
0,1,40836,13,13,13,13,13,13,13,13,13,13
1,1,40836,0,0,0,0,0,0,0,0,0,0
1,1,40837,0,31,17,29,32,13,14,46,4,25
1,1,40838,14,17,16,13,18,0,16,16,16,21
2,1,40838,0,0,0,0,0,0,0,0,0,0
0,1,40839,0,0,0,0,0,0,0,0,0,0
1,1,40839,8,0,0,0,0,0,0,13,3,12
1,1,40840,0,0,0,0,0,0,0,0,0,0
2,1,40840,0,0,0,0,0,0,0,0,4,0
0,1,40841,9,9,9,9,9,9,9,9,9,9
1,1,40841,1,1,1,1,1,1,1,1,1,1
1,2,40842,11,5,0,0,13,0,18,3,0,0
0,1,40843,0,0,0,0,0,0,0,0,0,0
1,1,40843,0,2,0,0,0,0,0,0,0,0
1,1,40844,0,0,0,0,0,0,0,0,0,0
2,1,40844,8,8,8,8,8,8,8,8,8,8
1,1,40845,0,0,0,0,0,0,0,0,0,0
2,1,40845,0,0,0,0,0,0,0,0,0,0
1,1,40846,0,0,0,0,0,0,0,0,0,0
2,1,40846,0,0,0,0,0,0,0,0,0,0
1,1,40847,0,20,0,0,0,0,0,0,0,0
1,1,40848,19,19,19,19,19,19,19,19,19,19
1,1,40849,0,0,23,0,0,0,20,0,0,0
1,1,40850,0,0,0,0,0,0,0,0,0,6
1,2,40851,9,0,0,0,0,0,0,7,0,24
1,2,40852,0,0,0,0,0,0,0,0,7,0
1,1,40853,9,9,9,9,9,9,9,9,9,9
2,1,40853,9,9,9,9,9,9,9,9,9,9
1,1,40854,22,22,22,22,22,22,22,22,22,22
1,1,40855,0,0,0,0,0,0,0,0,0,0
2,1,40855,0,0,0,0,0,0,0,0,0,0
1,1,40856,0,17,0,0,0,0,0,0,11,2
1,1,40857,0,0,0,0,0,4,0,0,0,0
0,1,40858,21,22,23,0,40,37,40,17,33,29
1,1,40858,0,0,0,0,0,0,0,0,0,0
1,1,50001,22,22,22,22,22,22,22,22,22,22
1,1,50003,0,0,0,0,0,0,0,0,0,0
1,1,50004,0,0,0,0,0,0,0,0,0,0
1,1,50005,0,0,0,0,0,0,0,0,0,0
2,1,50005,0,0,0,0,0,0,0,0,0,0
1,1,50006,22,22,22,22,22,22,22,22,22,22
1,1,50007,0,0,0,0,0,0,0,0,0,0
2,1,50007,0,0,0,0,0,0,0,0,0,0
0,1,50008,19,19,19,19,19,19,19,19,19,19
1,1,50008,0,0,0,0,0,0,0,0,0,0
1,1,50009,6,0,0,0,0,0,0,0,0,0
1,1,50010,0,0,0,0,0,0,2,0,0,0
2,1,50010,0,0,0,0,0,0,0,0,0,0
1,1,50011,11,11,11,11,11,11,11,11,11,11
1,1,50012,0,0,0,0,0,0,0,0,0,0
2,1,50012,0,0,0,0,0,0,0,0,0,0
1,1,50013,1,1,1,1,1,1,1,1,1,1
2,1,50013,0,0,0,0,0,0,0,0,0,0
1,1,50014,9,9,9,9,9,9,9,9,9,9
1,1,50015,0,0,0,0,0,0,0,0,0,0
2,1,50015,34,34,34,34,34,34,34,34,34,34
1,1,50016,9,9,9,9,9,9,9,9,9,9
2,1,50016,0,0,0,0,0,0,0,0,0,0
0,1,50017,8,8,8,8,8,8,8,8,8,8
1,1,50017,0,0,0,0,0,0,0,0,0,0
1,1,50018,0,0,0,0,0,0,0,0,0,0
2,1,50018,0,0,0,0,0,0,0,0,0,0
0,1,50019,0,0,0,0,0,0,0,0,0,0
0,2,50019,0,0,0,0,0,0,0,0,0,0
1,1,50019,0,0,0,0,0,0,0,0,0,0
1,1,50020,31,31,31,31,31,31,31,31,31,31
1,1,50021,11,11,11,11,11,11,11,11,11,11
1,1,50022,0,0,0,0,0,0,0,0,0,0
2,1,50022,0,0,0,0,0,0,0,0,0,0
1,1,50023,0,0,0,0,0,0,0,0,0,0
2,1,50023,0,0,0,0,0,0,0,0,0,0
1,1,50024,0,0,0,0,0,0,0,0,0,0
2,1,50024,16,16,16,16,16,16,16,16,16,16
1,1,50025,0,0,0,0,0,0,0,0,0,0
1,1,50026,0,0,0,0,0,0,0,0,0,0
1,1,50027,0,0,0,0,0,0,0,0,0,0
1,1,50028,0,0,0,0,0,0,0,0,0,0
2,1,50028,0,0,0,0,0,0,0,0,0,0
1,1,50029,0,0,0,0,0,0,0,0,0,0
2,1,50029,0,0,0,0,0,0,0,0,0,0
1,1,50030,17,17,17,17,17,17,17,17,17,17
1,1,50031,16,16,16,16,16,16,16,16,16,16
2,1,50031,0,0,0,0,0,0,0,0,0,0
1,1,50032,28,28,28,28,28,28,28,28,28,28
1,1,50033,25,25,25,25,25,25,25,25,25,25
1,1,50034,0,0,0,0,0,0,0,0,0,0
1,1,50035,0,0,0,0,0,0,0,0,0,0
1,1,50036,0,0,0,0,0,0,0,6,0,0
2,1,50036,0,0,0,0,0,0,0,0,0,0
1,1,50037,9,9,9,9,9,9,9,9,9,9
1,1,50038,0,0,0,0,0,0,0,0,0,0
1,1,50039,0,0,0,0,0,0,0,0,0,0
2,1,50039,0,0,0,0,0,0,0,0,0,0
1,1,50040,0,0,0,0,0,0,0,0,0,0
2,1,50040,0,0,0,0,0,0,0,0,0,0
1,1,50041,0,0,0,0,0,0,0,0,0,5
1,1,50042,0,0,0,0,0,0,0,0,0,0
2,1,50042,0,0,0,0,0,0,0,0,0,0
1,1,50043,0,0,0,0,0,0,0,0,0,0
2,1,50043,18,18,18,18,18,18,18,18,18,18
1,1,50044,21,21,21,21,21,21,21,21,21,21
1,1,50045,0,0,0,0,0,0,0,0,0,0
2,1,50045,0,0,0,0,0,0,0,0,0,0
1,1,50046,34,34,34,34,34,34,34,34,34,34
1,1,50047,19,19,19,19,19,19,19,19,19,19
2,1,50047,0,0,0,0,0,0,0,0,0,0
1,1,50048,0,0,0,0,0,0,0,0,0,0
2,1,50048,0,0,0,0,0,0,0,0,0,0
1,1,50049,0,0,0,0,0,0,0,0,0,0
1,1,50050,0,0,0,0,0,0,0,0,0,0
2,1,50050,0,0,0,0,0,0,0,0,0,0
1,1,50051,0,0,0,0,0,0,0,0,0,0
2,1,50051,0,0,0,0,0,0,0,0,0,0
1,2,50052,0,35,30,0,19,19,29,17,27,0
1,1,50053,0,0,0,0,0,0,0,0,0,0
2,1,50053,0,0,0,0,0,0,0,0,0,0
1,1,50054,21,21,21,21,21,21,21,21,21,21
1,1,50055,0,0,0,0,0,0,0,0,0,0
1,1,50056,0,0,0,0,0,0,0,0,0,0
2,1,50056,0,0,0,0,0,0,0,0,0,0
0,1,50057,41,41,41,41,41,41,41,41,41,41
1,1,50057,0,0,0,0,0,0,0,0,0,0
0,1,50058,0,0,0,0,0,0,0,0,0,0
1,1,50058,0,0,0,0,0,0,0,0,0,0
1,1,50059,0,0,0,0,0,0,0,0,0,0
2,1,50059,0,0,0,0,0,0,0,0,0,0
1,1,50060,0,0,0,0,0,0,0,0,0,0
2,1,50060,0,0,0,0,0,0,0,0,0,0
1,1,50061,21,21,21,21,21,21,21,21,21,21
1,1,50062,0,0,0,0,0,0,0,0,0,0
1,1,50063,0,0,0,0,0,0,0,0,0,0
2,1,50063,26,26,26,26,26,26,26,26,26,26
1,1,50064,25,25,25,25,25,25,25,25,25,25
2,1,50064,6,6,6,6,6,6,6,6,6,6
1,1,50065,0,0,0,0,0,0,0,0,0,0
2,1,50065,0,0,0,0,0,0,0,0,0,0
1,1,50066,8,8,8,8,8,8,8,8,8,8
1,1,50067,0,0,0,0,0,0,0,0,0,0
3,1,50067,0,16,0,8,0,3,12,0,14,0
1,1,50068,0,0,0,0,0,0,0,0,0,0
2,1,50068,0,0,0,0,0,0,0,0,0,0
3,1,50068,0,0,0,0,0,0,0,0,0,0
0,1,50069,28,28,28,28,28,28,28,28,28,28
1,1,50069,10,0,8,0,0,0,0,25,0,0
1,1,50070,0,0,0,0,0,0,0,0,0,0
2,1,50070,0,0,0,0,0,0,0,0,12,0
0,1,50071,0,34,30,15,0,0,29,0,33,0
1,1,50071,11,11,11,11,11,11,11,11,11,11
1,1,50072,0,0,0,0,0,0,0,0,0,0
1,1,50073,6,6,6,6,6,6,6,6,6,6
1,1,50074,0,0,0,0,0,0,0,0,0,0
2,1,50074,0,0,0,0,0,0,0,0,0,0
1,1,50075,24,24,24,24,24,24,24,24,24,24
1,1,50076,0,0,0,0,0,0,0,0,0,0
2,1,50076,0,0,0,0,0,0,0,0,0,0
1,1,50077,35,35,35,35,35,35,35,35,35,35
1,1,50078,0,0,0,0,0,0,0,0,0,0
1,1,50079,0,0,0,0,0,0,0,0,0,0
1,1,50080,0,0,0,0,0,0,0,0,0,0
2,1,50080,0,0,0,0,0,0,0,0,0,0
1,1,50081,0,0,0,0,0,0,0,0,0,0
2,1,50081,26,26,26,26,26,26,26,26,26,26
1,1,50082,0,0,0,0,0,0,0,0,0,0
1,1,50083,0,0,0,0,0,0,0,0,0,0
1,1,50084,5,5,5,5,5,5,5,5,5,5
1,1,50085,0,0,0,0,0,0,0,0,0,0
1,1,50086,0,0,0,0,0,0,0,0,0,0
1,1,50087,0,0,0,0,0,0,0,0,0,0
1,1,50088,0,0,0,0,0,0,0,0,0,0
1,1,50089,0,0,0,0,0,0,0,0,0,0
2,1,50089,0,0,0,0,0,0,0,0,0,0
1,1,50090,0,0,0,0,0,0,0,0,0,0
2,1,50090,0,0,0,0,0,0,0,0,0,0
1,1,50091,0,3,0,0,0,0,0,0,0,0
2,1,50091,0,0,0,0,0,0,0,0,0,0
1,1,50092,0,0,0,0,0,0,0,0,0,0
2,1,50092,0,0,0,0,0,0,0,0,0,0
1,1,50093,0,0,0,0,0,0,0,0,0,0
1,1,50094,0,0,0,0,0,0,0,0,0,0
2,1,50094,0,0,0,0,0,0,0,0,0,0
1,1,50095,0,0,0,0,0,0,0,0,0,0
2,1,50095,0,0,0,0,0,0,0,0,0,0
1,1,50096,15,15,15,15,15,15,15,15,15,15
1,1,50097,0,0,0,0,0,0,0,0,0,0
2,1,50097,0,0,0,0,0,0,0,0,0,0
1,1,50098,24,24,24,24,24,24,24,24,24,24
2,1,50099,12,12,12,12,12,12,12,12,12,12
1,1,50100,0,0,0,0,0,0,0,0,0,0
2,1,50100,0,0,0,0,0,0,0,0,0,0
1,1,50101,23,23,23,23,23,23,23,23,23,23
1,1,50102,17,17,17,17,17,17,17,17,17,17
1,1,50103,0,0,0,0,0,0,0,0,0,0
0,1,50104,0,0,0,0,0,0,0,0,0,11
1,1,50104,0,0,0,0,0,0,0,0,0,0
1,1,50105,27,27,27,27,27,27,27,27,27,27
1,1,50106,0,0,0,0,10,0,0,0,0,0
2,1,50106,0,0,0,0,0,0,0,0,0,0
1,1,50107,16,16,16,16,16,16,16,16,16,16
1,1,50108,0,0,0,0,0,0,0,0,0,0
2,1,50108,0,0,0,0,0,0,0,0,0,0
1,1,50109,0,0,0,0,0,0,0,0,0,0
2,1,50109,0,0,0,0,0,0,0,0,0,0
3,1,50109,0,0,0,0,0,0,0,0,0,0
1,1,50110,0,0,0,0,0,0,0,0,0,0
1,1,50111,0,26,0,0,0,0,0,0,15,0
2,1,50111,0,0,0,0,0,0,0,6,0,0
3,1,50111,0,0,0,0,0,0,0,0,0,0
1,1,50112,0,0,0,0,0,0,0,0,0,0
2,1,50112,0,0,0,0,0,0,0,0,0,0
1,1,50113,0,0,0,0,0,0,0,0,0,0
2,1,50113,0,0,0,0,0,0,0,0,0,0
1,1,50114,0,0,0,0,0,0,0,0,0,0
2,1,50114,0,0,0,0,0,0,0,0,0,0
3,1,50114,0,0,0,0,0,0,0,0,0,0
1,1,50115,0,0,0,0,0,0,0,0,0,0
1,1,50116,0,0,0,25,0,0,0,0,0,9
1,1,50117,0,0,0,0,0,0,0,0,0,0
1,1,50118,0,0,0,0,0,0,0,0,0,0
0,1,50119,0,0,12,0,0,0,0,0,0,0
1,1,50119,0,0,0,0,0,0,22,0,6,5
1,1,50120,0,0,10,0,0,7,0,3,0,0
1,1,50121,13,14,13,0,0,0,0,0,0,0
1,1,50122,0,0,0,0,0,0,0,0,0,0
2,1,50122,0,0,0,0,0,0,0,0,0,0
0,1,50123,20,20,20,20,20,20,20,20,20,20
1,1,50123,4,4,4,4,4,4,4,4,4,4
1,1,50124,17,17,17,17,17,17,17,17,17,17
1,1,50125,2,2,2,2,2,2,2,2,2,2
2,1,50125,0,0,0,0,0,0,0,0,0,0
1,1,50126,0,0,0,0,0,0,0,0,0,0
1,1,50127,7,7,7,7,7,7,7,7,7,7
1,1,50128,0,0,0,0,0,4,0,0,0,0
1,1,50129,22,14,42,25,9,23,27,19,28,18
1,1,50130,0,0,0,0,0,0,0,0,0,0
1,1,50131,0,0,0,0,0,0,0,0,0,0
1,1,50132,0,0,0,0,0,0,0,0,0,0
2,1,50132,0,0,0,0,0,0,0,0,0,0
3,1,50132,0,0,0,0,0,0,0,0,0,0
1,1,50133,0,0,0,0,0,0,0,0,0,0
1,1,50134,8,8,8,8,8,8,8,8,8,8
1,1,50135,0,0,0,0,0,0,0,0,0,0
2,1,50135,0,0,0,0,0,0,0,0,0,0
3,1,50135,0,0,0,0,0,0,0,0,0,0
1,1,50136,0,0,0,0,0,0,0,0,0,0
2,1,50136,0,0,0,0,0,0,0,0,0,0
1,1,50137,0,0,0,0,0,0,0,0,0,0
1,1,50138,0,0,0,0,0,0,0,0,0,0
2,1,50138,0,0,0,0,0,0,0,0,0,0
1,1,50139,0,0,0,0,0,0,0,0,0,0
2,1,50139,0,0,0,0,0,0,0,0,0,0
1,1,50140,15,15,15,15,15,15,15,15,15,15
1,1,50141,33,33,33,33,33,33,33,33,33,33
2,1,50141,0,0,0,0,0,0,0,0,0,0
1,1,50142,0,0,0,0,0,0,0,0,17,0
1,1,50143,0,0,0,0,0,0,0,0,0,0
1,1,50144,0,0,0,0,0,0,0,0,0,0
2,1,50144,0,0,0,0,0,0,0,0,0,0
3,1,50144,0,16,0,0,0,0,0,19,0,0
0,1,50145,0,0,0,0,0,0,0,0,0,2
1,1,50145,0,0,0,9,0,0,0,0,0,0
1,1,50146,0,0,0,0,0,0,0,0,0,0
2,1,50146,17,17,17,17,17,17,17,17,17,17
1,1,50147,16,16,16,16,16,16,16,16,16,16
1,1,50148,0,0,0,0,0,0,0,0,0,0
2,1,50148,0,0,0,0,0,0,0,0,0,0
1,1,50149,0,0,0,0,0,0,0,0,0,0
0,1,50150,26,26,26,26,26,26,26,26,26,26
1,1,50150,0,0,0,0,0,0,0,0,0,0
1,1,50151,0,0,0,0,0,0,0,0,0,0
2,1,50151,0,0,0,0,0,0,0,0,0,0
1,1,50152,10,10,10,10,10,10,10,10,10,10
0,1,50153,0,0,0,0,16,0,0,16,0,0
1,1,50153,0,0,0,0,0,0,0,0,0,0
1,1,50154,0,0,0,0,0,0,0,0,0,0
1,1,50155,0,0,0,0,0,0,0,0,0,0
1,1,50156,15,15,15,15,15,15,15,15,15,15
1,1,50157,0,0,0,0,0,0,0,0,0,0
2,1,50157,0,0,0,0,0,0,0,0,0,0
3,1,50157,0,0,0,0,0,0,0,0,0,0
1,1,50158,22,22,22,22,22,22,22,22,22,22
1,1,50159,0,0,0,0,0,0,0,0,0,0
2,1,50159,2,2,2,2,2,2,2,2,2,2
3,1,50159,0,0,0,0,0,0,0,0,0,0
4,1,50159,0,0,0,0,0,0,0,0,0,0
1,1,50160,0,0,0,0,0,0,0,0,0,0
1,1,50161,0,0,0,0,0,0,0,0,0,0
2,1,50161,0,0,0,0,0,0,0,0,0,0
1,1,50162,13,13,13,13,13,13,13,13,13,13
0,1,50163,22,22,22,22,22,22,22,22,22,22
1,1,50163,1,1,1,1,1,1,1,1,1,1
1,1,50164,0,0,0,0,0,0,0,0,0,0
1,1,50165,0,0,0,0,0,0,0,0,0,0
2,1,50165,0,0,0,0,0,0,0,0,0,0
0,1,50166,0,0,0,0,0,0,0,0,0,0
1,1,50166,0,0,0,0,0,0,0,0,0,0
1,1,50167,0,0,0,0,0,0,0,0,0,0
0,1,50168,39,39,39,39,39,39,39,39,39,39
1,1,50168,0,0,0,0,0,0,0,0,0,0
1,1,50169,0,0,0,0,0,0,0,0,0,0
1,1,50170,0,0,0,0,0,0,0,0,0,0
2,1,50170,0,0,0,0,0,0,0,0,0,0
1,1,50171,0,0,0,0,0,0,0,0,0,0
1,1,50172,0,0,0,0,0,0,0,0,0,0
1,1,50173,17,17,17,17,17,17,17,17,17,17
1,1,50174,25,25,25,25,25,25,25,25,25,25
1,1,50175,0,0,0,0,0,0,0,0,0,0
1,1,50176,13,0,11,0,0,0,0,0,0,0
1,1,50177,0,0,0,0,0,0,0,0,0,0
2,1,50177,15,15,15,15,15,15,15,15,15,15
1,1,50178,0,0,0,0,0,0,0,0,0,0
2,1,50178,0,0,0,0,0,0,0,0,0,0
0,1,50179,22,22,22,22,22,22,22,22,22,22
1,1,50179,0,0,0,0,0,0,0,0,0,0
1,1,50180,13,13,13,13,13,13,13,13,13,13
1,1,50181,9,9,9,9,9,9,9,9,9,9
1,1,50182,0,0,0,0,0,0,0,0,0,0