VEH_NO,PER_NO,ST_CASE,P1,P2,P3,P4,P5,P6,P7,P8,P9,P10
1,1,50183,0,0,0,0,0,0,0,0,0,0
2,1,50183,0,0,0,0,0,0,0,0,0,0
1,1,50184,3,3,3,3,3,3,3,3,3,3
1,1,50185,29,29,29,29,29,29,29,29,29,29
1,1,50186,0,0,0,0,0,0,0,0,0,0
2,1,50186,0,0,0,0,0,0,0,0,0,0
1,1,50187,0,0,0,0,0,0,0,0,0,0
1,1,50188,0,0,0,0,0,0,0,0,0,0
2,1,50188,0,0,0,0,0,0,0,0,0,0
0,1,50189,10,18,0,9,17,0,0,0,0,8
1,1,50189,0,0,0,0,0,0,0,0,0,0
1,1,50190,0,0,0,0,0,0,0,0,0,0
2,1,50190,0,0,0,0,0,0,0,0,0,0
1,1,50191,14,14,14,14,14,14,14,14,14,14
1,1,50192,0,0,0,0,0,0,0,0,0,0
2,1,50192,0,0,0,0,0,0,0,0,0,0
1,1,50193,25,25,25,25,25,25,25,25,25,25
1,1,50194,17,17,17,17,17,17,17,17,17,17
1,1,50195,0,0,0,0,0,0,0,0,0,0
1,1,50196,17,17,17,17,17,17,17,17,17,17
2,1,50196,0,0,0,0,0,0,0,0,0,0
1,1,50197,0,0,0,0,0,0,0,0,0,0
1,1,50198,23,23,23,23,23,23,23,23,23,23
1,1,50199,0,0,0,0,0,0,0,0,0,0
1,1,50200,0,0,0,0,0,0,0,0,0,0
2,1,50200,0,0,0,0,0,0,0,0,0,0
1,1,50201,0,0,0,0,0,0,0,0,0,0
2,1,50201,0,0,0,0,0,0,0,0,0,0
1,1,50202,0,0,0,0,0,0,0,0,0,0
2,1,50202,0,0,0,0,0,0,0,0,0,0
1,1,50203,0,0,0,0,0,0,0,0,0,0
2,1,50203,0,0,0,0,0,0,0,0,0,0
3,1,50203,0,0,0,0,0,0,0,0,0,0
1,1,50204,0,0,0,0,0,0,0,0,0,0
2,1,50204,0,0,0,0,0,0,0,0,0,0
1,1,50205,0,0,0,0,0,0,0,0,0,0
2,1,50205,0,0,0,0,0,0,0,0,0,0
0,1,50206,15,0,36,0,0,16,24,0,22,22
0,2,50206,0,0,20,0,0,7,0,0,0,24
0,3,50206,37,0,0,12,22,0,0,0,0,0
1,1,50206,0,0,7,0,0,0,0,0,0,0
0,1,50207,37,37,37,37,37,37,37,37,37,37
1,1,50207,0,0,0,0,0,0,0,0,0,0
1,1,50208,0,0,11,0,9,21,0,0,19,0
1,1,50209,32,32,32,32,32,32,32,32,32,32
1,1,50210,0,0,0,0,0,0,0,0,5,0
2,1,50210,0,0,0,0,0,0,0,0,0,0
1,1,50211,0,0,0,0,0,0,0,0,0,0
1,1,50212,22,22,22,22,22,22,22,22,22,22
1,1,50213,14,14,14,14,14,14,14,14,14,14
1,1,50214,0,0,0,0,0,0,0,0,0,0
1,1,50215,0,0,0,0,0,0,0,0,0,26
1,1,50216,0,0,0,0,0,0,0,0,0,0
2,1,50216,0,0,0,0,0,0,0,0,0,0
1,1,50217,0,0,0,0,0,0,0,0,0,0
2,1,50217,3,0,0,0,0,9,0,10,0,6
1,1,50218,0,0,0,0,0,0,0,0,0,0
2,1,50218,0,0,0,0,0,0,0,0,0,0
1,1,50219,0,0,0,0,0,0,0,0,0,0
2,1,50219,20,20,20,20,20,20,20,20,20,20
1,1,50220,4,4,4,4,4,4,4,4,4,4
1,1,50221,12,12,12,12,12,12,12,12,12,12
2,1,50221,1,1,1,1,1,1,1,1,1,1
1,1,50222,33,33,33,33,33,33,33,33,33,33
1,1,50223,0,0,11,17,0,0,0,0,0,0
2,1,50223,0,0,0,0,0,0,0,0,0,0
1,1,50224,24,24,24,24,24,24,24,24,24,24
2,1,50224,17,17,17,17,17,17,17,17,17,17
1,1,50225,0,0,0,0,0,0,0,0,0,0
1,1,50226,8,8,8,8,8,8,8,8,8,8
1,1,50227,0,0,0,0,0,0,0,0,0,0
2,1,50227,0,0,0,0,0,0,0,0,8,0
1,1,50228,13,13,13,13,13,13,13,13,13,13
2,1,50228,0,0,0,0,0,0,0,0,0,0
1,1,50229,0,0,0,0,0,0,0,0,0,0
2,1,50229,2,2,2,2,2,2,2,2,2,2
3,1,50229,0,0,0,0,0,0,0,0,0,0
1,1,50230,0,0,0,0,0,0,0,0,0,0
1,1,50231,0,0,0,0,0,0,0,0,0,0
1,1,50232,0,14,5,9,0,11,0,6,10,9
0,1,50233,0,0,0,0,0,0,0,0,0,0
1,1,50233,0,0,0,0,0,0,0,0,0,0
1,1,50234,0,0,0,0,0,0,0,0,0,0
1,1,50235,0,0,0,0,0,0,0,0,0,0
2,1,50235,0,0,0,0,0,0,0,0,0,0
3,1,50235,0,0,0,0,0,0,0,0,0,0
1,1,50236,0,0,0,0,0,0,0,0,0,0
1,1,50237,0,0,0,0,0,15,13,0,0,0
2,1,50237,0,0,0,0,0,0,0,0,11,0
0,1,50238,0,0,0,0,0,12,0,0,0,0
0,2,50238,0,22,0,0,0,12,0,12,0,0
1,1,50238,0,0,0,0,0,0,0,0,0,0
0,1,50239,0,0,0,0,0,0,0,0,0,0
1,1,50239,0,0,0,0,0,0,0,0,0,0
1,1,50240,0,0,0,0,0,0,0,0,0,0
2,1,50240,0,0,0,0,0,0,0,0,0,0
3,1,50240,0,0,0,0,0,0,0,0,0,0
1,1,50241,0,0,0,0,0,0,0,0,0,0
2,1,50241,0,0,0,0,0,0,0,0,0,0
0,1,50242,0,13,0,0,0,0,0,0,0,0
1,1,50242,0,0,0,0,0,0,0,0,0,0
1,1,50243,0,0,0,0,0,0,0,0,0,0
2,1,50243,0,0,0,0,0,0,0,0,0,0
1,1,50244,2,2,2,2,2,2,2,2,2,2
2,1,50244,0,0,0,0,0,0,0,0,0,0
1,1,50245,0,0,0,0,0,0,0,0,0,0
2,1,50245,0,13,0,0,0,6,0,0,0,0
1,1,50246,11,11,11,11,11,11,11,11,11,11
1,1,50247,0,0,0,0,0,0,0,0,0,0
2,1,50247,0,0,0,0,0,0,0,0,0,0
0,1,50248,0,0,0,0,0,0,0,21,0,0
1,1,50248,0,0,0,0,0,0,11,0,0,11
1,1,50249,0,0,0,0,0,0,0,0,0,0
2,1,50249,0,0,0,0,0,0,0,0,0,0
1,1,50250,0,0,0,0,0,0,8,10,0,0
2,1,50250,0,0,0,0,0,0,0,0,0,0
1,1,50251,0,0,0,0,0,0,0,0,0,0
1,1,50252,0,0,0,0,0,0,0,0,0,0
2,1,50252,0,0,0,0,0,0,0,0,0,0
1,1,50253,0,0,0,0,0,0,0,0,0,0
1,1,50254,0,0,0,0,0,0,0,0,0,0
1,1,50255,0,0,0,0,0,0,0,0,0,0
0,1,50256,0,0,0,0,0,0,0,0,0,0
2,1,50256,0,0,0,0,0,0,0,0,0,0
1,1,50257,0,0,0,0,0,0,0,0,0,0
1,1,50258,4,4,4,4,4,4,4,4,4,4
1,1,50259,9,9,9,9,9,9,9,9,9,9
0,1,50260,0,0,0,0,0,0,0,0,0,0
1,1,50260,0,0,0,0,0,0,0,0,0,0
2,1,50260,0,0,0,0,0,0,0,0,0,0
1,1,50261,0,0,0,0,0,0,0,0,0,0
1,1,50262,0,0,0,0,0,0,0,0,0,0
0,1,50263,7,0,0,18,12,22,0,17,13,0
1,1,50263,12,12,12,12,12,12,12,12,12,12
2,1,50263,0,0,0,0,0,0,0,0,0,0
1,1,50264,0,0,0,0,0,0,0,0,0,0
2,1,50264,0,0,0,0,0,0,0,0,0,0
1,1,50265,0,0,0,0,0,0,0,0,0,0
2,1,50265,0,0,0,0,0,0,0,0,0,0
3,1,50265,0,0,0,0,0,0,0,0,0,0
1,1,50266,19,19,19,19,19,19,19,19,19,19
1,1,50267,0,0,13,0,0,9,0,0,20,23
1,1,50268,2,2,2,2,2,2,2,2,2,2
1,1,50269,0,0,0,0,0,0,0,0,0,0
2,1,50269,0,0,0,0,0,0,0,0,0,0
1,1,50270,13,13,13,13,13,13,13,13,13,13
1,1,50271,13,0,0,0,0,20,0,0,0,0
1,1,50272,0,0,0,0,0,0,0,0,0,0
1,1,50273,0,0,0,0,0,0,0,0,0,16
2,1,50273,0,0,0,0,0,0,0,0,0,0
1,1,50274,0,0,0,0,0,0,0,0,0,0
2,1,50274,0,0,0,0,0,0,0,0,0,0
1,1,50275,0,0,0,0,0,0,0,0,0,0
2,1,50275,0,0,0,0,0,0,0,0,0,0
1,1,50276,0,0,0,0,0,0,0,0,3,0
1,1,50277,0,0,0,0,0,0,0,0,0,0
2,1,50277,0,0,0,0,0,0,0,0,0,0
1,1,50278,0,0,0,0,0,0,0,0,0,0
1,1,50279,21,21,21,21,21,21,21,21,21,21
1,1,50280,31,31,31,31,31,31,31,31,31,31
1,1,50282,0,0,0,0,0,0,0,0,0,0
2,1,50282,0,0,0,0,0,0,0,0,0,0
1,1,50283,0,0,0,0,0,0,0,0,0,0
2,1,50283,0,0,0,0,3,0,0,0,0,0
0,1,50284,0,0,0,0,0,0,0,0,0,0
1,1,50284,0,0,0,0,0,0,0,0,0,0
1,1,50285,14,14,14,14,14,14,14,14,14,14
2,1,50285,4,4,4,4,4,4,4,4,4,4
3,1,50285,0,0,0,0,0,0,0,0,0,0
1,1,50286,4,4,4,4,4,4,4,4,4,4
1,1,50287,0,0,0,0,0,0,0,0,0,0
0,1,50288,17,17,17,17,17,17,17,17,17,17
2,1,50288,0,0,0,0,0,0,0,0,0,0
1,1,50289,0,0,0,0,0,0,0,0,0,0
1,1,50290,0,0,0,0,0,0,0,0,0,0
2,1,50290,30,30,30,30,30,30,30,30,30,30
1,1,50291,16,0,0,0,0,0,0,0,0,0
2,1,50291,0,0,0,0,0,0,0,0,0,0
1,1,50292,4,4,4,4,4,4,4,4,4,4
2,1,50293,0,0,0,0,0,0,0,0,0,0
3,1,50293,0,0,0,0,0,0,0,0,0,0
1,1,50294,0,0,0,0,0,0,0,0,0,0
1,1,50295,0,0,0,0,0,0,0,0,0,0
2,1,50295,0,0,0,0,0,0,0,0,0,0
1,1,50296,0,0,0,0,0,0,0,0,0,0
1,1,50297,0,0,0,0,0,0,0,0,0,0
2,1,50297,0,0,0,0,0,0,0,0,0,0
1,1,50298,4,0,0,0,0,0,0,0,0,0
2,1,50298,0,0,0,0,0,0,0,0,0,0
1,1,50299,0,0,0,0,0,0,0,0,0,10
1,1,50300,27,27,27,27,27,27,27,27,27,27
1,1,50301,0,0,0,0,0,0,0,0,0,0
1,1,50302,26,15,35,21,13,12,19,19,17,20
1,1,50304,0,0,0,0,0,0,0,0,0,0
2,1,50304,0,0,0,0,0,0,0,0,0,0
1,1,50305,0,0,0,0,0,0,0,0,0,0
1,1,50306,0,0,0,0,0,0,0,0,0,0
1,1,50307,0,0,0,0,0,0,0,0,0,0
2,1,50307,0,0,0,0,0,0,0,0,0,0
1,1,50308,0,0,0,0,0,0,0,0,0,0
1,1,50309,8,8,8,8,8,8,8,8,8,8
2,1,50309,5,5,5,5,5,5,5,5,5,5
1,1,50310,0,0,0,0,0,0,0,0,0,0
2,1,50310,0,0,0,0,0,0,0,0,0,0
1,1,50311,0,0,0,0,0,0,0,0,0,0
1,1,50312,28,21,25,17,20,10,34,0,0,17
1,1,50313,32,34,0,0,8,27,0,6,0,0
1,1,50314,9,9,9,9,9,9,9,9,9,9
2,1,50314,0,0,0,0,0,0,0,0,0,0
1,1,50315,23,33,7,3,25,7,19,15,0,9
1,1,50316,0,0,0,0,0,0,0,0,0,0
0,1,50317,0,0,0,0,0,0,0,0,0,0
1,1,50317,0,0,0,0,0,0,0,0,0,0
1,1,50318,0,0,0,0,0,0,0,0,0,0
2,1,50318,0,0,0,0,0,0,0,0,0,0
1,1,50319,20,20,20,20,20,20,20,20,20,20
1,1,50320,13,0,0,33,6,0,17,26,0,0
1,1,50321,8,8,8,8,8,8,8,8,8,8
1,1,50322,5,5,5,5,5,5,5,5,5,5
1,1,50323,0,0,0,0,0,0,0,0,0,0
1,1,50324,20,14,14,10,12,13,6,13,0,15
1,1,50325,14,14,14,14,14,14,14,14,14,14
1,1,50326,16,0,0,0,0,0,0,17,0,17
1,1,50327,0,0,0,0,0,0,0,0,0,0
1,1,50328,0,0,0,0,0,0,0,0,0,0
1,1,50329,0,0,0,0,0,0,0,0,0,0
1,1,50330,0,0,0,0,0,0,0,0,0,0
1,1,50331,28,28,28,28,28,28,28,28,28,28
1,1,50332,0,0,0,0,0,0,0,0,0,0
2,1,50332,7,7,7,7,7,7,7,7,7,7
1,1,50333,17,17,17,17,17,17,17,17,17,17
1,1,50334,0,0,0,0,0,0,0,0,0,0
2,1,50334,0,0,0,0,0,0,0,0,0,0
1,1,50335,0,0,0,0,0,0,0,0,0,0
1,1,50336,0,0,0,0,0,0,0,0,0,0
2,1,50336,0,0,0,0,0,0,0,0,0,0
1,1,50337,3,3,3,3,3,3,3,3,3,3
1,1,50338,0,0,0,0,0,0,0,0,0,0
2,1,50338,0,0,0,0,0,0,0,0,0,0
1,1,50339,12,12,12,12,12,12,12,12,12,12
1,1,50340,0,0,0,0,0,0,0,0,0,0
2,1,50340,0,0,0,0,0,0,0,0,0,0
1,1,50341,0,0,4,20,0,0,9,0,12,0
1,1,50342,0,0,0,0,0,0,0,0,0,0
1,1,50343,0,0,16,0,0,0,0,0,0,0
1,1,50344,17,0,0,0,0,0,21,0,0,0
1,1,50345,21,21,21,21,21,21,21,21,21,21
1,1,50346,0,0,0,0,0,0,0,0,0,0
1,1,50347,19,19,19,19,19,19,19,19,19,19
1,1,50348,10,10,10,10,10,10,10,10,10,10
2,1,50348,0,0,0,0,0,0,0,0,0,0
1,1,50349,0,0,0,0,0,0,0,0,0,0
2,1,50349,0,0,0,0,0,0,0,0,0,0
3,1,50349,0,0,0,0,0,0,0,0,0,0
4,1,50349,0,0,0,0,0,0,0,0,0,0
1,1,50350,0,0,0,0,0,0,0,0,0,0
2,1,50350,0,0,0,0,0,0,0,0,0,0
1,1,50351,15,15,15,15,15,15,15,15,15,15
1,1,50352,0,0,5,0,0,0,0,0,0,0
2,1,50352,0,0,0,0,0,0,0,0,0,0
1,1,50353,8,8,8,8,8,8,8,8,8,8
1,1,50354,0,0,0,0,0,0,0,0,0,0
2,1,50354,0,0,0,0,0,0,0,0,0,0
1,1,50355,0,0,0,0,0,15,24,0,0,13
1,1,50356,0,0,0,0,0,0,0,0,0,0
1,1,50357,26,26,26,26,26,26,26,26,26,26
1,1,50358,0,0,0,0,0,0,0,0,0,0
1,1,50359,0,0,0,0,0,0,0,0,0,0
1,1,50360,7,7,7,7,7,7,7,7,7,7
1,1,50361,0,0,0,31,0,15,0,0,18,34
0,1,50362,0,0,21,0,0,0,0,0,0,0
1,1,50362,0,0,0,0,0,0,0,0,0,0
1,1,50363,25,25,25,25,25,25,25,25,25,25
1,1,50364,0,0,0,0,0,0,0,0,0,0
1,1,50365,0,0,0,0,0,0,0,0,0,0
2,1,50365,0,0,0,0,0,0,0,0,0,0
3,1,50365,0,0,0,0,0,0,0,0,0,0
1,1,50366,31,31,31,31,31,31,31,31,31,31
1,1,50367,16,16,16,16,16,16,16,16,16,16
1,1,50368,0,0,0,0,0,0,0,0,0,0
1,1,50369,12,0,10,0,5,0,17,0,4,8
1,1,50370,0,0,0,0,10,0,13,0,0,12
1,1,50371,0,0,0,0,0,0,0,0,0,0
1,1,50372,24,24,24,24,24,24,24,24,24,24
1,1,50373,0,0,0,0,0,0,0,0,0,0
2,1,50373,0,0,0,0,0,0,0,0,0,0
3,1,50373,0,0,0,0,0,0,0,0,0,0
4,1,50373,0,0,0,0,0,0,0,0,0,0
1,1,50374,0,0,0,0,0,0,0,0,0,0
1,1,50375,0,0,0,0,0,0,0,0,0,0
1,1,50376,23,23,23,23,23,23,23,23,23,23
1,1,50377,5,5,5,5,5,5,5,5,5,5
1,1,50378,0,0,0,0,0,0,0,0,0,0
1,1,50379,19,19,19,19,19,19,19,19,19,19
2,1,50379,0,0,0,0,0,0,0,0,0,0
1,1,50380,0,0,0,0,0,0,0,0,0,0
1,1,50381,0,0,0,0,0,0,0,0,0,0
0,1,50382,0,29,22,0,0,0,0,0,31,0
0,2,50382,0,0,0,19,10,0,0,0,0,0
1,1,50382,0,15,0,0,7,7,0,0,0,0
0,1,50383,22,22,22,22,22,22,22,22,22,22
1,1,50383,0,0,0,13,0,23,22,11,0,0
0,1,50384,22,22,22,22,22,22,22,22,22,22
1,1,50384,38,0,0,0,0,13,6,0,16,30
1,1,50385,0,0,0,0,0,0,0,0,0,0
1,1,50386,0,0,0,0,0,0,0,0,0,0
1,1,50387,0,0,0,0,0,0,0,0,0,0
1,1,50388,23,23,23,23,23,23,23,23,23,23
0,1,50389,0,0,0,0,0,0,0,0,0,0
1,1,50389,0,0,0,0,0,0,0,0,0,0
1,1,50390,16,16,16,16,16,16,16,16,16,16
1,1,50391,0,0,0,0,13,0,0,0,0,0
1,1,50392,0,0,0,0,0,0,0,0,0,0
2,1,50392,0,0,0,0,0,0,0,0,0,0
1,1,50393,1,1,1,1,1,1,1,1,1,1
1,1,50394,0,0,0,0,0,0,0,0,0,0
2,1,50394,0,0,0,0,0,0,0,0,0,0
1,1,50395,19,19,19,19,19,19,19,19,19,19
1,1,50396,0,0,0,0,0,0,0,0,0,0
1,1,50397,0,0,0,0,0,0,0,0,0,0
2,1,50397,0,0,0,0,0,0,0,0,0,0
1,1,50398,0,0,0,0,0,0,0,0,0,0
2,1,50398,0,0,0,0,0,0,0,0,0,0
0,1,50399,29,29,29,29,29,29,29,29,29,29
1,1,50399,0,0,6,0,0,0,0,0,11,6
1,1,50400,0,0,0,0,0,0,0,0,0,0
2,1,50400,0,0,0,0,0,0,0,0,0,0
1,1,50401,27,27,27,27,27,27,27,27,27,27
2,1,50401,0,0,0,0,0,0,0,0,0,0
3,1,50401,0,0,0,0,0,0,0,0,0,0
1,1,50402,28,28,28,28,28,28,28,28,28,28
1,1,50403,0,0,0,0,0,0,0,0,0,0
1,1,50404,0,0,0,0,0,0,0,0,0,0
2,1,50404,0,0,0,0,0,0,0,0,0,0
1,1,50405,0,0,0,0,0,0,0,0,0,0
2,1,50405,0,0,0,0,0,0,0,0,0,0
0,1,50406,0,0,0,0,0,0,0,0,0,0
0,2,50406,0,0,0,0,0,0,0,0,0,0
1,1,50406,0,0,0,0,0,0,0,0,0,0
1,1,50407,14,14,14,14,14,14,14,14,14,14
1,1,50408,0,0,0,0,0,0,0,0,0,0
1,1,50409,0,0,0,0,0,0,0,0,0,0
2,1,50409,0,0,0,0,0,0,0,0,0,0
1,1,50410,0,0,0,0,0,0,0,0,0,0
2,1,50410,16,16,16,16,16,16,16,16,16,16
1,1,50411,0,0,0,0,0,0,0,0,0,0
2,1,50411,0,0,0,0,0,0,0,0,0,0
0,1,50412,0,0,0,0,0,0,0,0,0,0
1,1,50412,0,0,0,0,0,0,0,0,0,0
1,1,50413,0,0,0,0,0,0,0,0,0,0
1,1,50414,0,0,0,0,0,0,0,0,0,0
2,1,50414,0,0,0,0,0,0,0,0,0,0
1,1,50415,0,0,0,0,0,0,0,0,0,0
2,1,50415,0,0,0,0,0,0,0,0,0,0
1,1,50416,0,0,3,0,0,0,0,0,0,0
2,1,50416,0,0,0,0,0,0,0,0,0,0
1,1,50417,0,0,0,0,0,0,0,0,0,0
1,1,50418,0,0,0,0,0,0,0,0,0,0
2,1,50418,0,0,0,0,0,0,0,0,0,0
1,1,50419,0,0,0,0,0,0,0,0,0,0
1,1,50420,0,0,0,0,0,0,0,0,0,0
2,1,50420,0,0,0,0,0,0,0,0,0,0
1,1,50421,0,0,0,0,0,0,0,0,0,0
2,1,50421,0,0,0,0,0,0,0,0,0,0
3,1,50421,0,0,0,0,0,0,0,0,0,0
0,1,50422,23,12,7,0,35,0,0,15,0,0
1,1,50422,0,0,0,0,0,14,0,0,0,0
1,1,50423,28,0,0,15,0,0,0,0,0,0
1,1,50425,28,28,28,28,28,28,28,28,28,28
1,1,50426,13,13,13,13,13,13,13,13,13,13
1,1,50427,0,0,0,0,0,0,0,0,0,0
2,1,50427,0,0,0,8,0,0,0,0,0,0
3,1,50427,0,0,0,0,0,0,0,0,0,0
1,1,50428,0,0,0,0,0,0,0,0,0,0
2,1,50428,0,0,0,0,0,0,0,0,0,0
1,1,50429,0,0,0,0,0,0,0,0,0,0
1,1,50430,0,0,0,0,0,0,0,0,0,0
1,1,50431,9,9,9,9,9,9,9,9,9,9
1,1,50432,18,18,18,18,18,18,18,18,18,18
0,1,50433,0,0,0,0,0,0,0,0,0,0
1,1,50433,8,8,8,8,8,8,8,8,8,8
1,1,50434,0,0,0,0,0,0,0,0,0,0
2,1,50434,4,4,4,4,4,4,4,4,4,4
1,1,50435,0,0,0,0,0,0,0,0,0,0
2,1,50435,0,0,0,0,0,0,0,0,0,0
3,1,50435,0,0,0,0,0,0,0,0,0,0
0,1,50436,9,9,9,9,9,9,9,9,9,9
1,1,50436,0,0,0,0,0,0,0,0,0,0
1,1,50437,0,0,0,0,0,0,0,0,0,0
2,1,50437,0,0,0,0,0,0,0,0,0,0
1,1,50438,7,7,7,7,7,7,7,7,7,7
1,1,50439,0,0,0,0,0,0,0,0,0,0
1,1,50440,0,0,0,0,0,0,0,0,0,0
2,1,50440,0,0,0,0,0,0,0,0,0,0
1,1,50441,6,0,0,8,0,15,0,0,14,0
2,1,50441,0,0,0,0,0,0,0,0,0,0
1,1,50442,21,21,21,21,21,21,21,21,21,21
1,1,50443,12,12,12,12,12,12,12,12,12,12
2,1,50443,0,0,0,0,0,0,0,0,0,0
0,1,50444,0,0,0,0,0,0,0,0,0,0
1,1,50444,0,0,0,0,0,0,0,0,0,0
1,1,50445,0,0,0,0,0,0,0,0,0,0
1,1,50446,0,0,0,0,0,0,0,0,0,0
1,1,50447,0,0,0,0,0,0,0,0,0,0
2,1,50447,0,0,15,0,0,0,0,0,0,0
0,1,50448,31,31,31,31,31,31,31,31,31,31
1,1,50448,22,22,22,22,22,22,22,22,22,22
1,1,50449,0,0,0,0,0,0,0,0,0,0
2,1,50449,0,0,0,0,0,0,0,0,0,0
1,1,50450,0,0,0,0,0,0,0,0,0,0
2,1,50450,0,0,0,0,0,0,0,0,0,0
3,1,50450,0,0,0,0,0,0,0,0,0,0
1,1,50451,0,0,0,0,0,0,0,0,0,0
2,1,50451,0,0,0,0,0,0,0,0,0,0
1,1,50452,0,0,0,0,0,0,0,0,0,0
1,1,50453,4,4,4,4,4,4,4,4,4,4
1,1,50454,0,0,0,0,0,0,0,0,0,0
1,1,50455,26,26,26,26,26,26,26,26,26,26
0,1,50456,0,0,0,0,0,0,0,0,0,0
1,1,50456,0,0,0,0,0,0,0,0,0,0
1,1,50457,0,0,0,0,0,0,0,0,0,0
1,1,50458,21,21,21,21,21,21,21,21,21,21
1,1,50459,0,0,0,0,0,0,12,23,0,0
2,1,50459,0,0,0,0,0,0,0,0,0,0
1,1,50460,0,0,0,0,0,0,0,0,0,0
2,1,50460,0,0,0,0,0,0,0,0,0,0
1,1,50461,0,0,0,0,0,0,0,0,0,0
1,1,50462,0,0,0,0,0,0,0,0,0,0
1,1,50463,0,0,0,0,0,0,0,0,0,0
0,1,50464,13,13,13,13,13,13,13,13,13,13
1,1,50464,12,12,12,12,12,12,12,12,12,12
1,1,50465,0,0,0,0,0,0,0,0,0,0
2,1,50465,0,19,14,13,14,7,4,5,6,8
1,1,50466,0,0,0,0,0,0,14,0,0,0
2,1,50466,0,0,0,0,0,0,0,0,0,0
1,1,50467,0,0,0,0,0,0,0,0,0,0
2,1,50467,0,0,0,0,0,0,0,0,0,0
1,1,50468,28,28,28,28,28,28,28,28,28,28
1,1,50469,20,20,20,20,20,20,20,20,20,20
1,1,50470,0,0,0,0,0,0,0,0,0,0
1,1,50471,0,0,0,0,0,0,0,0,0,0
1,1,50472,0,0,0,0,0,0,0,0,0,0
2,1,50472,0,0,0,0,0,0,0,0,0,0
1,1,50473,0,17,29,20,0,10,0,10,23,0
1,1,50474,0,0,0,0,0,0,0,0,0,0
1,1,50475,0,0,12,0,8,0,0,0,11,0
2,1,50475,0,0,0,0,0,0,0,0,0,0
0,1,50476,0,0,0,0,0,0,0,0,0,0
1,1,50476,0,0,0,0,0,0,0,0,0,0
1,2,50477,15,0,0,22,0,0,5,0,26,0
1,1,50478,0,0,0,0,0,0,0,0,0,0
1,1,50479,0,0,0,0,17,19,0,15,0,16
1,1,50480,0,0,0,0,0,0,0,0,0,0
1,1,50481,20,20,20,20,20,20,20,20,20,20
1,1,50483,9,9,9,9,9,9,9,9,9,9
1,1,50484,0,0,0,0,0,0,0,10,0,0
2,1,50484,0,0,0,0,0,0,0,0,0,0
1,1,50485,20,20,20,20,20,20,20,20,20,20
1,1,50486,0,0,0,25,0,0,0,0,0,29
2,1,50486,0,0,0,0,0,0,0,0,0,0
1,1,50487,20,20,20,20,20,20,20,20,20,20
1,1,50488,3,3,3,3,3,3,3,3,3,3
2,1,50488,0,0,0,0,0,0,0,0,0,0
1,1,50489,20,20,20,20,20,20,20,20,20,20
1,1,50490,0,0,0,0,0,0,0,0,0,0
1,1,50491,22,22,22,22,22,22,22,22,22,22
1,1,50492,0,33,21,22,0,7,21,0,13,11
1,1,50493,8,8,8,8,8,8,8,8,8,8
1,1,50494,0,0,0,0,0,0,0,0,0,0
2,1,50494,0,0,16,0,0,0,0,0,0,0
1,1,50495,0,0,0,0,0,0,0,0,0,0
1,1,50496,19,19,19,19,19,19,19,19,19,19
0,1,50497,23,18,15,19,9,6,4,0,20,11
1,1,50497,0,0,0,0,0,0,0,0,0,0
1,1,50498,0,0,0,0,0,0,0,0,0,0
2,1,50498,0,0,0,0,0,0,0,0,0,0
0,1,50499,15,0,0,0,0,0,0,10,0,12
1,1,50499,0,0,0,0,0,0,0,0,0,0
1,1,50500,8,8,8,8,8,8,8,8,8,8
1,1,50501,1,1,1,1,1,1,1,1,1,1
1,1,50502,15,15,15,15,15,15,15,15,15,15
1,1,50503,0,0,0,0,0,0,0,0,0,0
2,1,50503,0,0,0,0,0,0,0,0,0,0
1,1,50504,0,5,7,0,0,0,0,0,0,0
2,1,50504,0,0,0,0,0,0,0,0,0,0
3,1,50504,0,0,0,0,0,0,0,0,0,0
1,1,50505,0,20,0,11,31,16,16,11,15,11
1,1,50506,21,21,21,21,21,21,21,21,21,21
1,1,50507,7,7,7,7,7,7,7,7,7,7
1,1,50508,0,0,0,0,0,0,0,0,0,0
1,1,50509,0,0,0,0,0,0,0,0,0,0
1,1,50510,0,0,0,0,0,0,0,0,0,0
1,1,50511,0,11,0,0,0,0,0,0,0,0
2,1,50511,0,0,0,0,0,0,0,0,0,0
1,1,50513,0,0,0,0,0,0,0,0,0,0
2,1,50513,0,0,0,0,0,0,0,0,0,0
1,1,50514,12,12,12,12,12,12,12,12,12,12
1,1,50515,28,28,28,28,28,28,28,28,28,28
0,1,50516,0,0,0,0,0,0,0,0,0,0
1,1,50516,0,0,0,0,0,0,0,0,0,0
2,1,50516,0,0,0,0,0,0,0,0,0,0
0,1,50517,24,24,24,24,24,24,24,24,24,24
1,1,50517,14,0,0,0,0,0,0,0,0,0
1,1,50518,27,27,27,27,27,27,27,27,27,27
1,1,50519,0,0,0,0,0,0,0,0,0,0
1,1,50520,14,14,14,14,14,14,14,14,14,14
1,1,50521,28,28,28,28,28,28,28,28,28,28
1,1,50522,0,0,0,0,0,0,0,0,0,0
1,1,50523,0,0,0,0,0,0,0,0,0,0
1,1,50524,0,11,0,0,0,4,0,21,11,0
1,1,50525,0,0,0,0,0,0,0,0,0,0
2,1,50525,0,0,0,0,0,0,0,0,0,0
1,1,50526,15,15,15,15,15,15,15,15,15,15
1,1,50527,15,0,0,3,0,4,0,0,0,8
2,1,50527,0,0,0,0,0,0,0,0,0,0
1,1,50528,18,18,18,18,18,18,18,18,18,18
1,1,50529,0,0,0,0,0,0,0,0,0,0
1,1,50530,0,0,0,0,0,0,0,0,0,0
2,1,50530,0,0,0,0,0,0,0,0,0,0
3,1,50530,0,0,0,0,0,2,0,0,0,0
4,1,50530,26,26,26,26,26,26,26,26,26,26
1,1,50531,0,0,0,0,0,0,0,0,0,0
1,1,50532,0,0,0,0,0,0,0,0,0,0
1,1,50533,0,0,0,0,0,0,0,0,0,0
2,1,50533,0,0,0,0,0,0,0,0,0,0
1,1,50534,5,0,13,0,0,17,0,25,14,6
1,1,50535,0,0,0,0,0,0,0,0,0,0
1,1,50536,0,0,0,0,0,0,0,0,0,0
1,1,50537,9,9,9,9,9,9,9,9,9,9