VEH_NO,PER_NO,ST_CASE,P1,P2,P3,P4,P5,P6,P7,P8,P9,P10
2,1,50537,0,0,0,0,0,0,0,0,0,0
1,1,50538,0,0,0,0,0,0,0,0,0,0
1,1,50539,0,0,0,0,0,0,0,0,0,0
1,1,50540,0,0,0,0,0,0,0,0,0,0
1,1,50541,0,0,0,0,0,0,0,0,0,0
1,1,50542,0,4,0,4,0,0,0,0,0,0
1,1,50543,0,0,0,0,0,0,0,0,0,0
1,1,50544,0,0,0,0,0,0,0,0,0,0
1,1,50545,18,19,17,12,14,14,15,12,0,0
1,1,50546,12,0,0,0,12,4,0,0,0,0
1,1,50547,7,7,7,7,7,7,7,7,7,7
1,1,50548,0,0,0,16,7,0,28,34,0,0
1,1,50549,0,0,0,0,0,0,0,0,0,0
2,1,50549,0,0,0,0,0,0,0,0,0,0
1,1,50550,0,0,0,0,0,0,0,0,19,0
1,2,50551,0,0,0,0,0,0,11,0,0,0
1,1,50552,0,0,0,0,0,0,0,8,0,18
1,1,50553,0,12,15,0,0,0,0,0,0,14
1,1,50554,0,0,0,18,0,0,10,16,18,16
2,1,50554,0,0,0,0,0,0,0,4,0,0
1,1,50555,0,0,0,0,0,0,0,0,0,0
1,1,50556,10,10,10,10,10,10,10,10,10,10
1,1,50557,0,0,0,0,0,0,0,0,0,15
2,1,50557,0,0,0,0,0,0,0,0,0,0
1,1,50558,0,0,0,0,0,0,0,0,0,0
2,1,50558,0,0,0,0,0,0,0,0,0,0
3,1,50558,0,0,30,0,0,0,0,0,10,0
4,1,50558,0,0,0,0,0,0,0,0,0,0
1,1,80001,0,0,0,0,0,0,0,0,0,0
2,1,80001,0,0,0,0,0,0,0,0,0,0
1,1,80002,0,0,0,0,3,0,0,0,0,0
2,1,80002,0,0,0,0,0,0,0,0,0,0
1,1,80003,0,0,0,0,0,0,0,0,0,0
2,1,80003,0,0,0,0,0,0,0,0,0,0
1,1,80004,0,0,0,0,0,0,0,0,0,0
1,1,80005,0,0,0,0,0,0,0,0,0,0
1,1,80006,31,31,31,31,31,31,31,31,31,31
1,1,80007,0,0,0,0,0,0,0,0,0,0
2,1,80007,11,11,11,11,11,11,11,11,11,11
0,1,80008,32,32,25,23,21,31,0,0,14,9
1,1,80008,9,9,9,9,9,9,9,9,9,9
0,1,80009,0,0,0,0,0,0,0,0,0,0
1,1,80009,0,0,0,0,0,0,0,0,0,0
1,1,80010,17,17,17,17,17,17,17,17,17,17
0,1,80011,0,0,0,0,0,0,0,0,0,0
1,1,80011,0,0,0,0,0,0,0,0,0,0
1,1,80012,0,0,0,0,0,0,0,0,0,0
0,1,80013,0,0,0,0,0,0,0,0,0,0
1,1,80013,0,0,0,0,0,0,0,0,0,0
1,1,80014,22,10,14,30,12,29,27,24,30,27
1,1,80015,0,0,0,0,0,0,0,0,0,0
2,1,80015,0,0,0,0,0,0,0,0,0,0
3,1,80015,0,0,0,0,0,0,0,0,0,0
1,1,80016,0,0,0,0,0,7,4,0,0,0
2,1,80016,0,0,0,0,0,0,0,0,0,0
1,1,80017,0,0,0,0,0,0,0,0,0,0
1,1,80018,0,0,0,0,0,0,0,0,0,0
2,1,80018,0,0,0,0,0,0,0,0,0,0
1,1,80019,17,17,17,17,17,17,17,17,17,17
1,1,80020,24,24,24,24,24,24,24,24,24,24
0,1,80021,0,0,0,0,0,0,0,0,0,0
1,1,80021,0,0,0,0,0,0,0,0,0,0
2,1,80021,0,0,0,0,0,0,0,0,0,0
3,1,80021,0,0,0,0,0,0,0,0,0,0
4,1,80021,0,0,0,0,0,0,0,0,0,0
1,1,80022,0,0,0,0,0,0,0,0,0,0
2,1,80022,0,0,0,0,0,0,0,0,0,0
1,1,80023,0,0,0,0,0,0,0,0,0,0
1,1,80024,0,0,18,3,0,3,0,0,0,0
1,1,80025,0,0,0,0,0,0,0,0,0,0
2,1,80025,22,0,0,0,0,0,0,0,0,10
0,1,80026,12,12,12,12,12,12,12,12,12,12
1,1,80026,23,23,23,23,23,23,23,23,23,23
1,1,80027,0,0,0,0,0,0,0,0,0,0
2,1,80027,0,0,0,0,0,0,0,0,0,0
1,1,80028,19,19,19,19,19,19,19,19,19,19
1,1,80029,0,0,0,0,0,0,0,0,0,0
2,1,80029,0,0,0,0,0,0,0,0,0,0
1,1,80030,0,0,0,0,0,0,0,0,0,0
1,1,80031,0,8,16,0,12,16,10,16,14,16
2,1,80031,0,0,0,0,0,0,0,0,0,0
1,1,80032,0,0,0,0,0,0,0,0,19,0
2,1,80032,0,0,0,0,0,0,0,0,0,0
1,1,80033,25,25,25,25,25,25,25,25,25,25
1,1,80034,16,0,0,0,0,0,11,21,0,0
1,1,80035,0,0,0,0,0,13,0,0,0,0
1,1,80036,0,0,0,0,0,0,0,0,0,0
2,1,80036,0,0,0,0,0,0,0,0,0,0
1,1,80037,0,0,0,0,0,0,0,0,0,0
2,1,80037,0,0,0,0,0,3,7,0,0,0
1,1,80038,0,0,0,0,0,0,0,0,0,0
2,1,80038,0,0,0,0,0,0,0,0,0,0
3,1,80038,0,0,0,0,0,0,0,0,0,0
1,1,80039,0,0,0,0,0,0,0,0,0,0
2,1,80039,0,0,0,0,0,0,0,0,0,0
1,1,80040,0,0,0,0,0,0,0,0,0,0
2,1,80040,0,7,0,0,0,0,0,0,0,0
1,1,80041,0,0,0,0,0,0,0,0,0,0
1,1,80042,23,23,23,23,23,23,23,23,23,23
1,1,80043,19,19,19,19,19,19,19,19,19,19
2,1,80043,0,0,0,0,0,0,0,0,0,0
1,1,80044,0,0,0,0,0,0,0,0,0,0
2,1,80044,0,0,6,0,0,0,0,0,0,0
3,1,80044,0,0,0,0,0,0,0,0,0,0
1,1,80045,21,21,21,21,21,21,21,21,21,21
2,1,80045,0,0,0,0,0,0,0,0,0,0
1,1,80046,0,0,0,0,0,0,0,0,0,0
1,1,80047,4,4,4,4,4,4,4,4,4,4
1,1,80048,0,0,0,0,0,0,0,0,0,0
0,1,80049,0,0,0,0,0,0,0,0,0,0
1,1,80049,14,14,14,14,14,14,14,14,14,14
1,1,80050,0,0,0,0,0,0,0,0,0,0
1,1,80051,11,11,11,11,11,11,11,11,11,11
1,1,80052,0,0,0,0,0,0,0,0,0,0
2,1,80052,0,0,7,0,16,15,0,23,0,0
1,1,80053,27,27,27,27,27,27,27,27,27,27
0,1,80054,15,15,15,15,15,15,15,15,15,15
1,1,80054,34,34,34,34,34,34,34,34,34,34
1,1,80055,25,25,25,25,25,25,25,25,25,25
1,1,80056,8,8,8,8,8,8,8,8,8,8
2,1,80056,0,12,0,11,0,0,0,0,0,0
0,1,80057,0,0,0,0,0,0,0,0,0,0
1,1,80057,15,0,0,7,17,0,11,14,14,13
1,1,80058,1,1,1,1,1,1,1,1,1,1
2,1,80058,0,0,0,0,0,0,0,0,0,0
1,1,80059,0,0,0,0,0,0,0,0,0,0
2,1,80059,0,16,0,0,0,0,0,0,0,0
1,1,80060,0,0,0,0,0,0,0,0,0,0
2,1,80060,0,0,0,0,0,0,0,0,0,0
1,1,80061,24,24,24,24,24,24,24,24,24,24
1,1,80062,17,17,17,17,17,17,17,17,17,17
1,1,80063,0,0,0,0,0,0,0,0,0,0
2,1,80063,0,0,0,0,0,0,0,0,0,0
3,1,80063,0,0,0,0,0,0,0,0,0,0
1,1,80064,0,0,0,0,0,0,0,0,0,0
1,1,80065,15,15,15,15,15,15,15,15,15,15
0,1,80066,0,0,0,0,0,0,0,0,0,0
2,1,80066,0,0,5,0,0,0,0,0,0,0
1,1,80067,26,16,9,17,4,8,17,3,16,9
2,1,80067,0,16,15,6,21,25,8,18,3,2
1,1,80068,0,0,0,0,0,0,0,0,0,0
2,1,80068,0,0,0,0,0,0,14,0,0,0
1,1,80069,0,0,0,0,0,0,0,0,0,0
2,1,80069,0,0,0,0,0,0,0,0,0,0
0,1,80070,0,0,0,0,0,0,0,0,0,0
1,1,80070,0,0,0,0,0,0,0,0,0,0
1,1,80071,13,13,13,13,13,13,13,13,13,13
2,1,80071,0,0,0,0,0,0,0,0,0,0
1,1,80072,0,0,0,0,0,0,0,0,0,0
2,1,80072,0,0,0,0,0,0,0,0,0,0
1,1,80073,14,14,14,14,14,14,14,14,14,14
2,1,80073,0,0,0,0,0,0,0,0,0,0
1,1,80074,0,0,0,0,0,0,0,0,0,0
2,1,80074,0,0,0,0,0,0,0,0,0,0
3,1,80074,0,0,0,0,0,0,0,0,0,0
4,1,80074,0,0,0,0,0,0,0,0,0,0
5,1,80074,0,0,0,0,0,0,0,0,0,0
1,1,80075,0,0,0,0,0,0,0,0,0,0
1,1,80076,29,29,29,29,29,29,29,29,29,29
1,1,80077,18,18,18,18,18,18,18,18,18,18
1,1,80079,0,0,0,0,0,0,0,0,0,0
2,1,80079,0,0,0,0,0,0,0,0,0,0
1,1,80080,0,0,0,0,0,0,0,0,0,0
1,1,80081,8,8,8,8,8,8,8,8,8,8
1,1,80082,0,0,0,0,0,0,0,0,0,0
1,1,80083,9,5,5,11,20,10,2,21,32,11
1,1,80084,0,0,0,0,0,0,0,0,0,0
2,1,80084,0,0,0,0,0,0,0,0,0,0
3,1,80084,0,0,0,0,0,0,0,0,0,0
4,1,80084,0,0,0,10,0,0,0,0,0,0
5,1,80084,0,0,0,0,0,0,0,0,0,0
6,1,80084,0,0,0,0,0,0,0,0,0,0
7,1,80084,0,0,0,0,0,0,0,0,0,0
1,1,80085,14,14,14,14,14,14,14,14,14,14
1,1,80086,12,8,0,14,0,0,16,0,18,18
1,1,80087,18,18,18,18,18,18,18,18,18,18
0,1,80088,0,0,0,0,0,0,0,0,0,0
1,1,80088,0,0,0,0,0,0,0,0,4,13
1,1,80089,14,20,0,19,0,33,14,13,10,9
2,1,80089,0,0,0,0,0,0,0,0,0,0
1,1,80090,19,19,19,19,19,19,19,19,19,19
2,1,80090,31,31,31,31,31,31,31,31,31,31
0,1,80091,29,29,29,29,29,29,29,29,29,29
1,1,80091,0,3,7,0,0,0,0,0,0,0
1,1,80092,0,0,0,0,0,0,0,0,0,0
1,1,80093,0,0,0,0,0,0,0,0,0,0
2,1,80093,0,0,0,0,0,0,0,0,0,0
1,1,80094,12,0,12,0,0,6,12,19,0,6
1,1,80095,0,0,0,0,0,0,0,0,0,0
2,1,80095,0,0,0,0,0,0,0,0,0,0
1,1,80096,20,20,20,20,20,20,20,20,20,20
1,1,80097,21,4,4,17,23,9,4,16,14,6
2,1,80097,4,0,0,0,0,0,0,0,0,0
1,1,80098,0,0,0,0,0,0,0,0,0,0
1,1,80099,12,15,7,27,15,18,8,6,9,14
1,1,80100,0,0,0,0,0,0,0,0,0,0
1,1,80101,0,0,0,0,0,0,0,0,0,0
2,1,80101,0,0,0,0,0,0,0,0,0,0
1,1,80102,0,0,0,0,0,0,0,0,0,0
1,1,80103,5,5,5,5,5,5,5,5,5,5
1,1,80104,17,17,17,17,17,17,17,17,17,17
2,1,80104,13,11,0,3,0,8,10,7,13,12
1,1,80105,0,0,0,0,0,0,0,0,0,0
2,1,80105,0,0,0,0,0,0,0,0,0,0
3,1,80105,0,0,0,0,0,0,0,0,0,0
1,1,80106,14,14,14,14,14,14,14,14,14,14
2,1,80106,0,0,0,0,0,0,0,0,0,0
1,1,80107,0,0,0,0,0,0,0,0,0,0
1,1,80108,0,0,0,0,0,0,0,6,0,0
2,1,80108,0,0,0,0,0,0,0,0,0,0
3,1,80108,0,0,0,0,0,0,0,0,0,0
4,1,80108,0,0,0,0,0,0,0,0,0,0
1,1,80109,0,0,0,0,0,0,0,0,0,0
2,1,80109,4,4,4,4,4,4,4,4,4,4
1,1,80110,0,0,0,0,0,0,0,0,0,0
0,1,80111,0,0,0,0,0,0,0,0,0,0
1,1,80111,0,0,0,0,0,0,0,0,0,0
1,1,80112,20,20,20,20,20,20,20,20,20,20
1,1,80113,0,0,0,0,0,0,0,0,0,0
1,1,80114,9,9,9,9,9,9,9,9,9,9
1,1,80115,24,24,24,24,24,24,24,24,24,24
1,1,80116,7,9,15,13,24,11,0,21,11,15
1,1,80117,0,0,0,0,0,0,0,0,0,0
1,1,80118,0,5,0,0,0,0,16,0,18,25
1,1,80119,15,15,15,15,15,15,15,15,15,15
2,1,80119,0,0,0,0,0,0,0,2,0,26
1,1,80120,7,7,7,7,7,7,7,7,7,7
1,1,80121,0,0,0,0,0,0,0,0,0,0
1,1,80122,0,0,0,0,0,0,0,0,0,0
2,1,80122,0,0,0,0,0,0,0,0,0,0
0,1,80123,19,19,19,19,19,19,19,19,19,19
0,2,80123,25,7,8,21,16,26,24,16,17,33
2,1,80123,0,0,0,0,0,0,0,0,0,0
1,1,80124,0,0,0,0,0,0,0,0,0,0
2,1,80124,0,0,0,0,0,0,0,0,0,0
1,1,80125,14,14,14,14,14,14,14,14,14,14
1,1,80127,0,0,0,0,0,0,0,0,0,0
2,1,80127,0,0,0,0,0,0,0,0,0,0
3,1,80127,0,0,0,0,0,0,0,0,0,0
4,1,80127,0,0,0,0,0,0,0,0,0,0
5,1,80127,0,0,0,0,0,0,0,0,0,0
6,1,80127,0,0,0,0,0,0,8,0,0,0
7,1,80127,0,0,0,0,0,12,0,0,0,0
8,1,80127,0,0,0,0,0,0,0,0,0,0
1,1,80128,0,0,0,0,0,0,0,0,0,0
1,1,80129,6,6,6,6,6,6,6,6,6,6
2,1,80129,0,0,7,0,0,0,0,0,0,0
1,1,80130,19,19,19,19,19,19,19,19,19,19
1,1,80131,0,0,0,0,0,0,0,0,0,0
1,1,80132,0,0,0,0,0,0,0,0,0,0
2,1,80132,0,0,0,12,0,0,0,0,0,0
1,1,80133,8,8,8,8,8,8,8,8,8,8
1,1,80134,7,7,7,7,7,7,7,7,7,7
1,1,80135,0,0,0,0,0,0,0,0,0,0
2,1,80135,0,5,0,0,0,0,0,0,0,0
1,1,80136,0,0,0,0,0,0,0,0,0,0
1,1,80137,0,0,0,0,0,0,0,0,0,0
1,1,80138,0,0,0,0,0,0,0,0,0,0
2,1,80138,0,0,0,0,0,0,0,0,0,0
3,1,80138,0,0,0,0,0,0,0,0,0,0
1,1,80139,0,0,0,0,0,0,0,0,0,0
2,1,80139,0,0,0,0,0,0,0,0,0,0
3,1,80139,0,0,0,0,0,0,0,0,0,0
4,1,80139,0,0,0,0,0,0,0,0,0,0
1,1,80140,0,0,0,0,0,0,0,0,0,0
2,1,80140,0,0,0,0,0,0,0,0,0,0
1,1,80141,22,22,22,22,22,22,22,22,22,22
1,1,80142,0,0,8,0,0,0,0,0,0,0
1,1,80143,0,0,0,0,0,0,0,0,0,0
2,1,80143,0,0,0,0,0,9,0,0,0,0
1,1,80144,0,0,0,0,0,0,0,0,0,0
1,1,80145,9,9,9,9,9,9,9,9,9,9
1,1,80146,0,0,0,0,0,0,0,0,0,0
1,1,80147,17,4,19,25,8,23,25,21,8,4
0,1,80148,19,19,19,19,19,19,19,19,19,19
1,1,80148,0,0,0,0,0,0,0,0,0,0
2,1,80148,0,0,5,0,0,0,0,0,0,0
1,1,80149,0,0,0,0,0,0,0,0,0,0
2,1,80149,0,0,0,0,0,0,0,0,0,0
1,1,80150,0,0,0,0,0,0,0,0,0,0
1,1,80151,15,13,12,10,18,15,6,16,5,25
1,1,80152,0,0,0,0,0,0,0,0,0,0
1,1,80153,0,0,0,0,0,0,0,0,0,0
2,1,80153,0,0,0,0,0,0,0,0,0,0
1,1,80154,0,0,0,0,0,13,0,0,0,0
1,1,80155,0,0,0,0,0,0,0,0,0,0
2,1,80155,0,0,0,0,0,0,0,0,0,0
3,1,80155,0,0,0,0,0,0,0,0,0,0
1,1,80156,0,0,0,0,0,0,0,0,0,0
2,1,80156,11,11,11,11,11,11,11,11,11,11
1,1,80157,0,0,0,0,0,0,0,0,0,0
1,1,80158,9,9,9,9,9,9,9,9,9,9
1,1,80159,0,0,0,0,0,0,0,0,0,0
2,1,80159,0,0,0,0,0,0,0,0,0,0
3,1,80159,0,0,0,0,0,0,0,0,0,0
1,1,80160,0,0,0,0,0,0,0,0,0,0
2,1,80160,0,0,0,0,0,0,0,0,0,0
1,1,80161,0,0,0,0,0,0,0,0,0,0
2,1,80161,0,0,0,0,0,0,0,0,0,0
1,1,80162,19,16,20,14,35,20,6,23,24,14
1,1,80163,19,19,19,19,19,19,19,19,19,19
2,1,80163,0,0,0,0,0,0,0,0,0,0
1,1,80164,0,0,0,0,0,0,0,0,0,0
1,1,80165,0,0,0,0,0,0,0,0,0,0
2,1,80165,0,0,0,0,0,0,0,0,0,0
1,1,80166,10,10,10,10,10,10,10,10,10,10
1,1,80167,0,0,0,0,0,0,0,0,0,0
2,1,80167,0,0,0,0,0,0,0,0,0,0
0,1,80168,0,0,0,0,0,0,0,0,0,0
1,1,80168,0,0,0,0,0,0,0,0,0,0
1,1,80169,0,0,0,0,0,0,0,0,0,0
1,1,80170,19,19,19,19,19,19,19,19,19,19
1,1,80171,0,0,0,0,0,0,0,0,0,0
1,1,80172,0,0,0,0,0,0,0,0,0,0
1,1,80173,25,25,25,25,25,25,25,25,25,25
1,1,80174,0,0,0,0,0,0,0,0,0,0
1,1,80175,0,0,0,0,0,0,0,0,0,0
2,1,80175,0,0,0,0,0,0,0,0,0,0
1,1,80176,0,0,0,0,0,0,0,0,0,0
2,1,80176,0,0,0,0,0,0,0,0,0,0
1,1,80177,19,19,19,19,19,19,19,19,19,19
1,1,80178,19,19,19,19,19,19,19,19,19,19
0,1,80179,0,0,0,0,0,0,0,0,0,0
1,1,80179,0,26,31,14,17,22,0,12,32,7
3,1,80179,11,0,0,0,0,0,0,0,0,0
1,1,80180,0,0,0,0,0,0,0,0,0,0
1,1,80181,0,0,0,0,0,0,0,0,0,0
2,1,80181,34,24,20,27,32,19,32,12,24,34
0,1,80183,45,45,45,45,45,45,45,45,45,45
1,1,80183,0,21,0,0,0,0,0,0,0,0
1,1,80184,0,0,0,0,0,0,0,0,0,0
1,1,80185,23,7,19,19,22,0,0,10,16,28
2,1,80185,0,0,15,0,0,0,0,0,0,0
1,1,80186,0,0,0,0,0,0,0,0,0,0
2,1,80186,15,0,0,0,0,0,0,0,0,0
1,1,80187,0,0,0,0,0,0,0,0,0,0
1,1,80188,0,0,0,0,0,0,0,0,0,0
2,1,80188,0,0,0,0,0,0,0,0,0,0
1,1,80189,20,20,20,20,20,20,20,20,20,20
0,1,80190,0,0,0,0,11,0,0,0,0,0
1,1,80190,0,8,0,0,0,0,0,0,0,0
1,1,80191,0,0,0,0,0,0,0,0,0,0
2,1,80191,0,0,0,0,0,0,17,0,0,0
1,1,80192,0,0,0,0,0,0,0,0,0,0
1,1,80193,11,11,11,11,11,11,11,11,11,11
1,1,80194,0,0,0,0,0,0,0,0,0,0
2,1,80194,0,0,0,0,0,0,0,0,0,0
1,1,80195,25,0,17,21,8,17,21,14,10,19
2,1,80195,0,0,0,0,0,0,0,0,0,0
3,1,80195,0,0,0,0,0,0,0,0,0,0
1,1,80196,0,21,9,7,13,14,16,11,5,9
2,1,80196,0,0,0,0,0,0,0,0,0,0
1,1,80197,0,0,0,0,0,0,0,0,0,0
2,1,80197,0,23,0,0,0,0,0,0,0,0
1,1,80198,38,38,38,38,38,38,38,38,38,38
1,1,80199,0,0,0,0,0,0,0,0,0,0
2,1,80199,0,0,0,0,0,0,17,0,0,0
1,1,80200,0,0,0,0,0,0,0,0,0,0
2,1,80200,0,0,0,0,0,0,0,0,0,0
1,1,80201,0,0,0,0,0,0,0,0,0,0
1,1,80202,0,0,0,0,0,0,0,0,0,0
1,1,80203,0,0,0,0,0,0,0,0,0,0
2,1,80203,0,0,0,0,0,0,0,0,0,0
3,1,80203,0,0,0,0,0,0,0,0,0,0
1,1,80204,21,21,21,21,21,21,21,21,21,21
1,1,80205,21,21,21,21,21,21,21,21,21,21
2,1,80205,0,0,0,0,0,0,0,0,0,0
1,1,80206,0,0,0,0,0,0,0,0,0,0
1,1,80207,0,0,0,0,0,0,0,0,0,0
1,1,80208,0,0,0,0,0,0,0,0,0,0
2,1,80208,0,0,0,0,0,0,0,0,0,0
1,1,80209,0,0,0,0,0,0,0,0,0,0
2,1,80209,0,0,0,0,0,0,0,0,0,0
1,1,80210,0,0,0,0,0,0,0,0,0,0
2,1,80210,0,0,0,0,0,0,0,0,0,0
1,1,80211,0,0,0,0,0,0,0,0,5,0
1,1,80212,24,24,24,24,24,24,24,24,24,24
1,1,80213,0,0,0,0,0,0,0,0,0,0
1,1,80214,20,20,20,20,20,20,20,20,20,20
1,1,80215,18,16,14,18,5,18,17,8,8,7
2,1,80215,14,11,13,11,0,11,13,13,19,10
1,1,80216,0,0,0,0,0,0,0,0,0,0
2,1,80216,0,0,0,0,0,0,0,0,0,0
1,1,80217,0,0,0,15,0,0,0,0,0,0
1,1,80218,10,0,0,0,0,0,0,0,0,0
1,1,80219,0,0,0,0,0,0,0,0,0,0
1,1,80220,14,14,14,14,14,14,14,14,14,14
1,1,80221,0,0,0,0,0,0,0,0,0,0
0,1,80222,0,0,0,0,0,0,0,0,0,0
1,1,80222,0,0,0,0,0,0,0,0,3,0
0,1,80223,17,17,17,17,17,17,17,17,17,17
1,1,80223,0,15,15,23,18,10,9,4,15,8
1,1,80224,0,0,0,0,0,0,0,0,0,0
0,1,80225,34,34,34,34,34,34,34,34,34,34
1,1,80225,0,0,10,0,0,0,12,0,0,0
1,1,80226,0,0,0,0,0,0,10,0,0,0
1,1,80227,18,18,18,18,18,18,18,18,18,18
1,1,80228,0,0,0,0,0,0,0,0,0,0
2,1,80228,0,0,0,0,0,0,0,0,0,0
1,1,80229,30,30,30,30,30,30,30,30,30,30
1,1,80230,7,10,0,0,0,0,0,0,0,0
1,1,80231,0,0,0,0,0,0,0,0,0,0
1,1,80232,0,0,0,0,0,0,0,0,0,0
0,1,80233,0,0,0,0,0,0,0,0,0,0
1,1,80233,0,0,0,14,0,0,0,0,0,0
0,1,80234,0,0,0,0,0,0,0,0,0,0
1,1,80234,0,0,0,0,0,0,0,0,0,0
1,1,80235,0,0,0,0,0,0,0,0,0,0
1,1,80236,0,0,0,0,0,2,0,0,0,0
0,1,80238,0,0,0,0,0,0,0,0,0,0
1,1,80238,0,0,0,0,3,0,0,0,0,0
1,1,80239,11,11,11,11,11,11,11,11,11,11
1,1,80240,0,0,0,0,0,0,0,0,0,0
2,1,80240,0,0,0,0,0,0,0,0,0,0
1,1,80241,6,6,6,6,6,6,6,6,6,6
1,1,80242,30,30,30,30,30,30,30,30,30,30
1,1,80243,0,0,0,0,0,0,0,0,0,0
2,1,80243,0,11,0,0,6,0,0,0,0,0
1,1,80244,0,0,0,0,0,0,0,0,0,0
1,1,80245,0,0,0,0,0,0,0,0,0,0
0,1,80246,0,0,0,0,0,0,0,0,0,0
1,1,80246,0,0,3,0,0,0,0,0,0,0
0,1,80247,0,0,0,0,0,0,0,0,0,0
0,2,80247,0,0,0,0,0,0,0,0,0,0
1,1,80247,9,9,9,9,9,9,9,9,9,9
1,1,80248,0,0,0,0,0,0,0,0,0,0
1,1,80249,8,8,8,8,8,8,8,8,8,8
2,1,80249,0,0,0,0,0,0,0,0,0,0
1,1,80250,0,0,0,0,0,0,0,0,0,0
1,1,80251,0,0,0,0,0,0,0,0,0,0
2,1,80251,0,0,0,0,0,0,0,0,0,0
1,1,80252,0,0,0,0,0,0,0,0,0,0
2,1,80252,0,0,0,0,0,0,0,0,0,0
1,1,80253,0,0,0,0,0,0,0,0,0,0
2,1,80253,0,0,0,0,0,0,0,0,0,0
1,1,80254,11,0,0,0,0,0,0,0,0,0
2,1,80254,0,0,0,0,0,0,0,0,0,0
1,1,80255,0,0,0,0,0,0,0,0,0,0
1,1,80256,0,0,0,0,0,0,0,0,0,0
2,1,80256,0,0,0,0,0,0,0,0,18,0
1,1,80257,7,7,7,7,7,7,7,7,7,7
2,1,80257,0,0,0,0,0,0,0,0,0,0
1,1,80258,17,17,17,17,17,17,17,17,17,17
2,1,80258,0,0,0,0,0,0,0,3,0,0
1,1,80259,0,0,0,0,0,0,0,0,0,0
1,1,80260,26,26,26,26,26,26,26,26,26,26
1,1,80261,0,0,0,0,0,0,0,0,0,0
1,1,80262,0,10,15,0,0,0,0,0,0,0
1,1,80263,0,0,0,0,0,0,0,0,0,0
2,1,80263,0,0,0,0,0,0,0,0,0,0
1,1,80264,0,0,0,0,0,0,0,0,0,0
0,1,80265,37,37,37,37,37,37,37,37,37,37
1,1,80265,0,0,0,0,0,0,0,0,0,0
1,1,80266,0,0,0,0,0,0,0,0,0,0
2,1,80266,0,0,0,0,0,0,0,0,0,0
1,1,80267,0,15,0,0,0,0,0,0,20,0
1,1,80268,0,0,0,11,0,13,0,0,10,3
2,1,80268,0,0,0,0,0,0,0,0,0,0
1,1,80269,0,0,0,0,0,0,0,0,0,0
2,1,80269,0,0,0,0,0,0,0,0,0,0
1,1,80270,0,0,0,0,0,0,0,0,0,0
1,1,80271,7,4,7,9,21,8,4,11,10,11
2,1,80271,13,13,13,13,13,13,13,13,13,13
0,1,80272,20,20,20,20,20,20,20,20,20,20
1,1,80272,0,0,0,0,0,0,0,0,0,0
1,1,80273,0,0,0,0,0,0,0,0,0,0
2,1,80273,0,0,0,0,0,0,0,0,0,0
1,1,80274,21,21,21,21,21,21,21,21,21,21
1,1,80275,11,23,35,23,7,13,11,25,15,26
1,1,80276,17,17,17,17,17,17,17,17,17,17
1,1,80277,14,7,26,17,17,12,30,8,29,12
0,1,80278,0,0,0,0,0,0,0,0,0,0
0,2,80278,0,0,0,0,0,0,0,0,0,0
1,1,80278,0,0,0,0,0,0,0,0,0,0
1,1,80279,14,14,14,14,14,14,14,14,14,14
1,1,80280,5,5,5,5,5,5,5,5,5,5
1,1,80281,0,0,0,0,0,0,0,0,0,0
2,1,80281,0,0,0,0,0,0,0,0,0,0
1,1,80282,5,8,0,0,9,0,0,0,0,0
1,1,80283,21,21,21,21,21,21,21,21,21,21
1,1,80284,6,0,2,15,7,11,0,20,24,31
2,1,80284,0,0,0,0,0,0,0,0,0,0
1,1,80285,0,0,0,0,0,0,0,0,0,0
1,1,80286,0,0,0,0,0,0,0,0,0,0
1,1,80287,0,0,0,0,0,0,0,0,0,0
2,1,80287,0,0,0,0,0,0,0,0,0,0
1,1,80288,0,0,0,0,0,0,0,0,0,0
2,1,80288,0,0,0,0,0,0,0,0,0,0
0,1,80289,0,0,0,0,0,0,0,0,0,0
1,1,80289,15,6,19,16,7,10,17,13,18,0
2,1,80289,13,0,0,0,0,0,0,0,0,0
1,1,80290,0,0,0,0,0,0,0,0,0,0
2,1,80290,0,0,0,0,0,0,0,0,0,0
1,1,80291,10,10,10,10,10,10,10,10,10,10
1,1,80292,17,17,17,17,17,17,17,17,17,17
2,1,80292,0,0,0,0,0,0,0,0,0,0
3,1,80292,0,0,0,0,0,0,0,0,0,0
1,1,80293,0,0,0,0,11,0,0,9,0,4
1,1,80294,12,12,12,12,12,12,12,12,12,12
1,1,80295,0,0,0,0,0,0,0,0,0,0
1,1,80296,6,6,6,6,6,6,6,6,6,6
1,1,80297,5,21,11,14,13,23,32,8,13,12
1,1,80298,13,13,13,13,13,13,13,13,13,13
1,1,80299,0,0,0,0,0,0,0,0,0,0
2,1,80299,0,0,0,0,0,0,0,0,0,0
1,1,80300,0,0,0,0,0,0,0,0,0,0
2,1,80300,0,0,0,0,0,0,0,0,0,0
1,1,80301,22,22,22,22,22,22,22,22,22,22
1,1,80302,14,14,14,14,14,14,14,14,14,14
1,1,80303,20,20,20,20,20,20,20,20,20,20
1,1,80304,0,0,0,0,0,13,0,0,0,5
1,1,80305,0,0,0,0,0,0,0,0,0,0
2,1,80305,0,0,0,0,0,0,0,0,0,0
1,1,80306,0,0,0,0,0,0,0,0,0,0
1,1,80307,0,0,0,0,0,0,0,0,0,0
1,1,80308,0,0,0,0,0,0,0,0,0,0
2,1,80308,0,0,0,0,0,0,0,0,0,0
1,1,80309,0,0,0,0,0,0,0,0,0,0
0,1,80310,0,0,0,0,0,0,0,0,0,0
0,2,80310,0,0,0,0,0,0,0,0,0,0
1,1,80310,0,0,0,0,0,0,0,0,0,0
1,1,80311,0,0,0,0,0,0,0,0,0,0
1,1,80312,0,0,0,0,0,0,0,0,0,0
2,1,80312,0,0,0,0,0,0,0,0,0,0
1,1,80313,8,8,8,8,8,8,8,8,8,8
2,1,80313,0,0,0,0,0,0,0,0,0,0
3,1,80313,0,0,0,0,0,0,0,0,0,0