VEH_NO,PER_NO,ST_CASE,P1,P2,P3,P4,P5,P6,P7,P8,P9,P10
4,1,80313,0,0,0,0,0,0,0,0,0,0
5,1,80313,0,0,0,3,0,4,0,0,0,0
1,1,80314,11,11,11,11,11,11,11,11,11,11
1,1,80315,0,0,0,0,0,0,0,0,0,0
2,1,80315,0,2,0,0,0,0,0,0,0,0
1,1,80316,0,0,0,0,0,0,0,0,0,0
2,1,80316,0,0,0,0,0,0,0,0,0,0
3,1,80316,0,0,0,0,0,0,0,0,0,0
4,1,80316,0,0,0,0,0,7,0,0,0,0
5,1,80316,0,0,0,0,0,0,0,0,0,0
1,1,80317,0,20,0,8,0,22,0,4,15,14
1,1,80318,0,0,0,0,0,0,0,0,0,0
2,1,80318,0,0,0,0,0,0,0,0,0,0
1,1,80319,15,0,0,8,0,19,0,0,22,0
2,1,80319,0,0,0,0,0,0,0,0,0,0
3,1,80319,0,0,0,13,0,0,0,0,0,0
1,1,80320,0,0,0,0,0,0,0,0,0,0
2,1,80320,0,0,0,0,0,0,0,2,0,0
1,1,80321,0,0,0,0,0,0,0,0,0,0
2,1,80321,0,0,0,0,0,0,0,0,0,0
1,1,80322,0,0,0,0,0,0,0,0,0,0
2,1,80322,0,0,0,0,0,0,0,0,0,0
3,1,80322,0,0,0,0,0,0,0,0,0,0
0,1,80323,0,0,24,14,0,0,0,0,0,20
0,2,80323,18,0,0,7,0,0,0,0,0,0
0,3,80323,0,0,0,0,19,17,0,36,0,0
1,1,80323,8,21,14,8,12,19,22,12,16,18
1,1,80324,0,2,0,0,0,0,0,0,0,0
2,1,80324,0,0,0,0,0,0,0,0,0,0
3,1,80324,0,0,0,0,0,0,0,0,0,0
1,1,80325,0,0,0,0,0,0,0,0,0,0
2,1,80325,0,0,0,7,13,0,10,0,5,20
0,1,80326,26,0,0,0,0,0,0,25,0,0
0,2,80326,0,0,6,0,0,0,0,0,0,0
0,3,80326,0,0,0,0,0,0,0,0,0,0
0,4,80326,0,0,0,0,0,0,0,0,0,0
0,5,80326,14,0,0,0,0,0,11,0,0,0
0,6,80326,0,0,0,0,0,0,0,0,0,18
1,1,80326,0,0,0,0,0,0,0,0,0,0
2,1,80326,0,0,0,0,0,0,0,0,0,0
0,1,80327,0,0,0,0,0,0,0,0,0,0
1,1,80327,0,0,0,0,0,0,4,0,0,0
1,1,80328,18,18,18,18,18,18,18,18,18,18
1,1,80329,0,0,0,0,0,0,0,0,0,0
2,1,80329,0,0,0,0,0,0,0,0,0,0
0,1,80330,0,0,0,0,0,0,0,0,0,0
1,1,80330,0,0,0,0,0,0,0,0,0,0
1,1,80331,0,0,0,0,0,0,0,0,0,0
1,1,80332,13,21,15,15,37,16,31,12,8,34
1,1,80333,28,28,28,28,28,28,28,28,28,28
1,1,80334,8,0,16,33,17,0,0,24,0,16
1,1,80335,15,15,15,15,15,15,15,15,15,15
1,1,80336,32,32,32,32,32,32,32,32,32,32
2,1,80336,0,0,0,0,16,0,0,0,0,0
1,1,80337,13,15,17,9,15,7,22,9,30,20
2,1,80337,0,0,0,0,0,0,0,0,0,0
1,1,80338,0,0,0,0,0,0,0,0,0,0
2,1,80338,0,0,0,0,0,0,0,0,0,0
1,1,80339,0,0,0,0,0,0,0,0,0,0
2,1,80339,0,15,0,0,0,0,0,0,0,0
1,1,80340,0,0,0,0,0,0,0,0,0,0
1,1,80341,0,0,0,0,0,0,0,0,0,0
2,1,80341,0,0,0,0,0,0,0,0,0,0
1,1,80342,0,0,0,0,0,0,0,0,0,0
1,1,80343,0,0,0,0,0,0,0,0,0,0
2,1,80343,3,3,3,3,3,3,3,3,3,3
1,1,80344,37,37,37,37,37,37,37,37,37,37
2,1,80344,0,0,0,0,0,0,0,0,0,0
1,1,80345,28,28,28,28,28,28,28,28,28,28
2,1,80345,0,0,0,0,0,0,0,0,0,0
0,1,80346,0,0,0,0,0,0,0,0,0,0
1,1,80346,0,0,0,0,0,0,0,0,0,0
1,1,80347,0,0,0,0,0,0,0,0,0,0
2,1,80347,0,0,0,0,0,0,0,0,0,0
0,1,80348,0,0,0,0,0,0,0,0,0,0
1,1,80348,0,0,0,0,0,0,0,0,0,0
1,1,80349,0,0,0,0,0,0,0,0,0,0
1,1,80350,30,30,30,30,30,30,30,30,30,30
2,1,80350,21,30,17,6,17,12,16,9,10,10
0,1,80351,0,0,0,0,0,0,0,0,0,0
1,1,80351,0,0,0,0,0,0,0,0,0,0
1,1,80352,0,0,0,0,0,0,0,0,0,0
2,1,80352,0,0,0,0,0,0,0,0,0,0
1,1,80353,16,16,16,16,16,16,16,16,16,16
1,1,80354,0,0,0,0,0,0,0,0,0,0
2,1,80354,11,11,11,11,11,11,11,11,11,11
1,1,80355,0,0,0,0,0,0,0,0,0,0
2,1,80355,0,0,0,0,0,0,0,0,0,0
1,1,80356,0,12,0,0,0,0,0,0,0,0
2,1,80356,0,0,0,0,0,0,0,0,0,0
0,1,80357,0,0,0,0,0,0,0,0,0,0
1,1,80357,0,0,0,0,0,0,0,0,0,0
1,1,80358,10,10,10,10,10,10,10,10,10,10
2,1,80358,0,0,0,0,0,0,0,0,0,0
1,1,80359,5,15,11,18,9,11,13,0,0,5
2,1,80359,0,0,0,0,0,0,0,0,0,0
1,1,80360,16,16,16,16,16,16,16,16,16,16
1,1,80361,0,0,0,0,0,0,0,0,0,0
1,1,80362,30,30,30,30,30,30,30,30,30,30
0,1,80363,37,37,37,37,37,37,37,37,37,37
1,1,80363,0,0,0,0,0,0,0,0,0,0
0,1,80364,0,0,0,0,0,15,0,0,14,0
1,1,80364,0,0,0,0,0,0,0,0,0,0
1,1,80365,0,0,0,0,0,0,0,0,0,0
1,1,80366,27,27,27,27,27,27,27,27,27,27
1,1,80367,18,18,18,18,18,18,18,18,18,18
1,1,80368,0,0,0,0,0,0,0,0,0,0
2,1,80368,0,0,0,0,0,0,0,0,0,0
1,1,80369,7,7,7,7,7,7,7,7,7,7
1,1,80370,10,10,10,10,10,10,10,10,10,10
0,1,80371,0,0,0,0,0,0,0,0,0,0
1,1,80371,0,0,0,0,0,0,0,0,0,0
1,1,80372,0,0,0,0,4,0,0,0,0,0
2,1,80372,0,0,0,0,0,0,0,0,0,0
1,1,80373,0,0,0,0,0,0,0,0,0,0
2,1,80373,0,0,0,0,0,0,0,0,0,0
1,1,80374,0,0,0,0,0,0,0,0,0,0
1,1,80375,0,0,0,0,0,0,0,0,0,0
1,1,80376,0,0,0,0,0,0,0,0,0,0
1,1,80377,0,0,0,0,0,0,0,0,0,0
2,1,80377,0,0,0,0,0,0,0,0,4,0
1,1,80378,0,0,0,0,0,0,0,0,0,0
2,1,80378,0,0,0,0,0,0,0,0,0,0
1,1,80379,0,0,0,0,0,0,0,0,0,0
1,1,80380,0,0,0,0,0,0,0,0,0,0
2,1,80380,0,0,0,0,0,0,0,0,0,0
1,1,80381,0,0,0,0,0,0,0,0,0,0
1,1,80382,18,15,12,13,13,17,20,19,18,22
1,1,80383,14,14,14,14,14,14,14,14,14,14
1,1,80384,12,12,12,12,12,12,12,12,12,12
2,1,80384,0,0,0,0,0,0,0,0,0,0
1,1,80385,11,12,7,7,11,5,0,20,21,12
2,1,80385,0,0,0,0,0,0,0,0,0,0
0,1,80386,0,0,0,0,0,0,0,0,0,0
1,1,80386,0,0,0,0,0,0,0,10,0,0
1,1,80387,0,0,0,0,0,0,0,0,0,0
1,1,80388,0,0,0,0,0,0,0,0,0,0
2,1,80388,0,0,0,0,0,0,0,0,0,0
0,1,80389,0,0,0,0,0,0,0,0,0,0
1,1,80389,0,0,0,0,0,0,0,0,0,0
1,1,80390,0,0,0,0,0,0,0,0,0,0
2,1,80390,0,0,11,0,0,0,0,0,0,4
1,1,80391,17,17,17,17,17,17,17,17,17,17
0,1,80392,0,0,0,0,0,0,0,0,0,0
1,1,80392,0,0,0,17,0,0,0,0,8,0
1,1,80393,0,0,0,0,0,0,0,0,0,0
1,1,80394,0,0,0,0,0,0,0,0,0,0
2,1,80394,0,0,0,0,0,0,0,0,0,0
1,1,80395,18,18,18,18,18,18,18,18,18,18
1,1,80396,21,21,21,21,21,21,21,21,21,21
2,1,80396,0,0,0,21,0,0,0,0,0,0
1,1,80397,0,9,0,0,0,0,0,0,0,0
0,1,80398,0,0,0,0,0,0,0,0,0,0
1,1,80398,0,0,0,0,0,0,0,0,0,0
1,1,80399,25,25,25,25,25,25,25,25,25,25
2,1,80399,0,0,0,0,0,0,0,0,0,0
1,1,80400,0,0,0,0,13,0,0,0,0,0
0,1,80401,25,25,25,25,25,25,25,25,25,25
1,1,80401,11,0,0,0,11,0,0,0,0,0
1,1,80402,0,0,0,0,0,0,0,0,0,0
0,1,80403,6,6,6,6,6,6,6,6,6,6
1,1,80403,0,0,0,0,0,0,0,0,0,0
0,1,80404,0,0,0,0,0,0,0,0,0,0
1,1,80404,0,0,0,0,0,0,0,0,0,0
1,1,80405,0,0,0,0,0,0,0,0,0,0
2,1,80405,0,0,0,0,0,0,0,0,0,0
3,1,80405,0,0,0,0,0,0,0,0,0,0
1,1,80406,0,0,0,0,0,0,0,0,0,0
2,1,80406,0,0,0,0,0,0,0,0,0,0
1,1,80407,3,16,24,25,5,11,21,17,7,31
1,1,80408,0,0,0,0,0,0,0,0,0,0
1,1,80409,0,0,0,0,0,0,0,0,0,0
1,1,80410,0,0,0,0,0,0,0,0,0,0
1,1,80411,22,22,22,22,22,22,22,22,22,22
1,1,80412,0,0,0,0,0,0,0,0,0,0
1,1,80413,0,0,0,0,0,0,0,0,0,0
2,1,80413,0,3,0,0,0,0,0,0,0,0
1,1,80414,0,0,0,0,0,0,0,0,0,0
1,1,80415,0,0,0,0,0,0,0,0,0,0
1,1,80416,13,0,0,0,0,0,0,0,0,0
1,1,80417,6,14,13,13,0,0,29,0,25,19
2,1,80417,0,0,0,0,0,0,0,0,0,0
1,1,80418,17,17,17,17,17,17,17,17,17,17
1,1,80419,19,14,15,23,25,24,21,28,11,18
1,1,80420,9,9,9,9,9,9,9,9,9,9
2,1,80420,0,0,0,0,0,0,0,0,0,0
1,1,80421,0,0,0,0,0,0,0,0,0,0
1,1,80422,3,16,4,12,20,34,0,17,14,26
1,1,80423,27,27,27,27,27,27,27,27,27,27
0,1,80424,22,22,22,22,22,22,22,22,22,22
1,1,80424,0,0,0,0,0,0,0,0,0,0
1,1,80425,0,0,0,0,0,0,0,0,0,0
1,1,80426,0,0,0,0,0,0,0,0,0,0
1,1,80427,18,18,18,18,18,18,18,18,18,18
1,1,80428,14,14,14,14,14,14,14,14,14,14
1,1,80429,0,0,0,0,0,0,0,0,0,0
1,1,80430,0,0,0,0,0,0,0,0,0,0
2,1,80430,0,0,0,0,0,0,0,0,0,0
1,1,80431,0,0,0,0,0,0,0,0,0,0
2,1,80431,0,0,0,0,0,0,0,0,0,0
1,1,80432,0,0,0,0,0,0,0,0,0,0
2,1,80432,0,0,0,0,0,0,0,4,0,0
1,1,80433,15,15,15,15,15,15,15,15,15,15
2,1,80433,0,0,0,0,0,0,0,0,0,0
3,1,80433,0,0,0,0,0,0,0,0,0,0
4,1,80433,0,0,0,0,0,0,0,0,0,0
1,1,80434,0,0,0,0,0,0,0,0,0,0
2,1,80434,0,0,0,0,0,0,0,0,0,0
3,1,80434,18,0,0,0,0,0,0,0,0,0
1,1,80435,0,0,0,0,0,0,0,0,0,0
2,1,80435,0,0,0,0,0,0,0,0,0,0
1,1,80436,0,0,0,0,0,0,0,0,0,0
2,1,80436,0,0,0,0,0,0,0,0,0,0
1,1,80437,22,22,22,22,22,22,22,22,22,22
1,1,80438,0,0,0,0,0,0,0,0,0,0
2,1,80438,0,0,0,0,0,0,0,0,0,0
0,1,80439,0,0,0,0,0,0,0,0,0,0
1,1,80439,0,0,0,0,0,0,0,0,0,0
1,1,80440,0,22,0,37,0,0,0,0,0,0
1,1,80441,33,7,18,2,22,22,15,20,9,21
1,1,80442,0,0,0,0,0,0,0,0,0,0
1,1,80443,21,21,21,21,21,21,21,21,21,21
2,1,80443,0,0,0,0,0,0,0,0,0,0
1,1,80444,20,20,20,20,20,20,20,20,20,20
1,1,80445,0,0,0,0,0,0,0,0,0,0
2,1,80445,24,24,24,24,24,24,24,24,24,24
1,1,80446,0,0,5,0,0,0,8,0,0,0
2,1,80446,0,0,0,0,0,0,0,0,0,0
3,1,80446,0,0,0,0,0,0,0,0,0,0
1,1,80447,0,0,0,0,18,0,0,0,0,0
2,1,80447,0,0,0,0,0,0,0,0,0,0
3,1,80447,0,0,0,0,0,0,0,0,0,0
4,1,80447,0,0,0,0,0,0,0,0,0,0
1,1,80448,0,0,0,0,0,0,0,0,0,0
2,1,80448,0,0,0,0,0,0,0,0,0,0
1,1,80449,0,0,0,0,0,0,0,0,0,0
1,1,80450,13,39,28,35,21,22,15,39,26,20
1,1,80451,0,0,0,0,0,0,0,0,0,0
2,1,80451,0,0,0,0,0,0,0,0,0,0
1,1,80452,25,25,25,25,25,25,25,25,25,25
1,1,80453,0,0,0,0,0,0,0,0,9,0
1,1,80454,0,0,0,0,0,0,0,0,0,0
1,1,80455,0,0,0,0,0,0,0,0,0,0
2,1,80455,0,0,0,12,0,0,0,0,0,0
1,1,80456,0,0,0,0,0,0,10,0,0,0
1,1,80457,0,0,0,0,0,0,5,0,0,0
0,1,80458,12,12,12,12,12,12,12,12,12,12
1,1,80458,0,0,0,0,0,0,0,0,0,0
1,1,80459,0,0,0,0,0,0,0,0,0,0
2,1,80459,0,0,0,0,0,0,0,0,0,0
3,1,80459,0,0,0,0,0,0,0,0,0,0
1,1,80460,0,0,0,0,0,0,0,0,0,0
1,1,80461,31,31,31,31,31,31,31,31,31,31
2,1,80461,0,0,0,0,0,0,0,0,0,0
3,1,80461,0,0,0,0,0,0,0,0,0,0
0,1,80462,6,6,6,6,6,6,6,6,6,6
1,1,80462,0,17,14,24,0,0,0,18,0,0
0,1,80463,0,0,0,0,0,0,0,0,0,0
1,1,80463,0,0,0,0,0,0,0,0,0,0
1,1,80464,0,0,0,0,0,0,0,0,0,0
2,1,80464,0,0,0,0,0,0,0,0,0,0
0,1,80465,40,40,40,40,40,40,40,40,40,40
1,1,80465,0,0,0,0,0,0,0,0,0,0
1,1,80466,0,0,0,0,0,0,0,0,0,0
1,1,80467,0,0,0,0,0,0,0,0,0,0
2,1,80467,0,0,0,0,0,0,0,0,0,0
1,1,80468,0,0,0,0,0,0,0,0,0,0
2,1,80468,0,0,0,0,0,0,0,0,0,0
1,1,80469,2,2,2,2,2,2,2,2,2,2
1,1,80470,20,20,20,20,20,20,20,20,20,20
1,1,80471,0,0,0,0,0,0,0,0,0,0
2,1,80471,0,0,0,0,0,0,0,0,0,0
3,1,80471,0,0,12,0,0,0,0,0,0,0
0,1,80472,0,0,0,0,0,0,0,27,0,0
1,1,80472,0,0,0,0,0,0,0,0,0,0
0,1,80473,18,18,18,18,18,18,18,18,18,18
1,1,80473,0,16,0,0,15,0,15,0,0,0
1,1,80474,0,0,0,0,0,0,0,0,0,0
1,1,80475,12,13,7,19,9,4,0,8,0,0
1,1,80476,18,14,24,22,15,12,24,19,7,15
1,1,80477,0,0,0,0,0,0,0,0,0,0
2,1,80477,0,0,0,0,0,0,0,0,0,0
3,1,80477,10,0,0,0,0,0,0,0,0,0
1,1,90001,20,20,20,20,20,20,20,20,20,20
1,1,90002,12,12,12,12,12,12,12,12,12,12
1,1,90003,0,0,0,0,0,0,0,0,0,0
2,1,90003,21,21,21,21,21,21,21,21,21,21
1,1,90004,0,0,0,0,0,0,0,0,0,0
1,1,90005,15,15,15,15,15,15,15,15,15,15
2,1,90005,0,0,0,0,0,0,0,0,0,0
1,1,90006,17,17,17,17,17,17,17,17,17,17
0,1,90007,32,32,32,32,32,32,32,32,32,32
1,1,90008,0,0,0,0,0,0,0,0,0,0
0,1,90009,0,0,0,0,0,0,0,0,0,0
1,1,90009,0,0,0,0,0,0,0,0,0,0
1,1,90010,6,6,6,6,6,6,6,6,6,6
2,1,90010,0,0,0,0,0,0,0,0,0,0
1,1,90011,0,0,0,0,0,0,0,0,0,0
1,1,90012,0,0,0,0,0,0,0,0,0,0
1,1,90013,0,0,0,20,0,0,0,0,0,0
1,1,90014,0,0,0,0,0,0,0,0,0,0
2,1,90014,0,0,0,0,0,0,0,0,0,0
3,1,90014,0,0,0,0,0,0,0,0,0,0
4,1,90014,0,0,0,0,0,0,0,0,0,0
5,1,90014,0,0,0,0,0,21,0,0,0,0
1,1,90015,12,19,18,0,3,0,0,0,0,0
0,1,90016,22,22,22,22,22,22,22,22,22,22
1,1,90016,0,0,9,0,0,0,0,0,0,0
1,1,90017,15,15,15,15,15,15,15,15,15,15
2,1,90017,0,0,0,0,0,0,0,0,0,0
1,1,90018,0,0,0,0,0,0,0,0,0,0
2,1,90018,12,12,12,12,12,12,12,12,12,12
1,1,90019,23,23,23,23,23,23,23,23,23,23
1,1,90020,20,20,20,20,20,20,20,20,20,20
1,1,90021,0,0,0,0,0,0,0,0,0,0
2,1,90021,0,0,0,0,0,0,0,0,0,0
1,1,90022,34,34,34,34,34,34,34,34,34,34
2,1,90022,0,0,0,0,0,0,0,0,0,0
1,1,90023,0,0,0,0,0,0,0,0,0,0
2,1,90023,0,0,0,0,0,0,0,0,0,0
1,1,90024,0,0,0,0,0,0,0,0,0,0
1,1,90025,26,26,26,26,26,26,26,26,26,26
1,1,90026,0,0,0,0,0,0,0,0,0,0
1,1,90027,0,0,0,0,0,0,0,0,0,0
2,1,90027,0,0,0,0,0,0,0,0,0,0
1,1,90028,0,0,0,0,0,0,9,0,0,0
2,1,90028,0,0,0,0,0,0,0,0,0,0
1,1,90029,30,22,12,38,27,8,24,26,12,26
1,1,90030,0,0,0,0,0,0,0,0,0,0
0,1,90031,0,0,0,0,0,0,0,0,0,0
1,1,90031,0,0,0,0,0,0,0,0,0,0
1,1,90032,4,9,6,0,0,0,0,13,19,11
1,1,90033,0,0,0,0,0,0,0,0,0,0
2,1,90033,0,0,0,0,0,0,0,0,0,0
3,1,90033,0,0,0,0,0,0,0,0,0,0
1,1,90034,18,18,18,18,18,18,18,18,18,18
1,1,90035,28,28,28,28,28,28,28,28,28,28
1,1,90036,0,0,0,0,0,0,0,0,0,0
1,1,90037,0,0,16,0,0,0,0,24,0,14
1,1,90038,0,0,0,0,0,0,0,0,0,0
0,1,90039,0,0,0,0,0,0,0,0,0,0
1,1,90039,0,0,0,0,0,0,0,0,0,0
1,1,90040,0,0,0,0,0,0,0,0,0,0
0,1,90041,0,0,0,0,0,0,0,0,0,0
1,1,90041,0,0,0,0,19,0,0,0,0,0
1,1,90042,16,16,16,16,16,16,16,16,16,16
2,1,90042,0,14,0,6,0,0,0,0,0,0
3,1,90042,0,0,0,0,0,0,0,0,0,0
1,1,90043,0,0,0,0,0,0,0,0,0,0
1,1,90044,22,22,22,22,22,22,22,22,22,22
1,1,90045,0,0,0,0,0,0,0,0,0,0
2,1,90045,6,0,0,0,0,0,0,0,0,0
0,1,90046,0,0,0,0,0,0,0,0,0,0
1,1,90046,0,0,0,0,0,0,0,0,0,0
1,1,90047,10,10,10,10,10,10,10,10,10,10
0,1,90048,0,0,0,0,0,0,0,0,0,0
0,2,90048,0,0,0,0,0,0,0,0,0,0
1,1,90048,0,0,0,0,0,0,0,0,0,0
1,1,90049,0,0,0,0,0,0,0,0,0,0
1,1,90050,0,0,0,0,0,0,0,0,0,0
0,1,90051,0,0,0,0,0,0,0,0,0,0
1,1,90051,0,0,0,0,0,0,0,0,0,0
1,1,90052,14,14,14,14,14,14,14,14,14,14
0,1,90053,0,0,0,0,6,0,0,0,0,0
1,1,90053,0,0,0,0,0,0,0,0,0,0
1,1,90054,0,0,0,0,0,0,0,0,0,0
2,1,90054,0,0,11,8,0,18,0,21,5,0
1,1,90055,0,0,0,0,0,0,0,0,0,0
2,1,90055,0,0,0,0,0,0,0,0,0,0
1,1,90056,0,20,0,0,0,0,11,8,9,6
2,1,90056,0,0,0,0,0,0,0,0,0,0
1,1,90057,0,5,0,0,0,0,11,5,0,14
2,1,90057,0,0,0,0,0,0,0,0,0,0
1,1,90058,0,0,0,0,0,0,0,4,0,0
2,1,90058,0,0,5,0,0,0,0,0,0,0
1,1,90059,0,0,0,0,0,0,0,0,0,0
1,1,90060,0,0,0,0,0,0,0,0,0,0
2,1,90060,0,0,0,0,0,0,0,0,0,0
1,1,90061,0,0,0,0,0,0,0,0,0,0
2,1,90061,0,0,0,0,0,0,3,0,0,0
1,1,90062,15,15,15,15,15,15,15,15,15,15
1,1,90063,0,0,0,25,0,0,0,0,10,0
2,1,90063,0,0,0,0,0,0,0,11,0,0
1,1,90064,0,0,0,0,0,0,0,0,0,0
2,1,90064,0,0,0,0,0,0,0,0,0,0
1,1,90065,0,0,0,0,0,0,0,0,0,0
2,1,90065,0,0,0,0,0,0,0,0,0,0
1,1,90066,22,22,22,22,22,22,22,22,22,22
0,1,90067,0,0,0,0,0,0,0,0,0,0
0,2,90067,22,0,27,0,19,0,0,0,13,0
0,3,90067,0,0,0,0,0,0,0,0,0,0
0,4,90067,0,0,0,0,0,0,0,0,0,0
1,1,90067,0,0,0,0,0,0,0,0,0,0
0,1,90068,0,0,0,0,0,0,0,0,0,0
1,1,90068,0,4,0,21,0,0,0,0,0,0
1,1,90069,0,0,0,0,0,0,0,0,0,0
2,1,90069,0,0,0,0,0,0,0,0,0,0
1,1,90070,0,0,0,0,0,0,0,0,0,0
2,1,90070,0,7,0,0,0,0,0,0,0,0
1,1,90071,0,0,0,0,0,0,9,0,0,0
2,1,90071,9,9,9,9,9,9,9,9,9,9
1,1,90072,0,0,0,0,0,0,0,0,0,0
2,1,90072,0,0,0,0,0,0,0,0,0,0
1,1,90073,0,0,0,0,0,0,0,0,0,0
2,1,90073,0,0,0,0,0,0,0,0,0,0
1,1,90074,0,0,0,0,0,0,0,0,0,0
1,1,90075,2,2,2,2,2,2,2,2,2,2
1,1,90076,0,0,8,0,9,5,0,14,0,7
2,1,90076,0,0,0,0,10,0,0,0,0,0
1,1,90077,0,0,0,0,0,0,0,0,0,0
2,1,90077,0,0,0,0,0,0,0,0,0,0
1,1,90078,0,0,0,0,0,0,0,0,0,0
2,1,90078,2,2,2,2,2,2,2,2,2,2
1,1,90079,0,0,0,0,0,0,0,0,0,0
1,1,90080,10,10,10,10,10,10,10,10,10,10
1,1,90081,0,0,0,0,0,0,0,0,0,0
2,1,90081,0,0,0,0,0,0,0,0,0,0
1,1,90082,0,0,0,0,0,0,0,0,0,0
2,1,90082,0,0,0,0,0,0,0,0,0,0
1,1,90083,0,19,26,14,0,10,19,33,0,0
2,1,90083,0,0,0,6,0,0,0,0,0,0
1,1,90084,0,0,0,0,0,0,0,0,0,0
2,1,90084,0,0,0,0,0,0,0,0,0,0
1,1,90085,0,0,0,0,0,0,0,0,0,0
1,1,90086,12,12,12,12,12,12,12,12,12,12
2,1,90086,12,0,0,0,0,0,0,0,0,9
1,1,90087,23,23,23,23,23,23,23,23,23,23
1,1,90088,0,0,0,0,2,0,0,0,0,11
2,1,90088,7,0,0,5,7,0,17,0,0,4
0,1,90089,14,14,14,14,14,14,14,14,14,14
1,1,90089,10,0,12,0,22,0,0,6,0,0
1,1,90090,0,0,0,0,0,0,0,0,0,0
1,1,90091,0,0,0,0,0,0,0,0,0,0
2,1,90091,0,0,0,0,0,0,0,0,0,0
1,1,90092,27,12,15,21,49,21,14,17,21,12
0,1,90093,20,16,0,0,0,0,22,32,0,16
1,1,90093,0,13,0,0,0,0,0,12,0,0
1,1,90094,10,10,10,10,10,10,10,10,10,10
1,1,90095,19,19,19,19,19,19,19,19,19,19
1,1,90096,37,37,37,37,37,37,37,37,37,37
2,1,90096,0,0,0,0,0,0,0,0,0,0
1,1,90097,0,0,3,0,0,0,0,0,0,0
2,1,90097,0,0,0,0,0,0,0,0,0,0
1,1,90098,0,0,0,0,0,0,0,0,0,0
2,1,90098,0,0,0,0,0,3,4,6,0,2
1,1,90099,0,0,0,0,0,0,0,0,0,0
2,1,90099,0,0,0,0,0,0,0,0,0,0
1,1,90100,0,0,0,0,0,0,0,0,0,0
2,1,90100,7,7,7,7,7,7,7,7,7,7
1,1,90101,0,0,0,0,0,0,0,0,0,0
1,1,90102,0,0,0,0,0,0,0,0,0,0
0,1,90103,27,27,27,27,27,27,27,27,27,27
1,1,90103,0,0,0,0,0,0,0,0,0,0
1,1,90104,21,21,21,21,21,21,21,21,21,21
0,1,90105,0,0,0,0,0,0,0,0,0,0
1,1,90105,2,2,2,2,2,2,2,2,2,2
0,1,90106,0,0,0,0,0,0,0,0,0,0
1,1,90106,0,0,0,0,0,0,0,0,0,0
1,1,90107,0,0,0,0,0,0,0,0,0,0
1,1,90108,0,0,0,0,0,0,0,0,0,0
1,1,90109,7,7,7,7,7,7,7,7,7,7
0,1,90110,0,0,0,0,0,0,0,0,0,0
1,1,90110,0,0,0,0,0,0,0,0,0,0
1,1,90111,6,6,6,6,6,6,6,6,6,6
0,1,90112,0,0,0,0,0,0,0,0,0,0
1,1,90112,0,0,0,0,0,0,0,0,0,0
2,1,90112,0,0,0,0,0,0,0,0,0,0
1,1,90113,7,7,7,7,7,7,7,7,7,7
2,1,90113,0,0,0,0,0,0,0,0,0,0
1,1,90114,0,0,0,0,0,0,0,0,0,0
0,1,90115,22,22,22,22,22,22,22,22,22,22
1,1,90115,0,7,0,0,0,0,0,0,0,0
1,1,90116,7,7,7,7,7,7,7,7,7,7
2,1,90116,0,0,0,0,0,0,0,0,0,0
1,1,90117,22,22,22,22,22,22,22,22,22,22
0,1,90118,0,0,0,0,0,0,0,0,0,0
1,1,90118,0,0,0,0,0,0,0,0,0,0
1,1,90119,0,0,0,0,0,0,0,0,0,0
2,1,90119,29,29,29,29,29,29,29,29,29,29
0,1,90120,0,0,0,0,0,0,0,0,0,0
1,1,90121,0,0,0,0,0,0,0,0,0,0
2,1,90121,0,0,0,0,0,0,0,0,0,0
1,1,90122,0,0,0,0,0,0,0,0,0,0
2,1,90122,0,0,0,0,0,0,0,0,0,0
3,1,90122,0,0,0,0,0,0,0,0,0,0
1,1,90123,24,24,24,24,24,24,24,24,24,24
1,1,90124,17,0,0,0,0,0,0,0,0,3
1,1,90125,0,0,0,0,0,0,0,0,24,0
1,1,90126,0,0,0,0,0,0,0,0,0,0
2,1,90126,0,0,0,0,0,0,0,0,0,0
1,1,90127,8,8,8,8,8,8,8,8,8,8
2,1,90127,0,0,0,0,0,0,0,0,0,0
0,1,90128,0,0,0,0,0,0,0,0,0,0
1,1,90128,0,0,0,0,0,0,0,0,0,0
1,1,90129,0,0,0,0,0,0,0,0,0,0
1,1,90130,0,0,0,0,0,0,0,0,0,0
1,1,90131,0,0,0,0,0,0,0,0,0,0
1,1,90132,0,0,0,0,0,0,0,0,0,0
1,1,90133,0,0,0,0,0,0,0,0,0,0
1,1,90134,15,15,15,15,15,15,15,15,15,15
2,1,90134,14,6,0,5,0,0,0,0,14,0
1,1,90135,0,0,0,0,0,0,0,0,0,0
1,1,90136,0,0,0,0,0,0,11,0,0,0
2,1,90136,0,0,0,0,0,0,0,0,0,0
1,1,90137,0,0,0,0,0,0,0,0,0,0
0,1,90138,0,0,0,0,0,0,0,0,0,0
3,1,90138,0,0,0,0,0,0,0,0,0,0
1,1,90139,0,0,0,0,0,0,0,0,0,0
2,1,90139,0,0,0,0,0,0,0,0,0,0
1,1,90140,0,0,0,0,0,0,0,0,0,0
1,1,90141,26,26,26,26,26,26,26,26,26,26
1,1,90142,19,19,19,19,19,19,19,19,19,19
2,1,90142,17,17,17,17,17,17,17,17,17,17
1,1,90143,0,0,0,0,0,0,0,0,0,0
2,1,90143,0,0,0,0,0,0,0,0,0,0
3,1,90143,0,0,0,0,0,0,0,0,0,0
1,1,90144,2,16,17,17,25,16,5,18,8,19
1,1,90145,10,10,10,10,10,10,10,10,10,10
0,1,90146,0,0,0,0,0,0,0,0,0,0
1,1,90146,0,0,0,0,0,0,0,0,0,0
1,1,90147,16,16,16,16,16,16,16,16,16,16
2,1,90147,0,0,0,0,0,12,3,0,0,0
1,1,90148,0,0,0,0,0,0,0,0,13,0
2,1,90148,21,21,21,21,21,21,21,21,21,21
1,1,90149,0,0,0,0,0,0,0,0,0,0
1,1,90150,2,2,2,2,2,2,2,2,2,2
1,1,90151,14,14,14,14,14,14,14,14,14,14