VEH_NO,PER_NO,ST_CASE,P1,P2,P3,P4,P5,P6,P7,P8,P9,P10
1,1,90152,0,0,0,0,0,0,0,0,0,0
1,1,90153,17,17,17,17,17,17,17,17,17,17
2,1,90153,0,0,0,0,0,0,0,0,0,0
1,1,90154,19,19,19,19,19,19,19,19,19,19
1,1,90155,0,0,0,0,0,0,0,0,0,0
2,1,90155,0,0,0,0,0,0,0,0,0,0
3,1,90155,0,0,0,0,0,0,0,0,0,0
4,1,90155,0,0,0,0,0,0,0,0,0,0
5,1,90155,0,0,0,0,0,0,0,0,0,0
1,1,90156,0,0,0,0,0,0,0,0,0,0
2,1,90156,0,0,0,0,0,0,0,0,0,0
3,1,90156,0,0,0,0,0,0,0,0,0,0
4,1,90156,0,0,0,0,0,0,0,0,0,0
1,1,90157,0,0,0,0,0,0,0,0,0,0
1,1,90158,0,0,0,0,0,0,0,0,0,0
2,1,90158,0,0,0,0,0,0,0,0,0,0
1,1,90159,0,0,8,20,0,0,19,0,0,14
1,1,90160,26,26,26,26,26,26,26,26,26,26
0,1,90161,0,0,0,0,0,0,0,0,0,0
1,1,90162,0,0,0,0,0,0,0,0,0,0
2,1,90162,0,0,0,0,0,0,0,0,0,0
3,1,90162,0,5,3,0,0,0,0,0,0,8
1,1,90163,15,15,15,15,15,15,15,15,15,15
1,1,90164,0,0,0,0,0,0,0,0,0,0
2,1,90164,0,0,0,0,0,0,0,0,0,0
3,1,90164,0,0,0,0,0,0,0,0,9,0
1,1,90165,3,3,3,3,3,3,3,3,3,3
1,1,90166,0,0,0,0,0,0,0,0,0,0
2,1,90166,0,0,0,0,0,0,0,0,0,0
3,1,90166,0,8,0,0,0,0,0,0,0,0
1,1,90167,8,8,8,8,8,8,8,8,8,8
0,1,90168,0,0,0,0,0,0,0,0,0,0
1,1,90168,0,0,7,0,0,0,13,0,0,0
1,1,90169,35,35,35,35,35,35,35,35,35,35
1,1,90170,0,0,0,0,0,0,0,0,0,0
1,1,90171,41,41,41,41,41,41,41,41,41,41
1,1,90172,14,10,0,0,0,0,0,10,7,0
1,1,90173,2,2,2,2,2,2,2,2,2,2
1,1,90174,0,0,0,0,0,0,0,0,0,0
2,1,90174,0,0,0,0,0,15,0,0,0,0
1,1,90175,24,24,24,24,24,24,24,24,24,24
1,1,90176,21,21,21,21,21,21,21,21,21,21
2,1,90176,0,0,0,0,0,0,0,0,0,0
1,1,90177,19,19,19,19,19,19,19,19,19,19
2,1,90177,0,4,0,0,0,0,0,0,0,0
1,1,90178,0,6,0,23,0,15,0,0,22,0
1,1,90179,18,18,18,18,18,18,18,18,18,18
2,1,90179,0,0,0,0,0,0,0,0,0,0
3,1,90179,0,0,0,0,0,0,0,0,0,0
4,1,90179,0,0,0,0,0,0,0,0,0,0
1,1,90180,0,0,0,0,0,0,0,0,0,0
2,1,90180,0,0,0,0,0,0,0,0,0,0
1,1,90181,23,23,23,23,23,23,23,23,23,23
2,1,90181,0,0,0,0,0,0,0,0,0,0
0,1,90182,0,0,0,0,0,0,0,0,0,0
1,1,90182,21,21,21,21,21,21,21,21,21,21
1,1,90183,21,21,21,21,21,21,21,21,21,21
1,1,90184,0,0,0,0,0,0,0,0,0,0
0,1,90185,0,0,0,0,0,0,0,39,26,5
1,1,90185,0,0,0,0,0,0,0,0,0,0
1,1,90186,0,0,0,0,0,0,0,0,0,0
1,1,90187,0,0,0,0,0,0,0,0,0,0
1,1,90188,0,0,0,0,0,0,0,0,0,0
2,1,90188,0,0,0,0,0,0,0,0,0,0
1,1,90189,0,0,0,0,0,0,0,0,0,0
2,1,90189,0,0,0,0,0,0,0,0,0,0
1,1,90190,0,0,0,0,0,0,0,0,0,0
1,1,90191,24,24,24,24,24,24,24,24,24,24
1,1,90192,0,0,0,0,0,0,0,0,0,0
1,1,90193,13,13,13,13,13,13,13,13,13,13
1,1,90194,0,0,0,0,0,0,0,0,0,0
1,1,90195,0,0,0,0,0,0,0,0,0,0
2,1,90195,0,0,0,0,0,0,0,0,0,0
3,1,90195,0,0,0,0,0,0,0,0,0,0
4,1,90195,0,0,0,0,0,0,0,0,0,0
1,1,90196,19,19,19,19,19,19,19,19,19,19
0,1,90197,15,15,15,15,15,15,15,15,15,15
1,1,90197,7,7,7,7,7,7,7,7,7,7
1,1,90198,0,0,0,0,13,0,21,0,0,0
1,1,90199,0,0,0,0,0,0,0,0,0,0
0,1,90200,0,0,0,0,0,0,0,0,0,0
1,1,90201,22,22,22,22,22,22,22,22,22,22
0,1,90202,17,9,27,0,0,0,0,0,0,0
1,1,90202,0,0,0,0,0,0,0,0,0,0
1,1,90203,0,0,0,0,0,0,0,0,0,0
1,1,90204,19,19,19,19,19,19,19,19,19,19
1,1,90205,0,0,0,0,0,0,0,0,0,0
2,1,90205,0,0,0,0,0,0,0,0,0,0
1,1,90206,0,0,0,0,0,0,0,0,0,0
1,1,90207,0,0,0,0,0,0,23,0,0,0
2,1,90207,0,0,0,38,0,0,13,16,0,0
0,1,90208,0,0,0,0,0,0,0,0,0,0
1,1,90208,0,0,0,0,0,0,0,0,0,0
1,1,90209,0,0,0,0,0,0,0,0,0,0
2,1,90209,0,0,0,0,0,0,0,0,0,0
3,1,90209,0,0,0,0,0,0,0,0,0,0
4,1,90209,0,0,0,0,0,0,0,0,0,0
5,1,90209,0,0,0,0,0,0,0,0,0,0
6,1,90209,0,0,0,0,0,0,0,0,0,0
0,1,90210,0,30,0,0,0,9,0,0,0,0
1,1,90210,26,14,12,8,6,32,15,17,25,9
0,1,90211,0,0,0,0,0,0,0,0,0,0
1,1,90211,0,0,0,0,0,0,0,0,0,0
0,1,90212,0,0,0,0,0,0,0,0,0,0
1,1,90212,0,0,0,0,0,0,0,0,0,0
1,1,90213,14,14,14,14,14,14,14,14,14,14
1,1,90214,0,0,0,0,0,0,0,0,0,0
1,1,90215,0,0,0,0,0,0,0,0,0,0
2,1,90215,0,0,0,0,0,0,0,0,0,0
1,1,90216,19,19,19,19,19,19,19,19,19,19
2,1,90216,34,34,34,34,34,34,34,34,34,34
1,1,90217,18,18,18,18,18,18,18,18,18,18
1,1,90218,16,16,16,16,16,16,16,16,16,16
1,1,90219,0,0,0,0,0,0,0,0,0,0
1,1,90220,22,22,22,22,22,22,22,22,22,22
1,1,90221,0,0,0,0,0,0,0,0,0,0
2,1,90221,0,0,0,0,0,0,0,0,0,0
0,1,90222,0,0,0,0,0,0,0,0,0,0
1,1,90222,0,0,0,0,0,0,0,0,15,0
1,1,90223,19,19,19,19,19,19,19,19,19,19
0,1,90224,0,0,0,0,0,0,0,0,0,0
1,1,90224,0,0,0,0,0,0,0,0,0,0
0,1,90225,4,4,4,4,4,4,4,4,4,4
1,1,90225,0,0,0,0,0,12,0,0,0,0
1,1,90226,8,8,8,8,8,8,8,8,8,8
2,1,90226,0,0,0,0,0,0,0,0,0,0
1,1,90227,0,0,0,0,0,0,0,0,0,0
2,1,90227,0,0,0,0,0,0,0,0,0,0
1,1,90228,0,0,0,0,0,0,0,0,0,0
2,1,90228,0,0,0,0,0,0,0,0,0,0
0,1,90229,18,18,18,18,18,18,18,18,18,18
1,1,90229,0,0,0,0,0,0,0,0,0,0
2,1,90229,0,0,0,0,0,0,0,0,0,0
3,1,90229,0,0,0,0,0,0,0,0,0,15
1,1,90230,0,0,2,0,0,28,0,0,0,0
1,1,90231,0,0,10,0,0,0,0,0,0,0
2,1,90231,0,0,0,0,0,0,0,0,0,0
1,1,90232,0,0,0,0,0,0,0,0,0,0
0,1,90233,0,23,0,0,26,0,0,0,0,0
1,1,90233,0,0,0,0,0,0,0,0,0,0
1,1,90234,4,0,0,13,8,14,16,0,0,11
1,1,90235,0,0,0,0,0,0,0,0,0,0
0,1,90236,22,22,6,21,21,18,34,21,25,23
1,1,90236,0,29,3,0,0,0,0,0,0,0
1,1,90237,0,7,0,0,0,0,0,0,0,0
2,1,90237,0,0,0,0,9,0,0,0,0,0
3,1,90237,0,11,0,7,0,0,0,3,0,0
4,1,90237,0,0,9,0,0,0,0,0,0,0
5,1,90237,0,0,0,0,0,0,0,0,0,0
1,1,90238,20,20,20,20,20,20,20,20,20,20
1,1,90239,0,0,0,0,0,0,0,0,0,0
2,1,90239,0,0,0,0,0,0,0,0,0,0
1,1,90240,27,27,27,27,27,27,27,27,27,27
1,1,90241,15,15,15,15,15,15,15,15,15,15
1,1,90242,0,0,0,0,0,0,0,0,0,0
2,1,90242,0,0,0,0,0,0,0,0,0,0
1,1,90243,0,0,0,0,0,0,0,0,0,0
1,1,90244,7,7,7,7,7,7,7,7,7,7
2,1,90244,0,0,0,0,0,0,0,0,0,0
1,1,90245,0,0,0,0,0,0,0,0,0,0
0,1,90246,0,0,0,0,0,0,0,0,0,0
1,1,90246,0,9,0,0,0,0,0,0,0,0
1,1,90247,0,0,0,0,0,0,0,0,0,0
1,1,90248,21,21,21,21,21,21,21,21,21,21
1,1,90249,0,0,0,0,0,0,0,0,0,0
2,1,90249,0,0,0,0,0,0,0,0,0,14
0,1,90250,0,0,0,0,0,0,0,0,0,0
0,2,90250,0,0,0,0,0,0,0,0,0,0
1,1,90250,0,0,0,0,0,10,8,33,0,17
0,1,90251,3,3,3,3,3,3,3,3,3,3
1,1,90251,0,7,12,15,0,0,0,0,0,13
0,1,90252,18,0,0,0,0,0,0,0,0,0
1,1,90252,2,2,2,2,2,2,2,2,2,2
1,1,90253,0,0,0,0,0,0,0,0,0,0
2,1,90253,0,0,0,0,0,0,0,0,0,0
1,1,90254,2,2,2,2,2,2,2,2,2,2
1,1,90255,0,0,0,0,0,0,0,0,0,0
0,1,90256,0,0,0,0,0,0,0,0,0,0
1,1,90256,0,0,0,0,0,0,0,0,0,0
1,1,90257,24,24,24,24,24,24,24,24,24,24
2,1,90257,0,20,0,0,0,0,0,0,0,0
1,1,90258,6,0,11,6,19,8,7,21,10,27
1,1,90259,0,0,0,0,0,0,0,0,0,0
2,1,90259,0,0,0,0,0,0,0,0,0,0
3,1,90259,0,0,0,0,0,0,0,0,0,0
1,1,90260,0,5,0,0,0,0,0,0,0,0
2,1,90260,0,0,0,0,0,0,0,0,0,0
1,1,90262,0,0,0,0,0,0,0,0,0,0
2,1,90262,0,0,0,0,0,0,0,0,0,0
1,1,90263,0,0,0,0,0,0,0,0,0,0
2,1,90263,0,0,0,0,0,0,0,0,0,0
1,1,90264,0,0,15,0,0,30,16,0,0,9
2,1,90264,0,0,5,16,0,0,13,0,15,0
2,1,90265,0,0,0,0,0,0,0,0,0,0
0,1,90266,0,0,0,0,0,0,0,0,0,0
1,1,90266,0,0,0,0,0,0,0,0,0,0
0,1,90267,10,10,10,10,10,10,10,10,10,10
1,1,90267,0,0,0,0,0,0,0,13,0,0
0,1,90268,0,0,0,0,0,10,0,0,0,18
1,1,90268,0,0,0,0,0,0,0,0,0,0
1,1,90269,0,0,0,0,0,0,0,0,0,0
2,1,90269,0,0,0,0,0,0,0,0,0,0
1,1,90270,18,18,18,18,18,18,18,18,18,18
1,1,90271,18,18,18,18,18,18,18,18,18,18
1,1,90272,0,0,0,0,0,0,0,0,0,0
1,1,90273,0,0,0,0,0,0,0,0,0,0
2,1,90273,0,0,0,0,0,0,0,0,0,0
1,1,90274,0,0,0,0,0,0,0,0,0,0
2,1,90274,0,0,0,0,0,0,0,0,0,0
3,1,90274,26,0,0,0,0,0,0,0,0,0
1,1,90275,0,0,0,33,0,0,0,0,0,0
0,1,90276,0,0,0,0,0,0,0,0,0,0
1,1,90276,0,15,11,0,10,16,0,0,0,0
1,1,90277,0,0,0,0,0,0,0,0,0,0
0,1,90278,0,0,0,0,0,0,0,0,0,0
0,1,90279,0,12,17,0,0,11,0,0,0,0
1,1,90279,0,0,0,0,0,16,0,0,0,0
1,1,90280,0,0,0,0,0,0,0,0,0,0
1,1,100001,0,0,0,0,0,0,0,0,0,0
2,1,100001,0,0,0,0,0,0,0,0,0,0
1,1,100002,25,18,23,21,26,21,10,12,40,38
0,1,100003,26,26,26,26,26,26,26,26,26,26
1,1,100003,0,0,0,10,0,0,0,0,0,0
0,1,100004,23,23,23,23,23,23,23,23,23,23
1,1,100004,0,0,0,0,0,0,0,0,0,0
1,1,100005,25,25,25,25,25,25,25,25,25,25
1,1,100006,0,0,0,0,0,0,0,0,0,0
2,1,100006,17,17,17,17,17,17,17,17,17,17
1,1,100007,0,0,0,0,0,0,0,0,0,0
2,1,100007,0,0,0,0,0,0,0,0,0,0
1,1,100008,0,0,0,0,0,0,0,0,0,0
2,1,100008,0,0,0,0,0,0,0,0,0,0
1,1,100009,27,27,27,27,27,27,27,27,27,27
0,1,100010,15,15,15,15,15,15,15,15,15,15
1,1,100010,0,0,0,0,5,0,0,0,0,0
1,1,100011,0,0,0,0,0,0,0,0,0,0
2,1,100011,0,0,0,0,0,0,0,0,0,0
3,1,100011,0,0,0,0,0,9,3,0,0,0
1,1,100012,0,0,0,0,0,0,0,0,0,0
1,1,100013,0,0,0,0,0,0,14,0,0,0
0,1,100014,0,0,0,0,0,0,0,0,0,0
1,1,100014,0,0,0,0,0,0,0,0,0,0
1,1,100015,21,21,21,21,21,21,21,21,21,21
2,1,100015,0,0,0,0,0,0,0,0,0,0
1,1,100016,18,18,18,18,18,18,18,18,18,18
1,1,100017,23,23,23,23,23,23,23,23,23,23
1,1,100018,0,0,0,0,0,0,0,0,0,0
1,1,100019,0,0,0,0,0,0,0,0,0,0
1,1,100020,0,0,0,0,0,0,9,0,0,0
1,1,100021,0,6,0,0,0,0,0,0,0,0
2,1,100021,0,0,0,0,0,0,0,0,0,0
0,1,100022,15,0,24,0,24,0,0,12,34,21
1,1,100022,0,0,0,0,0,0,0,0,0,0
0,1,100023,30,30,30,30,30,30,30,30,30,30
1,1,100023,6,0,0,0,0,0,0,0,0,0
0,1,100024,0,0,0,0,0,0,0,0,0,0
1,1,100024,0,0,0,11,0,0,0,0,6,0
1,1,100025,27,27,27,27,27,27,27,27,27,27
1,1,100026,29,29,29,29,29,29,29,29,29,29
2,1,100026,0,0,0,0,0,11,7,0,0,0
1,1,100027,5,5,5,5,5,5,5,5,5,5
2,1,100027,0,0,0,0,0,0,0,0,0,0
3,1,100027,18,18,18,18,18,18,18,18,18,18
4,1,100027,0,9,0,0,0,11,9,6,0,19
1,1,100028,18,18,18,18,18,18,18,18,18,18
0,1,100029,16,15,10,20,0,0,12,0,0,29
1,1,100029,0,0,0,14,0,0,0,27,0,0
1,1,100030,0,0,0,0,0,0,0,0,0,0
2,1,100030,0,0,0,0,0,0,0,0,0,0
1,1,100031,22,22,22,22,22,22,22,22,22,22
2,1,100031,0,0,0,0,0,0,0,0,0,0
3,1,100031,0,0,0,0,0,0,0,0,4,0
4,1,100031,9,10,0,5,0,0,0,11,15,0
5,1,100031,20,0,0,0,0,0,0,0,0,0
1,1,100032,0,0,0,0,0,0,0,0,0,0
2,1,100032,0,0,0,0,0,0,0,0,0,0
0,1,100033,0,0,0,21,7,0,0,0,0,0
1,1,100033,0,0,12,0,0,0,8,0,0,0
0,1,100034,5,22,20,7,8,31,38,17,28,12
1,1,100034,0,0,11,0,0,0,0,8,7,0
0,1,100035,9,0,0,0,9,13,0,0,0,0
1,1,100035,0,0,0,0,0,0,0,0,0,0
2,1,100035,0,0,0,0,0,0,0,0,0,0
1,1,100036,0,0,0,0,0,0,0,0,0,0
2,1,100036,0,0,0,0,0,0,0,0,0,0
1,1,100037,0,0,0,0,0,0,0,0,0,0
1,1,100038,26,26,26,26,26,26,26,26,26,26
1,1,100039,23,23,23,23,23,23,23,23,23,23
1,1,100040,14,14,14,14,14,14,14,14,14,14
2,1,100040,0,0,0,0,0,0,0,0,0,0
1,1,100041,15,15,15,15,15,15,15,15,15,15
1,1,100042,11,11,11,11,11,11,11,11,11,11
1,1,100043,0,0,0,0,0,0,0,0,0,0
2,1,100043,0,0,0,0,0,0,0,0,0,0
1,1,100044,0,2,0,0,0,0,0,0,0,0
1,1,100045,0,0,0,0,0,0,0,0,0,0
2,1,100045,0,0,0,0,0,0,0,0,0,0
1,1,100046,0,0,0,0,0,0,0,0,0,0
2,1,100046,0,0,0,0,0,0,0,0,0,0
1,1,100047,0,0,0,0,0,0,0,0,0,0
2,1,100047,0,0,0,2,0,0,0,0,0,0
1,1,100048,17,17,17,17,17,17,17,17,17,17
1,1,100049,22,22,22,22,22,22,22,22,22,22
1,1,100050,26,40,23,17,21,4,4,11,16,12
0,1,100051,0,0,0,0,0,0,0,0,0,0
1,1,100051,0,0,0,0,0,0,7,0,0,19
1,1,100052,18,18,18,18,18,18,18,18,18,18
1,1,100053,0,0,0,0,0,0,0,0,0,0
2,1,100053,0,0,0,0,0,0,0,0,0,0
1,1,100054,0,0,0,0,0,0,0,0,0,0
2,1,100054,0,0,0,0,0,0,0,0,0,0
1,1,100055,14,14,14,14,14,14,14,14,14,14
0,1,100056,0,0,0,0,0,0,0,0,0,0
1,1,100056,0,0,0,0,0,0,0,0,0,0
0,1,100057,17,20,28,27,26,21,15,32,26,17
1,1,100057,0,0,0,28,0,22,0,4,0,0
1,1,100058,0,0,0,0,0,0,0,0,0,0
2,1,100058,15,15,15,15,15,15,15,15,15,15
0,1,100059,24,24,24,24,24,24,24,24,24,24
1,1,100059,0,20,0,14,0,0,0,0,0,0
0,1,100060,16,16,16,16,16,16,16,16,16,16
1,1,100060,0,0,0,0,0,0,0,0,0,0
2,1,100060,0,0,0,0,0,0,0,9,0,0
1,1,100061,0,0,0,0,0,0,0,0,0,0
2,1,100061,0,0,0,0,0,0,0,0,0,0
1,1,100062,0,0,0,0,0,0,0,0,0,0
2,1,100062,0,0,0,0,0,0,0,0,0,0
1,1,100063,18,18,18,18,18,18,18,18,18,18
1,1,100064,0,0,0,0,0,0,0,0,0,0
2,1,100064,0,0,0,0,0,0,0,0,0,0
0,1,100065,7,38,11,20,25,12,18,24,10,24
1,1,100065,0,0,0,7,0,0,0,0,17,0
2,1,100065,0,18,0,0,0,0,0,0,0,0
1,1,100066,6,6,6,6,6,6,6,6,6,6
1,1,100067,0,0,0,0,0,0,0,0,0,0
2,1,100067,0,0,0,0,0,0,0,0,0,0
0,1,100068,0,0,23,0,0,0,0,26,0,0
1,1,100068,21,21,21,21,21,21,21,21,21,21
1,1,100069,0,0,0,0,0,0,0,0,0,0
1,1,100070,31,31,31,31,31,31,31,31,31,31
1,1,100071,16,16,16,16,16,16,16,16,16,16
1,1,100072,0,0,0,0,0,0,0,0,0,25
2,1,100072,0,0,0,0,0,0,0,0,0,0
3,1,100072,0,0,0,0,0,0,0,0,0,0
1,1,100073,0,0,0,0,0,0,0,0,0,0
0,1,100074,0,0,0,11,18,0,11,0,0,0
1,1,100074,0,0,0,0,0,0,0,0,0,0
1,1,100075,27,27,27,27,27,27,27,27,27,27
2,1,100075,12,8,23,16,26,21,14,15,9,19
1,1,100076,17,28,27,13,18,26,12,14,31,18
2,1,100076,14,16,0,14,12,4,7,0,7,2
1,1,100077,0,0,0,0,0,0,0,0,0,0
1,1,100078,22,22,22,22,22,22,22,22,22,22
1,1,100079,40,40,40,40,40,40,40,40,40,40
2,1,100079,3,3,3,3,3,3,3,3,3,3
1,1,100080,0,0,0,0,0,0,0,0,0,0
2,1,100080,0,0,0,0,0,0,0,0,0,0
1,1,100081,0,0,0,0,0,0,0,0,0,0
2,1,100081,0,0,0,0,0,0,0,0,0,0
0,1,100082,0,0,0,0,0,0,0,0,0,0
1,1,100082,0,0,0,0,27,0,0,0,0,0
1,1,100083,6,6,6,6,6,6,6,6,6,6
0,1,100084,18,18,18,18,18,18,18,18,18,18
1,1,100084,0,26,0,3,0,0,18,0,0,0
1,1,100085,0,0,0,0,0,0,0,0,0,0
2,1,100085,0,0,0,0,0,0,0,0,0,0
1,1,100086,19,19,19,19,19,19,19,19,19,19
1,1,100087,0,0,0,0,0,0,0,0,0,0
1,1,100088,0,0,0,0,0,0,0,0,0,0
2,1,100088,0,0,0,0,0,0,0,0,0,0
0,1,100089,24,24,24,24,24,24,24,24,24,24
1,1,100089,0,0,0,0,0,0,0,0,0,0
1,1,100090,29,29,29,29,29,29,29,29,29,29
1,1,100091,28,28,28,28,28,28,28,28,28,28
0,1,100092,37,37,37,37,37,37,37,37,37,37
1,1,100092,37,37,37,37,37,37,37,37,37,37
1,1,100093,0,0,0,0,0,0,0,0,0,0
2,1,100093,0,0,0,0,0,0,0,0,0,0
0,1,100094,24,24,24,24,24,24,24,24,24,24
1,1,100094,0,0,0,0,0,0,0,0,0,0
1,1,100095,0,0,0,0,0,0,0,0,0,0
2,1,100095,0,0,0,0,0,0,0,0,0,0
1,1,100096,0,0,0,0,26,0,0,0,0,0
2,1,100096,0,0,0,0,0,0,0,0,0,0
1,1,100097,0,0,0,0,0,0,0,0,0,0
1,1,100098,0,0,0,0,0,0,0,0,0,0
1,1,100099,13,0,13,0,0,0,23,0,0,20
0,1,100100,1,1,1,1,1,1,1,1,1,1
1,1,100100,0,0,0,0,0,0,0,0,0,0
1,1,100101,0,0,0,0,0,0,0,0,0,0
1,1,100102,0,0,0,0,0,0,0,0,0,0
2,1,100102,0,0,0,11,0,0,0,0,30,0
3,1,100102,0,0,5,0,0,0,0,0,0,0
0,1,100103,14,14,14,14,14,14,14,14,14,14
0,2,100103,0,0,0,0,0,0,0,0,0,0
1,1,100103,12,10,0,7,0,0,18,0,4,0
1,1,100104,17,17,17,17,17,17,17,17,17,17
0,1,100105,0,0,0,0,0,0,0,0,0,0
1,1,100105,0,0,0,0,0,0,0,0,0,0
1,1,110001,0,0,0,0,0,0,0,0,0,0
0,1,110002,0,0,0,19,9,16,31,0,0,21
1,1,110002,0,0,0,0,0,0,3,0,0,0
1,1,110003,8,19,0,13,15,0,0,0,29,0
2,1,110003,0,0,0,0,0,0,0,0,0,0
0,1,110004,0,0,0,0,0,0,0,0,0,0
1,1,110004,0,0,0,0,0,0,0,0,0,0
0,1,110005,0,0,0,0,0,0,0,0,0,0
1,1,110005,0,0,0,0,0,12,0,13,0,0
1,1,110006,0,0,0,0,0,0,0,0,0,0
0,1,110007,0,0,0,6,0,0,0,0,0,0
1,1,110007,0,0,0,0,0,0,0,0,0,0
1,1,110008,0,0,0,20,0,0,10,0,0,11
2,1,110008,8,0,0,0,0,0,11,0,0,5
0,1,110009,19,19,19,19,19,19,19,19,19,19
1,1,110009,11,2,2,2,4,13,17,5,20,21
1,1,110010,0,11,0,0,0,5,0,0,18,0
1,1,110011,7,0,0,12,20,0,0,21,0,0
2,1,110011,7,7,7,7,7,7,7,7,7,7
1,1,110012,0,0,0,0,0,0,0,0,0,0
1,1,110013,6,6,6,6,6,6,6,6,6,6
2,1,110013,0,0,0,0,0,0,0,0,0,0
1,1,110014,0,0,0,0,0,0,0,0,0,0
2,1,110014,0,0,0,0,0,0,0,0,0,0
1,1,110015,0,0,0,0,0,0,24,0,0,19
2,1,110015,0,0,0,0,0,0,0,0,13,0
0,1,110016,3,3,3,3,3,3,3,3,3,3
1,1,110016,0,0,0,0,0,0,0,0,0,0
0,1,110017,0,0,0,0,0,0,0,0,0,0
1,1,110017,0,0,0,0,0,0,0,0,0,0
1,1,110019,0,0,0,0,0,0,0,0,0,0
1,1,110020,11,12,0,0,8,0,0,15,0,0
2,1,110020,3,3,3,3,3,3,3,3,3,3
0,1,110021,12,0,23,35,0,0,0,23,17,0
1,1,110021,16,16,16,16,16,16,16,16,16,16
1,1,110022,14,0,0,0,17,0,0,0,16,5
1,1,110023,0,0,0,0,0,0,0,0,0,0
1,1,110024,0,0,0,0,0,0,0,0,0,0
1,1,110025,0,13,5,18,15,21,15,22,0,21
1,1,110026,9,7,0,0,0,0,0,8,0,0
2,1,110026,0,0,0,0,0,0,0,0,0,0
0,1,110027,0,0,0,0,0,0,0,0,0,0
1,1,110027,14,14,14,14,14,14,14,14,14,14
1,1,110028,0,0,0,0,0,0,0,0,0,0
2,1,110028,0,0,0,0,0,5,5,0,0,0
0,1,110029,0,0,0,0,0,0,0,0,0,0
1,1,110029,0,0,0,0,0,0,0,0,0,0
1,1,110030,0,0,0,10,18,0,0,0,12,0
1,1,110031,14,15,12,27,18,20,35,18,9,13
1,1,110032,1,1,1,1,1,1,1,1,1,1
2,1,110032,0,0,0,13,14,0,0,24,0,0
1,1,110033,9,3,24,0,11,9,5,14,0,0
2,1,110033,0,0,0,0,0,0,0,0,0,0
1,1,120001,19,19,19,19,19,19,19,19,19,19
1,1,120002,12,12,12,12,12,12,12,12,12,12
1,1,120003,23,23,23,23,23,23,23,23,23,23
0,1,120004,0,0,0,0,0,0,0,0,0,0
1,1,120004,0,0,0,0,0,0,0,0,0,0
1,1,120005,2,2,2,2,2,2,2,2,2,2
2,1,120005,0,0,0,0,0,0,0,0,0,0
3,1,120005,0,0,0,0,0,0,0,0,0,0
0,1,120006,29,29,29,29,29,29,29,29,29,29
1,1,120006,0,0,0,0,0,0,0,0,0,0
1,1,120007,16,16,16,16,16,16,16,16,16,16
0,1,120008,0,0,0,0,0,0,0,0,0,0
0,2,120008,0,0,19,0,0,23,10,0,17,16
2,1,120008,21,21,21,21,21,21,21,21,21,21
1,1,120009,0,0,0,0,0,0,30,0,0,9
1,1,120010,0,0,0,0,0,0,0,0,0,0
1,1,120011,0,0,0,0,0,0,0,0,0,0
1,1,120012,0,0,0,0,0,0,0,0,0,0
2,1,120012,0,0,0,0,0,0,0,0,0,0
3,1,120012,0,0,0,0,0,0,0,0,0,0
4,1,120012,0,0,0,0,0,0,0,0,0,0
5,1,120012,0,0,0,0,0,0,0,0,0,0
6,1,120012,0,0,0,0,0,0,0,0,0,0
7,1,120012,0,0,0,0,0,0,0,0,0,0
8,1,120012,0,0,0,0,0,8,0,0,0,0
9,1,120012,0,0,0,0,0,0,0,0,0,0
10,1,120012,0,0,0,0,0,0,0,0,0,0
1,1,120013,9,9,9,9,9,9,9,9,9,9
0,1,120014,0,0,0,0,0,0,0,0,0,0
1,1,120014,0,0,0,0,0,0,0,0,0,0
1,1,120015,0,0,0,0,0,0,0,0,0,0
1,1,120016,5,5,5,5,5,5,5,5,5,5
2,1,120016,0,0,0,0,0,0,0,0,0,0
1,1,120017,0,0,0,0,0,0,0,0,0,0
2,1,120017,0,0,0,0,0,0,0,0,0,0
3,1,120017,0,0,0,0,0,0,0,0,0,0
1,1,120018,0,0,0,0,0,0,24,0,0,0
2,1,120018,0,0,7,0,0,0,0,0,0,0
1,1,120019,12,12,12,12,12,12,12,12,12,12
2,1,120019,0,0,0,0,0,0,0,0,0,0
3,1,120019,0,0,10,0,0,0,0,0,0,0
1,1,120020,22,22,22,22,22,22,22,22,22,22
1,1,120021,0,0,0,0,0,0,0,0,0,0
2,1,120021,0,0,0,0,0,0,0,0,0,0
3,1,120021,0,0,0,0,0,0,0,0,0,0
1,1,120022,0,0,0,0,0,0,0,0,0,0
1,1,120024,0,0,0,0,0,0,0,0,0,0
2,1,120024,0,0,0,0,0,0,0,32,0,20
1,1,120025,9,9,9,9,9,9,9,9,9,9
0,1,120026,20,20,20,20,20,20,20,20,20,20
1,1,120026,0,0,0,0,0,0,0,0,0,0
2,1,120026,0,0,0,0,0,0,0,0,0,0
3,1,120026,0,0,0,0,8,0,0,0,0,0
4,1,120026,0,0,0,0,0,0,0,0,0,0
1,1,120027,0,0,0,11,0,0,28,0,0,0
2,1,120027,0,0,0,0,0,0,0,0,0,0
3,1,120027,0,0,0,0,0,0,0,0,0,0
4,1,120027,0,0,0,0,0,0,0,0,0,0
1,1,120028,0,0,0,0,0,0,0,0,0,0
2,1,120028,0,0,0,0,0,0,0,0,0,0
1,1,120029,0,0,0,0,0,0,0,0,0,0