VEH_NO,PER_NO,ST_CASE,P1,P2,P3,P4,P5,P6,P7,P8,P9,P10
2,1,120029,0,0,0,0,0,0,0,0,0,0
1,1,120030,0,0,0,0,0,0,0,0,0,0
2,1,120030,0,0,0,0,0,0,0,0,0,0
3,1,120030,0,0,0,0,0,0,0,0,0,0
4,1,120030,0,0,0,0,0,0,0,0,0,0
1,1,120031,0,0,0,0,19,0,0,0,0,0
2,1,120031,0,0,0,0,0,0,0,0,0,0
3,1,120031,0,0,0,0,0,0,0,0,0,0
4,1,120031,0,0,0,0,0,0,0,0,0,0
5,1,120031,0,0,0,0,0,0,0,0,0,0
6,1,120031,0,0,0,0,0,0,5,0,0,0
7,1,120031,0,0,0,0,0,0,0,0,0,0
8,1,120031,0,0,0,0,0,0,0,0,0,0
9,1,120031,0,0,0,0,0,0,0,0,0,0
10,1,120031,0,0,0,0,0,0,0,0,0,0
11,1,120031,0,0,0,0,0,0,0,0,0,0
12,1,120031,0,0,0,0,0,0,0,0,0,0
13,1,120031,0,0,0,0,0,0,0,0,0,0
14,1,120031,8,0,0,0,0,0,0,0,0,0
15,1,120031,19,19,19,19,19,19,19,19,19,19
16,1,120031,0,0,0,0,0,0,0,0,0,0
17,1,120031,0,0,0,0,0,10,0,0,0,0
18,1,120031,0,0,0,0,0,0,0,0,0,0
19,1,120031,0,0,0,0,0,0,0,0,0,0
20,1,120031,0,0,0,0,0,0,0,0,0,0
21,1,120031,0,0,0,0,0,0,0,0,0,0
22,1,120031,0,0,0,0,0,0,0,0,6,0
23,1,120031,0,0,0,0,0,3,4,5,0,0
24,1,120031,0,0,0,0,0,0,0,0,0,0
1,1,120032,18,18,18,18,18,18,18,18,18,18
1,1,120033,0,0,0,0,0,0,0,0,0,0
2,1,120033,0,0,0,0,0,0,0,0,0,0
1,1,120034,0,0,12,0,0,0,0,0,0,0
2,1,120034,0,0,0,0,0,0,0,0,0,0
0,1,120035,0,0,0,0,0,0,0,0,0,0
1,1,120035,0,0,0,0,0,0,0,0,0,0
0,1,120036,0,0,0,0,0,0,0,0,0,0
1,1,120036,0,0,0,0,0,0,0,0,0,0
0,1,120037,18,18,18,18,18,18,18,18,18,18
1,1,120037,0,0,0,0,0,0,0,0,0,0
1,1,120038,11,11,11,11,11,11,11,11,11,11
2,1,120038,0,0,0,0,0,0,0,0,0,0
1,1,120039,0,0,0,0,0,0,0,0,0,0
2,1,120039,0,0,0,0,0,0,0,0,0,0
0,1,120040,0,0,0,0,0,0,0,0,0,0
1,1,120040,0,0,0,0,0,0,0,0,0,0
1,1,120041,10,10,10,10,10,10,10,10,10,10
0,1,120042,10,10,10,10,10,10,10,10,10,10
1,1,120042,0,0,0,0,0,0,0,0,0,0
1,1,120043,15,15,15,15,15,15,15,15,15,15
1,1,120044,0,0,0,0,0,0,0,0,0,0
2,1,120044,0,0,0,0,0,0,0,0,0,0
3,1,120044,0,0,0,0,0,0,0,0,0,0
1,1,120045,0,0,0,0,0,0,0,0,0,0
2,1,120045,0,0,0,0,0,0,0,0,0,0
1,1,120046,0,0,0,0,0,0,0,0,0,0
2,1,120046,0,0,0,0,0,0,0,0,0,0
1,1,120047,0,0,0,0,0,0,0,0,0,0
2,1,120047,0,0,0,0,0,0,0,0,0,0
1,1,120048,15,15,15,15,15,15,15,15,15,15
1,1,120049,0,0,0,0,0,0,0,0,0,0
1,1,120050,0,0,0,0,0,0,0,0,0,0
2,1,120050,0,0,0,0,0,0,0,0,0,0
1,1,120051,0,0,0,0,0,0,0,0,0,0
1,1,120052,0,0,5,0,0,0,0,0,0,0
2,1,120052,0,0,0,0,0,0,0,0,0,0
0,1,120053,26,26,26,26,26,26,26,26,26,26
1,1,120053,0,0,0,0,0,0,0,0,0,0
0,1,120054,0,0,10,24,14,14,16,27,33,27
1,1,120054,0,0,0,0,0,0,0,0,0,0
1,1,120055,0,0,0,0,0,0,0,0,0,0
2,1,120055,0,0,0,0,0,0,0,0,0,0
1,1,120056,15,15,15,15,15,15,15,15,15,15
0,1,120057,21,21,21,21,21,21,21,21,21,21
1,1,120057,0,0,0,0,0,0,0,0,25,0
1,1,120058,0,0,0,0,0,0,0,0,0,0
2,1,120058,0,0,0,0,0,0,0,0,0,0
1,1,120059,13,13,13,13,13,13,13,13,13,13
2,1,120059,0,0,0,0,13,0,0,6,0,0
1,1,120060,0,0,0,0,0,0,0,0,0,0
1,1,120061,16,16,16,16,16,16,16,16,16,16
1,1,120062,0,0,0,0,0,0,0,0,0,0
0,1,120063,35,35,35,35,35,35,35,35,35,35
1,1,120063,0,0,0,0,0,9,0,0,0,0
1,1,120064,18,18,18,18,18,18,18,18,18,18
0,1,120065,0,0,0,0,0,0,0,0,0,0
1,1,120065,0,0,0,3,0,0,0,0,0,0
1,1,120066,0,0,0,0,0,0,0,0,0,0
1,1,120067,0,0,0,0,0,0,0,0,0,0
2,1,120067,0,0,0,0,0,0,0,0,0,0
1,1,120068,54,54,54,54,54,54,54,54,54,54
2,1,120068,0,0,0,0,0,0,0,0,0,0
1,1,120069,0,0,0,0,0,0,0,0,0,0
2,1,120069,0,0,0,0,0,0,0,0,0,0
1,1,120070,0,0,0,0,0,0,0,0,0,0
2,1,120070,0,0,0,0,0,0,0,0,0,0
1,1,120071,12,0,0,17,0,0,0,0,8,0
1,1,120072,0,0,0,0,0,0,0,0,0,0
2,1,120072,4,4,4,4,4,4,4,4,4,4
1,1,120073,18,18,18,18,18,18,18,18,18,18
2,1,120073,0,0,0,0,0,0,0,0,0,0
1,1,120074,0,0,0,0,0,0,0,0,0,0
2,1,120074,0,0,0,0,0,0,0,0,0,0
1,1,120075,12,12,12,12,12,12,12,12,12,12
1,1,120076,0,0,0,0,0,0,0,0,0,0
2,1,120076,0,0,0,0,0,0,0,0,0,0
0,1,120077,0,0,0,0,0,0,0,0,0,0
1,1,120077,0,0,0,0,8,0,12,0,0,0
1,1,120078,0,0,0,0,0,0,0,0,0,0
2,1,120078,0,0,0,0,0,0,0,0,0,0
1,1,120079,19,19,19,19,19,19,19,19,19,19
1,1,120080,0,14,0,11,12,0,0,0,0,0
2,1,120080,0,0,0,0,0,0,0,0,5,0
1,1,120081,0,0,0,0,0,0,0,0,0,0
1,1,120082,0,0,0,0,0,0,0,0,0,0
2,1,120082,0,0,0,0,0,0,0,0,0,0
0,1,120083,18,18,18,18,18,18,18,18,18,18
1,1,120083,0,0,0,0,0,0,0,0,0,0
1,1,120084,0,0,0,0,0,0,0,0,10,0
0,1,120085,23,41,0,14,0,9,31,31,19,20
1,1,120085,0,0,0,0,0,0,0,0,0,0
2,1,120085,0,0,0,0,0,0,0,0,0,0
3,1,120085,0,0,0,0,0,0,0,0,0,0
1,1,120086,0,0,0,0,0,0,0,0,0,0
2,1,120086,0,0,0,0,0,0,0,0,0,0
1,1,120087,0,0,0,0,0,0,0,0,0,0
1,1,120088,0,0,0,0,0,0,0,0,0,0
2,1,120088,0,0,0,0,0,0,0,0,0,0
0,1,120089,7,7,7,7,7,7,7,7,7,7
1,1,120089,0,0,0,0,0,0,0,0,0,0
2,1,120089,0,0,0,0,0,0,0,0,0,3
1,1,120090,5,0,12,16,0,0,0,20,16,11
1,1,120091,0,0,0,0,0,0,0,0,0,0
2,1,120091,0,0,0,0,0,0,0,0,0,0
0,1,120092,28,28,28,28,28,28,28,28,28,28
1,1,120092,0,0,0,0,0,0,0,0,0,0
1,1,120093,0,0,0,0,0,0,0,0,0,0
1,1,120094,0,0,0,0,0,0,0,0,0,0
2,1,120094,0,0,0,0,0,0,0,7,0,0
3,1,120094,0,0,0,0,8,0,0,0,0,0
1,1,120095,28,28,28,28,28,28,28,28,28,28
0,1,120096,0,0,0,0,0,0,0,0,0,0
1,1,120096,0,0,8,0,0,0,0,0,0,0
1,2,120097,0,0,0,0,0,23,13,0,0,14
1,1,120098,0,0,0,0,0,0,0,12,0,0
2,1,120098,0,0,0,0,0,0,0,0,0,0
3,1,120098,0,0,0,0,0,0,0,0,0,0
1,1,120099,0,0,0,0,0,0,0,0,0,0
2,1,120099,0,0,0,0,0,0,0,0,0,0
0,1,120100,21,21,21,21,21,21,21,21,21,21
1,1,120100,0,0,0,0,0,0,0,0,0,0
1,1,120101,0,0,0,0,0,0,0,0,0,0
2,1,120101,0,0,0,0,0,0,0,0,0,0
1,1,120102,19,19,19,19,19,19,19,19,19,19
2,1,120102,0,0,0,0,0,0,0,0,0,0
0,1,120103,28,28,28,28,28,28,28,28,28,28
1,1,120103,0,18,0,0,0,0,0,0,0,0
2,1,120103,0,0,12,0,11,0,0,0,0,0
3,1,120103,0,0,0,0,0,0,9,0,7,0
4,1,120103,0,4,0,0,0,0,0,0,0,0
0,1,120104,0,0,0,0,0,0,0,0,0,0
1,1,120104,0,0,0,0,0,0,0,0,0,0
1,1,120105,0,0,0,0,0,0,0,0,0,0
2,1,120105,0,0,0,0,0,0,0,0,0,0
3,1,120105,0,0,0,8,0,0,0,0,0,0
4,1,120105,0,0,0,0,0,0,0,0,0,0
5,1,120105,0,0,0,0,0,0,0,0,0,0
0,1,120106,42,42,42,42,42,42,42,42,42,42
1,1,120106,0,0,0,0,8,0,0,0,0,0
0,1,120107,0,0,0,0,0,0,0,0,0,0
1,1,120107,0,0,0,0,0,0,0,0,0,0
1,1,120108,0,0,0,0,0,0,0,0,0,0
2,1,120108,0,0,0,0,0,0,0,0,0,0
1,1,120109,0,0,0,0,0,0,0,0,0,0
0,1,120110,0,0,0,0,0,0,0,0,0,0
1,1,120110,0,0,0,0,0,0,19,0,0,0
1,1,120111,0,0,0,0,0,0,0,0,0,0
2,1,120111,0,0,0,0,0,0,0,0,0,0
0,1,120112,0,0,0,0,0,0,0,0,0,0
0,1,120113,0,0,0,0,0,0,0,0,0,0
1,1,120113,0,0,0,0,0,0,0,0,0,0
1,1,120114,0,0,0,0,0,0,0,0,0,0
1,1,120115,0,0,0,0,0,0,0,0,0,0
1,1,120116,0,0,0,0,0,0,0,0,0,0
2,1,120116,0,0,0,0,0,0,0,0,0,0
1,1,120117,14,0,0,16,0,0,0,0,17,0
1,1,120118,0,0,0,0,0,0,0,0,0,0
2,1,120118,2,2,2,2,2,2,2,2,2,2
3,1,120118,0,0,11,0,0,0,0,0,0,0
1,1,120119,0,0,0,0,0,0,0,0,0,0
2,1,120119,0,0,0,0,0,0,0,0,0,0
3,1,120119,0,0,0,0,0,0,0,0,0,0
1,1,120120,0,0,0,0,0,0,0,0,0,0
2,1,120120,0,0,0,0,0,0,0,0,0,0
3,1,120120,0,0,0,0,0,0,0,0,0,0
1,1,120122,0,0,0,0,0,0,0,0,0,0
2,1,120122,0,0,0,0,0,0,0,0,0,0
1,1,120123,20,20,20,20,20,20,20,20,20,20
1,1,120124,0,0,0,0,0,0,0,0,0,0
2,1,120124,0,0,0,0,0,0,0,0,0,0
1,1,120125,0,0,0,0,0,0,0,0,0,0
2,1,120125,0,0,0,0,0,0,0,0,0,0
1,1,120126,0,0,0,0,0,0,0,0,0,0
2,1,120126,13,13,13,13,13,13,13,13,13,13
0,1,120127,0,0,0,0,0,0,0,0,0,0
1,1,120127,0,0,0,0,0,0,0,0,0,0
1,1,120128,0,0,0,0,0,0,0,0,0,0
2,1,120128,0,0,0,0,0,0,0,0,0,0
0,1,120129,0,0,0,0,0,0,0,0,0,0
1,1,120129,0,0,0,0,0,0,0,0,0,0
1,1,120130,0,0,0,0,0,0,0,0,0,0
2,1,120130,0,0,0,0,0,0,0,0,0,0
3,1,120130,0,0,0,0,0,0,0,0,0,0
4,1,120130,0,0,0,0,0,0,0,0,0,0
5,1,120130,0,0,0,0,0,0,0,0,0,0
6,1,120130,0,0,0,0,0,0,0,0,0,0
7,1,120130,0,0,0,0,0,0,0,0,0,0
8,1,120130,0,0,0,0,0,0,0,0,0,0
0,1,120131,0,0,0,0,0,0,0,0,0,0
1,1,120131,0,0,0,0,0,0,0,0,0,0
0,1,120132,42,42,42,42,42,42,42,42,42,42
1,1,120132,0,1,0,0,0,0,0,0,0,0
1,1,120133,0,0,0,0,0,0,0,0,0,0
2,1,120133,0,0,0,0,0,0,0,0,0,0
1,1,120134,14,14,14,14,14,14,14,14,14,14
1,1,120135,0,0,0,0,0,0,0,0,0,0
0,1,120136,0,0,0,0,0,0,0,0,0,23
1,1,120136,0,0,0,0,0,0,0,0,0,0
1,1,120137,0,0,0,0,0,0,0,0,0,0
2,1,120137,0,0,0,0,0,0,0,0,0,0
1,1,120138,35,35,35,35,35,35,35,35,35,35
1,1,120139,0,0,0,0,0,0,0,0,0,0
2,1,120139,0,0,0,0,0,0,0,0,0,16
1,1,120140,0,0,0,0,0,0,0,0,0,0
2,1,120140,0,0,0,0,0,0,0,0,0,0
1,1,120141,0,0,0,0,0,0,0,0,0,0
2,1,120141,0,0,0,0,0,0,0,0,0,0
0,1,120142,35,35,35,35,35,35,35,35,35,35
1,1,120142,0,0,0,0,26,0,2,0,0,0
1,1,120143,0,0,0,0,0,0,0,0,0,0
1,1,120144,15,15,15,15,15,15,15,15,15,15
1,1,120145,13,13,13,13,13,13,13,13,13,13
0,1,120146,0,0,0,0,0,0,0,0,0,0
1,1,120146,0,0,0,0,0,8,0,0,0,0
0,1,120147,18,18,18,18,18,18,18,18,18,18
1,1,120147,0,0,0,0,0,0,0,0,0,0
0,1,120149,0,0,0,0,0,0,0,0,0,0
1,1,120149,0,0,0,0,0,0,0,0,0,0
1,1,120150,0,0,0,0,0,0,0,0,0,0
2,1,120150,1,1,1,1,1,1,1,1,1,1
0,1,120151,0,0,0,0,0,0,0,0,0,0
1,1,120151,0,0,0,0,0,0,0,0,0,0
1,1,120152,0,0,0,0,0,0,0,0,0,0
2,1,120152,0,0,0,0,0,0,0,0,0,0
0,1,120153,26,26,26,26,26,26,26,26,26,26
1,1,120153,8,8,8,8,8,8,8,8,8,8
1,1,120154,0,0,0,0,0,0,0,0,0,0
2,1,120154,0,0,0,0,0,0,0,0,0,0
1,1,120155,8,8,8,8,8,8,8,8,8,8
2,1,120155,0,0,0,0,0,0,0,0,0,0
1,1,120156,29,29,29,29,29,29,29,29,29,29
0,1,120157,23,23,23,23,23,23,23,23,23,23
0,2,120157,0,22,4,0,0,0,0,0,0,0
1,1,120157,0,0,0,0,0,0,0,0,0,0
1,1,120158,13,13,13,13,13,13,13,13,13,13
1,1,120159,24,24,24,24,24,24,24,24,24,24
2,1,120159,0,0,0,0,0,0,0,0,0,0
1,1,120160,7,0,0,0,0,0,0,0,0,0
2,1,120160,0,0,0,0,0,0,0,0,0,0
1,1,120161,0,0,0,0,0,0,0,0,0,0
2,1,120161,0,0,0,0,0,0,0,0,0,0
0,1,120162,18,18,18,18,18,18,18,18,18,18
1,1,120162,0,0,0,0,14,0,0,0,0,0
0,1,120163,22,22,22,22,22,22,22,22,22,22
1,1,120163,0,0,0,0,0,0,0,0,0,0
0,1,120164,0,0,0,0,0,0,0,0,0,0
1,1,120164,0,0,0,0,0,0,0,0,0,0
1,1,120165,0,0,0,0,0,0,0,0,0,0
2,1,120165,0,0,0,0,0,0,0,0,0,0
3,1,120165,0,0,0,0,0,0,0,0,0,0
1,1,120166,0,0,0,0,0,0,0,0,0,0
2,1,120166,0,0,0,0,0,0,0,0,0,0
1,1,120167,0,0,0,0,0,0,0,0,0,0
2,1,120167,0,0,0,0,0,0,0,0,0,0
1,1,120168,33,33,33,33,33,33,33,33,33,33
2,1,120168,0,0,0,0,0,0,0,0,0,0
3,1,120168,0,0,0,0,0,0,0,0,0,0
1,1,120169,27,27,27,27,27,27,27,27,27,27
2,1,120169,0,0,0,0,0,0,0,0,0,0
1,1,120170,8,8,8,8,8,8,8,8,8,8
0,1,120171,0,0,0,0,0,0,0,0,0,0
2,1,120171,9,9,9,9,9,9,9,9,9,9
1,1,120172,0,0,0,0,0,0,0,0,0,0
2,1,120172,0,0,0,0,0,0,0,0,0,0
3,1,120172,0,0,0,0,0,0,0,0,0,0
4,1,120172,0,0,0,0,0,0,0,0,0,0
5,1,120172,0,0,0,0,0,0,0,0,0,0
1,1,120173,0,0,0,0,0,0,0,0,0,0
2,1,120173,0,0,0,0,0,0,0,0,0,0
1,1,120174,0,0,0,0,0,0,0,0,0,0
2,1,120174,0,0,0,0,0,0,0,0,0,0
1,1,120175,10,10,10,10,10,10,10,10,10,10
1,1,120176,0,0,0,0,0,0,0,0,0,0
1,1,120177,0,0,0,0,0,0,0,0,0,0
2,1,120177,0,0,0,0,0,0,0,0,0,0
1,1,120178,0,0,0,0,0,0,0,0,0,0
1,1,120179,0,0,0,0,0,0,0,0,0,0
1,1,120180,6,6,6,6,6,6,6,6,6,6
1,1,120181,19,19,19,19,19,19,19,19,19,19
2,1,120181,0,0,0,0,0,0,0,0,0,0
1,1,120182,0,0,0,0,0,0,0,0,0,0
2,1,120182,2,0,0,0,0,0,0,7,0,0
0,1,120183,0,0,0,0,0,0,0,0,0,0
1,1,120183,0,0,0,0,0,0,0,0,0,0
2,1,120183,0,0,0,0,0,0,0,0,0,0
3,1,120183,0,0,0,0,0,0,0,0,0,0
1,1,120184,0,0,0,0,0,0,0,0,0,0
2,1,120184,0,0,0,11,0,0,0,0,0,0
0,1,120185,0,0,0,0,0,0,0,0,0,0
1,1,120185,0,0,0,0,0,0,0,0,0,0
1,1,120186,0,0,0,0,0,0,0,0,0,0
2,1,120186,6,6,6,6,6,6,6,6,6,6
1,1,120187,0,0,0,0,0,0,0,0,0,0
2,1,120187,0,0,0,0,0,0,0,0,0,0
0,1,120188,0,0,0,0,0,0,0,0,0,0
1,1,120188,0,0,0,0,0,0,0,0,0,0
1,1,120189,14,14,14,14,14,14,14,14,14,14
1,1,120190,0,0,0,0,0,0,0,0,0,0
2,1,120190,0,0,0,0,0,0,0,0,0,0
1,1,120191,0,0,0,0,0,0,0,0,0,0
2,1,120191,0,0,0,0,0,0,0,0,0,0
3,1,120191,0,0,0,0,0,0,0,0,0,0
4,1,120191,0,0,0,0,0,0,0,0,0,0
5,1,120191,0,0,0,0,0,0,0,0,0,0
6,1,120191,0,0,0,0,0,0,0,0,0,0
7,1,120191,0,0,0,0,0,0,0,0,0,0
8,1,120191,0,0,0,0,0,0,0,0,0,0
1,1,120192,23,23,23,23,23,23,23,23,23,23
1,1,120193,0,0,0,0,0,0,0,0,0,0
2,1,120193,0,0,0,0,0,0,0,53,0,0
0,1,120194,0,0,0,0,0,0,0,0,0,0
1,1,120194,0,0,0,0,8,0,0,0,0,0
0,1,120195,0,0,0,0,0,0,30,0,0,15
1,1,120195,0,0,0,0,0,0,0,0,0,0
1,1,120196,12,12,12,12,12,12,12,12,12,12
1,1,120197,15,15,15,15,15,15,15,15,15,15
2,1,120197,0,0,0,0,0,0,0,0,0,0
1,2,120198,15,26,23,16,23,9,19,10,0,19
1,1,120200,0,0,0,0,0,0,0,0,0,0
0,1,120201,8,3,0,0,0,0,25,9,0,0
1,1,120201,0,0,0,0,0,0,0,0,0,0
0,1,120202,0,18,0,0,0,0,0,0,0,0
1,1,120202,0,0,0,0,0,0,0,0,0,0
1,1,120203,0,0,0,0,0,0,0,0,0,0
1,1,120204,18,18,18,18,18,18,18,18,18,18
1,1,120205,22,0,0,0,0,30,0,0,0,0
1,1,120206,0,0,0,0,0,0,0,0,0,0
1,1,120207,0,0,0,0,0,0,6,0,0,0
2,1,120207,9,9,9,9,9,9,9,9,9,9
0,1,120208,23,23,23,23,23,23,23,23,23,23
1,1,120208,0,0,0,0,0,0,0,0,0,0
2,1,120208,0,0,0,11,0,0,0,0,0,0
1,1,120209,9,9,9,9,9,9,9,9,9,9
2,1,120209,0,0,0,0,0,0,16,0,0,0
1,1,120210,0,0,0,0,0,0,0,0,0,0
2,1,120210,0,0,0,0,0,0,0,0,0,0
0,1,120211,0,0,0,0,0,0,0,0,0,0
1,1,120211,0,0,0,0,0,0,0,0,0,0
0,1,120212,25,25,25,25,25,25,25,25,25,25
1,1,120212,11,0,9,0,7,19,29,14,0,0
1,1,120213,0,0,0,0,0,0,0,0,0,0
0,1,120214,0,0,0,0,0,0,0,0,0,0
0,2,120214,0,0,0,0,0,0,0,0,0,0
1,1,120214,0,0,0,0,0,6,0,0,0,0
1,1,120215,0,0,0,0,0,0,0,0,0,0
2,1,120215,0,0,0,0,0,0,0,0,0,0
3,1,120215,0,0,0,0,0,0,0,12,0,0
1,1,120216,0,0,0,0,0,0,0,0,0,0
2,1,120216,0,3,0,0,0,0,0,0,3,0
1,1,120217,0,0,0,0,0,0,15,11,0,0
2,1,120217,0,0,0,0,0,0,0,0,0,0
1,1,120218,4,4,4,4,4,4,4,4,4,4
1,1,120219,0,0,0,0,0,0,0,0,0,0
0,1,120220,0,0,0,0,0,0,0,0,0,0
1,1,120220,0,0,0,0,0,0,0,0,0,0
1,1,120221,0,0,0,0,0,0,0,0,0,0
2,1,120221,0,0,0,0,0,0,0,0,0,0
1,1,120222,0,0,0,0,0,0,0,0,0,0
2,1,120222,0,0,0,0,0,0,0,0,0,0
0,1,120223,15,15,15,15,15,15,15,15,15,15
1,1,120223,0,0,0,0,0,0,0,0,0,0
1,1,120224,0,0,0,0,0,0,0,0,0,0
2,1,120224,0,0,0,0,0,0,0,0,0,0
1,1,120226,0,0,0,0,0,0,0,0,0,0
2,1,120226,0,0,0,0,0,0,0,0,0,0
1,1,120227,19,19,19,19,19,19,19,19,19,19
2,1,120227,0,0,0,0,0,0,0,0,0,0
1,1,120228,0,0,0,0,0,0,0,0,0,0
2,1,120228,0,0,0,0,0,0,0,0,0,0
3,1,120228,0,0,0,0,0,0,0,0,0,0
1,1,120229,0,0,0,0,0,0,0,0,0,0
1,1,120230,0,0,0,0,0,0,0,0,0,0
0,1,120231,21,21,21,21,21,21,21,21,21,21
1,1,120231,0,0,0,0,0,0,0,0,0,0
2,1,120231,0,0,0,0,0,0,0,0,0,0
3,1,120231,0,0,0,0,0,0,0,0,0,0
4,1,120231,0,0,0,0,0,0,0,0,0,0
1,1,120232,0,0,0,0,0,0,0,0,0,0
0,1,120233,0,0,7,0,0,0,0,0,0,0
0,2,120233,0,0,0,0,0,7,0,0,0,0
1,1,120233,0,0,0,0,0,0,0,0,10,18
1,1,120234,0,0,0,0,0,0,0,0,0,0
2,1,120234,0,0,0,0,0,0,0,0,0,0
0,1,120235,0,0,0,0,13,20,18,0,0,32
1,1,120235,0,8,0,0,10,0,0,0,0,0
0,1,120236,0,0,0,0,0,0,0,0,0,0
1,1,120236,2,2,2,2,2,2,2,2,2,2
1,1,120237,0,0,0,9,12,0,0,0,0,0
0,1,120238,0,0,0,0,0,0,0,0,0,0
1,1,120238,0,0,0,0,0,0,13,0,0,0
1,1,120239,28,28,28,28,28,28,28,28,28,28
0,1,120240,37,37,37,37,37,37,37,37,37,37
1,1,120240,0,0,0,0,0,0,0,0,0,21
1,1,120241,0,0,0,0,0,0,0,0,0,0
2,1,120241,0,0,0,0,0,0,0,0,0,0
0,1,120242,26,26,26,26,26,26,26,26,26,26
1,1,120242,26,26,26,26,26,26,26,26,26,26
1,1,120243,0,0,0,0,0,0,0,0,0,0
2,1,120243,0,0,0,13,0,5,0,0,0,0
0,1,120244,0,0,15,8,3,5,28,0,9,16
1,1,120244,0,0,0,0,0,0,0,0,0,0
1,1,120245,15,15,15,15,15,15,15,15,15,15
2,1,120245,0,0,0,0,0,0,0,0,0,0
1,1,120246,29,29,29,29,29,29,29,29,29,29
1,1,120247,22,22,22,22,22,22,22,22,22,22
2,1,120247,12,12,12,12,12,12,12,12,12,12
1,1,120248,0,0,0,0,0,0,0,0,0,0
2,1,120248,0,0,0,0,0,0,0,0,0,0
0,1,120249,26,26,26,26,26,26,26,26,26,26
1,1,120249,0,0,0,0,0,0,0,0,0,0
1,1,120250,0,0,0,0,0,0,0,0,0,0
1,1,120251,0,0,0,0,0,0,0,0,0,0
1,1,120253,0,0,0,0,0,0,0,0,0,0
1,1,120254,0,0,0,0,0,0,0,0,7,16
1,1,120255,0,0,0,0,0,0,0,0,0,0
2,1,120255,0,0,0,0,0,0,0,0,0,0
1,1,120256,0,0,0,0,0,0,0,0,0,0
1,1,120257,11,11,11,11,11,11,11,11,11,11
2,1,120257,0,0,0,0,0,0,0,0,0,0
1,1,120258,0,0,0,0,0,0,0,0,0,0
1,1,120259,0,0,0,0,0,0,0,0,0,0
2,1,120259,0,0,0,0,0,0,0,0,0,0
1,1,120260,0,0,0,0,0,0,0,0,0,0
0,1,120261,0,0,0,0,0,0,0,0,0,0
1,1,120261,0,3,0,0,0,0,0,0,0,0
0,1,120262,0,0,0,0,0,0,0,0,0,0
1,1,120262,0,0,0,0,0,0,0,0,0,0
1,1,120263,8,8,8,8,8,8,8,8,8,8
2,1,120263,0,0,0,0,0,7,0,0,0,0
0,1,120264,18,18,18,18,18,18,18,18,18,18
1,1,120264,0,0,0,0,0,0,0,0,0,0
1,1,120265,0,0,0,0,0,0,0,0,0,0
1,1,120266,0,0,0,0,0,0,0,0,0,0
2,1,120266,0,0,0,0,0,0,0,0,0,0
1,1,120267,0,0,0,0,0,0,0,0,0,0
2,1,120267,0,0,0,0,0,0,0,0,0,0
1,1,120268,14,0,0,0,0,0,0,0,0,0
2,1,120268,0,0,0,0,0,0,0,0,15,0
1,1,120269,0,0,0,0,0,0,0,0,0,0
2,1,120269,0,0,0,0,0,0,0,0,0,0
1,1,120270,0,0,0,0,0,0,0,0,0,0
1,1,120271,0,0,0,0,0,0,0,0,0,0
2,1,120271,0,0,0,0,0,0,0,0,0,0
1,1,120272,31,11,0,0,6,15,0,9,0,10
0,1,120273,28,28,28,28,28,28,28,28,28,28
1,1,120273,0,0,0,0,0,0,0,0,0,0
0,1,120274,2,2,2,2,2,2,2,2,2,2
1,1,120274,0,0,0,0,0,0,0,0,0,0
1,1,120275,7,7,7,7,7,7,7,7,7,7
1,1,120276,0,0,0,0,0,0,0,0,0,0
1,1,120277,0,0,0,0,0,0,0,0,0,0
2,1,120277,0,0,0,0,0,0,0,0,0,0
1,1,120278,0,0,0,0,0,0,0,0,0,0
1,1,120279,10,20,12,12,9,19,14,41,0,0
1,1,120280,6,6,6,6,6,6,6,6,6,6
2,1,120280,0,0,0,0,0,0,0,0,0,0
3,1,120280,0,0,0,0,0,0,0,0,0,0
1,1,120281,18,18,18,18,18,18,18,18,18,18
1,1,120282,0,0,0,0,8,0,0,0,0,0
0,1,120283,0,0,0,0,0,0,0,0,0,0
1,1,120283,0,0,0,0,0,0,11,0,0,0
1,1,120284,21,21,21,21,21,21,21,21,21,21
1,1,120285,5,5,5,5,5,5,5,5,5,5
1,1,120286,0,0,0,0,0,0,0,0,0,0
2,1,120286,0,0,0,0,0,0,0,0,0,0
3,1,120286,0,0,0,0,0,0,0,0,0,0
4,1,120286,0,0,0,0,0,0,0,0,0,0
5,1,120286,0,0,0,0,0,0,0,0,0,0
6,1,120286,0,0,0,0,0,0,0,0,0,0
1,1,120287,0,0,0,0,0,0,0,0,0,0
0,1,120288,0,0,0,0,0,0,0,0,0,0
1,1,120288,0,0,0,0,0,0,0,0,0,0
1,1,120289,0,0,0,0,0,0,0,0,0,0
2,1,120289,0,0,0,0,0,0,0,0,0,0
1,1,120291,24,24,24,24,24,24,24,24,24,24
1,1,120292,8,8,8,8,8,8,8,8,8,8
2,1,120292,12,12,12,12,12,12,12,12,12,12
1,1,120293,15,15,15,15,15,15,15,15,15,15
0,1,120294,11,11,11,11,11,11,11,11,11,11
1,1,120294,0,0,0,0,0,3,0,0,0,0
1,1,120295,25,25,25,25,25,25,25,25,25,25
0,1,120296,0,0,0,0,0,0,0,0,0,0
1,1,120296,0,0,0,0,0,0,0,0,0,0
1,1,120297,0,0,0,0,0,0,0,0,0,0
2,1,120297,0,0,0,0,0,0,0,0,0,0
3,1,120297,0,0,0,0,0,0,0,0,0,0