VEH_NO,PER_NO,ST_CASE,P1,P2,P3,P4,P5,P6,P7,P8,P9,P10
1,1,120298,28,28,28,28,28,28,28,28,28,28
1,1,120299,0,0,0,0,0,0,0,0,0,0
2,1,120299,7,0,0,0,0,0,0,0,0,0
0,1,120300,0,0,0,0,0,0,0,0,0,0
0,2,120300,0,0,0,0,0,0,0,32,11,0
1,1,120300,0,0,0,0,0,0,0,0,0,0
1,1,120301,16,16,16,16,16,16,16,16,16,16
1,1,120302,30,30,30,30,30,30,30,30,30,30
2,1,120303,0,0,0,0,0,0,0,0,0,0
3,1,120303,0,0,0,0,0,0,0,0,0,0
1,1,120304,0,0,0,0,0,0,0,0,0,0
2,1,120304,0,0,0,0,21,11,9,11,0,12
1,1,120305,0,0,0,0,0,0,0,0,0,0
2,1,120305,0,0,0,0,0,0,0,0,0,0
0,1,120306,8,0,0,0,0,0,0,0,0,26
1,1,120306,0,0,0,0,11,9,12,0,14,5
2,1,120306,0,0,0,0,0,0,0,0,0,0
1,1,120307,0,0,0,0,0,0,0,21,12,0
0,1,120308,12,12,12,12,12,12,12,12,12,12
1,1,120308,0,0,0,0,0,0,0,0,0,0
1,1,120309,1,1,1,1,1,1,1,1,1,1
1,1,120310,6,0,0,0,0,0,0,0,0,0
1,1,120311,0,0,0,0,0,0,0,0,0,0
2,1,120311,0,0,0,0,0,0,0,0,0,0
3,1,120311,0,0,0,0,0,0,0,0,0,0
4,1,120311,0,0,0,0,0,0,0,0,0,0
1,1,120312,0,0,0,0,0,0,0,0,0,0
2,1,120312,0,0,0,0,0,0,0,0,0,0
3,1,120312,0,0,0,0,0,0,0,0,0,0
1,1,120313,0,0,0,0,0,0,0,0,0,0
2,1,120313,0,0,0,0,0,0,0,0,0,0
1,1,120314,14,0,0,9,0,0,0,0,0,0
0,1,120315,0,0,0,0,0,0,0,0,0,0
1,1,120315,0,0,0,0,0,0,0,0,0,0
0,1,120316,7,7,7,7,7,7,7,7,7,7
1,1,120316,0,0,0,31,6,0,0,0,0,0
1,1,120317,0,0,0,0,0,0,0,0,0,0
2,1,120317,0,0,0,0,0,0,0,0,0,0
0,1,120318,26,13,32,11,27,0,0,12,31,13
1,1,120318,37,37,37,37,37,37,37,37,37,37
1,1,120319,0,6,0,0,0,12,0,8,0,0
2,1,120319,9,9,9,9,9,9,9,9,9,9
1,1,120320,0,0,0,0,0,0,0,0,0,0
2,1,120320,0,0,31,0,0,0,0,0,0,0
0,1,120321,28,28,28,28,28,28,28,28,28,28
1,1,120321,0,0,0,0,0,0,0,0,0,0
1,1,120322,0,0,0,0,0,0,0,0,0,0
2,1,120322,0,0,0,0,0,0,0,0,0,0
1,1,120323,16,16,16,16,16,16,16,16,16,16
2,1,120323,0,0,0,0,0,0,0,0,0,0
1,1,120324,30,30,30,30,30,30,30,30,30,30
1,1,120325,0,0,0,0,0,0,0,0,0,0
2,1,120325,0,0,0,0,0,0,0,0,0,0
1,1,120326,0,0,0,0,0,0,0,0,0,0
2,1,120326,0,0,0,0,0,0,0,0,0,0
1,1,120327,0,0,0,0,0,10,0,0,0,0
1,1,120328,0,0,0,0,0,0,0,0,0,0
1,1,120329,23,23,23,23,23,23,23,23,23,23
1,1,120330,0,0,0,0,0,0,0,0,0,0
2,1,120330,0,0,0,0,0,0,0,0,0,0
1,1,120331,0,0,0,0,0,0,0,0,0,0
2,1,120331,0,0,0,0,0,0,0,0,0,0
3,1,120331,0,0,0,0,0,0,0,0,0,0
4,1,120331,0,0,0,0,0,0,0,0,0,0
1,1,120332,16,16,16,16,16,16,16,16,16,16
0,1,120333,0,0,0,0,0,0,0,0,0,0
1,1,120333,0,0,0,0,0,0,0,0,0,0
1,1,120334,0,0,0,11,12,0,0,0,0,0
0,1,120335,0,0,0,0,0,0,0,0,0,0
1,1,120335,0,0,0,0,0,0,0,0,0,0
2,1,120335,0,0,0,0,0,0,0,0,0,0
1,1,120336,0,0,0,0,0,0,0,0,0,0
2,1,120336,0,0,0,0,0,0,0,0,0,0
0,1,120337,47,47,47,47,47,47,47,47,47,47
1,1,120337,0,0,0,0,0,0,0,0,0,0
1,1,120338,0,0,0,0,0,0,0,0,0,0
0,1,120339,0,0,0,0,0,0,0,0,22,0
1,1,120339,5,0,0,7,0,0,4,0,0,0
1,1,120340,8,8,8,8,8,8,8,8,8,8
2,1,120340,0,0,0,0,0,0,0,5,15,9
0,1,120341,29,29,29,29,29,29,29,29,29,29
1,1,120341,0,0,0,0,0,10,0,0,0,0
1,1,120342,21,21,21,21,21,21,21,21,21,21
2,1,120342,7,7,7,7,7,7,7,7,7,7
1,1,120343,0,0,0,0,0,0,0,0,0,0
1,1,120344,0,0,0,0,0,0,0,0,0,0
2,1,120344,0,0,0,0,0,0,0,0,0,0
1,1,120346,0,0,0,0,0,0,0,0,0,20
2,1,120346,0,0,0,0,0,0,0,0,0,0
1,1,120347,2,2,2,2,2,2,2,2,2,2
2,1,120347,0,0,0,0,0,0,0,0,0,0
0,1,120348,4,0,0,9,0,0,0,6,0,0
1,1,120348,0,0,9,0,0,0,0,0,0,0
1,1,120349,0,0,0,0,0,0,0,0,0,0
0,1,120350,0,20,0,3,32,0,0,0,0,0
1,1,120350,19,19,19,19,19,19,19,19,19,19
1,1,120351,0,0,0,0,0,0,0,0,0,0
2,1,120351,0,0,0,0,0,0,0,0,0,0
1,1,120352,21,21,21,21,21,21,21,21,21,21
1,1,120353,19,19,19,19,19,19,19,19,19,19
1,1,120354,0,0,0,0,0,0,0,0,0,0
2,1,120354,0,0,0,0,0,0,0,0,0,0
1,1,120355,0,0,0,0,0,0,0,0,0,0
2,1,120355,0,0,0,0,0,0,0,0,0,0
3,1,120355,0,0,0,0,0,0,0,0,0,0
4,1,120355,0,0,0,0,0,0,0,0,0,0
5,1,120355,0,0,0,0,0,0,0,0,0,0
0,1,120356,0,0,0,0,0,0,0,0,0,0
1,1,120356,0,0,0,0,0,0,11,0,0,0
0,1,120357,0,0,0,0,0,0,0,0,0,0
1,1,120357,0,0,0,0,0,0,0,0,0,20
0,1,120358,0,0,0,0,0,0,0,0,0,0
1,1,120358,0,0,0,0,0,0,0,0,0,0
1,1,120359,14,14,14,14,14,14,14,14,14,14
1,1,120360,15,15,15,15,15,15,15,15,15,15
2,1,120360,5,5,5,5,5,5,5,5,5,5
0,1,120361,0,0,0,0,0,0,0,0,0,0
1,1,120361,0,0,0,0,0,0,0,0,0,0
1,1,120362,0,0,0,0,0,0,0,0,0,0
1,1,120363,0,0,0,0,0,0,0,0,0,0
0,1,120364,0,0,0,0,0,0,0,0,0,0
1,1,120364,0,0,0,0,0,0,0,0,0,0
1,1,120365,1,1,1,1,1,1,1,1,1,1
1,1,120366,0,0,0,0,0,0,0,0,0,0
2,1,120366,0,0,0,0,0,0,0,0,0,0
1,1,120367,0,0,0,0,0,0,0,0,0,0
2,1,120367,0,0,0,0,0,0,0,0,0,0
1,1,120368,0,0,0,0,0,0,0,0,0,0
1,1,120369,25,25,25,25,25,25,25,25,25,25
0,1,120370,24,24,24,24,24,24,24,24,24,24
1,1,120370,0,0,0,0,0,0,0,0,0,4
1,1,120371,22,22,22,22,22,22,22,22,22,22
0,1,120372,39,39,39,39,39,39,39,39,39,39
1,1,120372,0,0,0,0,0,0,0,0,0,0
1,1,120373,0,0,0,0,0,0,0,0,0,0
2,1,120373,0,0,0,0,0,0,0,0,0,0
1,1,120374,0,0,0,0,0,0,0,0,0,0
1,1,120375,8,8,8,8,8,8,8,8,8,8
2,1,120375,0,0,0,0,0,0,0,0,0,0
1,1,120376,0,0,0,0,0,0,0,0,0,0
1,1,120377,0,0,0,0,0,0,0,0,0,0
2,1,120377,0,0,0,0,0,0,0,0,0,0
1,1,120378,23,23,23,23,23,23,23,23,23,23
1,1,120379,0,0,0,0,0,0,0,0,0,0
2,1,120379,0,0,0,0,0,0,0,0,0,0
1,1,120380,0,0,0,0,0,0,0,0,0,0
1,1,120381,0,0,0,0,0,0,0,0,0,0
2,1,120381,1,1,1,1,1,1,1,1,1,1
1,1,120382,25,25,25,25,25,25,25,25,25,25
1,1,120383,14,14,14,14,14,14,14,14,14,14
1,1,120384,0,0,0,0,0,0,0,0,0,0
2,1,120384,0,0,0,0,0,0,0,0,0,0
1,1,120385,0,0,14,30,0,0,15,0,0,0
1,1,120386,0,0,0,0,0,0,0,0,0,0
2,1,120386,14,14,14,14,14,14,14,14,14,14
1,1,120387,0,0,0,0,0,0,0,0,0,0
2,1,120387,0,0,0,0,0,0,0,0,0,0
1,1,120388,25,25,25,25,25,25,25,25,25,25
1,1,120389,37,37,37,37,37,37,37,37,37,37
1,1,120390,0,0,0,0,0,0,0,0,0,8
2,1,120390,7,7,7,7,7,7,7,7,7,7
1,1,120391,0,0,0,0,0,0,0,0,0,0
1,1,120392,0,0,0,0,0,0,0,0,0,0
2,1,120392,0,0,0,0,0,0,0,0,0,0
3,1,120392,0,0,0,0,0,0,0,0,0,0
1,1,120393,0,0,0,0,0,0,0,0,0,0
0,1,120394,0,0,0,0,0,0,0,0,0,0
1,1,120394,0,0,0,0,0,0,0,0,0,0
1,1,120395,0,0,0,0,0,0,0,0,0,0
0,1,120396,0,0,0,0,0,0,0,0,0,0
1,1,120396,0,0,17,0,0,0,0,0,0,0
0,1,120397,35,35,35,35,35,35,35,35,35,35
1,1,120397,0,0,0,0,0,0,0,0,0,0
1,1,120398,0,0,0,0,0,0,0,0,0,0
2,1,120398,0,0,0,0,0,0,0,0,0,0
0,1,120399,1,1,1,1,1,1,1,1,1,1
1,1,120399,0,0,0,0,0,0,0,0,0,0
1,1,120400,19,19,19,19,19,19,19,19,19,19
1,1,120401,0,0,0,0,0,0,0,0,0,0
2,1,120401,0,0,0,0,0,0,0,0,0,0
3,1,120401,0,0,0,0,0,0,0,0,0,0
0,1,120402,0,0,0,0,0,0,0,0,0,0
1,1,120402,0,0,0,0,0,0,10,0,14,0
1,1,120403,0,0,0,0,0,0,0,0,0,0
2,1,120403,0,0,0,0,0,0,0,0,0,0
1,1,120404,0,0,0,12,0,5,17,0,0,0
2,1,120404,0,0,0,0,0,0,0,0,0,0
1,1,120405,0,0,0,0,0,0,0,0,0,0
1,1,120406,26,26,26,26,26,26,26,26,26,26
1,1,120407,0,0,0,0,0,0,0,0,0,0
2,1,120407,17,17,17,17,17,17,17,17,17,17
1,1,120408,0,0,0,0,0,0,0,0,0,0
0,1,120409,0,0,0,0,0,0,0,0,0,0
1,1,120409,0,0,0,0,0,0,0,0,0,0
1,1,120410,0,0,0,0,0,0,0,0,0,0
2,1,120410,0,0,0,0,0,0,0,0,0,0
1,1,120411,13,13,13,13,13,13,13,13,13,13
2,1,120411,0,0,0,0,0,0,0,0,0,0
1,1,120413,12,12,12,12,12,12,12,12,12,12
1,1,120414,0,0,0,0,0,0,0,0,0,0
2,1,120414,24,24,24,24,24,24,24,24,24,24
1,1,120415,9,9,9,9,9,9,9,9,9,9
1,1,120416,20,20,20,20,20,20,20,20,20,20
2,1,120416,0,0,0,0,0,0,0,0,0,0
3,1,120416,0,0,0,0,0,0,0,0,0,0
4,1,120416,0,0,0,0,0,0,0,0,0,0
1,1,120417,0,0,0,0,0,0,0,0,0,0
2,1,120417,0,0,0,0,0,0,0,0,0,0
1,1,120418,0,0,0,0,0,0,0,0,0,0
1,1,120419,0,0,0,0,0,0,0,0,0,0
1,1,120420,0,0,0,0,0,0,0,0,0,0
2,1,120420,13,13,13,13,13,13,13,13,13,13
3,1,120420,0,0,0,0,0,0,0,0,0,0
1,1,120421,0,0,0,0,0,0,0,0,0,0
1,1,120422,0,0,0,0,0,0,0,0,0,0
2,1,120422,0,15,0,0,0,0,0,0,0,0
1,1,120423,0,0,0,0,0,0,0,0,0,0
2,1,120423,0,0,0,0,0,0,0,0,0,0
1,1,120424,0,0,0,0,0,0,0,0,0,0
1,1,120425,13,13,13,13,13,13,13,13,13,13
2,1,120425,11,0,0,0,0,0,0,0,0,25
1,1,120426,0,0,0,0,0,0,0,0,0,0
2,1,120426,0,0,0,0,0,0,0,0,0,0
1,1,120427,0,0,0,0,0,0,0,0,0,0
2,1,120427,0,0,0,0,0,0,0,0,0,0
3,1,120427,0,0,0,0,0,0,0,0,0,0
1,1,120428,13,13,13,13,13,13,13,13,13,13
2,1,120428,0,0,0,0,0,0,0,0,0,0
0,1,120429,0,0,0,0,0,0,0,0,0,0
1,1,120429,0,0,0,0,0,0,0,0,0,0
1,1,120430,0,0,0,0,0,0,0,0,0,0
1,1,120431,0,0,0,0,0,0,0,0,0,0
2,1,120431,0,0,0,0,0,0,0,0,0,0
1,1,120432,0,0,0,0,0,0,17,0,0,0
1,1,120433,19,19,19,19,19,19,19,19,19,19
1,1,120434,0,0,0,0,0,0,0,0,0,0
2,1,120434,0,0,0,0,0,0,0,0,0,0
1,1,120435,0,0,0,0,0,0,0,0,0,0
2,1,120435,0,0,0,0,0,0,0,0,0,0
1,1,120436,0,0,0,0,0,0,0,0,0,0
0,1,120439,0,0,0,0,0,0,0,0,0,0
1,1,120439,0,0,0,0,0,0,0,0,0,0
1,1,120440,0,0,0,0,0,0,0,0,0,0
1,1,120441,9,9,9,9,9,9,9,9,9,9
2,1,120441,0,9,0,8,0,0,0,0,0,0
3,1,120441,0,0,0,0,8,0,0,0,0,0
1,1,120442,4,4,4,4,4,4,4,4,4,4
1,1,120443,0,0,0,0,0,0,0,0,0,0
2,1,120443,0,0,0,0,0,0,0,0,0,0
1,1,120445,0,0,0,0,0,0,0,0,0,0
2,1,120445,0,0,0,0,0,0,0,0,0,0
1,1,120446,0,0,0,0,0,0,0,0,0,0
2,1,120446,0,0,0,0,0,0,0,0,0,0
1,2,120447,23,0,27,0,17,31,17,20,20,17
1,1,120448,12,12,12,12,12,12,12,12,12,12
1,1,120449,0,0,0,0,0,0,0,0,0,0
1,1,120450,0,0,0,0,0,8,0,0,0,0
2,1,120450,0,0,0,0,0,0,0,0,0,0
1,1,120451,0,0,0,0,0,0,6,0,0,13
1,1,120452,0,0,0,0,0,0,0,0,0,0
0,1,120453,0,0,0,0,0,0,0,0,0,0
1,1,120453,0,0,0,0,0,0,0,0,0,0
1,1,120455,0,0,0,7,0,0,8,0,0,0
2,1,120455,0,0,0,0,0,5,0,0,0,0
3,1,120455,0,0,0,0,0,0,0,0,0,0
1,1,120456,20,20,20,20,20,20,20,20,20,20
2,1,120456,0,0,0,0,0,0,0,0,0,0
1,1,120457,0,0,0,0,0,0,0,0,0,0
2,1,120457,0,0,0,0,0,0,0,0,0,0
1,1,120458,0,0,0,0,0,0,0,0,0,0
1,1,120459,13,27,0,0,14,15,27,22,13,15
1,1,120460,0,0,0,0,0,0,0,0,0,0
1,1,120461,0,0,10,0,0,0,0,0,0,0
2,1,120461,0,0,0,0,0,0,0,0,0,14
1,1,120462,0,0,0,0,0,0,5,0,0,0
2,1,120462,0,0,0,0,0,0,0,0,0,0
3,1,120462,0,0,0,0,0,0,0,0,0,0
0,1,120463,31,31,31,31,31,31,31,31,31,31
1,1,120463,0,0,0,0,0,0,0,0,0,0
0,1,120464,12,46,0,0,0,0,0,26,0,0
1,1,120464,0,0,0,0,0,0,0,0,0,0
1,1,120465,0,0,0,0,8,0,20,0,0,0
2,1,120465,0,0,0,0,0,0,0,0,0,0
1,1,120466,0,0,0,0,0,0,0,0,0,0
2,1,120466,0,0,0,0,0,0,0,0,0,0
0,1,120467,5,5,5,5,5,5,5,5,5,5
1,1,120467,0,0,0,15,0,0,0,0,0,0
0,1,120469,0,0,0,0,0,0,8,0,0,9
0,2,120469,0,0,0,0,0,0,0,21,0,23
1,1,120469,0,0,0,0,0,0,0,0,0,0
2,1,120469,0,0,0,0,0,0,0,0,0,0
0,1,120470,14,14,14,14,14,14,14,14,14,14
1,1,120470,0,0,0,0,0,0,0,0,0,0
1,1,120471,0,0,0,0,0,0,0,0,0,0
1,1,120472,0,0,0,0,0,0,0,0,0,0
0,1,120473,0,0,0,0,0,0,0,0,0,0
1,1,120473,0,0,0,0,0,0,0,0,0,0
1,1,120474,0,0,0,0,0,0,0,0,0,0
1,1,120475,0,0,0,0,0,0,0,0,0,0
2,1,120475,0,0,0,0,0,0,0,0,0,0
1,1,120476,0,0,0,0,0,0,0,0,0,0
1,1,120477,13,0,0,0,0,0,0,0,4,0
2,1,120477,0,0,0,0,0,0,0,0,0,0
3,1,120477,0,0,0,0,21,0,0,0,0,0
1,1,120478,0,0,0,0,0,0,0,0,0,0
2,1,120478,2,0,0,0,0,0,0,0,0,0
0,1,120479,25,25,25,25,25,25,25,25,25,25
1,1,120479,0,0,0,0,12,0,0,0,0,0
1,1,120480,17,17,17,17,17,17,17,17,17,17
1,1,120481,20,20,20,20,20,20,20,20,20,20
2,1,120481,0,0,0,0,0,0,0,0,0,0
3,1,120481,0,0,0,0,0,0,0,0,0,0
1,1,120482,0,0,0,0,0,0,15,11,0,0
1,1,120483,7,7,7,7,7,7,7,7,7,7
1,1,120484,0,0,0,0,0,0,10,0,0,0
2,1,120484,0,0,15,0,0,0,0,0,0,13
1,1,120485,0,0,0,0,0,0,0,0,0,0
2,1,120485,0,0,0,0,0,0,0,0,0,0
1,1,120486,0,0,0,0,0,0,0,0,0,0
2,1,120486,17,0,0,0,0,0,9,0,0,0
1,1,120487,9,9,9,9,9,9,9,9,9,9
1,1,120488,0,0,0,0,0,0,0,0,0,0
2,1,120488,0,0,0,0,26,0,0,0,0,0
1,1,120489,0,0,0,0,0,0,0,0,0,0
2,1,120489,0,0,0,0,0,0,0,0,0,0
1,1,120490,29,29,29,29,29,29,29,29,29,29
1,1,120492,0,0,0,0,0,0,0,0,0,0
1,1,120493,27,27,27,27,27,27,27,27,27,27
1,1,120494,0,0,0,0,0,0,0,0,0,0
2,1,120494,0,0,0,0,0,0,0,0,0,0
1,1,120495,0,0,0,0,0,0,0,0,0,0
2,1,120495,0,0,0,0,0,0,0,0,0,0
3,1,120495,0,0,0,0,7,0,0,0,0,0
1,1,120496,0,0,0,0,0,11,0,3,0,0
1,1,120497,0,0,0,0,0,0,0,0,0,0
1,1,120498,13,13,13,13,13,13,13,13,13,13
2,1,120498,14,14,14,14,14,14,14,14,14,14
1,1,120499,0,0,0,0,0,0,0,0,0,0
2,1,120499,0,0,0,0,0,0,0,0,0,0
1,1,120500,0,0,0,0,0,0,0,0,0,0
0,1,120501,0,0,0,0,0,0,0,0,0,0
1,1,120501,0,0,0,0,0,0,0,0,0,0
0,1,120502,0,0,0,0,0,0,0,0,0,0
1,1,120502,0,0,0,0,0,0,0,0,0,0
1,1,120503,10,0,0,0,0,0,0,0,0,0
2,1,120503,0,0,0,0,0,0,0,0,0,0
1,1,120504,1,1,1,1,1,1,1,1,1,1
2,1,120504,0,0,0,0,0,0,0,0,0,0
1,1,120505,0,0,0,0,0,0,0,0,0,0
1,1,120506,0,0,0,0,0,0,0,0,0,0
2,1,120506,0,0,0,0,0,0,0,0,0,0
1,1,120507,14,14,14,14,14,14,14,14,14,14
2,1,120507,0,0,0,0,0,0,0,0,0,0
1,1,120508,0,0,0,0,0,0,7,12,0,14
1,1,120509,0,0,0,0,0,0,0,0,0,0
2,1,120509,0,0,0,0,0,0,0,0,0,0
1,1,120510,0,0,0,0,0,0,0,0,0,0
1,1,120511,21,21,21,21,21,21,21,21,21,21
1,1,120512,12,12,12,12,12,12,12,12,12,12
1,1,120513,15,15,15,15,15,15,15,15,15,15
1,1,120514,0,0,0,0,0,0,0,0,0,0
0,1,120515,0,0,0,0,0,0,0,0,0,0
0,2,120515,17,0,0,0,0,0,0,0,0,0
1,1,120515,0,0,0,0,0,0,0,0,0,0
1,1,120516,21,21,21,21,21,21,21,21,21,21
1,1,120517,0,0,0,0,0,0,0,0,0,0
2,1,120517,0,0,0,0,0,0,0,0,0,0
1,1,120518,12,12,12,12,12,12,12,12,12,12
1,1,120519,0,0,0,0,0,0,0,0,0,0
1,1,120520,6,0,7,11,0,9,12,0,0,11
1,1,120521,19,19,19,19,19,19,19,19,19,19
1,1,120522,0,0,0,0,0,0,0,0,0,0
2,1,120522,0,0,0,0,0,0,0,0,0,0
1,1,120523,23,23,23,23,23,23,23,23,23,23
1,1,120524,0,0,0,0,0,0,0,0,0,0
2,1,120524,0,0,0,0,0,0,0,0,0,0
1,1,120525,0,0,0,0,0,0,0,0,0,0
1,1,120526,19,19,19,19,19,19,19,19,19,19
1,1,120527,0,15,0,0,0,0,0,0,0,0
0,1,120528,0,0,0,0,0,0,0,0,0,0
1,1,120528,0,0,0,0,0,0,0,0,0,0
2,1,120528,16,16,16,16,16,16,16,16,16,16
1,1,120529,0,0,0,0,0,0,0,0,0,0
2,1,120529,0,0,0,0,0,0,0,0,0,0
1,1,120530,17,17,17,17,17,17,17,17,17,17
1,1,120531,0,0,0,0,0,0,0,0,0,0
2,1,120531,0,0,1,0,0,0,0,0,0,0
0,1,120532,0,0,0,20,0,0,0,0,19,4
1,1,120532,0,0,0,0,0,0,0,0,0,0
1,1,120533,0,0,0,0,0,0,0,0,0,0
2,1,120533,0,0,0,0,0,0,0,0,0,0
1,1,120534,27,27,27,27,27,27,27,27,27,27
1,1,120535,26,26,26,26,26,26,26,26,26,26
1,1,120536,10,10,10,10,10,10,10,10,10,10
1,1,120537,0,0,0,0,0,0,0,0,0,0
1,1,120538,0,0,0,0,0,0,0,0,0,0
1,1,120539,17,17,17,17,17,17,17,17,17,17
2,1,120539,0,8,0,0,0,0,0,0,0,0
1,1,120540,0,0,0,7,0,0,0,0,9,0
1,1,120541,4,4,4,4,4,4,4,4,4,4
2,1,120541,0,0,0,0,0,0,0,0,0,0
3,1,120541,0,0,0,0,0,0,0,0,0,0
0,1,120542,25,0,0,24,21,0,0,6,0,19
1,1,120542,0,0,0,0,0,7,11,0,0,0
1,1,120543,0,0,0,0,0,0,0,0,0,0
1,1,120544,11,11,11,11,11,11,11,11,11,11
1,1,120545,17,17,17,17,17,17,17,17,17,17
1,1,120546,28,28,28,28,28,28,28,28,28,28
1,1,120547,0,0,0,0,0,0,0,0,0,0
2,1,120547,13,0,0,0,0,0,0,0,0,0
1,1,120548,20,29,11,10,18,18,0,28,9,9
1,1,120549,19,19,19,19,19,19,19,19,19,19
2,1,120549,0,0,0,0,0,0,0,0,0,0
1,1,120550,24,23,20,11,18,20,12,16,21,0
0,1,120551,21,21,21,21,21,21,21,21,21,21
1,1,120551,0,0,0,0,0,0,0,0,0,0
1,1,120552,23,23,23,23,23,23,23,23,23,23
1,1,120553,17,17,17,17,17,17,17,17,17,17
1,1,120554,22,22,22,22,22,22,22,22,22,22
2,1,120554,0,0,0,0,0,0,0,17,0,0
0,1,120555,0,0,0,0,0,0,0,0,0,0
1,1,120555,0,0,0,0,0,0,0,0,0,0
1,1,120556,0,0,0,0,0,0,0,0,0,0
2,1,120556,0,0,0,0,0,0,0,0,0,0
1,1,120557,6,6,6,6,6,6,6,6,6,6
2,1,120557,0,0,0,0,8,14,0,5,0,0
1,1,120558,11,11,11,11,11,11,11,11,11,11
1,1,120559,28,28,28,28,28,28,28,28,28,28
1,1,120560,25,25,25,25,25,25,25,25,25,25
1,1,120561,0,0,0,0,0,0,0,0,0,0
2,1,120561,0,0,0,0,0,0,0,0,0,0
1,1,120562,0,0,0,0,0,0,0,0,0,0
2,1,120562,0,0,0,0,0,0,0,0,0,0
1,1,120563,1,1,1,1,1,1,1,1,1,1
2,1,120563,0,0,0,0,0,0,0,0,0,0
3,1,120563,0,0,0,0,0,0,0,0,0,0
1,1,120564,0,0,0,0,0,0,0,0,0,0
2,1,120564,0,0,0,0,0,0,0,0,0,0
1,1,120565,0,0,0,0,0,0,0,0,0,0
1,1,120566,0,0,0,0,0,0,0,0,0,0
2,1,120566,6,6,6,6,6,6,6,6,6,6
3,1,120566,0,0,0,0,0,0,0,0,0,0
1,1,120567,0,0,0,0,0,0,0,0,0,0
2,1,120567,0,0,0,0,0,0,0,0,0,0
1,1,120568,0,0,0,0,0,0,0,0,0,0
1,1,120569,0,0,0,0,0,0,0,0,0,0
0,1,120570,20,0,0,0,0,0,15,0,0,0
1,1,120570,0,0,0,0,0,0,0,0,0,0
1,1,120571,0,0,0,0,0,0,0,18,0,0
2,1,120571,0,0,0,0,0,0,0,0,0,0
1,1,120572,0,0,0,0,0,0,0,0,0,0
2,1,120572,0,0,0,0,0,0,0,0,0,0
1,1,120573,15,15,15,15,15,15,15,15,15,15
1,1,120574,15,15,15,15,15,15,15,15,15,15
2,1,120574,0,0,0,0,0,0,6,0,0,0
1,1,120575,25,25,25,25,25,25,25,25,25,25
1,1,120576,19,0,0,0,0,0,0,0,4,0
2,1,120576,0,0,0,0,0,0,0,0,0,0
1,1,120577,0,0,0,0,9,0,0,0,0,0
0,1,120578,0,0,0,0,0,0,0,0,0,0
1,1,120578,0,0,0,0,0,0,0,0,0,0
1,1,120579,21,21,21,21,21,21,21,21,21,21
2,1,120579,0,0,0,0,0,0,0,0,0,0
1,1,120580,2,2,2,2,2,2,2,2,2,2
1,1,120581,26,26,26,26,26,26,26,26,26,26
2,1,120581,0,0,0,8,0,0,0,0,0,0
1,1,120582,25,25,25,25,25,25,25,25,25,25
0,1,120583,37,21,0,21,19,15,21,0,12,0
1,1,120583,0,0,0,0,0,0,0,0,0,0
1,1,120584,3,0,0,0,0,0,0,0,30,0
2,1,120584,0,0,0,0,0,0,0,0,0,0
1,1,120585,17,17,17,17,17,17,17,17,17,17
1,1,120586,21,21,21,21,21,21,21,21,21,21
1,1,120587,18,18,18,18,18,18,18,18,18,18
1,1,120588,12,12,12,12,12,12,12,12,12,12
0,1,120589,0,0,0,0,0,0,0,0,0,0
0,2,120589,0,0,0,0,12,0,0,0,0,0
1,1,120589,0,0,0,0,0,0,0,0,0,0
2,1,120589,0,0,0,0,0,0,0,0,0,0
1,1,120590,0,0,0,0,0,0,0,0,0,0
2,1,120590,0,0,0,0,0,0,0,0,0,0
1,1,120591,0,0,0,0,0,0,0,0,0,0
1,1,120592,0,0,0,0,0,0,0,0,0,3
1,1,120593,0,0,0,0,0,0,0,0,0,0
2,1,120593,0,0,0,0,0,0,0,0,0,0
1,1,120594,0,8,0,0,0,7,0,0,0,0
2,1,120594,0,0,0,0,0,0,0,0,0,0
1,1,120595,0,0,0,0,0,0,0,4,0,0
1,1,120596,19,19,19,19,19,19,19,19,19,19
2,1,120596,0,0,0,11,0,0,0,0,0,0
3,1,120596,0,0,0,0,0,0,0,0,0,0
1,1,120597,0,0,0,0,0,0,0,0,0,0
2,1,120597,0,0,0,0,0,0,0,0,0,0
1,1,120598,0,0,0,0,0,0,9,0,0,0
1,1,120599,0,0,0,0,0,0,0,0,0,0
2,1,120599,0,0,0,0,0,0,0,0,0,0
0,1,120600,0,0,0,0,0,0,0,0,0,0
1,1,120600,17,17,17,17,17,17,17,17,17,17
2,1,120600,0,0,0,0,0,0,0,0,0,0
1,1,120601,0,0,0,0,0,0,0,0,0,0
2,1,120601,0,0,6,0,0,0,0,0,0,0
1,1,120602,0,0,0,0,0,0,0,0,0,0
2,1,120602,0,0,0,0,0,0,0,0,0,0
0,1,120603,0,0,0,0,0,0,0,0,0,0
1,1,120603,0,0,0,0,0,0,0,0,0,0
1,1,120604,0,0,0,0,0,0,0,0,0,0
2,1,120604,0,0,0,0,0,0,0,0,0,0
0,1,120605,30,30,30,30,30,30,30,30,30,30
1,1,120605,30,30,30,30,30,30,30,30,30,30
1,1,120606,0,0,0,0,0,0,0,0,0,0
2,1,120606,0,0,0,0,0,0,0,0,0,0