VEH_NO,PER_NO,ST_CASE,P1,P2,P3,P4,P5,P6,P7,P8,P9,P10
0,1,120608,24,24,24,24,24,24,24,24,24,24
1,1,120608,0,8,0,0,0,0,0,0,0,0
1,1,120609,0,0,0,0,0,0,0,0,0,0
2,1,120609,0,0,0,0,0,0,0,0,0,0
1,1,120610,0,0,0,0,0,0,0,0,0,0
2,1,120610,0,0,0,0,0,0,0,0,0,0
0,1,120611,0,0,0,0,0,0,0,0,0,0
1,1,120611,0,0,0,0,0,0,0,0,0,0
2,1,120611,0,0,0,0,0,0,0,0,0,22
1,1,120612,14,14,14,14,14,14,14,14,14,14
1,1,120613,8,8,8,8,8,8,8,8,8,8
1,1,120614,12,12,12,12,12,12,12,12,12,12
2,1,120614,0,0,0,0,0,0,0,0,2,0
1,1,120615,0,0,0,9,0,0,0,0,9,0
2,1,120615,0,0,0,0,0,0,0,0,0,0
1,1,120616,0,0,0,0,0,0,0,0,0,0
1,1,120617,0,0,0,0,0,0,0,0,0,0
2,1,120617,0,0,0,0,0,0,0,0,0,0
0,1,120618,0,0,0,7,0,21,36,19,0,0
1,1,120618,8,8,8,8,8,8,8,8,8,8
1,1,120619,13,13,13,13,13,13,13,13,13,13
1,1,120620,18,18,18,18,18,18,18,18,18,18
1,1,120621,28,28,28,28,28,28,28,28,28,28
2,1,120621,0,0,0,0,0,0,0,0,0,0
1,1,120622,24,24,24,24,24,24,24,24,24,24
1,1,120623,10,10,10,10,10,10,10,10,10,10
2,1,120623,0,0,0,5,0,0,0,0,0,0
3,1,120623,0,14,0,0,0,0,0,0,0,0
4,1,120623,0,14,0,0,0,0,0,0,0,0
1,1,120624,0,0,0,0,0,0,0,0,0,0
1,1,120625,0,0,0,0,0,0,0,0,0,0
2,1,120625,0,0,0,0,0,0,0,0,0,0
3,1,120625,0,0,0,0,0,0,0,0,0,0
4,1,120625,0,0,0,0,0,0,0,0,0,0
0,1,120627,38,38,38,38,38,38,38,38,38,38
1,1,120627,13,0,0,0,0,0,0,17,0,0
1,1,120628,0,0,0,0,0,0,0,0,0,0
1,1,120629,0,0,0,0,0,0,0,0,0,0
2,1,120629,0,0,0,0,0,0,0,0,0,0
0,1,120630,0,0,0,0,0,15,0,0,0,0
1,1,120630,0,0,0,0,0,0,0,0,0,0
1,1,120631,0,0,0,0,0,0,0,0,0,0
1,1,120632,19,19,19,19,19,19,19,19,19,19
2,1,120632,0,0,0,0,0,0,0,0,0,0
3,1,120632,0,0,0,0,0,0,0,0,8,0
1,1,120633,0,0,0,0,0,0,0,0,0,0
1,1,120634,14,14,14,14,14,14,14,14,14,14
2,1,120634,0,0,0,0,0,0,0,0,0,0
1,1,120635,0,0,0,0,0,0,7,0,0,0
2,1,120635,0,0,0,0,0,0,0,0,0,0
1,1,120636,0,0,0,0,0,0,0,0,0,0
1,1,120637,0,0,0,0,0,0,0,0,0,0
1,1,120638,0,0,0,0,0,0,0,0,0,0
2,1,120638,0,0,0,0,0,0,0,0,0,0
1,1,120639,20,20,20,20,20,20,20,20,20,20
1,1,120640,0,0,0,0,0,0,0,0,0,0
1,1,120641,0,0,0,0,0,0,0,0,0,0
1,1,120642,22,22,22,22,22,22,22,22,22,22
1,1,120643,21,21,21,21,21,21,21,21,21,21
1,1,120644,24,24,24,24,24,24,24,24,24,24
1,1,120645,7,7,7,7,7,7,7,7,7,7
2,1,120645,0,0,0,0,0,0,0,0,0,0
1,2,120646,12,14,16,17,8,28,14,7,12,15
1,1,120647,0,0,0,0,0,0,0,0,0,0
1,1,120648,14,14,14,14,14,14,14,14,14,14
1,1,120649,25,25,25,25,25,25,25,25,25,25
2,1,120649,0,4,0,7,0,0,0,7,0,8
3,1,120649,16,8,0,4,7,0,0,0,0,20
4,1,120649,0,0,0,0,0,0,0,4,0,0
1,1,120650,12,10,15,9,9,14,15,11,9,17
0,1,120651,29,29,29,29,29,29,29,29,29,29
1,1,120651,0,0,0,0,0,0,0,0,0,0
1,1,120652,19,19,19,19,19,19,19,19,19,19
1,1,120653,0,0,0,0,0,0,0,0,0,0
1,1,120654,0,0,0,0,0,0,0,0,0,0
1,1,120655,0,0,0,0,0,0,0,0,0,0
1,1,120656,0,0,0,0,0,0,0,0,0,0
1,1,120657,0,15,10,0,0,0,0,0,0,0
1,1,120658,0,0,0,0,0,0,0,0,0,0
1,1,120659,0,0,24,29,15,19,9,8,0,23
1,1,120660,7,0,11,23,10,0,0,26,0,0
2,1,120660,17,17,17,17,17,17,17,17,17,17
1,1,120661,20,18,0,0,0,0,15,0,0,9
1,1,120662,0,0,0,0,0,0,0,0,0,0
2,1,120662,0,0,0,0,0,0,0,0,0,0
1,1,120663,0,0,18,0,0,9,0,0,0,9
1,1,120664,0,0,0,0,11,0,6,6,0,0
0,1,120665,25,25,25,25,25,25,25,25,25,25
1,1,120665,0,0,0,0,0,0,4,0,0,0
1,1,120666,2,2,2,2,2,2,2,2,2,2
2,1,120666,0,0,0,0,0,0,0,0,0,0
3,1,120666,0,0,0,0,0,0,0,0,0,0
1,1,120667,0,0,0,0,0,0,6,0,0,0
1,1,120669,2,2,2,2,2,2,2,2,2,2
0,1,120670,0,0,0,0,0,0,0,0,0,0
1,1,120670,0,0,0,0,0,0,0,0,0,0
1,1,120671,2,2,2,2,2,2,2,2,2,2
1,1,120672,0,0,0,0,18,0,0,0,0,0
1,1,120673,0,0,0,0,0,0,0,0,0,0
2,1,120673,0,0,0,0,0,0,0,0,0,0
1,1,120674,0,0,0,0,0,0,0,0,0,0
0,1,120675,29,29,29,29,29,29,29,29,29,29
1,1,120675,0,0,0,13,0,0,0,0,0,0
1,1,120676,11,11,11,11,11,11,11,11,11,11
2,1,120676,11,11,11,11,11,11,11,11,11,11
1,1,120677,0,0,0,0,0,0,0,0,0,0
1,1,120678,16,16,16,16,16,16,16,16,16,16
2,1,120678,0,0,0,0,0,0,0,0,0,0
1,1,120679,0,0,0,0,0,0,0,0,0,0
2,1,120679,0,0,0,0,0,0,0,0,0,0
1,1,120680,8,8,8,8,8,8,8,8,8,8
2,1,120680,0,0,0,0,0,0,0,0,0,0
1,1,120681,18,18,18,18,18,18,18,18,18,18
2,1,120681,16,0,14,0,4,0,0,24,0,13
3,1,120681,0,0,0,0,0,0,0,0,0,0
4,1,120681,0,0,0,0,0,0,0,0,0,0
1,1,120682,0,16,0,0,14,0,0,0,0,0
1,1,120683,0,0,0,0,0,0,0,0,0,0
1,1,120684,17,17,17,17,17,17,17,17,17,17
1,1,120685,18,18,18,18,18,18,18,18,18,18
3,1,120685,0,0,0,0,0,0,0,0,0,0
1,1,120686,21,21,21,21,21,21,21,21,21,21
2,1,120686,0,0,0,0,0,0,0,0,0,0
0,1,120687,36,0,0,8,0,0,16,22,0,0
0,2,120687,0,0,19,31,19,0,12,0,35,0
1,1,120687,12,12,12,12,12,12,12,12,12,12
1,1,120689,0,0,17,8,8,0,20,10,0,0
2,1,120689,0,0,0,0,0,0,0,0,0,0
1,1,120690,23,23,23,23,23,23,23,23,23,23
2,1,120690,0,0,0,0,0,0,0,0,0,0
1,1,120691,0,0,0,0,0,15,0,0,0,0
1,1,120692,0,0,0,0,0,0,0,0,0,0
1,1,120694,0,0,0,0,0,0,0,0,0,0
2,1,120694,0,0,0,0,0,0,0,0,0,0
1,1,120695,0,0,0,0,24,0,0,0,0,0
2,1,120695,0,0,0,0,0,0,0,0,0,0
1,1,120696,6,0,0,0,0,0,0,0,0,0
2,1,120696,0,0,0,0,0,0,0,0,0,0
3,1,120696,0,0,0,0,0,0,0,0,0,0
1,1,120697,0,0,0,0,0,0,0,0,0,0
1,1,120698,37,37,37,37,37,37,37,37,37,37
1,1,120699,0,0,0,0,0,0,0,0,0,0
2,1,120699,0,0,0,0,0,0,0,0,0,0
1,1,120700,0,0,0,0,0,0,0,0,0,0
2,1,120700,0,0,3,0,0,0,0,0,0,0
1,1,120701,24,24,24,24,24,24,24,24,24,24
2,1,120701,0,0,0,0,0,0,0,0,0,0
1,1,120702,0,0,0,0,0,0,0,0,13,0
2,1,120702,0,4,0,0,0,0,0,0,4,2
3,1,120702,7,7,7,7,7,7,7,7,7,7
1,1,120703,0,0,0,0,0,0,0,0,0,0
2,1,120703,0,0,0,0,0,0,0,0,0,0
1,1,120704,15,0,0,0,0,0,0,6,11,0
1,1,120705,0,0,0,0,0,0,0,0,0,0
2,1,120705,0,0,0,0,0,0,0,0,0,0
3,1,120705,0,0,0,0,0,0,0,0,0,0
4,1,120705,0,0,0,0,0,0,0,0,0,0
1,1,120706,16,16,16,16,16,16,16,16,16,16
1,1,120707,20,20,20,20,20,20,20,20,20,20
1,1,120708,0,0,0,0,0,0,0,0,0,0
2,1,120708,0,0,0,0,0,0,0,0,0,0
1,1,120709,32,32,32,32,32,32,32,32,32,32
1,1,120710,0,0,0,0,0,0,0,0,0,0
2,1,120710,0,0,0,0,0,0,0,0,0,0
1,1,120711,0,0,0,0,0,0,0,0,0,0
1,1,120712,22,22,22,22,22,22,22,22,22,22
1,1,120714,0,0,0,0,0,0,0,0,0,0
2,1,120714,0,0,0,0,0,0,0,0,0,0
1,1,120715,16,16,16,16,16,16,16,16,16,16
1,1,120716,16,16,16,16,16,16,16,16,16,16
2,1,120716,0,8,0,0,0,0,0,0,0,13
1,1,120717,10,10,10,10,10,10,10,10,10,10
1,1,120718,0,0,0,0,0,0,0,0,0,0
1,1,120720,22,22,22,22,22,22,22,22,22,22
0,1,120721,2,2,2,2,2,2,2,2,2,2
1,1,120721,0,0,0,3,0,0,0,0,0,0
1,1,120722,0,0,0,0,0,0,0,0,0,0
2,1,120722,0,0,0,0,8,0,0,0,0,0
1,1,120723,0,0,0,0,0,0,0,0,0,0
1,1,120724,17,17,17,17,17,17,17,17,17,17
2,1,120724,17,17,17,17,17,17,17,17,17,17
1,1,120725,18,18,18,18,18,18,18,18,18,18
1,1,120726,17,17,17,17,17,17,17,17,17,17
2,1,120726,0,0,0,0,0,0,0,0,0,0
1,1,120727,24,24,24,24,24,24,24,24,24,24
1,1,120728,1,1,1,1,1,1,1,1,1,1
0,1,120729,0,0,0,0,0,0,0,0,0,0
1,1,120729,0,0,0,0,0,0,0,0,0,0
1,1,120730,21,21,21,21,21,21,21,21,21,21
2,1,120730,0,0,0,0,0,0,0,0,0,0
1,1,120731,0,0,0,0,0,0,0,0,0,0
2,1,120731,0,0,0,0,0,0,0,0,0,0
1,1,120732,0,0,0,0,0,0,0,0,0,0
2,1,120732,0,0,0,0,0,0,0,0,0,0
3,1,120732,0,0,0,0,0,0,0,0,0,0
1,1,120733,8,0,0,0,0,0,0,0,0,0
2,1,120733,11,11,11,11,11,11,11,11,11,11
0,1,120734,17,17,17,17,17,17,17,17,17,17
1,1,120734,0,0,0,0,0,0,0,0,0,0
1,1,120735,0,0,0,0,0,0,0,0,0,0
2,1,120735,0,0,0,0,0,0,0,0,0,0
1,1,120736,0,0,0,0,0,0,0,0,0,0
2,1,120736,0,0,0,0,0,0,0,0,0,0
1,1,120737,17,17,17,17,17,17,17,17,17,17
1,1,120738,0,0,0,0,0,0,0,0,0,0
0,1,120739,11,11,11,11,11,11,11,11,11,11
1,1,120739,0,0,0,0,0,0,0,0,0,0
0,1,120741,0,0,0,0,0,0,0,0,0,0
1,1,120741,0,0,0,0,0,0,0,0,0,0
1,1,120742,0,0,0,0,0,0,0,0,0,0
1,1,120743,0,0,0,0,0,0,0,0,0,0
2,1,120743,0,0,0,0,0,0,0,0,0,0
1,1,120744,11,11,11,11,11,11,11,11,11,11
1,1,120745,0,0,0,0,0,0,0,0,0,0
1,1,120746,15,15,15,15,15,15,15,15,15,15
2,1,120746,0,0,0,0,0,0,0,0,0,0
3,1,120746,0,0,0,0,0,0,0,0,0,0
1,1,120747,0,0,0,0,0,0,0,0,0,0
2,1,120747,0,0,0,0,0,0,0,0,0,0
3,1,120747,0,0,0,0,0,0,0,0,18,0
1,1,120748,0,0,0,0,0,0,0,0,0,0
2,1,120748,0,0,0,0,0,0,0,0,0,0
1,1,120749,26,26,26,26,26,26,26,26,26,26
1,1,120750,13,13,13,13,13,13,13,13,13,13
2,1,120750,0,0,0,0,0,0,0,0,0,0
0,1,120751,0,0,0,0,0,0,0,0,0,0
1,1,120751,0,0,0,0,0,0,0,0,0,0
1,1,120752,21,21,21,21,21,21,21,21,21,21
2,1,120752,0,0,0,0,0,0,0,0,0,0
1,1,120753,0,0,0,0,0,0,0,0,0,0
2,1,120753,0,0,0,4,0,0,0,0,0,0
1,1,120754,0,0,0,0,0,0,0,0,0,0
1,1,120755,0,0,0,0,0,0,0,0,0,0
2,1,120755,0,8,0,0,0,0,0,0,0,0
1,1,120756,0,0,0,0,0,0,0,0,0,0
2,1,120756,0,0,0,0,0,0,0,0,0,0
1,1,120757,0,0,0,0,0,0,0,0,0,0
2,1,120757,0,0,0,0,0,0,0,0,0,0
1,1,120758,0,12,0,0,0,0,0,0,0,0
2,1,120758,2,2,2,2,2,2,2,2,2,2
1,1,120759,13,13,13,13,13,13,13,13,13,13
1,1,120760,0,0,0,0,0,0,30,0,0,0
1,1,120761,0,0,0,0,0,0,0,0,0,0
2,1,120761,0,0,0,0,0,0,0,0,0,0
3,1,120761,0,0,0,0,0,0,0,0,0,0
1,1,120762,0,0,0,0,0,0,0,0,0,0
2,1,120762,0,0,0,0,0,0,0,0,0,0
3,1,120762,0,0,0,0,0,0,0,0,0,0
4,1,120762,0,0,0,0,0,0,0,0,0,0
1,1,120763,13,13,13,13,13,13,13,13,13,13
1,1,120764,0,0,0,0,0,17,0,0,0,0
0,1,120765,30,30,30,30,30,30,30,30,30,30
1,1,120765,0,0,7,0,0,0,6,0,0,0
1,1,120766,0,0,0,0,0,0,0,0,0,0
1,1,120767,0,0,0,0,0,0,0,0,0,11
2,1,120767,0,0,19,0,0,0,0,0,0,0
1,1,120768,0,0,0,0,0,0,0,0,0,0
2,1,120768,13,0,0,0,0,0,0,0,0,0
1,1,120770,0,0,0,0,0,0,0,0,0,0
1,1,120772,0,0,0,0,0,0,0,0,0,0
1,1,120773,0,0,0,0,0,0,0,0,0,0
2,1,120773,0,0,0,0,0,0,0,0,0,0
1,1,120774,22,22,22,22,22,22,22,22,22,22
2,1,120774,0,0,0,0,0,0,0,0,0,0
1,1,120777,15,15,15,15,15,15,15,15,15,15
2,1,120777,0,0,0,0,0,0,0,0,0,0
1,1,120778,0,0,0,0,0,0,0,0,0,0
2,1,120778,0,0,0,0,0,0,0,0,0,0
1,1,120779,0,0,0,0,0,0,0,0,0,0
2,1,120779,0,0,0,0,0,0,0,0,0,0
3,1,120779,0,0,0,0,0,0,0,0,0,0
4,1,120779,0,0,0,0,0,0,0,0,0,0
5,1,120779,0,0,0,0,0,0,0,0,0,0
6,1,120779,0,0,0,0,0,0,0,0,0,0
7,1,120779,0,0,0,0,0,0,0,0,0,0
1,1,120780,29,29,29,29,29,29,29,29,29,29
0,1,120781,0,0,0,0,0,0,0,0,0,0
1,1,120781,0,0,0,0,0,0,0,0,0,0
1,1,120782,20,20,20,20,20,20,20,20,20,20
2,1,120782,0,0,0,0,0,0,0,0,0,0
1,1,120783,0,0,0,0,0,0,0,0,0,0
1,1,120784,30,30,30,30,30,30,30,30,30,30
1,1,120785,0,0,5,0,15,7,0,0,0,0
0,1,120786,0,0,0,0,12,0,0,0,0,0
1,1,120786,0,0,0,0,0,0,0,0,0,0
1,1,120787,0,0,0,0,0,0,0,0,0,0
2,1,120787,0,0,0,0,0,0,0,0,0,0
1,1,120788,0,0,0,0,0,0,0,0,0,0
2,1,120788,0,0,0,0,0,0,0,0,0,0
0,1,120790,0,0,0,0,0,0,0,0,0,0
1,1,120790,0,0,0,0,0,0,0,0,0,0
0,1,120791,0,0,0,0,0,0,0,0,0,0
1,1,120791,0,0,0,0,0,0,0,0,0,0
1,1,120792,0,0,0,0,0,0,0,0,0,0
2,1,120792,26,26,26,26,26,26,26,26,26,26
1,1,120793,0,0,0,0,0,0,0,0,0,0
2,1,120793,5,5,5,5,5,5,5,5,5,5
1,1,120794,0,0,0,0,0,0,0,0,0,0
1,1,120796,0,0,0,0,0,0,0,0,0,0
2,1,120796,0,0,0,0,0,0,0,0,0,0
3,1,120796,0,0,0,0,0,0,0,0,9,0
1,1,120797,0,0,0,0,0,0,0,0,0,0
0,1,120798,0,0,0,0,0,0,0,0,0,0
1,1,120798,0,0,0,0,0,0,0,0,0,0
0,1,120799,17,17,17,17,17,17,17,17,17,17
1,1,120799,0,0,0,0,2,0,0,0,0,0
0,1,120800,17,17,17,17,17,17,17,17,17,17
1,1,120800,0,0,0,0,0,0,0,0,0,0
0,1,120801,20,20,20,20,20,20,20,20,20,20
1,1,120801,27,27,27,27,27,27,27,27,27,27
1,1,120802,9,9,9,9,9,9,9,9,9,9
2,1,120802,0,0,0,0,0,0,0,0,0,0
1,1,120803,0,0,0,8,13,0,9,0,0,26
0,1,120805,0,0,0,0,0,0,0,0,0,0
1,1,120805,0,0,0,0,0,0,0,0,0,0
1,1,120806,0,0,0,0,0,0,0,0,0,0
2,1,120806,0,0,0,0,0,0,0,0,0,0
0,1,120807,4,4,4,4,4,4,4,4,4,4
1,1,120807,0,0,0,0,0,0,0,0,0,0
0,1,120808,0,0,0,0,0,30,0,21,0,0
1,1,120808,0,0,0,0,0,0,0,0,0,0
2,1,120808,0,0,0,0,0,0,5,0,0,0
1,1,120809,0,0,0,0,0,0,0,0,0,0
2,1,120809,0,0,0,0,0,0,0,0,0,0
0,1,120810,0,0,0,0,0,0,0,0,0,0
1,1,120810,0,0,0,0,5,0,0,0,0,0
1,1,120811,0,0,0,0,0,7,0,0,0,0
1,1,120812,0,0,0,0,0,0,0,0,0,0
1,1,120813,0,0,0,0,0,0,0,0,0,0
2,1,120813,0,0,0,0,0,0,0,0,0,0
0,1,120814,0,0,0,7,0,0,0,0,0,27
1,1,120814,8,0,0,0,0,22,0,0,0,12
1,1,120815,11,11,11,11,11,11,11,11,11,11
0,1,120816,0,0,0,0,0,0,0,0,0,0
1,1,120816,0,0,0,0,0,0,0,0,0,0
1,1,120817,12,12,12,12,12,12,12,12,12,12
2,1,120817,0,0,0,0,0,0,0,0,0,0
0,1,120818,31,0,0,16,8,0,0,0,0,0
1,1,120818,0,0,0,0,0,0,0,0,0,0
0,1,120819,0,0,0,0,0,0,0,0,0,0
1,1,120819,0,0,0,0,0,17,0,6,0,0
1,1,120820,0,0,0,0,0,0,0,0,0,0
2,1,120820,0,0,0,0,0,0,0,0,0,0
1,1,120821,0,0,0,0,0,0,0,0,4,0
2,1,120821,0,0,0,0,0,11,0,0,0,0
1,1,120822,0,0,0,0,0,0,0,0,0,0
2,1,120822,0,0,0,0,0,0,0,0,0,0
1,1,120823,2,2,2,2,2,2,2,2,2,2
1,1,120824,23,23,23,23,23,23,23,23,23,23
1,1,120825,0,0,0,0,0,0,0,0,0,0
1,1,120826,7,7,7,7,7,7,7,7,7,7
2,1,120826,0,0,0,0,0,0,0,0,0,0
1,1,120827,0,0,0,0,0,0,0,0,0,0
0,1,120828,1,1,1,1,1,1,1,1,1,1
0,2,120828,0,0,0,0,0,0,0,0,0,0
1,1,120828,0,0,16,0,0,0,0,0,0,0
1,1,120829,11,11,11,11,11,11,11,11,11,11
2,1,120829,0,0,0,0,0,0,0,0,0,0
1,1,120830,0,0,0,0,0,0,0,0,0,0
2,1,120830,0,0,0,0,0,0,0,0,0,0
0,1,120831,0,0,0,0,0,0,0,0,10,0
1,1,120831,0,0,0,0,0,0,0,0,0,0
1,1,120832,0,0,0,0,0,0,0,0,0,0
2,1,120832,0,0,0,0,0,0,0,0,0,0
1,1,120833,20,20,20,20,20,20,20,20,20,20
0,1,120834,15,11,0,0,0,0,0,0,6,0
0,2,120834,0,0,0,0,0,0,0,0,0,0
1,1,120834,0,0,0,0,12,18,17,0,0,0
1,1,120835,0,17,0,0,22,0,0,0,0,0
1,1,120836,15,15,15,15,15,15,15,15,15,15
1,1,120837,0,9,5,0,0,0,0,0,0,0
1,1,120838,20,20,20,20,20,20,20,20,20,20
1,1,120839,0,0,0,0,0,0,0,0,0,0
2,1,120839,0,0,0,0,0,0,0,0,0,0
1,1,120840,0,0,0,0,0,0,0,0,0,0
2,1,120840,12,9,0,0,0,5,0,0,0,0
1,1,120841,0,17,4,0,0,0,5,0,17,2
1,1,120842,29,29,29,29,29,29,29,29,29,29
2,1,120842,0,0,0,0,0,0,0,0,0,0
1,1,120843,20,20,20,20,20,20,20,20,20,20
1,1,120844,0,0,0,0,0,0,0,0,0,0
1,1,120845,0,0,0,0,0,0,0,0,0,0
0,1,120846,14,14,14,14,14,14,14,14,14,14
1,1,120846,0,0,0,0,0,0,0,0,0,0
1,1,120847,0,0,0,0,0,0,0,0,0,0
1,1,120848,22,22,22,22,22,22,22,22,22,22
2,1,120848,0,0,0,0,0,0,0,0,0,0
1,1,120849,28,28,28,28,28,28,28,28,28,28
1,1,120850,9,9,9,9,9,9,9,9,9,9
2,1,120850,0,0,0,0,0,0,0,0,0,0
1,1,120851,0,0,0,0,0,0,0,0,0,0
2,1,120851,0,0,18,0,0,0,0,0,0,0
1,1,120852,0,0,0,0,0,0,0,0,0,0
2,1,120852,0,0,0,0,0,0,0,0,0,0
0,1,120853,17,17,17,17,17,17,17,17,17,17
1,1,120853,0,0,0,0,0,0,5,0,0,0
1,1,120854,0,0,13,0,0,0,0,0,16,0
2,1,120854,0,18,0,8,0,0,0,0,0,0
1,1,120855,8,8,8,8,8,8,8,8,8,8
1,1,120856,0,0,0,0,0,0,0,0,0,0
2,1,120856,0,0,0,0,0,0,0,0,0,0
1,1,120857,0,0,0,0,0,0,0,0,0,0
1,1,120858,0,0,0,0,0,0,0,0,0,0
1,1,120859,0,0,0,0,0,0,0,0,0,6
2,1,120859,0,0,0,0,0,4,6,0,0,0
3,1,120859,0,0,0,0,0,0,0,0,0,0
4,1,120859,0,0,0,0,0,0,0,0,0,0
5,1,120859,0,0,0,0,0,0,0,0,0,0
1,1,120860,0,0,0,0,0,0,0,0,0,0
1,1,120861,20,20,20,20,20,20,20,20,20,20
0,1,120862,11,11,11,11,11,11,11,11,11,11
1,1,120862,0,0,0,0,0,0,0,0,0,0
1,1,120863,0,0,0,0,0,0,0,0,0,0
2,1,120863,17,17,17,17,17,17,17,17,17,17
1,1,120864,17,17,17,17,17,17,17,17,17,17
2,1,120864,0,0,0,0,0,0,0,0,0,0
1,1,120865,0,0,0,0,10,11,0,0,0,0
2,1,120865,0,0,0,0,0,0,0,0,0,0
1,1,120867,0,0,0,0,0,0,0,0,0,0
0,1,120868,0,0,0,0,0,0,0,0,0,0
0,2,120868,0,0,0,0,0,0,0,0,0,0
1,1,120868,0,0,0,0,0,0,0,0,0,0
1,1,120869,0,0,0,0,0,0,0,0,0,0
1,1,120870,0,0,0,0,0,0,0,0,0,0
1,1,120871,0,0,0,0,0,0,0,0,0,0
1,1,120872,0,0,0,0,0,0,0,0,0,0
2,1,120872,0,0,0,0,0,0,0,0,0,0
1,1,120873,28,28,28,28,28,28,28,28,28,28
0,1,120874,0,0,0,0,0,0,0,0,0,0
1,1,120874,0,0,0,0,0,0,0,0,19,0
0,1,120875,15,0,17,0,0,9,0,0,4,0
1,1,120875,0,0,0,0,6,0,0,0,0,0
1,1,120876,0,0,0,0,0,0,0,0,0,0
2,1,120876,0,0,0,0,0,0,0,0,0,0
1,1,120877,9,9,9,9,9,9,9,9,9,9
1,1,120878,13,13,13,13,13,13,13,13,13,13
0,1,120879,19,24,6,0,0,9,0,0,21,28
1,1,120879,0,0,0,2,0,0,8,0,0,0
1,1,120880,22,22,22,22,22,22,22,22,22,22
1,1,120881,24,24,24,24,24,24,24,24,24,24
2,1,120881,0,0,0,10,0,0,0,0,0,0
1,1,120882,0,0,0,0,0,0,0,0,0,0
2,1,120882,0,0,0,0,0,0,0,0,0,0
1,1,120883,19,19,19,19,19,19,19,19,19,19
0,1,120884,0,0,0,0,16,0,23,14,0,0
1,1,120884,0,0,0,0,0,0,0,0,0,0
1,1,120885,10,10,10,10,10,10,10,10,10,10
1,1,120886,0,0,0,0,0,0,0,0,0,0
0,1,120887,31,0,0,0,31,0,0,0,0,0
1,1,120887,19,0,10,0,0,8,0,0,0,0
1,1,120888,14,0,0,20,0,0,0,24,0,0
0,1,120889,0,0,0,0,5,0,0,0,0,0
1,1,120889,0,0,0,0,0,5,0,0,0,0
1,1,120890,17,17,17,17,17,17,17,17,17,17
2,1,120890,0,0,0,0,0,0,0,0,0,0
1,1,120891,7,7,7,7,7,7,7,7,7,7
1,1,120892,20,20,20,20,20,20,20,20,20,20
2,1,120892,0,0,0,0,0,0,0,0,0,0
0,1,120893,26,26,26,26,26,26,26,26,26,26
1,1,120893,0,0,0,0,0,0,0,9,0,0
1,1,120894,1,1,1,1,1,1,1,1,1,1
1,1,120895,29,29,29,29,29,29,29,29,29,29
1,1,120896,25,25,25,25,25,25,25,25,25,25
1,1,120897,0,0,0,0,0,0,0,0,0,0
2,1,120897,0,0,0,0,0,0,0,0,0,0
3,1,120897,0,0,0,0,0,0,0,0,0,0
1,1,120898,0,0,0,0,0,0,0,0,0,0
1,1,120899,22,22,22,22,22,22,22,22,22,22
1,1,120900,28,28,28,28,28,28,28,28,28,28
1,1,120901,0,0,0,0,0,0,0,0,0,0
2,1,120901,0,0,0,0,0,0,0,0,0,0
1,1,120902,22,22,22,22,22,22,22,22,22,22
2,1,120902,0,0,0,0,0,0,0,0,0,0
1,1,120903,0,0,9,18,0,0,0,0,0,11
2,1,120903,0,0,0,0,0,0,0,0,0,0
1,1,120904,0,0,10,0,0,0,0,0,16,0
2,1,120904,0,0,0,0,0,0,0,0,0,0
1,1,120905,0,0,0,0,0,0,0,0,0,0
2,1,120905,0,0,0,0,0,7,0,0,0,0
1,1,120906,0,0,0,0,0,0,0,0,0,0
2,1,120906,0,0,0,0,0,0,0,0,0,0
1,1,120907,25,25,25,25,25,25,25,25,25,25
0,1,120908,0,0,0,0,0,0,0,0,0,0
1,1,120908,0,0,0,0,0,0,0,0,0,0
1,1,120909,19,10,3,0,15,0,0,24,16,30
1,1,120910,13,13,13,13,13,13,13,13,13,13
1,1,120911,14,14,14,14,14,14,14,14,14,14
1,1,120912,0,0,0,0,0,0,0,0,0,0
0,1,120913,23,23,23,23,23,23,23,23,23,23
1,1,120913,0,0,0,0,0,0,0,0,0,0
0,1,120914,0,0,0,0,0,0,0,0,0,0
1,1,120914,6,0,9,6,0,7,0,4,12,0
0,1,120915,0,0,0,0,0,0,0,0,0,0
1,1,120915,0,0,0,0,0,0,0,0,0,0
1,1,120916,22,22,22,22,22,22,22,22,22,22
1,1,120917,0,0,0,0,0,0,0,0,0,0
1,1,120918,6,6,6,6,6,6,6,6,6,6
2,1,120918,0,0,0,0,0,0,0,0,0,0
1,1,120919,20,0,0,12,0,14,16,13,0,24
1,1,120920,0,0,0,0,0,0,0,0,0,0
0,1,120921,27,27,27,27,27,27,27,27,27,27
1,1,120921,7,0,0,0,0,0,0,0,0,0
0,1,120922,0,0,9,0,0,0,0,0,0,0
1,1,120922,7,0,7,28,0,0,0,0,0,0
0,1,120923,0,0,0,11,0,0,0,0,0,0
1,1,120923,15,15,15,15,15,15,15,15,15,15