VEH_NO,PER_NO,ST_CASE,P1,P2,P3,P4,P5,P6,P7,P8,P9,P10
1,1,120924,4,18,25,0,0,23,22,0,30,5
1,1,120925,18,18,18,18,18,18,18,18,18,18
1,1,120926,11,11,11,11,11,11,11,11,11,11
2,1,120926,0,0,0,11,0,0,0,0,0,0
3,1,120926,0,0,0,0,0,0,0,0,0,0
1,1,120927,8,23,24,0,0,0,7,0,0,0
1,1,120928,0,0,0,0,0,0,0,0,0,0
2,1,120928,0,0,0,0,0,0,0,0,0,0
1,1,120929,0,0,0,0,0,0,0,0,0,0
2,1,120929,0,9,0,0,0,0,0,0,0,0
0,1,120930,12,12,12,12,12,12,12,12,12,12
1,1,120930,20,20,20,20,20,20,20,20,20,20
1,1,120931,0,0,0,0,0,0,0,0,0,0
2,1,120931,0,0,0,0,0,0,0,0,10,0
1,1,120932,0,0,0,0,0,0,0,0,0,0
2,1,120932,0,0,0,0,0,0,0,0,0,0
1,1,120933,0,0,0,0,0,0,0,0,0,0
2,1,120933,0,0,0,0,0,0,0,0,0,0
3,1,120933,0,0,0,0,0,0,0,0,0,0
1,1,120934,28,28,28,28,28,28,28,28,28,28
1,1,120935,24,24,24,24,24,24,24,24,24,24
0,1,120936,0,0,0,0,0,0,12,0,0,0
1,1,120936,0,0,0,0,0,15,0,8,0,0
1,1,120937,12,12,12,12,12,12,12,12,12,12
1,1,120938,0,2,0,0,0,0,0,12,0,0
1,1,120939,0,0,0,0,0,0,0,0,0,2
2,1,120939,0,0,0,0,0,0,0,0,0,0
3,1,120939,0,0,0,0,0,0,0,0,0,0
4,1,120939,0,0,0,0,0,0,0,0,0,0
5,1,120939,0,0,0,0,0,0,0,0,0,0
1,1,120940,0,0,0,0,0,0,0,0,0,0
2,1,120940,0,0,0,0,0,0,0,0,0,0
3,1,120940,0,0,0,0,0,0,0,0,0,0
1,1,120941,22,22,22,22,22,22,22,22,22,22
1,1,120942,0,0,0,0,0,0,0,0,0,0
2,1,120942,0,0,0,0,0,0,0,0,0,0
1,1,120943,0,0,0,0,0,0,0,0,0,0
1,1,120944,0,0,0,0,0,0,0,0,0,0
0,1,120945,16,16,16,16,16,16,16,16,16,16
1,1,120945,0,14,0,0,0,0,0,0,0,0
1,1,120946,14,14,14,14,14,14,14,14,14,14
1,1,120947,0,0,0,0,0,0,0,0,0,0
1,1,120948,0,0,0,0,0,0,0,0,0,0
2,1,120948,0,0,0,0,0,0,0,0,0,0
0,1,120949,19,19,19,19,19,19,19,19,19,19
1,1,120949,0,0,0,0,0,0,0,0,0,0
1,1,120950,10,10,10,10,10,10,10,10,10,10
1,1,120951,0,0,0,0,0,0,0,0,0,0
2,1,120951,0,0,0,0,0,0,0,0,0,0
1,1,120952,16,0,0,14,0,0,0,0,0,0
0,1,120953,0,0,0,0,0,0,0,0,0,0
1,1,120953,0,10,0,0,0,0,0,0,0,0
1,1,120954,16,16,16,16,16,16,16,16,16,16
2,1,120954,7,7,7,7,7,7,7,7,7,7
1,1,120955,18,18,18,18,18,18,18,18,18,18
1,1,120956,0,0,0,0,0,0,0,0,0,0
1,1,120957,0,0,0,0,0,0,0,0,0,0
1,1,120958,0,0,0,0,0,0,0,0,0,0
2,1,120958,0,0,0,0,0,0,0,0,0,0
1,1,120959,0,0,0,0,0,0,0,0,0,0
2,1,120959,0,0,0,0,0,0,0,0,0,0
3,1,120959,0,9,0,0,0,0,0,0,0,0
0,1,120960,23,23,23,23,23,23,23,23,23,23
1,1,120960,0,0,0,0,0,0,0,0,0,0
1,1,120961,0,0,0,0,0,0,0,0,0,0
2,1,120961,0,0,0,0,0,0,0,0,0,0
1,1,120962,11,11,11,11,11,11,11,11,11,11
2,1,120962,0,0,0,0,0,0,0,0,0,0
1,1,120963,22,0,0,0,0,0,0,0,0,0
2,1,120963,0,0,0,0,0,0,0,0,0,0
0,1,120964,0,0,0,0,0,0,0,0,0,0
1,1,120964,0,0,0,0,0,0,0,0,0,0
2,1,120964,0,0,0,0,0,0,0,0,0,0
1,1,120965,0,0,0,0,0,0,0,0,0,0
2,1,120965,0,0,0,0,0,0,0,0,0,0
1,1,120966,0,0,0,7,0,0,0,0,0,0
2,1,120966,0,0,0,3,0,0,0,0,0,0
3,1,120966,11,11,11,11,11,11,11,11,11,11
1,1,120967,13,13,13,13,13,13,13,13,13,13
1,1,120968,0,0,24,0,15,7,0,0,0,0
1,1,120969,11,11,11,11,11,11,11,11,11,11
1,1,120970,3,0,0,0,0,0,0,0,0,0
2,1,120970,0,0,0,0,0,0,0,0,0,15
1,1,120971,18,18,18,18,18,18,18,18,18,18
2,1,120971,0,0,0,0,0,0,0,0,0,0
3,1,120971,0,0,0,0,0,0,0,0,0,0
1,1,120972,0,0,12,0,0,0,0,0,11,23
2,1,120972,15,0,6,0,0,10,0,0,0,8
1,1,120973,16,16,16,16,16,16,16,16,16,16
2,1,120973,0,0,0,0,0,0,0,0,0,0
1,1,120974,16,16,16,16,16,16,16,16,16,16
2,1,120974,0,0,0,0,0,0,0,0,0,0
1,1,120975,0,0,0,0,0,0,0,0,0,0
1,1,120976,0,0,0,0,0,0,0,0,0,0
2,1,120976,0,0,0,0,0,0,0,0,0,0
1,1,120977,4,0,0,0,4,0,0,8,0,14
1,1,120978,0,0,0,0,0,0,0,0,0,0
1,1,120979,0,0,0,0,0,0,0,0,0,0
1,1,120980,7,7,7,7,7,7,7,7,7,7
2,1,120980,0,0,0,0,0,0,0,0,0,0
3,1,120980,0,0,0,0,0,0,0,0,0,0
4,1,120980,0,0,0,0,0,0,0,0,0,0
5,1,120980,0,0,0,0,0,0,0,0,0,0
6,1,120980,0,0,0,0,0,0,0,0,0,0
1,1,120981,0,0,0,0,0,0,0,0,0,0
1,1,120982,0,0,0,0,5,0,0,0,0,0
2,1,120982,0,0,0,0,0,0,0,0,0,0
0,1,120983,8,8,8,8,8,8,8,8,8,8
0,2,120983,0,10,0,0,0,0,0,0,0,0
1,1,120983,2,7,0,0,0,0,0,0,0,9
1,1,120984,0,0,0,0,0,0,0,0,0,0
2,1,120984,0,0,0,0,0,0,0,0,0,0
1,1,120985,5,5,5,5,5,5,5,5,5,5
2,1,120985,0,0,0,0,0,0,0,0,0,0
1,1,120986,22,22,22,22,22,22,22,22,22,22
1,1,120987,14,14,14,14,14,14,14,14,14,14
2,1,120987,0,0,0,0,0,0,0,0,0,0
3,1,120987,0,0,0,0,0,0,0,0,0,0
1,1,120988,0,0,0,0,0,0,0,0,0,0
2,1,120988,0,16,0,0,0,0,0,0,0,5
0,1,120989,0,0,11,0,0,0,0,0,0,0
1,1,120989,0,0,0,0,0,0,0,0,0,0
1,1,120990,0,0,0,0,0,0,0,0,0,0
2,1,120990,0,0,0,0,0,0,0,0,0,0
1,1,120991,23,23,23,23,23,23,23,23,23,23
2,1,120991,11,0,10,0,0,0,0,0,0,0
1,1,120992,0,0,0,0,0,0,0,0,0,0
2,1,120992,0,0,0,0,0,0,0,0,6,0
1,1,120993,13,7,0,0,0,6,0,3,27,15
1,1,120994,0,0,0,30,0,0,0,0,0,0
2,1,120994,0,6,0,0,0,0,0,0,0,0
1,1,120995,0,0,0,0,0,0,0,0,0,0
2,1,120995,20,20,20,20,20,20,20,20,20,20
1,1,120996,0,0,0,11,12,0,0,0,15,0
1,1,120997,0,0,0,0,0,0,0,0,0,0
2,1,120997,0,0,0,0,0,0,0,0,0,0
0,1,120998,0,0,0,0,0,0,0,0,0,0
1,1,120998,0,0,0,0,0,0,0,0,0,0
0,1,120999,14,14,14,14,14,14,14,14,14,14
1,1,120999,0,0,0,0,0,0,0,0,0,0
1,1,121000,0,0,0,0,0,0,0,0,0,0
2,1,121000,0,29,0,0,0,0,0,0,0,0
1,1,121001,17,17,17,17,17,17,17,17,17,17
1,1,121002,0,0,0,0,0,0,0,0,0,0
2,1,121002,11,0,0,0,0,0,0,0,0,9
1,1,121003,0,0,0,0,0,0,0,0,0,0
2,1,121003,0,0,0,0,0,0,0,0,0,0
1,1,121005,0,0,0,0,0,0,0,0,0,0
2,1,121005,0,0,0,0,0,0,0,0,0,0
0,1,121006,0,0,0,0,0,0,0,0,0,0
1,1,121006,0,0,0,0,0,0,0,0,0,0
1,1,121007,0,0,0,0,0,0,0,0,0,0
2,1,121007,0,0,0,0,0,0,0,0,0,0
1,1,121008,0,0,0,0,0,0,0,0,0,0
1,1,121009,28,28,28,28,28,28,28,28,28,28
0,1,121010,0,0,0,0,0,0,0,0,0,0
1,1,121010,0,0,0,0,0,0,0,0,0,0
0,1,121011,0,0,0,0,0,0,0,0,0,0
1,1,121011,0,4,0,0,0,0,0,0,0,0
1,1,121012,0,0,0,0,0,0,0,0,0,0
0,1,121013,0,0,0,0,0,0,0,0,0,0
1,1,121013,0,0,0,0,0,0,0,0,0,0
1,1,121014,8,8,8,8,8,8,8,8,8,8
0,1,121015,0,0,0,0,0,0,0,0,0,0
1,1,121015,0,0,0,0,0,0,0,0,0,0
1,1,121016,0,0,0,0,0,0,10,0,0,0
2,1,121016,0,0,0,0,0,0,10,0,0,0
1,1,121017,0,0,0,0,0,0,0,0,0,0
2,1,121017,0,0,0,0,0,0,0,0,0,0
0,1,121018,0,0,24,0,26,32,0,19,5,0
1,1,121018,0,7,13,0,0,0,0,0,14,0
1,1,121019,16,16,16,16,16,16,16,16,16,16
2,1,121019,0,0,0,0,0,0,0,0,0,0
3,1,121019,0,6,0,0,0,0,0,0,0,0
1,1,121020,2,2,2,2,2,2,2,2,2,2
0,1,121021,0,0,0,0,0,0,0,0,0,0
1,1,121021,0,0,0,0,0,0,0,0,0,0
0,1,121022,28,28,28,28,28,28,28,28,28,28
1,1,121022,0,0,0,0,0,0,10,0,0,0
2,1,121022,0,0,0,17,0,0,0,0,0,0
0,1,121023,14,14,14,14,14,14,14,14,14,14
1,1,121023,0,0,0,0,0,0,0,0,5,13
1,1,121024,0,0,0,0,0,0,0,0,0,0
2,1,121024,0,0,0,0,0,0,0,0,0,0
1,1,121025,0,0,0,0,0,0,0,0,0,0
1,1,121026,27,27,27,27,27,27,27,27,27,27
0,1,121027,25,25,25,25,25,25,25,25,25,25
1,1,121027,17,12,0,0,6,0,0,0,0,0
2,1,121027,0,0,0,0,0,0,0,0,0,0
1,1,121028,0,5,0,0,0,0,0,0,0,0
2,1,121028,0,0,0,0,0,0,0,0,11,0
1,1,121029,0,0,0,0,0,0,0,0,0,0
2,1,121029,0,0,0,0,0,0,0,0,0,0
3,1,121029,0,0,0,0,0,0,0,0,0,0
0,1,121030,0,0,0,0,0,0,0,0,0,0
1,1,121030,0,0,0,0,0,0,0,0,0,0
1,1,121031,0,0,0,0,0,0,0,0,0,0
1,1,121032,0,0,0,0,0,0,0,0,0,0
2,1,121032,0,0,0,0,0,0,0,0,0,0
0,1,121033,0,24,0,7,0,0,0,0,10,0
1,1,121033,0,0,0,0,0,0,0,0,0,0
1,1,121034,28,28,28,28,28,28,28,28,28,28
1,1,121035,0,0,0,0,0,0,0,0,0,0
0,1,121036,0,0,0,0,0,0,0,11,0,28
1,1,121036,0,0,0,0,0,0,0,0,0,0
1,1,121037,22,22,22,22,22,22,22,22,22,22
2,1,121037,0,0,0,0,0,0,0,0,0,0
0,1,121038,0,0,0,0,0,0,0,0,0,0
1,1,121038,0,0,0,0,0,0,0,0,0,0
1,1,121039,0,0,0,0,0,0,0,0,0,0
2,1,121039,0,0,0,0,0,0,0,0,0,0
1,1,121040,0,0,0,0,0,0,0,0,0,0
2,1,121040,5,5,5,5,5,5,5,5,5,5
1,1,121041,0,0,0,0,0,0,0,0,0,0
2,1,121041,0,0,0,0,0,0,0,0,0,0
1,1,121042,20,19,20,23,23,25,0,0,0,20
1,1,121043,0,0,0,0,0,0,0,0,0,0
2,1,121043,0,0,0,0,0,0,0,0,0,0
0,1,121044,0,0,0,0,0,0,0,0,0,0
1,1,121044,0,0,0,0,0,0,0,0,0,0
0,1,121045,25,0,0,0,0,0,24,0,0,0
1,1,121045,0,0,0,0,0,0,0,0,0,0
1,1,121046,0,0,0,0,0,0,0,0,0,0
1,1,121047,0,0,0,0,0,0,0,0,0,0
2,1,121047,0,0,0,0,0,0,0,0,0,0
1,1,121048,0,0,0,0,0,0,0,0,0,0
2,1,121048,0,0,0,0,0,0,0,0,0,0
0,1,121049,15,0,0,0,0,0,0,0,20,0
1,1,121049,0,0,0,0,0,0,0,0,0,6
0,1,121050,22,22,22,22,22,22,22,22,22,22
1,1,121050,0,0,0,0,0,0,0,0,0,0
2,1,121050,0,0,0,0,0,0,0,0,0,0
1,1,121051,0,0,0,0,0,0,12,0,0,0
1,1,121052,17,17,17,17,17,17,17,17,17,17
1,1,121053,0,0,0,0,0,0,0,0,0,0
2,1,121053,0,0,0,0,0,0,0,0,0,0
0,1,121054,0,0,0,0,7,0,0,0,0,29
1,1,121054,0,0,0,0,0,0,0,0,0,0
1,1,121055,0,0,0,0,0,0,0,0,0,0
2,1,121055,0,0,0,0,0,0,0,0,0,0
1,1,121056,0,0,0,0,0,0,0,0,0,0
2,1,121056,0,0,0,0,0,0,0,0,0,0
3,1,121056,0,0,0,0,0,0,0,0,0,0
4,1,121056,0,0,0,0,0,0,0,0,0,0
1,1,121057,8,10,12,0,10,14,19,6,21,15
1,1,121058,7,7,7,7,7,7,7,7,7,7
1,1,121059,0,0,0,0,0,0,0,0,0,0
2,1,121059,0,0,0,0,0,0,0,0,0,0
1,1,121060,0,5,0,0,0,0,0,0,0,0
0,1,121061,14,0,0,0,9,0,0,14,0,0
1,1,121061,0,0,0,0,0,0,0,0,0,0
1,1,121062,22,22,22,22,22,22,22,22,22,22
0,1,121063,0,0,0,0,8,0,0,0,0,0
1,1,121063,22,0,0,0,0,0,0,0,0,0
1,1,121064,0,0,0,0,0,0,0,0,0,0
2,1,121064,0,0,0,0,0,0,0,0,0,0
3,1,121064,0,0,0,0,0,0,0,0,0,0
1,1,121065,0,0,0,0,0,0,0,0,0,0
1,1,121066,0,0,0,0,0,0,0,0,0,0
2,1,121066,0,0,0,0,0,0,0,0,0,0
0,1,121067,17,17,17,17,17,17,17,17,17,17
1,1,121067,0,0,0,0,0,0,0,0,0,0
0,1,121068,21,21,21,21,21,21,21,21,21,21
1,1,121068,0,0,0,0,0,0,0,0,0,18
1,1,121069,0,0,0,0,0,0,0,0,0,0
2,1,121069,0,0,0,0,0,0,0,0,0,0
0,1,121070,0,0,0,0,0,0,0,0,0,0
1,1,121070,0,0,0,0,0,0,0,0,0,0
1,1,121071,0,0,0,0,0,0,0,0,0,0
2,1,121071,0,0,0,0,0,0,0,0,0,0
0,1,121072,40,20,0,16,25,0,0,9,0,7
1,1,121072,0,0,0,0,0,0,0,0,0,0
1,1,121073,0,0,0,0,0,0,0,0,0,0
2,1,121073,0,0,0,0,0,0,0,0,0,0
1,1,121074,0,0,0,0,0,0,0,0,0,0
2,1,121074,0,0,0,0,0,0,0,0,0,0
0,1,121075,0,0,0,0,0,0,0,0,0,0
1,1,121075,15,0,0,0,0,0,0,0,0,0
1,1,121076,20,20,20,20,20,20,20,20,20,20
1,1,121077,11,0,13,0,21,0,0,0,28,0
2,1,121077,0,0,0,0,0,0,0,0,0,0
1,1,121078,0,0,0,0,0,0,0,0,0,0
2,1,121078,0,0,0,0,0,0,0,0,0,0
1,1,121079,0,0,0,0,0,0,0,0,0,0
2,1,121079,0,0,0,0,0,0,0,0,0,0
1,1,121080,33,0,0,3,11,34,18,18,17,13
1,1,121081,0,13,8,0,0,0,0,0,0,2
2,1,121081,3,3,3,3,3,3,3,3,3,3
1,1,121082,0,18,0,0,0,29,0,0,0,0
0,1,121083,0,0,0,0,0,0,0,0,0,0
1,1,121083,0,0,0,0,0,0,0,0,0,0
1,1,121084,0,0,0,17,0,6,0,0,0,0
2,1,121084,0,0,0,0,0,0,0,0,0,0
1,1,121085,0,0,0,0,0,0,0,0,0,0
2,1,121085,0,0,0,0,0,0,0,0,0,0
1,1,121086,0,0,8,0,0,0,0,0,0,0
0,1,121087,0,0,0,0,0,0,0,0,0,0
1,1,121087,0,0,0,0,0,0,0,0,0,0
0,1,121088,24,37,0,0,12,0,16,0,34,26
1,1,121088,0,0,0,0,0,0,0,0,0,0
1,1,121089,21,21,21,21,21,21,21,21,21,21
1,1,121090,0,0,12,0,0,4,2,0,0,0
1,1,121091,0,0,0,3,0,7,0,0,0,0
2,1,121091,2,2,2,2,2,2,2,2,2,2
1,1,121092,34,34,34,34,34,34,34,34,34,34
2,1,121092,0,0,0,0,0,0,0,0,0,0
3,1,121092,0,13,0,0,0,0,10,14,15,0
1,1,121093,0,9,0,0,0,0,0,0,0,0
2,1,121093,0,0,0,0,0,0,0,0,0,0
1,1,121094,0,0,0,0,0,0,22,0,0,0
0,1,121095,20,20,20,20,20,20,20,20,20,20
1,1,121095,0,0,0,0,0,0,0,0,0,0
1,1,121096,0,0,0,0,0,0,0,0,0,0
2,1,121096,0,0,0,0,0,0,0,0,0,0
3,1,121096,0,0,0,0,0,7,0,0,0,0
4,1,121096,0,0,0,0,0,0,0,0,0,0
5,1,121096,0,0,0,0,0,0,0,0,0,0
0,1,121097,25,25,25,25,25,25,25,25,25,25
1,1,121097,0,0,0,0,0,0,0,0,0,0
0,1,121098,0,24,5,0,13,0,0,22,0,10
1,1,121098,0,0,5,0,0,0,0,0,0,0
1,1,121099,13,13,13,13,13,13,13,13,13,13
0,1,121100,19,19,19,19,19,19,19,19,19,19
1,1,121100,8,0,0,0,0,0,0,0,0,0
1,1,121101,0,0,0,0,0,0,0,0,0,0
2,1,121101,0,0,0,0,0,0,0,0,0,0
3,1,121101,0,0,0,0,0,0,0,0,0,0
4,1,121101,0,0,0,0,0,0,0,0,0,0
0,1,121102,0,0,0,0,0,0,0,0,0,0
1,1,121102,0,0,0,0,0,0,0,0,0,0
1,1,121103,21,21,21,21,21,21,21,21,21,21
1,1,121104,7,0,0,0,0,0,0,0,0,0
2,1,121104,0,0,0,0,0,0,0,0,0,0
1,1,121105,18,18,18,18,18,18,18,18,18,18
1,1,121106,0,0,0,0,0,0,0,0,0,0
0,1,121107,0,0,0,0,0,0,0,23,0,0
1,1,121107,0,0,0,0,0,0,0,0,0,0
1,1,121108,10,0,0,0,0,0,13,0,0,10
1,1,121109,0,15,11,0,0,0,0,0,0,0
1,1,121110,19,19,19,19,19,19,19,19,19,19
1,1,121111,10,10,10,10,10,10,10,10,10,10
1,1,121112,9,0,0,22,0,21,4,21,0,0
0,1,121113,24,19,0,35,0,18,11,0,0,0
1,1,121113,0,0,13,0,0,0,0,0,0,0
1,1,121114,0,0,0,0,0,0,0,0,0,0
1,1,121115,0,0,0,0,0,0,0,0,0,0
2,1,121115,0,0,0,0,0,0,0,0,0,0
1,1,121116,0,0,0,0,0,0,0,0,0,0
2,1,121116,0,0,0,0,0,0,0,0,0,0
1,1,121117,0,0,0,0,0,0,0,0,0,7
2,1,121117,0,0,0,0,0,0,0,0,0,0
1,1,121118,0,0,0,0,0,0,0,0,0,0
1,1,121119,0,0,0,0,0,0,0,0,0,0
2,1,121119,0,0,0,0,0,0,0,0,0,0
1,1,121120,30,30,30,30,30,30,30,30,30,30
1,1,121121,0,0,0,0,0,0,0,7,0,0
2,1,121121,2,2,2,2,2,2,2,2,2,2
3,1,121121,0,0,0,8,0,0,0,0,0,0
1,1,121122,0,0,0,0,0,0,0,0,0,0
0,1,121123,15,15,15,15,15,15,15,15,15,15
1,1,121123,0,0,0,0,0,0,0,0,0,0
1,1,121124,36,36,36,36,36,36,36,36,36,36
1,1,121125,0,0,0,0,0,0,0,0,0,0
1,1,121126,0,0,0,0,0,0,0,0,0,0
1,1,121127,21,21,21,21,21,21,21,21,21,21
1,1,121128,14,14,14,14,14,14,14,14,14,14
1,1,121129,0,0,0,0,0,0,0,0,0,0
2,1,121129,0,0,0,0,0,0,0,0,0,0
1,1,121130,0,0,0,0,0,0,0,0,0,0
2,1,121130,0,0,0,0,0,0,0,0,0,0
1,1,121131,27,27,27,27,27,27,27,27,27,27
2,1,121131,0,0,0,0,0,0,0,0,0,0
1,1,121132,0,0,0,0,0,12,0,0,0,0
2,1,121132,0,0,0,0,0,0,0,0,0,0
1,1,121133,0,0,0,0,0,0,0,0,0,0
2,1,121133,0,0,0,0,0,0,0,0,0,0
1,1,121134,0,0,0,0,0,0,0,0,0,0
2,1,121134,0,0,0,0,0,0,0,0,0,0
1,1,121135,0,0,0,0,0,0,0,0,0,0
2,1,121135,0,0,0,0,0,0,0,0,0,0
1,1,121136,15,15,15,15,15,15,15,15,15,15
0,1,121137,25,25,25,25,25,25,25,25,25,25
1,1,121137,0,0,8,0,25,16,32,9,0,0
2,1,121137,0,0,0,0,0,0,0,0,0,0
3,1,121137,14,0,0,0,12,0,0,16,0,17
1,1,121138,0,0,0,0,0,0,0,0,0,0
2,1,121138,0,0,0,0,0,0,0,0,0,0
1,1,121139,6,6,6,6,6,6,6,6,6,6
2,1,121139,0,0,0,0,0,0,0,6,0,0
1,1,121140,21,21,21,21,21,21,21,21,21,21
1,1,121141,20,20,20,20,20,20,20,20,20,20
2,1,121141,0,0,0,0,0,23,0,0,3,0
1,1,121142,18,18,18,18,18,18,18,18,18,18
1,1,121143,31,31,31,31,31,31,31,31,31,31
1,1,121145,0,0,0,0,0,0,0,0,0,0
2,1,121145,0,0,0,0,0,0,0,0,0,0
0,1,121146,24,24,24,24,24,24,24,24,24,24
1,1,121146,0,0,0,0,0,0,0,0,0,0
1,1,121147,0,0,0,0,0,0,0,0,0,0
2,1,121147,0,0,0,0,0,0,0,0,0,0
1,1,121148,0,0,0,5,0,0,0,0,0,0
1,1,121149,0,0,0,0,0,0,0,0,0,0
2,1,121149,0,0,0,8,0,0,0,0,0,0
1,1,121150,0,0,0,0,0,0,0,0,0,0
1,1,121151,0,0,0,0,0,0,0,0,0,0
2,1,121151,0,0,0,0,0,0,0,0,0,0
1,1,121152,0,0,0,0,0,0,0,0,0,0
1,1,121153,13,13,13,13,13,13,13,13,13,13
1,1,121154,0,0,0,0,0,0,0,0,0,0
2,1,121154,0,0,0,0,0,0,0,0,0,0
1,1,121155,11,11,11,11,11,11,11,11,11,11
1,1,121156,0,0,0,0,0,0,0,0,0,0
2,1,121156,0,0,0,0,0,0,0,0,0,0
1,1,121157,0,0,8,0,0,12,0,20,19,0
2,1,121157,0,0,0,0,0,0,0,0,0,0
1,1,121158,0,0,13,0,0,0,0,0,0,0
1,1,121159,0,0,0,0,0,0,0,0,0,0
1,1,121160,13,13,13,13,13,13,13,13,13,13
1,1,121161,0,0,0,0,0,0,0,0,0,0
2,1,121161,0,0,0,0,0,0,0,0,0,0
0,1,121162,0,0,0,0,0,0,0,0,0,0
1,1,121162,0,0,0,0,0,0,0,0,0,0
1,1,121163,0,0,0,0,0,0,0,0,0,0
2,1,121163,0,0,0,0,0,0,0,0,0,0
1,1,121164,0,0,0,0,0,0,0,0,0,0
2,1,121164,0,0,0,0,0,0,0,0,0,0
1,1,121165,0,0,0,0,0,0,0,0,0,0
1,1,121166,0,0,0,0,0,0,0,0,0,0
1,1,121167,22,22,22,22,22,22,22,22,22,22
2,1,121167,0,0,0,0,0,0,0,0,0,11
0,1,121168,26,0,0,0,0,0,0,0,0,0
1,1,121168,0,0,0,0,0,18,0,0,8,0
0,1,121169,33,33,33,33,33,33,33,33,33,33
1,1,121169,0,0,0,0,0,0,0,0,0,0
1,1,121170,18,18,18,18,18,18,18,18,18,18
0,1,121171,22,22,22,22,22,22,22,22,22,22
1,1,121171,0,0,0,0,0,0,0,0,0,0
0,1,121172,33,33,33,33,33,33,33,33,33,33
1,1,121172,0,10,0,0,0,0,0,0,0,0
1,1,121173,0,0,0,0,0,0,0,0,0,0
2,1,121173,0,0,0,0,0,0,0,0,0,0
3,1,121173,0,0,0,0,0,0,0,0,0,0
1,1,121174,13,15,21,15,25,30,19,9,0,0
1,1,121175,0,0,0,0,0,0,0,0,0,0
2,1,121175,0,0,0,0,0,0,0,0,0,0
1,1,121176,3,3,3,3,3,3,3,3,3,3
1,1,121177,24,24,24,24,24,24,24,24,24,24
2,1,121177,0,0,0,0,0,0,0,0,0,0
1,1,121178,0,0,0,0,0,0,0,0,0,0
0,1,121179,0,0,6,0,0,0,0,20,0,0
1,1,121179,0,0,0,0,0,0,0,0,0,0
1,1,121180,0,0,0,0,0,0,0,0,0,0
1,1,121181,25,25,25,25,25,25,25,25,25,25
1,1,121182,0,0,0,0,0,0,0,0,0,0
1,1,121183,15,15,15,15,15,15,15,15,15,15
1,1,121184,0,0,0,0,0,0,0,0,0,0
2,1,121184,8,8,8,8,8,8,8,8,8,8
1,1,121185,0,0,0,0,0,0,0,0,0,0
2,1,121185,0,0,0,0,0,0,0,0,0,0
3,1,121185,0,0,0,0,0,0,0,0,0,0
4,1,121185,0,0,0,0,0,0,0,0,0,0
1,1,121186,0,0,0,0,0,0,0,0,0,0
0,1,121187,0,0,0,0,0,0,0,0,0,0
1,1,121187,0,0,0,0,0,0,0,0,0,0
1,1,121188,0,0,0,0,0,0,0,0,0,0
1,1,121189,0,0,0,0,0,0,0,0,0,0
1,1,121190,0,0,0,0,0,0,0,0,0,0
2,1,121190,14,14,14,14,14,14,14,14,14,14
1,1,121191,0,0,0,0,0,0,0,0,0,0
2,1,121191,0,0,0,0,0,0,0,0,0,0
1,1,121192,5,13,19,0,9,0,15,23,0,5
1,1,121193,0,0,0,0,0,0,0,0,0,0
1,1,121194,0,0,0,0,0,0,0,0,0,0
2,1,121194,0,0,0,0,0,0,0,0,0,0
0,1,121195,0,12,0,13,0,0,0,0,0,0
1,1,121195,0,0,0,0,0,0,0,0,0,0
1,1,121196,14,14,14,14,14,14,14,14,14,14
1,1,121197,23,0,19,2,0,0,6,0,0,21
1,1,121198,14,14,14,14,14,14,14,14,14,14
1,1,121199,11,11,11,11,11,11,11,11,11,11
1,1,121200,6,0,0,14,0,18,14,19,11,21
0,1,121201,18,18,18,18,18,18,18,18,18,18
1,1,121201,0,0,0,0,0,0,0,11,0,0
1,1,121202,20,20,20,20,20,20,20,20,20,20
2,1,121202,0,0,0,0,0,0,0,0,0,0
1,1,121203,16,16,16,16,16,16,16,16,16,16
2,1,121203,0,0,0,0,0,0,0,0,0,0
3,1,121203,0,0,0,0,0,0,0,0,0,0
1,1,121204,0,0,0,0,0,0,0,0,0,0
1,1,121205,0,0,0,0,0,0,0,0,0,0
1,1,121206,0,13,0,21,0,0,0,8,0,0
1,1,121207,11,11,11,11,11,11,11,11,11,11
1,1,121208,0,0,0,0,0,0,0,0,0,0
2,1,121208,0,0,0,0,0,0,0,0,0,0
1,1,121209,18,18,18,18,18,18,18,18,18,18
0,1,121210,13,13,13,13,13,13,13,13,13,13
1,1,121210,0,0,0,0,0,0,0,0,0,0
1,1,121211,0,0,31,0,0,0,0,0,4,0
2,1,121211,0,0,0,0,0,0,0,0,0,0
1,1,121212,0,0,0,0,0,0,0,0,0,0
2,1,121212,0,0,0,0,0,0,0,0,0,0
1,1,121213,0,0,0,0,0,0,0,0,0,0
1,1,121214,16,16,16,16,16,16,16,16,16,16
0,1,121215,19,19,19,19,19,19,19,19,19,19
1,1,121215,0,0,0,0,0,0,0,0,0,0
1,1,121216,0,0,0,0,0,0,0,0,0,0
2,1,121216,0,0,0,0,0,0,0,0,0,0
1,1,121217,0,0,0,0,0,0,0,0,0,0
2,1,121217,0,0,0,0,0,0,0,0,0,0
0,1,121218,0,0,0,0,0,0,0,0,0,0
1,1,121218,0,17,0,18,0,0,0,15,21,0