VEH_NO,PER_NO,ST_CASE,P1,P2,P3,P4,P5,P6,P7,P8,P9,P10
1,1,122135,0,0,0,0,0,0,0,0,8,0
2,1,122135,0,0,0,0,0,0,0,0,0,0
1,1,122136,16,16,16,16,16,16,16,16,16,16
2,1,122136,0,0,0,0,0,0,0,25,0,0
1,1,122138,0,0,0,18,0,0,0,0,0,0
2,1,122138,0,0,0,0,0,7,0,0,0,18
1,1,122139,24,24,24,24,24,24,24,24,24,24
1,1,122140,20,20,20,20,20,20,20,20,20,20
2,1,122140,0,0,0,0,0,0,4,0,0,0
0,1,122141,8,8,8,8,8,8,8,8,8,8
0,2,122141,6,0,14,0,15,0,0,0,0,0
1,1,122141,0,0,0,0,0,0,0,12,36,0
1,1,122142,22,22,22,22,22,22,22,22,22,22
2,1,122142,8,0,0,0,0,0,0,0,0,0
3,1,122142,0,0,0,20,0,0,0,0,0,8
1,1,122143,0,0,0,0,0,0,13,0,0,0
2,1,122143,3,0,11,0,0,6,0,0,0,5
3,1,122143,5,5,5,5,5,5,5,5,5,5
0,1,122144,26,26,26,26,26,26,26,26,26,26
1,1,122144,0,0,0,0,0,0,0,0,0,0
1,1,122145,0,0,0,0,0,0,0,0,0,0
2,1,122145,0,0,0,0,0,0,0,0,0,0
0,1,122146,0,19,23,16,13,13,3,0,18,0
1,1,122146,0,0,0,0,0,11,0,0,0,0
0,1,122147,0,0,0,0,0,0,0,0,0,0
1,1,122147,0,0,0,0,0,0,0,0,0,0
1,1,122148,0,0,0,0,0,0,0,0,0,0
2,1,122148,0,0,0,0,0,0,0,0,0,0
0,1,122149,0,0,0,0,0,0,0,0,0,0
1,1,122149,0,0,0,0,0,0,0,0,0,0
1,1,122150,28,28,28,28,28,28,28,28,28,28
1,1,122151,0,0,0,0,0,0,0,0,0,0
1,1,122152,16,16,16,16,16,16,16,16,16,16
2,1,122152,8,8,8,8,8,8,8,8,8,8
1,1,122154,25,25,25,25,25,25,25,25,25,25
1,1,122155,0,0,0,0,8,0,0,0,0,4
1,1,122156,14,0,0,0,29,0,12,8,20,2
0,1,122157,19,19,19,19,19,19,19,19,19,19
1,1,122157,4,4,4,4,4,4,4,4,4,4
2,1,122157,0,0,0,0,0,0,0,0,11,0
1,1,122158,32,32,32,32,32,32,32,32,32,32
1,1,122159,0,0,0,0,0,0,0,0,0,0
0,1,122160,0,0,0,0,0,21,0,48,0,0
2,1,122160,0,0,0,0,0,0,0,0,0,0
1,1,122161,0,0,0,0,0,0,0,0,0,0
2,1,122161,0,0,0,0,0,0,0,0,0,0
0,1,122162,0,0,0,0,0,0,0,0,0,0
1,1,122162,0,0,0,0,0,0,0,0,0,9
0,1,122163,27,27,27,27,27,27,27,27,27,27
1,1,122163,0,0,0,0,0,0,0,0,0,0
1,1,122164,0,0,0,31,0,0,0,10,0,0
1,1,122165,0,0,0,0,0,0,0,0,0,0
2,1,122165,0,0,0,0,0,0,0,0,0,0
0,1,122166,0,0,0,0,0,0,0,0,0,0
1,1,122166,0,0,0,0,0,0,0,0,0,0
1,1,122167,18,18,18,18,18,18,18,18,18,18
1,1,122168,24,24,24,24,24,24,24,24,24,24
2,1,122168,0,0,0,0,0,0,0,0,0,0
3,1,122168,0,0,0,0,0,0,0,0,0,0
1,1,122169,0,0,0,0,0,0,0,0,0,0
2,1,122169,0,0,0,0,0,0,0,0,0,0
1,1,122170,0,0,0,0,0,0,0,0,0,0
2,1,122170,0,0,0,0,0,0,0,0,0,0
1,1,122171,0,0,0,0,0,0,0,0,0,0
2,1,122171,0,0,0,0,0,0,0,0,0,0
3,1,122171,0,0,0,0,0,0,0,0,0,0
1,1,122172,0,0,0,0,0,0,0,0,0,0
2,1,122172,0,0,0,0,0,0,0,0,0,0
1,1,122173,3,3,3,3,3,3,3,3,3,3
1,1,122174,4,4,4,4,4,4,4,4,4,4
2,1,122174,0,0,0,0,0,0,0,0,0,0
1,1,122175,0,0,0,0,0,0,0,0,0,0
2,1,122175,0,0,0,0,0,10,0,0,0,0
1,1,122176,19,19,19,19,19,19,19,19,19,19
2,1,122176,19,19,19,19,19,19,19,19,19,19
3,1,122176,0,0,0,0,0,0,0,0,0,0
4,1,122176,0,0,0,0,0,0,0,0,0,5
1,1,122177,14,14,14,14,14,14,14,14,14,14
1,1,122178,0,0,0,0,0,0,0,0,0,0
2,1,122178,0,0,0,0,0,0,0,0,0,0
0,1,122179,13,13,13,13,13,13,13,13,13,13
1,1,122179,0,0,0,0,0,0,0,0,0,0
1,1,122180,0,0,0,0,0,0,0,0,0,0
2,1,122180,0,0,0,0,0,0,0,0,0,0
3,1,122180,0,0,0,0,0,0,0,0,0,0
1,1,122181,0,0,0,0,0,0,0,0,0,0
1,1,122182,0,0,0,0,0,0,0,0,0,0
1,1,122183,0,21,6,0,0,9,0,0,0,14
1,1,122184,23,23,23,23,23,23,23,23,23,23
1,1,122185,16,10,0,0,15,14,0,0,0,0
2,1,122185,0,0,0,0,0,0,0,0,0,0
1,1,122186,0,0,0,0,0,0,0,12,0,0
2,1,122186,0,0,9,0,0,0,0,0,0,0
3,1,122186,0,0,0,0,0,0,0,0,0,0
1,1,122187,11,0,0,0,0,0,0,0,14,0
1,1,122188,8,8,8,8,8,8,8,8,8,8
2,1,122188,0,10,0,0,0,0,0,0,0,0
0,1,122189,25,25,25,25,25,25,25,25,25,25
1,1,122189,0,0,0,0,13,0,0,0,0,0
1,1,122190,30,30,30,30,30,30,30,30,30,30
2,1,122190,2,0,0,0,0,0,0,0,0,0
3,1,122190,0,0,0,0,0,0,0,0,0,0
4,1,122190,0,0,0,0,0,0,0,0,0,0
5,1,122190,0,0,0,0,0,0,0,0,0,0
1,1,122191,27,27,27,27,27,27,27,27,27,27
1,1,122192,0,0,0,0,0,0,0,0,0,0
2,1,122192,0,0,0,0,0,0,0,0,0,0
1,1,122193,14,14,14,14,14,14,14,14,14,14
2,1,122193,0,0,0,0,0,0,0,0,0,3
1,1,122194,0,0,0,0,0,11,0,0,0,0
0,1,122195,0,0,0,0,0,0,0,0,0,0
1,1,122195,0,0,0,0,0,0,0,0,0,0
1,1,122196,14,14,14,14,14,14,14,14,14,14
1,1,122197,1,1,1,1,1,1,1,1,1,1
0,1,122198,0,0,0,0,0,0,0,0,0,0
0,2,122198,0,0,0,0,0,0,0,0,0,0
1,1,122198,0,0,0,0,0,0,0,0,0,0
1,1,122199,18,18,18,18,18,18,18,18,18,18
2,1,122199,0,0,0,0,21,0,16,0,0,0
1,1,122200,0,0,0,0,0,0,0,0,0,0
2,1,122200,0,0,0,0,0,0,0,0,0,0
3,1,122200,0,0,0,0,0,0,0,0,0,0
4,1,122200,0,0,0,0,0,0,0,0,17,0
1,1,122201,0,0,0,0,0,0,0,0,0,0
2,1,122201,0,0,0,5,7,0,0,0,0,0
3,1,122201,0,0,0,0,0,0,0,0,0,0
1,1,122202,0,0,0,0,0,0,0,0,0,0
2,1,122202,6,6,6,6,6,6,6,6,6,6
0,1,122203,10,0,4,0,0,0,0,0,0,15
1,1,122203,19,0,12,0,17,8,0,0,0,5
1,1,122204,1,1,1,1,1,1,1,1,1,1
1,1,122205,0,0,0,0,0,0,6,0,0,0
2,1,122205,0,0,0,0,0,22,0,12,0,0
1,1,122206,19,19,19,19,19,19,19,19,19,19
2,1,122206,0,0,0,0,0,0,0,0,0,0
1,1,122207,5,0,0,0,0,0,0,0,0,0
1,1,122208,0,15,0,15,9,0,0,0,0,0
0,1,122209,0,0,0,0,0,0,0,0,0,0
1,1,122209,0,0,0,0,0,0,0,0,0,0
1,1,122210,0,0,0,0,0,0,0,0,0,0
2,1,122210,0,0,0,0,0,0,0,0,0,0
1,1,122211,0,0,0,0,0,0,0,17,0,0
2,1,122211,0,0,0,0,0,0,0,0,0,0
1,1,122212,14,14,14,14,14,14,14,14,14,14
1,1,122213,18,18,18,18,18,18,18,18,18,18
1,1,122214,23,23,23,23,23,23,23,23,23,23
1,1,122215,9,9,9,9,9,9,9,9,9,9
0,1,122216,0,0,15,0,0,0,0,12,32,20
1,1,122216,0,0,0,0,0,0,0,0,0,0
0,1,122217,18,18,18,18,18,18,18,18,18,18
1,1,122217,0,0,0,0,0,0,0,0,0,0
2,1,122217,0,0,0,0,0,16,0,0,0,0
0,1,122218,0,0,0,0,0,0,0,0,0,0
1,1,122218,0,0,0,0,0,0,0,5,0,0
1,1,122219,0,0,0,0,0,0,0,0,0,0
2,1,122219,0,0,0,0,0,0,2,0,0,0
0,1,122220,2,2,2,2,2,2,2,2,2,2
1,1,122220,0,0,0,0,0,0,0,0,0,0
1,1,122221,15,15,15,15,15,15,15,15,15,15
1,1,122222,0,0,0,0,0,0,0,0,0,0
2,1,122222,0,0,0,0,0,0,0,0,0,0
1,1,122223,0,0,0,0,0,0,0,0,0,0
1,1,122224,0,0,0,0,0,0,0,0,0,0
2,1,122224,0,0,0,0,0,0,0,0,0,0
1,1,122225,0,0,0,0,0,0,0,0,0,0
0,1,122226,0,0,4,0,17,3,28,14,13,0
1,1,122226,0,0,0,0,0,0,0,0,0,0
1,1,122227,0,0,0,10,0,0,0,0,0,0
2,1,122227,0,0,0,0,0,0,0,0,0,0
1,1,122228,0,0,0,0,0,0,0,0,0,0
2,1,122228,0,0,0,0,0,0,0,0,0,0
1,1,122229,0,0,0,0,0,0,0,0,0,0
2,1,122229,0,0,0,0,0,0,0,0,0,12
1,1,122230,0,0,0,0,16,0,0,0,0,0
1,1,122231,0,0,0,0,0,0,0,0,0,0
0,1,122232,0,0,0,0,0,0,0,0,0,0
1,1,122232,0,0,0,0,6,0,0,0,0,0
0,1,122233,15,0,0,0,6,25,32,4,0,18
1,1,122233,0,21,0,0,13,12,4,14,7,14
0,1,122234,0,0,0,0,0,0,0,0,0,0
1,1,122234,0,0,0,0,0,0,0,0,0,0
0,1,122235,24,24,24,24,24,24,24,24,24,24
1,1,122235,0,0,0,0,0,14,0,0,0,0
1,1,122236,0,0,6,18,0,32,0,0,28,2
1,1,122237,0,0,0,0,0,0,0,0,0,0
2,1,122237,0,0,0,0,0,0,0,0,0,0
1,1,122238,0,0,0,0,0,0,0,0,0,0
2,1,122238,0,0,0,0,0,0,0,0,0,0
0,1,122239,17,17,17,17,17,17,17,17,17,17
1,1,122239,0,0,0,0,0,0,0,0,0,0
1,1,122240,0,0,0,0,0,0,0,0,0,0
2,1,122240,0,8,0,0,0,0,0,0,0,0
1,1,122241,22,22,22,22,22,22,22,22,22,22
0,1,122242,35,12,13,20,13,14,18,0,45,28
1,1,122242,0,0,0,0,0,0,0,0,0,0
1,1,122243,0,0,0,0,0,0,0,0,0,0
1,1,122244,0,0,0,0,0,0,0,0,0,0
2,1,122244,0,0,0,17,0,0,0,0,0,7
0,1,122245,35,35,35,35,35,35,35,35,35,35
1,1,122245,0,0,0,0,0,0,0,0,0,0
1,1,122246,15,15,15,15,15,15,15,15,15,15
1,1,122247,21,21,21,21,21,21,21,21,21,21
1,1,122248,15,11,20,0,0,0,17,11,16,4
1,1,122249,0,0,0,0,0,0,0,0,0,0
1,1,122250,7,7,7,7,7,7,7,7,7,7
1,1,122251,0,0,0,0,0,0,0,0,0,0
2,1,122251,0,0,0,0,0,0,0,0,0,0
1,1,122252,0,0,0,0,0,0,0,0,0,0
2,1,122252,16,16,16,16,16,16,16,16,16,16
1,1,122253,0,0,0,0,0,0,0,0,0,0
2,1,122253,14,14,14,14,14,14,14,14,14,14
1,1,122254,0,0,0,0,0,0,0,0,0,0
2,1,122254,0,0,0,0,0,0,0,0,0,0
0,1,122255,0,17,0,16,0,0,0,0,0,0
1,1,122255,0,0,0,0,0,0,0,0,0,0
1,1,122256,24,24,24,24,24,24,24,24,24,24
1,1,122257,0,0,0,0,0,0,0,0,0,0
1,1,122258,23,23,23,23,23,23,23,23,23,23
1,1,122259,0,0,0,0,0,0,0,0,0,0
1,1,122260,0,0,0,0,0,0,0,0,0,0
2,1,122260,13,0,0,0,0,0,13,14,0,0
1,1,122261,0,0,0,0,0,0,0,0,0,0
2,1,122261,0,0,0,0,0,0,0,0,0,0
0,1,122262,0,0,0,0,2,0,0,0,0,8
1,1,122262,0,0,0,0,2,0,0,0,0,0
0,1,122263,0,0,0,0,0,0,0,0,9,0
1,1,122263,0,0,0,0,0,6,0,0,0,0
1,1,122264,0,0,0,0,0,0,0,0,0,0
2,1,122264,0,0,0,0,0,0,0,0,0,0
0,1,122265,18,18,18,18,18,18,18,18,18,18
1,1,122265,0,0,0,0,0,0,0,0,0,0
2,1,122265,0,0,0,0,0,0,0,0,0,0
0,1,122266,0,0,0,0,0,0,0,0,0,0
1,1,122266,0,0,0,0,0,0,0,0,0,0
1,1,122267,0,0,0,0,0,0,0,0,0,0
2,1,122267,0,0,0,0,0,0,0,0,0,0
1,1,122268,0,0,0,0,0,0,0,0,0,0
2,1,122268,0,0,0,3,0,0,0,0,0,0
1,1,122269,0,0,0,0,0,0,0,0,0,0
0,1,122270,4,4,4,4,4,4,4,4,4,4
1,1,122270,11,11,11,11,11,11,11,11,11,11
0,1,122271,0,0,0,0,0,0,0,0,0,0
1,1,122271,25,25,25,25,25,25,25,25,25,25
1,1,122272,13,13,13,13,13,13,13,13,13,13
0,1,122273,32,32,32,32,32,32,32,32,32,32
1,1,122273,0,0,0,0,0,0,0,0,0,0
1,1,122274,29,29,29,29,29,29,29,29,29,29
2,1,122274,0,0,0,0,0,0,0,0,0,0
1,1,122275,24,24,24,24,24,24,24,24,24,24
1,1,122276,8,8,8,8,8,8,8,8,8,8
2,1,122276,8,8,8,8,8,8,8,8,8,8
1,1,122277,0,0,0,0,0,0,0,0,0,0
1,1,122278,0,0,0,0,0,0,0,0,0,0
0,1,122279,24,24,24,24,24,24,24,24,24,24
1,1,122279,0,0,0,0,0,0,0,0,0,0
1,1,122280,14,14,14,14,14,14,14,14,14,14
1,1,122281,12,12,12,12,12,12,12,12,12,12
1,1,122282,13,13,13,13,13,13,13,13,13,13
1,1,122283,26,26,26,26,26,26,26,26,26,26
2,1,122283,0,0,0,0,0,0,0,0,0,0
0,1,122284,24,24,24,24,24,24,24,24,24,24
1,1,122284,0,0,0,10,0,0,0,0,0,0
1,1,122285,21,21,21,21,21,21,21,21,21,21
1,1,122286,0,0,0,0,0,0,0,0,0,0
2,1,122286,24,0,0,0,0,0,0,11,6,0
0,1,122287,29,29,29,29,29,29,29,29,29,29
1,1,122287,0,0,10,0,0,0,0,0,0,0
2,1,122287,0,0,0,0,0,0,0,0,0,0
1,1,122288,22,22,22,22,22,22,22,22,22,22
1,1,122289,0,0,0,0,0,0,0,0,0,0
2,1,122289,7,7,7,7,7,7,7,7,7,7
1,1,122290,0,0,0,0,0,0,0,0,0,0
1,1,122291,15,15,15,15,15,15,15,15,15,15
2,1,122291,0,0,0,0,0,0,18,0,0,0
1,1,122292,17,17,17,17,17,17,17,17,17,17
2,1,122292,0,0,0,0,0,0,0,0,0,0
1,1,122293,0,0,0,0,0,0,0,0,0,0
2,1,122293,0,0,0,0,0,0,0,0,0,0
1,1,122294,20,20,20,20,20,20,20,20,20,20
1,1,122295,0,0,0,0,0,0,0,0,0,0
2,1,122295,0,0,0,0,0,0,0,0,0,0
0,1,122296,0,0,0,0,0,0,0,0,0,0
1,1,122296,0,0,0,0,0,2,0,0,9,0
1,1,122297,28,28,28,28,28,28,28,28,28,28
0,1,122298,29,29,29,29,29,29,29,29,29,29
1,1,122298,0,0,0,0,0,0,0,0,0,0
1,1,122299,0,0,0,0,0,0,0,0,0,0
2,1,122299,20,20,20,20,20,20,20,20,20,20
0,1,122300,23,23,23,23,23,23,23,23,23,23
1,1,122300,0,0,0,0,0,0,0,0,0,0
1,1,122301,0,0,0,0,0,0,0,0,0,0
2,1,122301,12,12,12,12,12,12,12,12,12,12
3,1,122301,0,0,0,0,0,0,0,0,0,0
1,1,122302,0,0,0,0,0,0,0,0,0,0
2,1,122302,0,18,0,0,0,0,0,8,0,0
1,1,122303,0,0,0,0,0,0,0,0,0,0
0,1,122304,0,0,0,0,0,24,0,0,0,0
1,1,122304,0,0,15,0,0,10,0,0,0,0
1,1,122305,0,24,0,10,22,9,0,0,0,0
1,1,122306,0,0,0,0,0,0,0,0,0,0
1,1,122307,24,24,24,24,24,24,24,24,24,24
2,1,122307,0,0,0,0,0,0,0,0,0,0
0,1,122308,14,14,14,14,14,14,14,14,14,14
1,1,122308,0,0,0,0,0,0,12,0,0,0
1,1,122309,7,7,7,7,7,7,7,7,7,7
2,1,122309,0,0,0,0,0,0,0,0,0,0
1,1,122310,0,7,0,30,0,0,0,0,11,0
1,1,122311,0,0,0,0,0,0,0,0,0,0
2,1,122311,0,0,0,0,0,0,0,0,0,0
1,1,122312,0,0,0,0,0,0,0,0,3,0
2,1,122312,0,0,0,0,0,0,0,0,0,0
1,1,122313,0,0,0,0,0,0,0,0,0,0
2,1,122313,4,4,4,4,4,4,4,4,4,4
0,1,122314,0,0,0,0,0,0,0,0,0,0
1,1,122314,0,0,0,0,0,0,0,0,0,0
1,1,122315,27,27,27,27,27,27,27,27,27,27
1,1,122316,0,0,0,0,0,0,0,0,0,0
0,1,122317,0,0,0,0,0,0,0,0,0,0
1,1,122317,0,0,0,0,0,0,0,0,0,0
1,1,122318,0,0,0,0,0,0,0,0,0,0
1,1,122319,4,4,4,4,4,4,4,4,4,4
2,1,122319,0,0,0,0,0,0,0,0,0,0
3,1,122319,0,0,0,0,0,0,0,0,0,0
1,1,122320,0,0,0,0,0,0,0,0,0,0
0,1,122321,18,18,18,18,18,18,18,18,18,18
1,1,122321,0,0,0,0,0,0,0,0,0,9
2,1,122321,0,0,0,0,0,0,0,0,0,0
3,1,122321,0,0,0,0,0,0,0,0,0,0
1,1,122322,0,0,0,0,0,0,0,0,0,0
1,1,122323,0,0,0,0,0,0,0,0,0,0
2,1,122323,0,0,0,0,0,0,0,0,0,0
0,1,122324,0,0,0,0,0,0,0,0,0,0
1,1,122324,0,0,0,0,0,0,0,0,0,0
0,1,122325,18,18,18,18,18,18,18,18,18,18
1,1,122325,0,0,0,0,0,0,0,0,0,0
1,1,122326,26,26,26,26,26,26,26,26,26,26
2,1,122326,0,0,0,0,0,2,0,16,0,0
1,1,122327,25,25,25,25,25,25,25,25,25,25
1,1,122328,0,0,0,0,0,0,0,0,0,0
2,1,122328,10,10,10,10,10,10,10,10,10,10
3,1,122328,0,0,0,0,0,0,0,0,0,0
0,1,122329,0,0,0,0,0,0,0,0,0,0
0,2,122329,0,0,0,0,0,0,0,0,0,0
1,1,122329,0,0,0,0,0,0,0,0,0,0
1,1,122330,3,3,3,3,3,3,3,3,3,3
2,1,122330,0,9,2,0,0,0,11,0,2,0
1,1,122332,0,0,0,16,0,0,0,0,0,0
2,1,122332,0,0,0,30,0,11,0,0,0,0
1,1,122333,0,0,0,0,0,0,0,0,0,0
2,1,122333,0,0,0,0,0,0,0,0,0,0
1,1,122334,21,21,21,21,21,21,21,21,21,21
1,1,122335,13,13,13,13,13,13,13,13,13,13
2,1,122335,0,12,0,0,0,0,0,0,0,0
1,1,122336,0,0,0,0,0,0,0,0,0,0
1,1,122337,0,0,0,0,0,0,0,0,0,0
2,1,122337,0,0,0,0,0,0,0,0,0,0
3,1,122337,0,0,0,0,0,0,0,0,0,0
1,1,122338,0,0,0,0,0,0,0,0,0,0
2,1,122338,0,0,0,0,0,7,0,0,0,0
1,1,122339,4,0,9,0,0,0,0,0,0,0
2,1,122339,18,18,18,18,18,18,18,18,18,18
1,1,122340,0,0,0,0,22,0,0,0,0,0
0,1,122341,0,0,0,0,0,0,0,0,0,0
1,1,122341,0,0,0,0,0,0,0,0,0,0
0,1,122342,13,13,13,13,13,13,13,13,13,13
1,1,122342,10,10,10,10,10,10,10,10,10,10
1,1,122343,0,0,0,0,0,0,0,0,0,0
2,1,122343,0,0,0,0,0,0,0,0,0,0
3,1,122343,0,0,0,0,0,0,0,0,0,0
4,1,122343,0,0,0,0,0,0,0,0,0,0
1,1,122344,0,0,0,0,0,0,0,0,0,0
2,1,122344,0,0,0,0,0,0,0,0,0,0
1,1,122345,8,8,8,8,8,8,8,8,8,8
1,1,122346,24,24,24,24,24,24,24,24,24,24
1,1,122347,0,0,0,0,0,0,0,0,0,0
2,1,122347,0,0,0,0,0,0,0,0,0,0
0,1,122348,0,25,0,0,14,5,15,12,0,0
1,1,122348,0,0,0,9,0,0,0,0,0,0
1,1,122349,0,0,0,0,0,0,0,0,0,0
2,1,122349,0,0,0,0,0,0,0,0,0,0
3,1,122349,0,0,0,0,0,0,0,0,0,0
1,1,122350,0,0,0,0,0,0,0,0,0,0
2,1,122350,0,0,0,0,0,0,0,0,0,0
0,1,122351,0,0,0,0,0,0,0,0,0,0
1,1,122351,0,0,0,11,0,0,0,0,0,0
1,1,122352,0,0,0,0,0,0,0,0,0,0
2,1,122352,0,0,0,0,0,0,0,0,0,0
1,1,122353,0,0,0,0,0,0,0,0,0,0
2,1,122353,0,0,0,0,0,0,0,0,0,0
0,1,122354,0,17,0,25,0,25,33,0,0,0
1,1,122354,4,0,0,17,0,0,0,0,19,0
1,1,122355,0,12,0,0,0,0,0,0,0,0
2,1,122355,0,0,0,0,0,0,0,0,0,0
1,1,122356,15,15,15,15,15,15,15,15,15,15
1,1,122357,12,12,12,12,12,12,12,12,12,12
2,1,122357,0,0,0,0,0,0,0,0,0,0
3,1,122357,0,0,0,0,0,0,0,0,0,0
1,1,122358,0,17,0,0,0,0,0,0,0,0
2,1,122358,0,19,0,0,0,0,0,0,0,0
1,1,122359,0,0,0,0,0,0,0,0,0,0
2,1,122359,0,0,0,0,0,0,0,0,0,0
1,1,122360,0,0,0,0,0,0,0,0,0,0
2,1,122360,0,0,0,0,0,0,0,0,0,0
0,1,122361,18,18,18,18,18,18,18,18,18,18
1,1,122361,12,4,0,0,0,0,5,0,0,0
0,1,122362,0,24,21,0,0,0,0,0,24,0
0,2,122362,0,0,0,0,0,0,0,0,0,0
0,3,122362,0,0,0,0,0,0,0,0,0,0
1,1,122362,0,0,0,0,0,0,0,21,7,0
1,1,122363,0,0,0,0,0,19,0,0,0,0
2,1,122363,0,0,0,0,0,0,0,0,0,0
3,1,122363,0,0,0,0,0,0,0,0,0,0
0,1,122364,0,0,0,0,0,0,0,0,0,0
1,1,122364,0,0,0,0,0,0,0,0,0,0
1,1,122365,0,0,0,0,0,0,0,0,0,0
0,1,122366,0,0,0,0,0,0,0,0,0,0
1,1,122366,0,7,0,9,14,0,0,0,0,0
2,1,122366,0,0,0,0,0,0,0,0,0,0
1,1,122367,10,10,10,10,10,10,10,10,10,10
2,1,122367,0,0,0,0,0,0,0,0,0,0
0,1,122368,0,0,0,0,0,0,0,0,0,0
1,1,122368,0,0,0,0,0,0,0,0,0,0
0,1,122370,8,0,0,0,0,0,0,0,0,0
1,1,122370,0,0,0,0,0,0,0,0,0,0
1,1,122371,0,0,0,0,6,0,0,0,0,0
1,1,122372,0,0,0,0,0,0,0,0,0,0
2,1,122372,0,0,0,0,0,0,0,0,0,0
0,1,122373,0,0,0,0,0,0,0,0,0,0
1,1,122373,0,0,0,0,4,0,0,0,0,0
0,1,122374,0,0,0,0,0,0,0,0,0,0
1,1,122374,0,0,0,0,13,0,0,2,0,0
1,1,122375,0,0,0,0,0,0,0,0,0,0
2,1,122375,0,0,0,0,0,0,0,0,0,0
1,1,122376,0,0,0,0,14,0,0,0,0,0
1,1,122377,0,0,0,0,0,0,0,0,0,0
0,1,122378,0,0,0,0,0,0,0,0,0,0
1,1,122378,0,0,0,0,0,0,0,0,0,0
1,1,122379,0,0,0,0,0,0,0,0,0,0
2,1,122379,0,0,0,0,0,0,0,0,0,0
3,1,122379,0,0,0,0,0,0,0,0,0,0
1,1,122380,0,0,0,0,9,8,0,0,0,0
2,1,122380,0,0,0,0,0,0,0,0,0,0
1,1,122381,0,0,0,0,0,0,0,0,0,0
0,1,122382,0,0,0,0,0,0,0,0,0,0
1,1,122382,0,0,0,0,0,0,0,0,0,0
0,1,122383,0,0,0,0,0,0,0,0,17,0
1,1,122383,0,0,0,0,0,0,0,0,0,0
1,1,122384,12,12,12,12,12,12,12,12,12,12
1,1,122385,27,27,27,27,27,27,27,27,27,27
1,1,122387,0,0,0,0,0,0,0,12,0,0
1,1,122388,0,0,0,0,0,0,0,0,0,0
1,1,122389,0,0,0,0,0,0,0,0,0,0
2,1,122389,0,0,0,0,0,0,9,8,0,0
3,1,122389,0,0,0,0,0,0,0,0,0,0
1,1,122390,1,1,1,1,1,1,1,1,1,1
2,1,122390,0,0,0,0,0,0,0,0,0,0
1,1,122391,0,0,0,0,0,0,0,0,0,0
2,1,122391,0,0,0,0,0,0,0,0,0,0
1,1,122392,0,0,0,0,0,0,0,0,0,0
2,1,122392,0,0,0,0,0,0,0,0,0,0
1,1,122393,0,0,0,0,0,0,0,0,0,0
1,1,122394,0,0,0,0,0,0,0,15,0,0
1,1,122396,0,0,0,0,0,0,0,0,0,0
2,1,122396,0,0,0,0,0,0,0,0,0,0
3,1,122396,0,0,0,0,0,0,0,0,0,0
1,1,122397,0,0,0,0,0,0,0,0,0,0
1,1,122398,22,15,7,17,19,20,0,16,18,30
0,1,122399,0,0,0,0,0,0,0,0,0,0
1,1,122399,0,0,0,0,0,0,0,0,0,0
1,1,122401,0,0,0,0,0,0,0,0,14,0
2,1,122401,0,0,0,0,0,0,0,0,0,0
1,1,122402,8,0,0,0,11,0,0,0,14,0
1,1,122403,0,0,0,0,0,0,0,0,0,0
1,1,122404,23,23,23,23,23,23,23,23,23,23
0,1,122405,0,0,0,0,0,0,0,0,0,0
1,1,122405,0,0,0,0,0,0,0,0,0,0
1,1,122406,11,11,11,11,11,11,11,11,11,11
1,1,122407,0,0,0,0,0,0,0,0,0,0
2,1,122407,0,0,0,0,0,0,0,0,0,0
1,1,122409,0,0,0,0,0,0,0,0,0,0
2,1,122409,0,0,0,0,0,0,0,0,0,0
1,1,122410,0,0,0,0,0,0,0,0,16,0
2,1,122410,0,0,0,0,0,0,0,0,0,0
1,1,122411,0,0,0,0,0,0,0,0,0,20
2,1,122411,0,0,0,0,0,0,0,0,0,0
1,1,122412,10,10,10,10,10,10,10,10,10,10
2,1,122412,0,0,0,0,0,0,0,0,0,0
1,1,122413,0,0,0,0,0,0,0,0,0,0
0,1,122414,0,0,0,0,0,0,0,0,0,0
1,1,122414,0,0,0,0,0,0,0,0,0,0
1,1,122416,22,22,22,22,22,22,22,22,22,22
2,1,122416,0,0,0,0,0,0,0,0,0,0
1,1,122417,23,23,23,23,23,23,23,23,23,23
2,1,122417,0,0,0,0,0,0,0,0,0,0
1,1,122418,0,0,0,0,0,0,0,0,0,0
1,1,122419,17,0,0,0,4,0,0,0,0,0
2,1,122419,0,0,0,0,0,0,0,0,0,0
1,1,122420,19,19,19,19,19,19,19,19,19,19
2,1,122420,0,0,0,0,14,0,0,0,5,0
1,1,122421,0,0,0,0,0,0,0,0,0,0
2,1,122421,0,0,0,0,0,0,0,0,0,0
3,1,122421,0,0,0,0,0,0,0,0,0,0
4,1,122421,0,0,0,0,0,0,0,0,0,0
5,1,122421,0,0,0,0,0,0,0,0,0,0
1,1,122422,0,0,0,0,0,0,0,0,0,0
1,1,122423,5,5,5,5,5,5,5,5,5,5
2,1,122423,0,0,0,0,0,0,0,0,0,0
1,1,122424,6,6,6,6,6,6,6,6,6,6
1,1,122425,0,0,0,0,0,0,0,0,0,0
2,1,122425,0,0,0,0,0,0,0,0,0,0