VEH_NO,PER_NO,ST_CASE,P1,P2,P3,P4,P5,P6,P7,P8,P9,P10
1,1,130169,0,0,0,0,0,0,0,0,0,0
1,1,130170,0,0,0,0,0,0,0,0,0,0
2,1,130170,0,0,0,0,0,0,0,0,0,0
1,1,130171,14,14,14,14,14,14,14,14,14,14
1,1,130172,0,0,0,0,0,0,0,0,0,0
2,1,130172,0,0,0,0,0,0,0,0,0,0
3,1,130172,0,0,0,0,0,0,0,0,0,0
1,1,130173,0,0,0,0,0,0,0,0,0,0
1,1,130174,0,0,0,0,0,0,0,0,0,0
2,1,130174,0,0,0,0,0,0,0,0,0,0
1,1,130175,0,0,0,0,0,0,0,0,0,0
2,1,130175,0,0,0,0,14,0,0,0,0,0
0,1,130176,0,0,0,0,0,0,0,0,0,0
1,1,130176,0,0,0,0,0,0,0,0,0,0
2,1,130176,0,0,0,0,0,0,0,0,0,0
1,1,130177,0,0,0,0,0,0,0,0,0,0
1,1,130178,0,0,0,0,14,0,27,0,27,0
1,1,130179,0,0,0,0,0,0,0,0,0,0
1,1,130180,11,14,11,11,14,31,23,24,25,7
1,1,130181,0,0,0,0,0,0,0,0,0,0
2,1,130181,0,0,0,0,0,0,0,0,0,0
1,1,130182,0,0,0,0,0,0,0,0,0,0
2,1,130182,0,0,0,0,0,0,0,0,0,0
1,1,130183,0,0,0,0,0,0,0,0,0,0
2,1,130183,0,0,0,0,0,0,0,0,0,0
2,1,130184,16,16,16,16,16,16,16,16,16,16
1,1,130185,0,0,0,0,0,0,0,0,0,0
2,1,130185,0,0,0,0,0,0,0,0,0,0
1,1,130186,0,0,14,5,0,0,0,0,0,0
2,1,130186,0,0,0,0,0,0,0,0,0,0
1,1,130187,0,0,0,0,0,0,0,0,0,0
2,1,130187,0,0,0,0,0,6,0,0,0,0
1,1,130188,0,0,0,0,0,0,0,0,0,0
2,1,130188,0,0,0,0,0,0,0,0,0,0
1,1,130189,0,0,0,0,0,0,0,0,0,0
2,1,130189,0,0,0,0,0,0,0,0,0,0
1,1,130190,12,12,12,12,12,12,12,12,12,12
1,1,130191,0,0,0,0,0,0,0,0,0,0
1,1,130192,0,0,0,0,0,8,0,0,0,0
0,1,130193,13,13,13,13,13,13,13,13,13,13
1,1,130193,13,13,13,13,13,13,13,13,13,13
1,1,130194,0,0,0,0,0,0,0,0,0,0
2,1,130194,0,0,0,0,0,0,0,0,0,0
1,1,130195,0,0,0,0,0,0,0,0,0,0
2,1,130195,0,0,0,0,0,0,0,0,0,0
0,1,130196,11,11,11,11,11,11,11,11,11,11
1,1,130196,0,0,0,0,0,0,0,0,0,15
1,1,130197,0,0,0,0,0,0,0,0,0,0
0,1,130198,23,23,23,23,23,23,23,23,23,23
1,1,130198,0,0,0,0,0,0,0,0,0,0
1,1,130199,0,0,0,0,0,0,0,0,0,0
2,1,130199,0,0,0,0,0,0,0,0,0,0
3,1,130199,0,0,0,0,0,0,0,0,0,0
1,1,130200,0,5,0,0,0,11,0,0,0,0
1,1,130201,0,0,0,0,0,0,0,0,0,0
2,1,130201,0,0,0,0,0,0,0,0,0,0
3,1,130201,0,0,0,0,0,0,0,0,0,0
4,1,130201,0,0,0,0,0,0,0,0,0,0
1,1,130202,0,0,0,0,0,0,0,0,0,0
0,1,130203,14,14,14,14,14,14,14,14,14,14
1,1,130203,0,0,0,0,0,0,0,0,0,0
1,1,130204,0,0,0,0,0,0,0,0,0,0
2,1,130204,0,0,0,0,0,0,0,0,0,0
3,1,130204,0,0,0,0,0,0,0,0,0,0
4,1,130204,0,0,0,0,0,0,0,0,0,0
1,1,130205,8,0,0,0,0,0,0,0,0,0
2,1,130205,0,0,0,0,0,0,0,0,0,0
1,1,130206,0,0,0,0,0,0,0,0,0,0
2,1,130206,0,0,0,0,0,0,0,0,0,0
0,1,130207,27,27,27,27,27,27,27,27,27,27
1,1,130207,0,0,0,0,11,0,0,0,0,0
1,1,130208,0,0,0,4,0,0,0,0,0,0
1,1,130209,0,0,0,0,0,0,0,0,0,0
2,1,130209,0,0,0,0,0,0,0,0,0,0
3,1,130209,0,0,0,0,0,0,0,0,0,0
4,1,130209,0,0,0,0,0,0,0,0,0,0
1,1,130210,26,26,26,26,26,26,26,26,26,26
1,1,130211,14,14,14,14,14,14,14,14,14,14
1,1,130212,10,10,10,10,10,10,10,10,10,10
2,1,130212,0,0,0,0,0,0,0,0,0,0
1,1,130213,26,26,26,26,26,26,26,26,26,26
1,1,130214,0,0,0,0,0,0,0,0,0,0
2,1,130214,2,2,2,2,2,2,2,2,2,2
1,1,130215,0,0,0,0,0,0,0,0,0,0
2,1,130215,0,0,0,0,0,0,0,0,0,0
0,1,130216,21,15,23,0,0,30,24,35,11,42
1,1,130216,0,0,0,0,0,0,0,0,0,0
1,1,130217,0,0,0,0,0,0,0,0,0,0
1,1,130218,0,0,5,20,0,17,0,0,0,17
2,1,130218,0,0,0,0,0,0,0,0,0,0
1,1,130219,0,0,0,0,0,0,0,0,0,0
2,1,130219,0,0,0,0,0,0,0,0,0,0
1,1,130220,0,0,15,0,0,0,0,0,0,0
2,1,130220,0,0,0,0,0,0,0,0,0,0
1,1,130221,28,28,28,28,28,28,28,28,28,28
1,1,130222,0,0,0,0,0,0,0,0,0,0
1,1,130223,0,0,0,0,0,0,0,0,0,0
1,1,130224,0,0,0,0,0,0,0,0,0,0
2,1,130224,0,0,0,0,0,0,0,0,0,0
1,1,130225,22,22,22,22,22,22,22,22,22,22
1,1,130226,0,0,0,0,0,0,0,0,0,0
1,1,130227,0,0,0,0,0,0,0,0,0,0
1,1,130228,0,0,0,0,0,0,0,0,0,0
2,1,130228,0,0,0,0,0,0,0,0,0,0
1,1,130229,0,0,0,0,0,0,0,0,0,0
1,1,130230,0,0,0,0,0,0,0,0,0,0
2,1,130230,0,0,0,0,0,0,0,0,0,0
1,1,130231,0,0,0,0,0,0,0,0,0,0
2,1,130231,0,0,0,0,0,0,0,0,0,0
1,1,130232,0,0,0,0,0,0,0,0,0,0
1,1,130233,0,0,0,0,0,0,0,0,0,0
2,1,130233,0,0,0,0,0,0,0,0,0,0
3,1,130233,0,0,0,0,0,0,0,0,0,0
1,1,130234,0,0,0,0,0,0,0,0,0,0
1,1,130235,16,16,16,16,16,16,16,16,16,16
1,1,130236,14,14,14,14,14,14,14,14,14,14
2,1,130236,0,18,0,0,0,0,0,0,0,0
1,1,130237,0,0,0,0,0,0,0,0,0,0
2,1,130237,0,0,0,0,0,0,0,3,0,0
1,1,130238,26,26,26,26,26,26,26,26,26,26
1,1,130239,0,0,0,0,0,0,0,0,0,0
1,1,130240,0,0,0,0,0,0,0,0,0,0
1,1,130241,0,0,0,0,0,0,0,0,0,0
2,1,130241,0,0,0,0,0,0,0,0,0,0
1,1,130242,0,0,0,0,0,0,0,0,0,0
1,1,130243,0,0,0,0,0,0,0,0,0,0
2,1,130243,0,0,0,0,0,0,0,0,0,0
1,1,130244,0,0,11,5,0,0,7,0,0,19
2,1,130244,0,0,0,0,0,0,0,0,0,0
1,1,130245,0,0,0,0,0,0,0,0,0,0
2,1,130245,8,21,6,18,21,15,13,23,16,23
0,1,130246,0,0,0,0,0,0,0,0,0,0
1,1,130246,0,0,0,0,0,0,0,0,0,0
1,1,130247,0,0,0,0,0,0,0,0,0,0
2,1,130247,0,0,0,0,0,0,0,0,0,0
1,1,130248,0,0,0,0,0,0,0,0,0,0
1,1,130249,0,0,0,0,0,0,36,0,22,15
0,1,130250,0,0,0,0,0,10,0,0,0,0
1,1,130250,0,0,0,0,0,0,0,0,0,0
1,1,130251,19,0,0,0,0,0,0,0,0,0
2,1,130251,0,0,0,0,0,0,0,0,0,0
1,1,130252,23,23,23,23,23,23,23,23,23,23
2,1,130252,0,0,0,0,0,0,0,0,0,0
1,1,130253,19,19,19,19,19,19,19,19,19,19
1,1,130254,0,0,25,0,0,0,0,0,0,0
1,1,130255,0,0,0,0,0,0,0,0,0,0
0,1,130256,20,0,5,11,16,8,24,23,10,0
1,1,130256,9,0,0,0,0,17,0,0,0,0
1,1,130257,0,0,0,0,0,0,0,0,0,0
1,1,130258,27,27,27,27,27,27,27,27,27,27
2,1,130258,0,0,0,0,0,0,0,0,0,0
0,1,130259,0,0,0,0,0,0,0,0,0,0
1,1,130259,0,0,0,0,0,0,0,0,0,0
1,1,130260,22,22,22,22,22,22,22,22,22,22
1,1,130261,15,15,15,15,15,15,15,15,15,15
2,1,130261,0,0,0,0,0,0,0,0,0,0
1,1,130262,0,0,0,0,0,0,0,0,0,0
2,1,130262,0,0,0,0,0,0,0,0,0,0
1,1,130263,0,0,0,0,0,0,0,0,0,0
2,1,130263,0,0,0,0,0,0,0,0,0,0
1,1,130264,0,0,0,0,0,0,0,0,0,0
1,1,130265,0,0,0,0,0,0,0,0,0,0
2,1,130265,0,0,0,0,0,0,0,0,0,0
0,1,130266,0,0,0,0,0,0,0,0,0,0
1,1,130267,10,0,0,0,0,0,0,0,0,0
1,1,130268,0,0,0,0,0,0,0,0,0,0
2,1,130268,0,0,0,0,0,0,0,0,0,0
3,1,130268,0,0,0,0,0,0,0,0,0,0
4,1,130268,0,0,0,0,0,0,0,0,0,0
1,1,130269,0,0,0,0,0,0,0,0,0,0
2,1,130269,0,0,0,0,4,0,0,0,0,0
3,1,130269,0,0,0,0,0,0,0,0,0,0
4,1,130269,0,0,0,0,0,0,0,0,0,0
1,1,130270,0,8,0,0,21,17,0,14,0,18
2,1,130270,0,0,0,0,0,0,0,0,0,0
1,1,130271,9,9,9,9,9,9,9,9,9,9
1,1,130272,10,10,10,10,10,10,10,10,10,10
2,1,130272,9,9,9,9,9,9,9,9,9,9
3,1,130272,0,2,0,0,0,0,0,0,0,0
1,1,130273,0,0,0,0,0,0,0,0,0,0
2,1,130273,0,0,0,0,0,0,0,0,0,0
1,1,130274,0,0,0,0,0,0,0,0,0,0
2,1,130274,0,0,0,0,0,0,0,0,0,0
1,1,130275,0,0,0,0,0,0,0,0,0,0
2,1,130275,0,0,0,0,0,0,0,0,0,0
3,1,130275,0,0,0,0,0,0,11,0,0,0
4,1,130275,0,0,0,0,0,0,0,0,0,0
1,1,130276,18,18,18,18,18,18,18,18,18,18
1,1,130277,0,0,0,0,0,0,0,0,0,0
0,1,130278,0,0,0,0,0,0,0,0,0,0
1,1,130278,11,0,0,0,0,0,0,7,0,0
1,1,130279,18,18,18,18,18,18,18,18,18,18
1,1,130280,0,0,0,0,0,0,0,0,0,0
2,1,130280,0,0,0,0,0,0,0,0,0,0
1,1,130281,7,19,32,31,14,2,0,22,0,11
1,1,130282,0,0,0,0,0,0,0,0,0,0
2,1,130282,0,0,0,0,0,0,0,0,0,0
1,1,130283,0,0,0,31,32,0,0,0,0,0
0,1,130284,14,0,20,34,28,27,16,18,11,0
1,1,130284,0,0,0,0,0,0,0,0,0,0
1,1,130285,0,0,0,0,0,0,0,0,0,0
2,1,130285,0,0,0,0,0,0,0,0,0,0
3,1,130285,0,0,10,9,0,0,0,0,0,0
4,1,130285,0,0,0,0,0,0,0,0,0,0
1,1,130286,0,0,0,0,0,0,0,0,0,0
2,1,130286,0,0,0,0,0,0,0,0,0,0
1,1,130287,0,0,0,0,0,0,0,0,0,0
2,1,130287,0,0,0,0,0,0,0,0,0,0
1,1,130288,0,0,0,0,0,0,0,0,0,0
2,1,130288,0,0,0,0,0,0,0,0,0,0
0,1,130289,8,8,8,8,8,8,8,8,8,8
1,1,130289,0,4,0,0,0,0,0,0,0,0
1,1,130290,0,0,0,0,0,0,0,0,0,0
2,1,130290,0,0,0,0,0,0,0,0,13,0
1,1,130291,26,26,26,26,26,26,26,26,26,26
1,1,130292,13,13,13,13,13,13,13,13,13,13
1,1,130293,0,0,0,0,0,0,0,0,0,0
2,1,130293,0,0,0,0,13,0,0,0,0,0
1,1,130294,7,7,7,7,7,7,7,7,7,7
1,1,130295,0,0,0,0,0,0,0,0,0,0
2,1,130295,0,0,0,0,0,0,0,0,0,0
3,1,130295,0,0,0,0,0,0,0,0,0,0
4,1,130295,0,0,0,25,0,0,0,16,0,0
5,1,130295,0,6,0,13,0,0,0,0,4,0
1,1,130296,0,0,0,0,0,0,0,0,0,0
2,1,130296,0,0,0,0,0,0,0,0,0,0
1,1,130297,0,0,0,0,0,0,0,0,0,0
2,1,130297,0,0,0,0,0,0,0,0,0,0
1,1,130298,0,0,0,0,0,0,0,0,0,0
2,1,130298,0,0,0,0,0,0,0,0,0,0
1,1,130299,5,5,5,5,5,5,5,5,5,5
1,1,130300,0,0,0,0,0,0,0,0,0,0
2,1,130300,0,0,0,0,0,0,0,0,0,0
1,1,130301,17,0,0,0,0,0,21,0,14,12
0,1,130302,21,26,12,40,23,10,22,27,13,19
1,1,130302,0,0,0,0,0,0,0,0,0,0
1,1,130303,0,0,0,0,0,0,0,0,0,0
1,1,130304,0,0,0,0,0,10,0,0,0,0
2,1,130304,0,21,11,0,19,0,0,0,0,0
1,1,130305,0,0,0,0,0,0,0,0,0,0
2,1,130305,0,0,0,0,0,0,0,0,0,0
1,1,130306,0,0,0,0,0,0,0,0,0,0
2,1,130306,0,0,0,0,0,0,0,0,0,0
3,1,130306,0,0,0,0,0,0,0,0,0,0
1,1,130307,0,0,0,0,0,0,0,0,0,0
2,1,130307,0,0,0,0,0,0,0,0,0,0
1,1,130308,0,0,0,0,0,0,0,0,0,0
0,1,130309,0,0,0,0,0,0,0,0,0,0
1,1,130309,0,0,0,0,0,0,0,0,0,0
0,1,130310,0,0,9,0,0,0,0,8,0,0
1,1,130310,0,0,0,0,0,0,0,0,0,3
1,1,130311,0,0,0,0,23,0,12,0,0,0
1,1,130312,5,5,5,5,5,5,5,5,5,5
0,1,130313,0,0,24,0,0,4,13,0,0,18
1,1,130313,0,0,0,0,0,0,0,0,0,0
1,1,130314,41,0,18,0,0,0,12,0,13,0
2,1,130314,0,0,0,0,0,0,0,0,0,0
1,1,130315,12,12,12,12,12,12,12,12,12,12
1,1,130316,14,14,14,14,14,14,14,14,14,14
1,1,130317,18,18,18,18,18,18,18,18,18,18
1,1,130318,2,2,2,2,2,2,2,2,2,2
1,1,130319,0,0,0,0,0,0,0,0,0,0
2,1,130319,0,0,0,0,0,0,11,0,0,0
3,1,130319,0,0,0,0,0,0,0,0,0,0
1,1,130320,18,18,18,18,18,18,18,18,18,18
1,1,130321,17,17,17,17,17,17,17,17,17,17
1,1,130322,21,21,21,21,21,21,21,21,21,21
2,1,130322,0,0,0,0,0,0,0,0,0,0
1,1,130323,5,0,6,13,0,24,0,18,8,0
1,1,130324,0,0,0,13,8,0,0,3,0,11
1,1,130325,6,6,6,6,6,6,6,6,6,6
0,1,130326,33,0,0,0,21,0,7,0,0,0
1,1,130326,0,0,0,0,0,0,0,0,0,0
1,1,130327,0,0,0,0,0,0,0,0,0,0
2,1,130327,0,0,0,0,0,0,0,0,0,0
1,1,130328,23,23,23,23,23,23,23,23,23,23
1,1,130329,0,0,0,0,0,0,0,0,0,0
1,1,130330,22,30,5,4,8,13,26,17,15,15
2,1,130330,0,0,0,0,0,0,0,0,0,0
0,1,130331,16,16,16,16,16,16,16,16,16,16
1,1,130331,3,0,0,0,0,0,0,0,10,0
1,1,130332,0,0,0,0,0,0,0,0,0,0
2,1,130332,0,0,0,0,0,0,0,0,0,0
1,1,130333,21,21,21,21,21,21,21,21,21,21
1,1,130334,0,0,0,0,0,0,0,0,0,0
1,1,130335,24,24,24,24,24,24,24,24,24,24
1,1,130336,0,0,0,0,0,0,0,0,0,0
2,1,130336,0,0,0,0,0,0,0,0,0,0
1,1,130337,0,0,0,0,0,0,0,0,0,0
2,1,130337,0,0,0,0,0,0,0,0,0,0
1,1,130338,0,6,0,0,0,0,0,0,0,0
1,1,130339,16,18,25,13,24,16,22,26,18,17
1,1,130340,10,10,10,10,10,10,10,10,10,10
2,1,130340,0,0,0,0,0,0,0,0,0,0
1,1,130341,29,29,29,29,29,29,29,29,29,29
1,1,130342,19,19,19,19,19,19,19,19,19,19
1,1,130343,11,11,11,11,11,11,11,11,11,11
1,1,130344,29,29,29,29,29,29,29,29,29,29
1,1,130345,4,16,0,3,21,10,0,0,15,18
0,1,130346,0,0,9,0,6,0,0,0,0,0
1,1,130346,0,0,0,0,0,0,0,0,0,0
1,1,130347,15,26,0,7,0,19,0,0,15,0
1,1,130348,0,0,0,0,0,3,0,0,0,0
2,1,130348,0,0,0,0,0,0,0,0,0,0
1,1,130349,0,0,0,0,0,0,0,0,0,0
1,1,130350,0,0,0,0,0,0,0,0,0,0
2,1,130350,0,0,0,0,0,0,0,0,0,0
1,1,130351,0,0,0,0,0,0,0,0,0,0
1,1,130352,19,19,19,19,19,19,19,19,19,19
2,1,130352,0,0,0,0,0,0,0,0,0,0
1,1,130353,0,0,0,0,0,0,0,0,0,0
2,1,130353,0,0,0,0,0,0,0,0,0,0
1,1,130354,0,0,0,0,0,0,0,0,0,0
2,1,130354,0,0,0,0,0,0,0,0,0,0
1,1,130355,0,0,0,0,0,0,0,0,0,0
1,1,130356,0,0,0,0,0,0,0,0,0,0
2,1,130356,0,0,0,0,0,0,0,0,0,0
1,1,130357,0,3,0,0,0,0,0,0,0,0
1,1,130358,0,0,21,12,0,23,19,17,38,14
1,1,130359,20,20,20,20,20,20,20,20,20,20
1,1,130360,0,0,5,0,0,0,0,0,0,0
2,1,130360,0,0,0,0,0,0,0,0,0,0
1,1,130361,0,0,0,0,0,0,0,19,0,0
1,1,130362,0,0,0,25,0,0,0,0,0,23
1,1,130363,0,0,0,0,0,0,0,0,0,0
1,1,130364,3,3,3,3,3,3,3,3,3,3
1,1,130365,0,0,0,0,0,0,0,0,0,0
1,1,130366,20,20,20,20,20,20,20,20,20,20
2,1,130366,0,0,0,0,0,0,0,0,0,0
1,1,130367,0,0,0,0,0,0,0,0,0,0
2,1,130367,0,0,0,0,0,0,0,0,0,0
1,1,130368,0,0,0,0,0,0,0,0,0,0
2,1,130368,0,0,0,0,0,0,0,0,0,0
0,1,130369,6,0,16,0,0,0,0,0,0,15
1,1,130369,0,0,0,0,0,0,9,0,0,14
1,1,130370,0,0,0,0,0,0,0,0,0,0
2,1,130370,0,0,0,0,0,0,0,0,0,0
1,1,130371,0,0,0,0,0,0,0,0,0,14
2,1,130371,0,0,0,0,0,0,0,0,0,0
1,1,130372,19,19,19,19,19,19,19,19,19,19
1,1,130373,0,0,0,0,0,0,0,0,0,0
2,1,130373,0,0,0,0,0,0,0,6,0,0
1,1,130374,0,0,0,0,0,0,0,0,0,0
2,1,130374,0,0,0,0,0,0,0,0,0,0
1,1,130375,4,4,4,4,4,4,4,4,4,4
1,1,130376,0,0,0,0,0,0,0,0,0,0
1,1,130377,0,0,0,0,0,0,0,0,0,0
1,1,130378,0,0,0,0,0,0,0,0,0,0
2,1,130378,0,0,0,0,0,0,0,0,0,7
1,1,130379,0,0,0,0,5,0,0,0,0,0
1,1,130380,8,8,8,8,8,8,8,8,8,8
1,1,130381,3,3,3,3,3,3,3,3,3,3
1,1,130382,0,13,0,0,20,14,0,0,16,15
1,1,130383,0,25,26,11,0,0,11,22,0,19
1,1,130384,14,0,15,17,0,0,28,0,0,21
0,1,130385,26,10,0,8,0,0,22,6,27,0
1,1,130385,0,6,1,0,16,30,0,0,0,0
2,1,130385,0,10,0,0,21,0,16,0,0,15
1,1,130386,5,5,5,5,5,5,5,5,5,5
1,1,130387,0,0,0,0,0,0,0,0,0,0
2,1,130387,0,0,0,0,0,0,0,0,0,0
1,1,130388,0,0,0,0,0,0,0,0,0,0
2,1,130388,0,0,0,0,0,0,0,0,0,0
1,1,130389,2,2,2,2,2,2,2,2,2,2
1,1,130390,0,0,0,0,0,0,0,0,0,0
2,1,130390,0,0,0,0,0,0,0,0,0,0
1,1,130391,0,0,0,0,0,0,0,0,0,0
2,1,130391,0,0,0,0,0,0,0,0,0,0
1,1,130392,9,9,9,9,9,9,9,9,9,9
1,1,130393,0,0,0,0,0,0,0,0,0,0
1,1,130394,0,0,0,0,0,0,0,0,0,3
2,1,130394,0,0,0,0,0,0,0,0,0,0
1,1,130395,13,13,13,13,13,13,13,13,13,13
2,1,130395,13,0,12,0,10,0,23,0,20,0
1,1,130396,0,30,18,35,14,0,16,11,24,28
1,1,130397,0,0,0,0,0,0,0,0,0,0
2,1,130397,0,0,0,0,0,0,0,0,0,0
3,1,130397,0,0,0,0,0,0,0,0,0,0
1,1,130398,0,0,0,0,0,0,0,0,0,0
1,1,130399,0,0,0,0,0,0,0,0,0,0
2,1,130399,0,0,0,0,0,0,0,0,0,0
1,1,130400,14,10,8,0,33,15,12,14,27,0
1,1,130401,0,0,0,13,0,0,0,23,0,0
1,1,130402,0,0,0,0,16,0,0,0,0,27
1,1,130403,0,0,0,0,0,0,0,0,0,0
1,1,130404,12,12,12,12,12,12,12,12,12,12
2,1,130404,14,14,14,14,14,14,14,14,14,14
0,1,130405,26,23,0,19,0,22,16,0,0,0
1,1,130405,0,0,8,0,0,0,0,0,0,0
1,1,130406,0,0,0,0,0,0,0,0,0,0
1,1,130407,0,0,0,0,0,0,0,0,0,0
2,1,130407,0,0,0,0,0,0,0,0,0,25
1,1,130408,0,14,0,0,0,0,0,0,0,0
2,1,130408,23,19,24,0,15,0,10,16,10,0
1,1,130409,36,36,36,36,36,36,36,36,36,36
1,1,130410,0,0,0,0,0,0,0,0,0,0
2,1,130410,0,0,0,0,0,0,0,0,0,0
1,2,130411,35,12,0,0,16,0,17,32,10,25
1,1,130412,15,15,15,15,15,15,15,15,15,15
1,1,130413,0,0,0,0,0,0,0,0,0,0
1,1,130414,0,0,0,0,0,0,0,0,0,0
0,1,130415,0,0,0,0,0,0,0,0,0,0
0,2,130415,0,0,0,0,0,0,0,0,0,0
1,1,130415,0,0,0,0,0,0,0,0,0,0
1,1,130416,0,7,0,0,0,0,0,0,0,0
1,1,130417,0,0,0,0,0,0,0,0,0,0
2,1,130417,0,0,9,0,0,13,15,0,0,0
1,1,130418,12,12,12,12,12,12,12,12,12,12
1,1,130419,0,0,0,0,0,0,0,0,0,0
2,1,130419,0,0,0,0,0,0,0,0,0,0
1,1,130420,0,0,0,0,0,0,0,0,0,0
2,1,130420,0,0,0,0,0,0,0,0,0,0
1,1,130421,0,0,0,0,0,0,0,0,0,0
2,1,130421,0,0,0,0,0,0,0,0,0,0
1,1,130422,0,0,0,0,0,0,0,0,0,0
2,1,130422,21,0,0,0,0,0,0,0,0,0
1,1,130423,0,0,0,0,0,0,0,0,0,0
2,1,130423,0,0,0,0,0,0,0,0,0,0
1,1,130424,0,0,0,0,0,0,0,0,0,0
1,1,130425,0,0,0,0,0,0,0,0,0,0
2,1,130425,0,0,0,0,0,0,0,0,0,0
0,1,130426,42,16,21,5,14,17,22,25,0,17
1,1,130426,0,0,0,9,0,0,0,0,0,0
0,1,130427,21,21,21,21,21,21,21,21,21,21
1,1,130427,0,0,0,0,0,0,0,0,0,0
1,1,130428,0,0,0,0,0,0,0,0,0,0
2,1,130428,0,0,0,0,0,0,0,0,0,0
0,1,130429,0,0,0,0,0,0,0,0,0,0
1,1,130429,0,0,0,0,0,0,0,0,0,0
1,1,130430,0,0,0,0,0,0,0,0,0,0
1,1,130431,0,0,0,0,0,0,0,0,0,0
2,1,130431,0,0,0,0,0,0,0,0,0,0
1,1,130432,0,0,0,0,0,0,0,0,0,0
2,1,130432,0,0,0,0,0,0,0,0,0,0
1,1,130433,0,0,0,0,0,0,0,0,0,0
1,1,130434,0,0,0,0,0,0,0,0,0,0
2,1,130434,0,0,0,0,0,0,0,0,0,0
1,1,130435,0,0,0,0,0,0,0,0,0,0
1,1,130436,21,21,21,21,21,21,21,21,21,21
1,1,130437,0,19,24,22,0,23,0,0,18,8
1,1,130438,0,0,24,0,0,0,0,0,10,17
1,1,130439,0,0,0,0,0,0,0,0,18,0
1,1,130440,8,0,0,0,0,0,0,0,0,0
2,1,130440,24,24,24,24,24,24,24,24,24,24
3,1,130440,0,0,0,0,0,0,0,0,0,0
4,1,130440,0,0,0,0,0,0,0,0,0,0
0,1,130441,0,0,0,0,0,0,0,0,0,0
1,1,130441,9,0,0,0,0,0,0,0,0,0
1,1,130442,0,0,0,0,0,0,0,0,0,0
2,1,130442,0,0,0,0,0,0,0,0,0,0
1,1,130443,0,0,0,0,0,0,0,0,0,0
2,1,130443,0,0,0,0,0,0,0,0,0,0
3,1,130443,0,0,0,0,0,0,0,0,0,0
1,1,130444,0,0,0,0,0,0,0,0,0,0
2,1,130444,0,0,0,0,0,0,0,0,0,0
3,1,130444,0,0,0,0,0,0,0,0,0,0
1,1,130445,0,0,0,0,0,0,0,0,0,0
2,1,130445,0,0,0,0,0,0,0,0,0,0
1,1,130446,21,20,0,24,8,10,0,0,0,0
0,1,130447,0,0,0,0,0,0,0,0,0,0
1,1,130447,0,0,0,0,0,0,0,0,0,0
1,1,130448,0,0,0,0,0,0,0,0,0,0
1,1,130449,0,0,0,0,0,0,0,0,0,0
2,1,130449,0,0,0,0,0,0,0,0,0,0
1,1,130450,7,11,0,21,15,11,0,0,0,0
0,1,130451,0,0,0,0,0,0,0,0,0,0
0,2,130451,0,0,0,0,0,0,0,0,0,0
0,3,130451,0,0,0,0,0,0,0,0,0,0
1,1,130451,0,0,0,0,0,0,0,0,0,0
1,1,130452,0,0,0,0,0,0,0,0,0,0
2,1,130452,0,0,0,0,0,0,0,0,0,0
3,1,130452,0,0,0,0,0,0,0,0,0,0
1,1,130453,0,0,0,0,0,0,0,0,0,0
2,1,130453,0,0,0,0,0,0,0,0,0,0
1,1,130454,0,0,0,0,0,0,0,0,0,0
2,1,130454,0,0,0,0,0,0,0,0,0,0
4,1,130454,0,0,0,0,0,0,0,0,0,0
5,1,130454,0,0,0,0,0,0,0,0,0,0
0,1,130455,0,0,0,0,18,0,0,0,0,0
1,1,130455,0,0,0,0,0,0,0,0,0,0
1,1,130456,0,0,0,0,0,0,0,0,0,0
2,1,130456,0,0,0,0,0,0,0,0,0,0
1,1,130457,0,0,0,0,0,5,0,0,0,0
2,1,130457,0,0,0,0,0,0,0,0,2,0
1,1,130458,0,0,0,0,0,0,0,0,0,0
1,1,130459,0,0,0,0,0,0,0,0,0,0
2,1,130459,0,0,0,0,0,0,0,0,0,0
1,1,130460,0,0,0,0,0,0,0,0,0,0
1,1,130461,30,30,30,30,30,30,30,30,30,30
1,1,130462,23,23,23,23,23,23,23,23,23,23
2,1,130462,0,0,0,0,0,0,0,0,0,0
3,1,130462,0,0,0,4,0,0,0,0,0,0
1,1,130463,0,0,0,0,0,6,0,0,0,0
1,1,130464,26,26,26,26,26,26,26,26,26,26
1,1,130465,10,10,10,10,10,10,10,10,10,10
1,1,130466,0,0,0,0,0,0,0,0,0,0
1,1,130467,0,0,0,0,0,0,0,0,0,0
1,1,130468,0,29,0,0,31,17,0,0,7,0
0,1,130469,0,0,0,0,0,0,0,0,0,0
1,1,130469,0,0,0,0,0,0,0,0,0,0
2,1,130469,0,0,0,0,0,0,0,0,0,0
1,1,130470,0,0,0,0,0,0,0,0,0,0
1,1,130471,0,0,0,0,0,0,0,0,0,0
2,1,130471,0,0,0,0,0,0,0,0,0,0
1,1,130472,0,0,0,20,0,11,13,0,0,0
0,1,130473,0,21,5,0,11,0,27,7,0,16
1,1,130473,0,0,0,0,0,0,0,0,0,0
1,1,130474,6,6,6,6,6,6,6,6,6,6
1,1,130475,20,20,20,20,20,20,20,20,20,20
0,1,130476,0,0,0,0,0,0,0,0,7,0
1,1,130476,0,0,0,0,0,0,0,0,0,0
1,1,130477,0,0,27,10,9,0,0,8,0,0
1,1,130478,0,0,0,0,0,0,0,0,0,0
1,1,130479,14,14,14,14,14,14,14,14,14,14
1,1,130480,0,0,0,0,0,0,0,0,0,0
2,1,130480,0,0,0,0,0,0,0,0,0,0