VEH_NO,PER_NO,ST_CASE,P1,P2,P3,P4,P5,P6,P7,P8,P9,P10
0,1,130803,0,0,0,0,0,0,0,0,0,0
2,1,130803,0,0,0,0,0,0,0,0,0,0
3,1,130803,0,20,0,0,12,0,0,0,0,11
1,1,130804,0,0,0,0,0,0,0,0,0,0
1,1,130805,0,0,0,0,0,0,29,0,0,0
2,1,130805,0,0,0,0,0,0,0,0,0,0
1,1,130806,0,0,19,0,0,0,0,0,0,11
1,1,130807,0,0,0,0,0,0,0,0,0,0
2,1,130807,0,0,0,0,0,0,0,0,0,0
1,1,130808,0,0,0,0,0,0,0,0,0,0
2,1,130808,0,0,0,0,0,0,0,0,0,0
1,1,130809,12,12,12,12,12,12,12,12,12,12
1,1,130810,0,24,0,0,3,0,0,0,8,0
1,1,130811,0,0,0,0,0,0,0,0,0,0
2,1,130811,0,0,0,0,0,0,0,0,0,0
1,1,130812,9,9,9,9,9,9,9,9,9,9
1,1,130813,0,0,0,0,0,0,0,0,0,0
2,1,130813,0,0,0,0,12,0,0,0,0,0
1,1,130814,0,0,0,0,0,0,0,0,0,0
2,1,130814,0,0,0,0,0,0,0,0,0,0
1,1,130815,0,0,0,0,0,0,0,0,0,0
2,1,130815,4,0,0,0,0,0,0,0,0,0
1,1,130816,21,21,21,21,21,21,21,21,21,21
1,1,130817,0,0,0,0,0,0,0,0,0,0
2,1,130817,0,0,0,0,0,0,0,0,0,0
1,1,130818,0,7,0,15,0,0,5,0,0,17
1,1,130819,14,14,14,14,14,14,14,14,14,14
1,3,130820,10,21,30,9,11,0,9,5,0,0
1,1,130821,3,3,3,3,3,3,3,3,3,3
1,1,130822,7,7,7,7,7,7,7,7,7,7
2,1,130822,0,0,0,0,0,0,0,0,0,0
1,1,130823,24,0,0,0,0,16,19,0,0,0
2,1,130823,0,0,0,0,0,0,0,12,0,0
1,1,130824,21,21,21,21,21,21,21,21,21,21
1,1,130825,27,27,27,27,27,27,27,27,27,27
1,1,130826,0,0,0,0,0,0,0,0,0,0
1,1,130827,0,0,10,0,0,19,0,0,0,0
2,1,130827,3,3,3,3,3,3,3,3,3,3
1,1,130828,0,0,0,0,0,0,0,0,0,0
2,1,130828,0,0,0,0,0,0,0,0,0,0
1,1,130829,0,17,0,0,0,0,0,0,5,0
1,1,130830,0,0,0,0,0,0,0,0,0,0
2,1,130830,0,0,0,0,0,0,0,0,0,0
1,1,130831,29,23,0,18,23,18,17,21,31,30
1,1,130832,11,7,5,5,0,0,16,3,14,23
1,1,130833,15,15,15,15,15,15,15,15,15,15
1,1,130834,0,0,0,0,0,0,0,0,0,0
2,1,130834,0,0,0,0,0,0,0,6,0,0
3,1,130834,0,0,0,0,0,0,0,0,0,0
1,1,130835,0,0,0,0,0,0,0,0,0,0
2,1,130835,0,0,0,0,0,13,0,0,0,0
1,1,130836,0,0,0,0,0,0,0,0,0,0
1,1,130837,15,23,17,17,28,42,18,17,0,9
0,1,130838,0,0,0,0,0,0,0,0,0,0
0,2,130838,0,0,0,0,8,0,0,0,0,0
1,1,130838,0,0,0,0,0,0,0,0,0,0
2,1,130838,0,0,0,0,0,0,0,0,0,0
3,1,130838,0,0,0,0,0,0,0,0,0,0
4,1,130838,0,0,0,0,0,0,0,0,0,0
1,1,130839,7,7,7,7,7,7,7,7,7,7
0,1,130840,15,15,15,15,15,15,15,15,15,15
1,1,130840,0,0,0,0,0,0,0,0,0,0
1,1,130841,14,26,10,18,19,0,8,13,12,8
1,1,130842,0,0,0,0,0,0,0,0,0,0
2,1,130842,0,0,0,0,0,0,0,0,0,23
1,1,130843,0,0,0,0,0,0,0,0,0,0
1,1,130844,17,17,17,17,17,17,17,17,17,17
1,1,130845,0,32,0,0,13,0,0,0,0,0
1,1,130846,22,22,22,22,22,22,22,22,22,22
1,1,130847,2,2,2,2,2,2,2,2,2,2
1,1,130848,0,0,0,0,0,0,0,0,0,0
2,1,130848,0,0,0,0,0,0,0,0,0,0
1,1,130849,0,0,0,0,0,0,0,0,0,0
2,1,130849,0,5,0,0,0,0,0,0,0,0
1,1,130850,0,0,0,0,0,0,0,0,0,0
2,1,130850,15,15,15,15,15,15,15,15,15,15
1,1,130851,15,15,15,15,15,15,15,15,15,15
2,1,130851,0,0,0,0,0,0,0,0,0,0
3,1,130851,0,0,14,0,0,0,0,0,0,0
1,1,130852,0,0,0,0,0,0,0,0,0,0
2,1,130852,0,0,0,0,0,0,0,0,0,0
3,1,130852,0,0,0,0,0,0,0,0,0,0
4,1,130852,0,0,0,0,0,0,0,0,0,0
1,1,130853,0,0,0,0,0,0,0,0,0,0
2,1,130853,0,0,0,0,0,0,0,0,0,0
1,1,130854,0,0,0,0,0,0,0,0,0,0
2,1,130854,0,0,0,0,0,0,0,0,0,0
1,1,130855,18,0,0,0,0,0,0,0,0,0
1,1,130856,0,1,16,16,33,17,24,13,14,0
1,1,130857,0,0,0,0,0,0,0,0,0,3
1,1,130858,10,28,24,18,0,14,28,17,23,23
1,1,130859,2,2,2,2,2,2,2,2,2,2
1,1,130860,21,21,21,21,21,21,21,21,21,21
1,1,130861,28,28,28,28,28,28,28,28,28,28
1,1,130862,0,0,0,0,0,0,0,0,0,19
1,1,130863,0,0,0,0,0,0,0,0,0,0
2,1,130863,0,0,0,0,0,0,0,0,0,0
1,1,130864,0,0,0,0,0,0,0,0,0,0
1,1,130865,0,0,0,0,0,0,0,0,0,0
2,1,130865,32,20,22,24,0,0,11,18,9,38
1,1,130866,0,0,0,0,0,0,0,0,0,0
2,1,130866,0,0,0,0,6,0,0,0,0,0
1,1,130867,8,8,8,8,8,8,8,8,8,8
1,1,130868,0,0,0,0,0,0,0,0,0,0
2,1,130868,0,0,0,0,0,0,0,0,0,3
1,1,130869,0,0,0,0,0,0,0,0,0,0
2,1,130869,0,0,0,0,0,0,0,0,0,0
0,1,130870,0,0,11,0,0,3,35,35,0,0
0,2,130870,0,0,0,0,0,0,0,0,0,0
1,1,130870,0,0,0,0,0,0,0,0,0,0
1,1,130871,0,0,0,0,0,0,0,0,0,0
1,1,130872,24,24,24,24,24,24,24,24,24,24
1,1,130873,7,7,7,7,7,7,7,7,7,7
1,1,130874,0,0,0,0,0,0,0,0,0,0
1,1,130875,12,0,8,18,0,0,3,0,1,14
2,1,130875,0,0,0,0,0,0,0,0,0,0
1,1,130876,0,0,0,0,0,0,0,0,0,0
2,1,130876,0,0,0,0,0,0,0,0,0,0
1,1,130877,0,0,0,0,0,0,0,0,0,0
1,1,130878,37,37,37,37,37,37,37,37,37,37
0,1,130879,0,0,20,25,57,12,16,23,19,0
1,1,130879,0,14,7,0,0,10,0,10,9,8
2,1,130879,0,0,0,0,0,0,0,0,0,0
3,1,130879,0,0,0,0,0,0,4,0,0,0
1,1,130880,0,0,0,0,0,0,0,0,0,0
1,1,130881,0,0,0,0,0,0,0,0,0,0
2,1,130881,0,0,0,0,0,0,0,0,0,0
1,1,130882,22,22,22,22,22,22,22,22,22,22
1,1,130883,0,0,0,0,0,0,0,0,0,0
2,1,130883,0,0,0,0,0,0,0,0,0,0
0,1,130884,0,0,0,0,0,0,0,0,0,0
1,1,130884,0,0,0,0,0,0,0,0,0,0
1,1,130885,10,10,10,10,10,10,10,10,10,10
1,1,130886,0,0,0,0,0,0,0,0,0,0
1,1,130887,0,17,0,0,0,0,0,11,0,0
2,1,130887,0,0,0,0,0,0,0,0,0,0
1,1,130888,18,18,18,18,18,18,18,18,18,18
1,1,130889,0,0,0,0,0,0,0,0,0,0
1,1,130890,9,9,9,9,9,9,9,9,9,9
1,1,130891,0,0,0,0,0,0,0,0,0,0
2,1,130891,0,0,0,0,0,0,0,0,0,0
1,1,130892,0,0,0,0,0,0,0,0,0,0
2,1,130892,0,0,0,0,0,0,0,12,0,0
1,1,130893,0,0,0,0,0,0,0,0,0,0
2,1,130893,0,0,0,0,0,0,18,0,0,0
0,1,130894,0,15,28,0,0,31,40,19,0,0
1,1,130894,0,0,0,0,17,0,0,0,3,0
1,1,130895,0,0,0,0,0,0,0,0,0,0
2,1,130895,0,0,0,0,0,0,0,0,0,0
0,1,130896,22,22,22,22,22,22,22,22,22,22
1,1,130896,0,0,0,0,0,0,0,0,0,0
2,1,130896,0,0,0,0,0,0,0,0,0,0
3,1,130896,0,0,0,0,0,0,0,0,0,0
1,1,130897,0,0,0,0,0,0,0,0,0,0
1,1,130898,0,0,0,0,21,0,0,0,0,0
1,1,130899,9,9,9,9,9,9,9,9,9,9
1,1,130900,11,11,11,11,11,11,11,11,11,11
1,1,130901,25,25,25,25,25,25,25,25,25,25
1,1,130902,0,0,0,0,16,0,0,0,0,0
1,1,130903,0,0,33,19,0,0,0,0,17,0
1,1,130904,0,0,0,0,0,0,0,0,0,0
2,1,130904,0,0,0,0,0,0,0,0,0,0
0,1,130905,0,0,0,0,0,0,0,0,0,0
1,1,130905,0,0,0,0,0,0,0,0,0,0
0,1,130906,0,0,0,0,0,0,0,0,0,0
1,1,130906,0,0,0,0,0,0,0,0,0,0
2,1,130906,0,0,0,0,0,0,0,0,0,0
1,1,130907,0,0,0,0,0,0,0,0,0,0
2,1,130907,0,0,0,0,0,0,0,0,0,0
1,1,130908,0,0,0,0,0,0,0,0,0,0
1,1,130909,23,23,23,23,23,23,23,23,23,23
2,1,130909,13,0,0,0,0,0,0,0,0,0
3,1,130909,0,7,0,0,0,0,0,0,0,0
1,1,130910,11,11,11,11,11,11,11,11,11,11
1,1,130911,10,0,0,0,0,0,0,0,0,0
1,1,130912,14,12,19,30,27,12,0,0,18,5
1,1,130913,0,0,0,0,24,0,21,16,0,0
1,1,130914,0,0,0,0,0,0,0,0,0,0
1,1,130915,0,0,0,0,0,0,0,0,0,0
2,1,130915,0,0,0,0,0,0,0,0,0,0
1,1,130916,26,26,26,26,26,26,26,26,26,26
1,1,130917,0,0,0,0,0,0,0,0,0,0
1,1,130918,27,27,27,27,27,27,27,27,27,27
1,1,130919,9,0,0,15,0,0,0,0,0,0
1,1,130920,0,0,0,0,0,0,0,0,0,0
2,1,130920,0,0,0,0,0,0,0,0,0,0
0,1,130921,19,19,19,19,19,19,19,19,19,19
1,1,130921,0,0,0,5,0,0,0,0,0,0
1,1,130922,15,15,15,15,15,15,15,15,15,15
0,1,130923,0,0,0,0,0,0,0,0,0,0
1,1,130923,0,15,0,16,3,0,0,0,11,0
1,1,130924,0,0,0,0,0,0,0,0,0,0
2,1,130924,0,0,0,0,0,0,0,0,0,0
1,1,130925,14,14,14,14,14,14,14,14,14,14
1,1,130926,20,20,20,20,20,20,20,20,20,20
0,1,130927,22,20,27,0,45,0,0,18,0,29
1,1,130927,16,0,0,30,16,0,10,0,11,0
1,1,130928,0,0,0,0,0,0,0,0,0,0
2,1,130928,0,0,0,0,0,0,0,0,0,0
0,1,130929,28,28,28,28,28,28,28,28,28,28
1,1,130929,0,0,0,0,0,0,0,7,0,0
0,1,130930,14,14,14,14,14,14,14,14,14,14
1,1,130930,0,0,0,0,0,0,0,0,0,0
2,1,130930,0,0,0,0,0,0,0,0,0,0
1,1,130931,0,0,0,0,2,0,0,0,0,0
1,1,130932,0,0,0,0,0,0,0,0,0,19
2,1,130932,0,0,0,0,0,0,0,0,0,0
3,1,130932,0,0,0,0,0,0,0,0,0,0
4,1,130932,0,0,0,0,0,0,0,0,0,0
5,1,130932,0,0,0,0,0,0,0,0,0,0
6,1,130932,0,0,0,0,0,0,0,0,0,0
7,1,130932,0,0,0,0,0,0,0,0,0,0
1,1,130933,0,0,0,0,0,0,0,0,0,0
1,1,130934,0,0,0,0,0,0,0,0,0,0
1,1,130935,0,0,0,0,0,0,0,0,0,0
2,1,130935,0,0,0,0,0,0,0,0,0,0
1,1,130936,0,0,0,0,0,0,0,0,0,0
2,1,130936,0,0,0,0,0,0,0,0,0,0
1,1,130937,19,19,19,19,19,19,19,19,19,19
1,1,130938,0,0,0,0,0,0,0,0,0,0
2,1,130938,0,0,0,0,0,0,0,0,0,0
1,1,130939,0,0,0,0,0,0,0,0,0,0
2,1,130939,0,0,0,0,0,0,0,0,0,0
1,1,130940,7,7,7,7,7,7,7,7,7,7
1,1,130941,0,22,34,0,0,0,0,0,13,0
1,1,130942,9,9,9,9,9,9,9,9,9,9
2,1,130942,0,0,0,0,0,0,0,0,0,0
1,1,130943,0,0,0,0,0,0,0,0,0,0
2,1,130943,0,0,0,0,0,0,0,0,0,0
0,1,130944,0,0,0,0,0,0,0,0,0,0
0,2,130944,0,0,0,0,0,0,0,0,0,0
0,3,130944,0,0,0,0,0,0,0,0,29,0
1,1,130944,12,12,12,12,12,12,12,12,12,12
1,1,130945,28,0,0,0,0,0,0,0,0,0
1,1,130946,0,17,28,0,0,14,0,10,24,0
1,1,130947,11,23,29,16,15,0,18,0,5,12
1,1,130948,0,0,0,0,0,0,0,8,0,0
1,1,130949,0,0,0,0,0,0,0,0,0,0
1,1,130950,6,6,6,6,6,6,6,6,6,6
1,1,130951,0,0,0,8,0,0,9,0,0,0
2,1,130951,0,0,0,0,0,0,0,0,0,0
1,1,130952,19,19,19,19,19,19,19,19,19,19
1,1,130953,0,0,0,0,0,0,9,14,0,14
0,1,130954,0,0,0,11,0,0,0,0,0,0
1,1,130954,0,0,0,0,0,0,0,0,0,0
1,1,130955,0,0,0,0,0,0,0,0,0,0
2,1,130955,0,0,0,0,0,0,0,0,0,0
1,1,130956,16,16,16,16,16,16,16,16,16,16
1,1,130957,0,0,0,0,0,0,0,0,0,0
2,1,130957,0,0,0,0,0,0,0,0,0,0
1,1,130958,0,0,0,0,0,0,0,0,0,0
1,1,130959,0,0,0,0,0,0,0,0,0,0
2,1,130959,0,0,0,0,0,0,0,0,0,0
1,1,130960,22,22,22,22,22,22,22,22,22,22
1,1,130961,0,0,0,0,0,6,0,0,0,0
2,1,130961,0,0,0,0,0,0,0,0,0,0
1,1,130962,30,30,30,30,30,30,30,30,30,30
1,1,130963,0,0,0,0,13,0,29,0,0,20
1,1,130964,0,24,23,16,0,0,15,15,0,0
1,1,130965,0,0,0,0,0,0,0,0,0,0
0,1,130966,16,16,16,16,16,16,16,16,16,16
1,1,130966,0,0,10,0,0,0,0,0,0,0
1,1,130967,0,0,0,0,0,0,0,0,0,0
2,1,130967,0,0,0,0,0,0,0,0,0,0
1,1,130968,0,0,0,0,0,0,19,0,0,0
2,1,130968,0,0,0,0,0,0,0,0,0,0
1,1,130969,0,0,0,0,0,0,0,0,0,0
2,1,130969,0,0,0,0,0,0,0,0,0,0
0,1,130970,0,0,0,0,0,0,0,0,0,0
1,1,130970,0,0,0,0,0,0,0,4,0,0
1,1,130971,0,0,0,0,0,0,0,0,0,0
1,1,130972,0,0,0,0,0,0,0,0,0,0
0,1,130973,16,16,16,16,16,16,16,16,16,16
1,1,130973,0,0,6,0,0,0,0,0,0,0
1,1,130974,11,11,11,11,11,11,11,11,11,11
2,1,130974,0,0,0,0,0,0,0,0,0,0
1,1,130975,0,0,0,0,0,0,0,0,0,0
1,1,130976,0,0,0,0,0,0,0,0,0,0
1,1,130977,0,0,0,0,25,0,0,0,0,0
1,1,130978,0,0,0,0,0,0,0,0,0,0
1,1,130979,0,0,0,0,0,0,0,5,0,0
1,1,130980,21,21,21,21,21,21,21,21,21,21
2,1,130980,0,0,0,0,0,0,0,0,0,0
0,1,130981,7,0,21,0,0,0,0,9,3,0
1,1,130981,16,0,12,0,0,0,0,0,0,0
1,1,130982,0,0,0,0,0,0,0,0,0,0
2,1,130982,0,0,10,0,0,0,0,0,0,0
0,1,130983,0,0,0,0,0,0,0,0,0,0
1,1,130983,0,0,0,0,0,0,0,0,0,0
0,1,130984,0,0,0,0,0,0,24,0,26,0
0,2,130984,0,0,0,0,0,25,35,0,19,0
1,1,130984,0,0,0,0,24,0,0,0,0,0
0,1,130985,3,3,3,3,3,3,3,3,3,3
1,1,130985,0,0,0,0,0,0,0,0,0,0
1,1,130986,5,5,5,5,5,5,5,5,5,5
1,1,130987,0,15,0,0,0,0,0,0,0,0
2,1,130987,0,0,0,0,0,0,0,0,0,0
1,1,130988,0,0,0,0,0,0,0,0,0,0
1,1,130989,0,0,0,0,0,0,0,0,0,0
2,1,130989,0,0,0,0,0,0,0,0,0,0
1,1,130990,0,0,0,0,0,0,18,0,0,0
1,1,130991,0,0,0,0,0,0,0,0,0,0
2,1,130991,0,0,0,0,0,0,0,0,0,0
1,1,130992,0,0,0,23,0,10,0,0,0,0
1,1,130993,0,0,0,0,0,0,0,0,0,0
2,1,130993,0,0,0,0,0,0,0,0,0,0
0,1,130994,0,0,0,0,0,0,0,0,0,0
1,1,130994,11,11,11,11,11,11,11,11,11,11
1,1,130995,12,12,12,12,12,12,12,12,12,12
1,1,130996,0,0,0,0,0,0,0,0,0,0
2,1,130996,0,0,0,0,0,0,0,0,0,0
1,1,130997,0,0,0,0,0,0,0,0,0,0
2,1,130997,0,0,0,0,0,0,0,0,0,0
1,1,130998,0,0,0,0,0,0,0,0,0,0
2,1,130998,0,0,0,0,0,0,0,0,0,0
1,1,130999,0,0,0,0,0,0,14,0,0,0
1,1,131000,25,25,25,25,25,25,25,25,25,25
1,1,131001,0,0,0,0,0,0,0,0,0,0
2,1,131001,0,0,0,0,0,0,0,0,0,0
1,1,131002,0,0,0,0,0,0,0,0,0,0
1,1,131003,12,7,0,11,14,0,9,44,27,20
1,1,131004,0,0,0,0,0,0,0,0,0,0
2,1,131004,0,0,0,0,0,0,0,0,0,0
1,1,131005,13,22,0,9,8,23,3,19,0,9
3,1,131005,0,0,0,0,0,0,0,0,0,0
1,1,131006,0,21,0,21,8,4,0,23,6,0
1,1,131007,30,0,26,0,26,33,0,20,21,24
0,1,131008,20,20,20,20,20,20,20,20,20,20
1,1,131008,0,0,0,0,0,0,0,0,5,0
0,1,131009,0,0,0,0,0,0,0,0,0,0
1,1,131009,0,13,0,0,0,0,0,5,0,9
1,1,131010,0,0,0,0,0,0,0,0,0,0
2,1,131010,0,0,0,0,0,0,0,0,0,0
1,1,131011,8,8,8,8,8,8,8,8,8,8
1,1,131012,0,0,0,0,0,0,0,0,0,0
2,1,131012,0,0,0,0,0,0,0,0,0,0
1,1,131013,18,18,18,18,18,18,18,18,18,18
0,1,131014,0,0,0,0,0,0,0,0,0,0
0,2,131014,31,16,0,0,16,0,13,21,30,5
1,1,131014,17,17,17,17,17,17,17,17,17,17
1,1,131015,17,17,17,17,17,17,17,17,17,17
1,1,131016,0,0,0,0,0,0,0,0,0,0
2,1,131016,0,0,0,0,0,0,0,0,7,0
1,1,131017,0,0,0,0,0,0,0,0,0,0
2,1,131017,0,0,0,0,0,0,0,0,0,0
3,1,131017,0,0,0,0,0,0,0,0,0,0
4,1,131017,0,0,0,0,0,0,0,0,0,0
5,1,131017,0,0,0,0,0,0,0,0,0,0
1,1,131018,0,0,0,0,0,0,0,0,0,0
1,1,131019,0,0,0,0,0,0,0,0,0,0
1,1,131020,0,0,0,0,0,0,0,0,0,0
1,1,131021,22,22,22,22,22,22,22,22,22,22
1,1,131022,0,0,0,0,0,0,8,0,0,0
2,1,131022,0,0,0,0,0,0,0,0,0,0
1,1,131023,11,11,11,11,11,11,11,11,11,11
2,1,131023,0,0,0,0,0,0,19,0,2,0
0,1,131024,0,0,0,0,0,0,0,0,0,0
1,1,131024,0,0,0,0,0,0,0,0,0,0
1,1,131025,0,0,0,0,0,0,0,0,0,0
2,1,131025,0,0,0,0,0,0,0,0,0,0
1,1,131026,0,38,31,0,0,18,0,32,26,0
1,1,131027,0,0,0,0,0,0,0,0,0,0
2,1,131027,27,27,27,27,27,27,27,27,27,27
1,1,131028,0,0,0,0,0,0,0,0,0,0
1,1,131029,0,0,0,0,0,0,0,0,0,0
2,1,131029,0,0,0,0,0,0,0,0,0,0
1,1,131030,29,0,20,0,15,0,11,17,23,0
1,1,131031,6,6,6,6,6,6,6,6,6,6
1,1,131032,0,0,0,0,0,0,0,19,0,0
0,1,131033,2,2,2,2,2,2,2,2,2,2
1,1,131033,0,0,0,0,0,0,0,0,0,0
1,1,131034,0,0,0,0,0,0,0,0,0,0
0,1,131035,0,0,0,0,0,0,0,0,0,0
1,1,131035,10,0,0,0,0,0,0,0,0,0
2,1,131035,0,0,0,0,0,0,0,0,0,0
1,1,131036,9,6,0,0,0,0,0,0,0,0
1,1,131037,0,0,0,0,0,0,0,0,0,0
1,1,131038,0,0,0,0,0,0,0,0,0,0
2,1,131038,11,11,11,11,11,11,11,11,11,11
0,1,131039,0,0,0,0,0,0,0,0,0,0
1,1,131039,0,0,10,0,0,0,0,0,0,0
1,1,131040,0,0,0,0,0,0,0,0,0,0
0,1,131041,0,0,0,0,0,0,0,0,0,0
1,1,131041,15,0,0,0,0,0,0,0,0,0
1,1,131042,0,0,0,0,0,0,0,0,0,3
1,1,131043,22,22,22,22,22,22,22,22,22,22
1,1,131044,0,0,7,4,0,0,0,0,0,0
1,1,131045,3,0,0,0,0,0,0,0,0,0
1,1,131046,0,0,0,0,0,0,0,0,0,0
2,1,131046,0,0,0,0,0,0,0,0,0,0
1,1,131047,0,18,15,8,5,14,22,26,0,20
1,1,131048,0,0,0,0,0,0,0,0,0,0
1,1,131049,0,0,0,0,0,12,0,0,0,0
2,1,131049,0,0,0,0,0,0,0,0,0,0
1,1,131050,0,0,0,0,0,0,0,0,0,0
2,1,131050,0,0,0,0,0,0,0,0,0,0
1,1,131051,0,0,0,0,0,0,0,0,0,0
0,1,131052,0,0,0,0,0,0,0,0,0,0
1,1,131052,0,0,0,0,0,0,0,0,0,0
1,1,131053,12,12,12,12,12,12,12,12,12,12
1,1,131054,0,0,0,0,0,0,0,0,0,0
2,1,131054,0,0,0,0,0,0,0,0,0,0
0,1,131055,0,0,0,0,0,0,0,0,0,0
1,1,131055,0,0,0,0,0,0,0,0,0,0
1,1,131056,0,0,0,0,0,0,0,0,0,0
2,1,131056,0,0,0,0,0,0,0,0,0,0
1,1,131057,8,8,8,8,8,8,8,8,8,8
1,1,131058,0,0,0,0,0,0,15,0,0,13
1,1,131059,0,0,0,0,0,0,0,0,0,0
2,1,131059,0,0,0,0,0,0,0,0,0,0
1,1,131060,11,11,11,11,11,11,11,11,11,11
1,1,131061,0,0,0,0,0,0,0,0,0,0
1,1,131062,13,13,13,13,13,13,13,13,13,13
1,1,131063,16,16,16,16,16,16,16,16,16,16
2,1,131063,0,0,0,0,0,0,0,0,0,0
1,1,131064,0,0,0,0,0,0,0,10,0,0
1,1,131065,0,0,0,0,0,0,0,0,0,0
1,1,131066,15,15,15,15,15,15,15,15,15,15
1,1,131067,0,0,0,0,0,27,10,0,0,0
1,1,131068,0,0,0,0,0,0,0,0,0,0
2,1,131068,0,0,0,0,0,0,0,0,0,0
3,1,131068,0,0,0,0,0,0,0,0,0,0
1,1,131069,10,29,0,8,0,13,0,0,14,13
0,1,131070,0,5,0,0,0,0,0,0,0,0
1,1,131070,0,0,0,0,0,0,0,0,0,0
0,1,131071,0,0,0,0,0,0,0,0,0,0
1,1,131071,0,0,0,0,0,0,0,0,0,0
1,1,131072,0,0,0,0,0,0,0,0,0,0
1,1,131073,0,0,0,0,22,0,0,0,0,0
1,1,131074,0,0,0,0,0,0,0,0,0,0
2,1,131074,0,0,0,0,0,0,0,0,0,0
1,1,131075,0,0,0,0,0,0,0,0,0,0
2,1,131075,0,0,0,0,0,0,0,0,0,0
1,1,131076,31,31,31,31,31,31,31,31,31,31
1,1,131077,12,12,12,12,12,12,12,12,12,12
2,1,131077,0,0,0,0,0,0,0,0,0,0
1,1,131078,0,0,0,0,0,0,0,0,0,0
2,1,131078,0,0,0,0,0,0,0,0,0,0
1,1,131079,33,30,0,29,22,0,14,9,0,0
1,1,131080,29,29,29,29,29,29,29,29,29,29
1,1,131081,0,0,0,0,0,0,0,0,0,0
1,1,131082,22,22,22,22,22,22,22,22,22,22
0,1,131083,0,0,0,0,0,0,0,0,0,0
1,1,131083,0,0,0,0,0,0,0,0,0,0
1,1,131084,0,0,0,0,11,0,0,0,0,0
1,1,131085,8,8,8,8,8,8,8,8,8,8
2,1,131085,0,0,0,0,0,0,0,12,0,0
1,1,131086,4,4,4,4,4,4,4,4,4,4
1,1,131087,0,23,0,0,0,17,15,12,0,17
2,1,131087,0,0,0,18,0,0,0,0,0,0
3,1,131087,0,0,0,0,0,0,0,0,0,0
1,1,131088,0,0,0,0,0,0,0,0,0,0
1,1,131089,0,0,0,0,0,0,0,0,0,0
0,1,131090,0,0,0,0,0,0,0,0,0,0
1,1,131090,0,4,0,0,0,0,0,0,0,0
1,1,131091,0,0,0,0,0,0,0,0,0,0
2,1,131091,0,0,0,0,0,0,0,0,0,0
3,1,131091,0,0,0,0,0,0,0,0,0,0
1,1,131092,0,0,0,0,0,0,0,0,0,0
2,1,131092,0,0,0,0,0,0,0,0,0,0
1,1,131093,10,10,10,10,10,10,10,10,10,10
1,1,131094,0,0,0,0,0,0,0,0,0,0
2,1,131094,0,0,0,0,16,11,0,0,0,0
1,1,131095,0,0,0,0,0,0,0,0,24,0
2,1,131095,0,0,0,0,0,0,0,0,0,0
3,1,131095,0,0,0,0,0,0,0,0,0,0
4,1,131095,0,0,0,0,0,0,0,0,0,0
1,1,131096,0,19,0,0,0,0,0,0,0,0
2,1,131096,3,0,0,0,0,4,0,0,0,0
1,1,131097,0,0,0,0,0,0,0,0,0,0
1,1,131098,21,21,21,21,21,21,21,21,21,21
1,1,131099,0,0,17,14,0,10,11,0,22,15
2,1,131099,0,0,0,0,0,0,0,0,0,0
1,1,131100,21,21,21,21,21,21,21,21,21,21
1,1,131101,27,27,27,27,27,27,27,27,27,27
0,1,131102,0,0,0,0,0,0,0,4,0,0
1,1,131102,0,0,0,0,0,0,0,0,0,0
2,1,131102,0,0,0,0,0,0,0,0,0,20
1,1,131103,0,0,0,0,0,0,0,0,0,0
2,1,131103,0,0,0,0,0,0,0,0,0,0
3,1,131103,0,0,18,0,0,0,0,0,0,0
1,1,131104,4,6,0,0,0,0,0,0,0,0
1,1,131105,0,0,0,0,0,0,0,0,0,0
2,1,131105,0,0,0,0,0,0,0,0,0,0
1,1,131106,0,0,0,0,0,0,0,0,0,0
2,1,131106,0,0,0,0,0,0,0,0,0,0
1,1,131107,23,23,23,23,23,23,23,23,23,23
0,1,131108,16,0,14,29,24,18,19,0,36,15
1,1,131108,0,0,0,0,0,0,0,0,15,0
1,1,131109,23,23,23,23,23,23,23,23,23,23
1,1,131110,0,0,2,0,0,0,0,0,0,0
2,1,131110,0,0,0,0,0,0,0,0,0,0
1,1,131111,0,0,0,0,0,0,0,0,0,0
1,1,131112,13,13,13,13,13,13,13,13,13,13
2,1,131112,0,0,0,0,0,0,0,0,0,0
0,1,131113,23,23,23,23,23,23,23,23,23,23
1,1,131113,0,6,0,0,0,0,0,0,17,0
1,1,131114,17,17,17,17,17,17,17,17,17,17
1,1,131115,0,0,0,0,0,0,0,0,0,0
2,1,131115,0,0,0,0,0,0,0,0,0,0
1,1,131116,12,9,13,6,0,20,27,15,12,40
2,1,131116,0,0,0,0,0,0,0,0,0,0
0,1,131117,0,0,0,0,0,0,0,0,0,0
1,1,131117,0,0,0,7,0,15,0,0,0,0
1,1,131118,0,0,0,28,0,0,0,0,0,0
2,1,131118,0,0,0,0,0,0,0,0,0,0
1,1,131119,28,0,0,0,0,0,0,0,0,0
1,1,131120,0,0,0,0,0,0,0,0,0,0
0,1,131121,27,27,27,27,27,27,27,27,27,27
1,1,131121,0,0,17,0,0,0,0,0,4,0
1,1,131122,0,0,0,0,0,0,0,0,0,0
2,1,131122,0,0,0,0,0,0,0,0,0,0