VEH_NO,PER_NO,ST_CASE,P1,P2,P3,P4,P5,P6,P7,P8,P9,P10
1,1,131123,16,16,16,16,16,16,16,16,16,16
1,1,131124,14,14,14,14,14,14,14,14,14,14
2,1,131124,0,0,0,0,0,0,0,0,0,0
1,1,131125,0,0,0,0,0,0,0,0,0,0
2,1,131125,0,0,0,0,0,0,0,11,0,0
1,1,131126,34,0,11,0,0,0,0,0,8,21
2,1,131126,11,0,0,0,0,0,0,0,0,0
1,1,131127,0,0,0,0,0,0,0,0,0,0
1,1,131128,0,21,11,13,30,18,18,9,16,27
2,1,131128,0,0,0,0,0,0,0,0,0,0
1,1,131129,0,0,0,0,0,0,0,0,0,0
0,1,131130,0,0,0,0,0,27,0,16,0,17
1,1,131130,0,0,0,0,0,0,0,0,0,0
1,1,131131,0,0,0,0,0,0,0,0,0,0
2,1,131131,0,0,0,0,0,0,0,0,0,0
1,1,131132,21,21,21,21,21,21,21,21,21,21
0,1,131133,0,0,0,0,0,0,0,0,0,0
1,1,131133,0,0,0,0,0,0,0,0,0,0
0,1,131134,0,12,0,0,21,0,0,0,0,0
1,1,131134,0,0,0,0,0,0,0,13,0,0
1,1,131135,0,0,0,0,0,0,0,0,0,0
2,1,131135,0,0,0,0,0,0,0,0,0,0
0,1,131136,18,18,18,18,18,18,18,18,18,18
1,1,131136,0,0,0,0,0,0,0,0,0,0
1,1,131137,18,18,18,18,18,18,18,18,18,18
1,1,131138,16,16,16,16,16,16,16,16,16,16
1,1,131139,0,0,0,0,0,0,0,0,0,0
2,1,131139,0,0,0,0,0,0,6,0,0,0
1,1,131140,38,38,38,38,38,38,38,38,38,38
1,1,131141,0,0,0,0,0,0,0,0,0,0
1,1,131142,0,0,0,0,0,0,0,0,0,0
1,1,131143,0,0,0,0,0,0,0,0,0,0
0,1,131144,5,5,5,5,5,5,5,5,5,5
1,1,131144,0,0,0,0,0,0,0,0,10,0
0,1,131145,17,0,0,0,16,16,12,0,0,17
1,1,131145,0,0,0,0,0,0,0,0,0,0
2,1,131145,0,5,0,0,13,0,0,0,0,0
1,1,131146,0,0,0,0,0,0,0,0,0,0
2,1,131146,0,0,0,0,0,0,0,0,0,0
1,2,131147,0,9,0,0,4,0,23,13,0,19
1,1,131148,0,0,0,0,0,0,0,0,0,0
2,1,131148,0,0,0,0,0,0,0,0,0,0
1,1,131149,0,0,0,0,27,0,0,0,0,9
0,1,131150,0,0,0,0,0,0,0,0,0,0
1,1,131150,0,0,0,0,0,0,0,0,0,0
0,1,131151,25,25,25,25,25,25,25,25,25,25
1,1,131151,0,0,0,0,0,0,0,0,0,0
1,1,131152,20,20,20,20,20,20,20,20,20,20
1,1,131153,0,0,0,0,0,0,0,0,0,0
1,1,131154,0,0,0,0,0,0,0,0,0,0
2,1,131154,0,0,0,0,0,0,0,0,0,0
1,1,131155,0,0,0,0,0,0,0,0,0,0
2,1,131155,0,0,0,0,0,0,0,0,0,0
1,1,131156,0,0,0,0,0,0,0,0,0,0
2,1,131156,0,0,0,0,0,0,0,0,0,0
3,1,131156,0,0,0,0,0,0,0,0,0,0
0,1,131157,0,0,0,0,0,0,40,0,0,8
0,2,131157,0,0,0,0,0,0,0,0,0,0
0,3,131157,0,0,0,0,8,0,0,0,0,0
0,4,131157,0,0,8,0,0,0,0,0,0,0
1,1,131157,0,0,0,0,0,0,0,12,0,0
1,1,131158,21,21,21,21,21,21,21,21,21,21
2,1,131158,0,0,0,0,0,0,0,0,4,0
1,1,131159,20,20,20,20,20,20,20,20,20,20
2,1,131159,0,0,0,0,0,0,0,0,0,0
0,1,131160,0,0,0,0,0,0,0,0,0,0
1,1,131160,0,8,0,0,0,32,0,12,0,0
1,1,131161,0,0,0,0,0,0,0,0,0,0
2,1,131161,0,0,10,0,0,0,0,0,0,0
1,1,131162,0,0,0,0,0,0,0,0,0,0
2,1,131162,0,0,0,0,0,0,0,0,0,0
0,1,131163,5,5,5,5,5,5,5,5,5,5
1,1,131163,0,0,0,0,0,0,0,0,0,0
1,1,131164,0,0,0,0,0,0,0,0,0,0
1,1,131165,0,0,0,0,0,0,0,0,0,0
2,1,131165,0,0,0,14,0,7,0,0,0,0
1,1,131166,0,0,0,0,0,0,0,0,0,0
2,1,131166,0,0,0,0,0,0,0,0,0,0
1,1,131167,0,0,0,0,0,0,0,0,0,0
2,1,131167,0,0,0,0,0,0,0,0,0,0
1,1,131168,0,0,0,0,0,0,0,0,0,0
2,1,131168,0,0,0,0,0,0,0,0,0,0
3,1,131168,0,0,0,0,0,0,0,0,0,0
0,1,131169,0,0,0,0,0,0,0,0,0,0
0,2,131169,0,0,6,0,0,0,0,0,0,0
0,3,131169,0,0,0,0,0,0,0,0,0,0
0,4,131169,0,0,0,0,0,0,0,0,0,0
0,5,131169,0,0,0,0,0,0,0,0,0,0
1,1,131169,0,0,0,0,0,0,0,0,0,0
1,1,131170,0,0,0,0,0,25,0,0,0,0
1,1,131171,0,0,0,0,0,0,0,0,0,0
2,1,131171,0,0,0,0,0,0,0,0,0,0
1,1,131172,0,12,0,0,0,0,0,0,0,0
0,1,131173,6,0,13,0,0,0,0,0,17,0
1,1,131173,0,0,0,0,0,0,0,0,0,0
1,1,131174,10,10,10,10,10,10,10,10,10,10
1,1,131175,0,0,0,0,0,0,0,0,0,0
2,1,131175,0,0,0,0,0,0,0,0,0,0
1,1,131176,0,0,0,0,0,0,0,0,0,0
2,1,131176,0,0,0,0,0,0,0,0,0,0
1,1,131177,0,0,0,0,0,0,0,0,0,0
2,1,131177,0,0,0,0,0,0,0,0,0,0
1,1,131178,0,0,0,0,0,0,0,0,0,0
1,1,131179,41,0,9,0,0,6,26,10,22,5
2,1,131179,0,0,0,0,0,0,0,0,0,0
1,1,131180,0,0,7,0,0,0,22,0,0,0
1,1,131181,20,20,20,20,20,20,20,20,20,20
2,1,131181,0,12,0,0,0,0,0,0,9,0
1,1,131182,0,0,0,0,0,0,0,0,0,0
2,1,131182,0,0,0,0,0,0,0,0,0,0
1,1,131183,0,0,0,0,0,0,0,0,0,0
2,1,131183,0,0,0,0,0,0,0,0,0,0
1,1,131184,32,20,13,11,8,18,11,6,7,15
2,1,131184,0,0,0,0,0,0,0,0,0,0
1,1,131185,12,0,0,0,0,0,15,0,0,0
2,1,131185,0,15,0,0,0,0,0,0,0,0
1,1,131186,26,26,26,26,26,26,26,26,26,26
1,1,131187,0,0,0,0,0,0,0,0,0,0
1,1,131188,38,24,31,23,21,14,20,18,22,17
2,1,131188,0,0,0,0,0,0,0,0,0,0
1,1,131189,0,0,0,0,0,0,0,0,0,0
2,1,131189,0,0,0,0,0,0,0,0,0,0
1,1,131190,0,0,0,0,0,0,0,0,0,0
1,1,131191,0,0,0,0,0,0,0,0,0,0
2,1,131191,0,0,0,0,0,0,0,0,0,0
1,1,131192,0,0,0,0,0,0,0,0,0,0
2,1,131192,0,0,0,0,0,0,0,0,0,0
3,1,131192,0,0,0,0,0,0,0,0,0,0
1,1,131193,0,0,0,0,0,0,0,0,0,0
1,1,131194,15,15,15,15,15,15,15,15,15,15
2,1,131194,0,0,0,0,0,5,13,0,0,0
1,1,131195,0,0,0,0,0,0,0,0,0,0
2,1,131195,0,0,0,0,0,0,0,0,0,0
1,1,131196,13,0,0,0,0,0,0,17,0,0
1,1,131197,0,0,0,0,19,0,0,0,0,0
2,1,131197,0,0,0,0,0,0,0,0,0,0
3,1,131197,0,0,0,0,0,0,0,0,0,0
1,1,131198,0,0,0,0,0,0,0,0,0,0
2,1,131198,0,0,0,0,0,0,0,0,0,0
1,1,131199,0,0,0,0,0,0,0,0,0,0
2,1,131199,0,0,0,0,0,0,0,0,0,0
1,1,131200,12,12,12,12,12,12,12,12,12,12
2,1,131200,0,0,0,0,0,0,0,0,0,0
3,1,131200,0,0,0,0,0,0,0,0,0,0
1,1,131201,0,0,0,0,0,0,0,0,0,0
1,1,131202,0,0,0,0,0,0,0,0,0,0
2,1,131202,0,0,0,0,0,0,0,0,0,0
3,1,131202,0,0,0,0,0,0,0,0,0,0
1,1,131203,6,0,0,3,0,0,0,0,0,17
1,1,131204,19,28,0,0,29,0,0,12,22,20
1,1,131205,0,0,0,0,0,0,0,0,0,0
2,1,131205,0,0,0,0,0,0,0,0,0,0
1,1,131206,11,0,0,0,0,0,0,0,0,0
1,1,131207,0,0,0,0,0,0,0,0,0,0
1,1,131208,0,0,0,0,0,0,0,0,0,0
2,1,131208,0,0,0,0,0,0,0,0,0,0
0,1,131209,0,0,6,0,21,8,20,0,0,0
1,1,131209,0,0,0,0,0,0,0,0,0,0
1,1,131210,0,0,0,0,0,0,0,0,0,0
2,1,131210,0,0,0,0,0,6,0,0,0,0
1,1,131211,21,0,0,0,0,0,0,0,0,0
2,1,131211,0,0,0,0,0,0,0,0,0,0
1,1,131212,29,0,0,0,27,0,18,0,0,0
1,1,131213,0,7,0,28,0,0,0,17,0,0
0,1,131214,0,0,0,0,0,0,0,31,0,0
1,1,131214,0,0,0,0,0,0,0,0,0,0
0,1,131215,0,0,0,0,0,0,0,0,0,0
1,1,131215,0,0,0,0,0,0,0,0,0,0
1,1,131216,0,41,13,17,24,21,17,5,0,28
1,1,131217,0,0,0,0,0,0,0,0,0,0
2,1,131217,0,0,0,0,0,0,0,0,0,0
1,1,131218,0,0,0,0,0,0,10,0,0,0
1,1,131219,0,0,0,0,0,0,0,0,0,0
2,1,131219,0,0,0,0,0,0,0,0,0,0
3,1,131219,0,0,0,0,0,0,0,10,0,0
1,1,131220,0,0,0,0,0,0,0,0,0,0
0,1,131221,0,0,0,0,0,0,0,0,0,0
1,1,131221,0,7,0,0,18,0,0,0,0,0
2,1,131221,0,0,0,0,0,0,11,0,0,0
1,1,131222,0,0,0,0,0,0,0,7,0,0
2,1,131222,0,0,0,0,0,0,0,0,0,0
1,1,131223,0,0,0,0,0,0,0,0,0,0
2,1,131223,0,0,0,0,0,0,0,0,0,0
0,1,131224,0,0,0,0,0,0,0,0,0,0
1,1,131224,0,0,0,0,0,0,18,0,0,0
1,1,131225,6,6,6,6,6,6,6,6,6,6
1,1,131226,0,0,0,0,0,0,0,0,0,0
1,1,131227,0,0,0,0,0,0,0,0,0,0
2,1,131227,0,0,0,0,0,0,0,0,0,0
1,1,131228,0,0,0,0,0,0,0,0,0,0
1,1,131229,0,0,0,0,8,0,0,0,0,0
1,1,131230,0,0,0,0,0,0,0,0,0,0
2,1,131230,0,0,0,0,0,0,0,0,0,0
1,1,131231,0,22,0,0,0,0,0,0,0,0
1,1,131232,15,15,15,15,15,15,15,15,15,15
1,1,131233,0,0,0,0,0,0,0,0,0,0
2,1,131233,0,0,0,0,0,0,0,0,0,0
1,1,131235,0,0,0,0,0,0,0,0,0,0
2,1,131235,0,0,0,0,0,0,0,0,0,0
3,1,131235,0,0,0,0,0,0,0,0,0,0
1,1,131236,15,18,8,15,11,10,11,9,10,12
2,1,131236,0,0,0,0,0,0,0,0,0,0
1,1,131237,0,0,0,0,0,0,0,0,0,0
1,1,131238,0,0,0,0,0,0,0,0,0,0
1,1,131239,29,29,29,29,29,29,29,29,29,29
2,1,131239,0,0,0,0,0,0,0,0,0,0
1,1,131240,0,0,0,0,0,0,8,0,0,0
2,1,131240,0,0,0,0,0,0,0,0,0,0
1,1,131241,0,0,0,0,0,0,0,0,0,0
2,1,131241,0,0,0,0,0,0,0,0,0,21
1,1,131242,15,15,15,15,15,15,15,15,15,15
2,1,131242,0,0,0,0,0,0,0,0,0,0
1,1,131243,0,0,0,0,0,0,0,0,0,0
1,1,131244,0,0,0,0,0,0,0,0,0,0
1,1,131245,0,0,0,0,0,0,0,0,0,0
1,1,131246,14,14,14,14,14,14,14,14,14,14
1,1,131247,0,0,0,0,0,0,0,32,0,0
2,1,131247,9,0,18,25,21,0,0,17,11,0
0,1,131248,15,29,21,6,35,0,5,23,9,20
1,1,131248,12,12,0,0,0,22,0,0,0,0
2,1,131248,0,12,0,0,0,0,0,0,0,0
1,1,131249,24,24,24,24,24,24,24,24,24,24
1,1,131250,0,0,0,0,0,0,0,0,0,0
2,1,131250,0,0,0,0,0,0,0,0,0,0
1,1,131251,0,0,0,0,0,0,0,7,21,0
1,1,131252,0,0,0,0,0,0,0,0,0,0
2,1,131252,0,0,0,0,0,0,3,0,0,0
1,1,131253,0,0,0,7,0,0,0,0,0,0
1,1,131254,0,0,0,0,0,0,0,0,0,0
1,1,131255,15,15,15,15,15,15,15,15,15,15
1,1,131256,0,0,0,0,0,0,0,0,0,0
2,1,131256,0,0,0,0,0,0,0,0,0,0
1,1,131257,0,0,0,0,0,0,0,0,0,0
2,1,131257,0,0,0,0,0,0,0,0,0,0
1,1,131258,0,0,0,0,0,0,0,0,0,0
1,1,131259,5,5,5,5,5,5,5,5,5,5
1,1,131260,0,0,0,0,0,0,0,0,0,0
2,1,131260,0,0,0,0,0,0,0,0,0,0
3,1,131260,0,0,0,0,0,0,0,0,0,0
4,1,131260,0,0,0,0,0,0,0,0,0,0
1,1,131261,0,0,0,0,0,0,0,0,0,0
2,1,131261,0,0,0,0,0,0,0,0,0,0
1,1,131262,0,0,0,0,0,0,0,0,0,0
2,1,131262,0,0,0,0,0,0,0,0,0,0
3,1,131262,0,0,0,0,0,0,0,0,0,0
1,1,131263,0,0,0,0,0,0,0,0,0,0
2,1,131263,0,0,0,0,0,0,0,0,0,0
3,1,131263,0,0,0,0,0,0,0,0,0,0
1,1,131264,0,0,0,0,0,0,0,0,0,0
1,1,131265,0,0,0,0,0,0,0,0,0,0
1,1,131266,0,0,0,0,0,0,0,0,0,0
2,1,131266,0,0,0,0,0,0,0,0,0,0
3,1,131266,0,0,0,0,0,0,0,0,0,0
4,1,131266,0,2,0,0,0,0,0,0,0,0
5,1,131266,0,0,0,0,0,0,0,0,0,0
1,1,131267,0,0,0,0,0,0,0,0,0,0
2,1,131267,0,0,0,0,0,0,0,0,0,0
1,1,131268,0,0,0,0,0,0,0,0,0,0
1,1,131269,36,11,17,5,13,15,5,24,9,17
2,1,131269,0,0,0,0,0,0,0,0,0,0
1,1,131270,27,24,25,14,28,12,20,15,18,12
1,1,131271,0,0,0,0,0,0,0,0,0,0
2,1,131271,0,0,0,0,0,0,0,0,0,0
1,1,131272,22,14,0,0,21,0,0,0,21,0
2,1,131272,0,0,0,0,0,0,0,0,0,0
0,1,131273,0,0,0,4,15,0,36,0,18,9
1,1,131273,0,13,0,0,0,0,0,0,0,0
1,1,131274,0,0,0,0,0,0,0,0,0,0
0,1,131275,0,0,0,0,0,0,0,0,0,0
1,1,131275,0,0,0,0,0,0,0,0,0,0
2,1,131275,0,0,0,0,0,0,0,0,0,17
1,1,131276,21,21,21,21,21,21,21,21,21,21
1,1,131277,2,2,2,2,2,2,2,2,2,2
1,1,131278,5,5,5,5,5,5,5,5,5,5
1,1,131279,0,0,7,0,0,0,0,0,0,0
2,1,131279,0,0,0,0,0,0,0,0,0,0
1,1,131280,0,0,0,0,0,0,0,0,0,0
2,1,131280,0,0,0,0,0,0,0,0,0,0
3,1,131280,0,0,0,0,0,0,0,0,0,0
1,1,131281,2,2,2,2,2,2,2,2,2,2
2,1,131281,0,0,0,0,0,0,0,0,0,0
1,1,131282,16,16,16,16,16,16,16,16,16,16
2,1,131282,0,0,0,0,0,0,0,0,0,0
0,1,131283,31,31,31,31,31,31,31,31,31,31
1,1,131283,0,0,0,0,0,0,0,0,0,0
2,1,131283,0,0,0,0,0,0,0,0,0,0
0,1,131284,0,0,0,10,0,0,0,0,0,0
0,2,131284,0,0,0,0,0,0,0,0,0,0
1,1,131284,13,13,13,13,13,13,13,13,13,13
1,1,131285,0,0,0,0,0,0,0,0,0,0
1,1,131286,0,0,0,0,0,0,0,0,0,0
2,1,131286,0,0,0,0,0,0,0,0,0,0
1,1,131287,12,18,12,11,12,37,0,0,13,0
1,1,131288,10,10,10,10,10,10,10,10,10,10
1,1,131289,20,20,20,20,20,20,20,20,20,20
2,1,131289,0,0,0,0,0,0,0,0,0,0
3,1,131289,0,0,0,0,0,0,0,0,0,0
1,1,131290,0,0,0,0,0,0,0,0,0,0
2,1,131290,0,0,0,0,0,0,0,0,0,0
1,1,131291,0,0,0,0,0,0,0,0,0,0
1,1,131292,0,0,0,0,0,0,9,0,0,0
1,1,131293,0,0,0,0,0,0,0,0,0,0
1,1,131294,0,0,0,0,0,0,0,0,0,0
1,1,131295,0,0,0,0,9,0,0,0,0,0
2,1,131295,0,0,0,0,0,0,0,0,0,0
1,1,131296,0,0,0,0,0,0,0,0,0,0
2,1,131296,0,0,0,0,0,0,0,0,0,0
3,1,131296,0,0,0,0,0,0,0,0,0,0
1,1,131297,11,11,11,11,11,11,11,11,11,11
1,1,131298,0,19,0,11,0,0,0,0,0,22
1,1,131299,19,16,15,21,27,17,20,18,26,13
1,1,131300,0,0,0,0,0,0,0,0,0,0
1,1,131301,0,0,0,0,0,0,0,0,0,0
1,1,131302,0,0,0,0,0,0,0,0,0,0
1,1,131303,0,0,13,0,0,0,9,0,0,0
0,1,131304,0,0,0,0,0,0,0,0,0,0
1,1,131304,0,0,0,0,0,0,0,0,0,0
1,1,131305,0,0,0,0,0,0,0,0,0,0
2,1,131305,0,0,0,0,0,0,0,0,6,0
1,1,131306,17,0,18,34,0,12,13,0,0,0
2,1,131306,0,0,0,0,0,0,0,0,0,0
1,2,131307,0,0,0,0,0,0,0,0,0,0
2,1,131307,0,0,0,0,0,0,0,0,0,0
3,1,131307,0,0,0,0,0,0,0,0,0,0
1,1,131308,0,0,0,0,0,0,0,0,0,0
0,1,131309,24,24,24,24,24,24,24,24,24,24
1,1,131309,0,0,0,2,27,0,0,19,0,0
0,1,131310,0,21,0,0,24,0,0,0,15,14
1,1,131310,0,0,0,20,0,0,18,0,0,0
1,1,131311,0,0,0,0,0,0,0,0,0,0
1,1,131312,24,11,16,25,0,13,28,4,12,13
1,1,131313,0,0,0,0,0,0,0,0,0,0
2,1,131313,0,0,0,0,0,0,0,0,0,0
3,1,131313,0,0,0,0,0,0,0,0,0,0
1,1,131314,0,0,0,0,0,0,0,0,0,0
1,1,131315,0,0,0,0,0,0,0,0,0,0
2,1,131315,0,0,0,0,0,0,0,0,0,0
1,1,131316,0,0,0,0,0,0,0,0,0,0
2,1,131316,0,0,0,0,0,0,0,0,0,0
1,1,131317,17,0,0,0,0,0,0,0,0,0
1,1,131318,0,10,15,32,0,21,0,0,17,10
1,1,131319,0,0,0,0,0,0,0,0,0,0
2,1,131319,0,0,0,0,0,0,0,0,0,0
1,1,131320,17,17,17,17,17,17,17,17,17,17
0,1,131321,28,28,28,28,28,28,28,28,28,28
1,1,131321,0,0,0,0,0,0,0,0,21,0
2,1,131321,0,0,0,0,0,0,0,0,0,0
1,1,131322,17,17,17,17,17,17,17,17,17,17
0,1,131323,0,0,0,0,0,0,0,0,0,0
1,1,131323,0,0,0,0,0,0,0,0,0,0
1,1,131324,0,0,0,0,0,0,0,0,0,0
1,1,131325,0,0,0,0,0,0,0,0,0,0
2,1,131325,0,0,0,0,0,0,0,0,0,0
1,1,131326,23,23,23,23,23,23,23,23,23,23
0,1,131327,27,27,27,27,27,27,27,27,27,27
1,1,131327,13,13,13,13,13,13,13,13,13,13
1,1,131328,0,0,0,0,0,18,0,0,0,0
1,1,131329,0,0,0,0,0,22,0,0,10,0
2,1,131329,0,0,0,0,0,0,0,0,0,0
0,1,131330,0,0,0,0,0,0,0,0,0,0
1,1,131330,0,0,0,17,0,10,0,0,0,0
1,1,131331,2,2,2,2,2,2,2,2,2,2
2,1,131331,0,0,0,0,0,0,0,0,0,0
1,1,131332,0,0,0,0,0,0,0,0,0,0
2,1,131332,0,0,0,0,0,0,0,0,0,0
1,1,131333,0,0,0,0,0,0,0,0,0,0
2,1,131333,0,0,0,0,0,0,0,0,0,0
1,1,131334,0,0,0,0,0,0,0,0,0,0
2,1,131334,0,0,0,0,0,0,0,0,0,0
1,1,131335,14,13,0,7,0,7,8,0,30,0
2,1,131335,17,0,0,0,0,0,0,0,0,0
1,1,131336,0,0,0,11,0,0,0,0,0,0
1,1,131337,14,14,14,14,14,14,14,14,14,14
2,1,131337,0,0,0,0,0,0,0,0,0,0
1,1,131338,24,24,24,24,24,24,24,24,24,24
1,1,131339,0,0,0,0,0,0,0,0,0,0
1,1,131340,27,27,27,27,27,27,27,27,27,27
0,1,131341,26,9,0,25,20,21,0,0,18,34
1,1,131341,0,0,0,0,0,0,0,0,0,0
1,1,131342,10,10,10,10,10,10,10,10,10,10
1,1,131343,0,0,0,0,0,0,0,0,0,0
2,1,131343,0,0,0,0,10,0,0,0,0,0
1,1,131344,0,0,0,0,0,0,0,0,0,0
2,1,131344,0,0,0,0,0,0,0,0,0,0
2,1,131345,0,0,0,0,0,0,0,0,0,0
3,1,131345,0,0,0,0,0,0,0,0,0,0
1,1,131346,0,0,0,0,0,0,0,0,5,0
1,1,131347,0,0,0,8,0,0,0,0,0,0
2,1,131347,0,0,0,0,0,0,0,0,0,0
1,1,131348,0,0,0,0,0,0,0,0,0,0
2,1,131348,0,0,0,0,0,0,0,0,0,0
0,1,131349,0,0,0,0,0,0,0,0,0,0
1,1,131349,23,14,0,0,0,0,0,0,0,0
1,1,131350,0,18,0,0,0,0,0,0,0,0
1,1,131351,0,0,0,0,0,0,0,0,0,0
2,1,131351,0,0,0,0,0,0,0,0,0,0
1,1,131352,0,0,0,0,0,0,0,0,0,0
1,1,131353,9,0,0,25,0,0,0,29,26,7
1,1,131354,0,0,0,0,0,0,0,0,0,0
2,1,131354,19,19,19,19,19,19,19,19,19,19
1,1,131355,3,3,3,3,3,3,3,3,3,3
2,1,131355,0,0,0,0,0,0,0,0,0,0
1,1,131356,0,0,0,0,0,0,0,0,0,0
2,1,131356,0,0,0,0,0,0,0,0,0,0
3,1,131356,0,0,0,0,0,0,0,0,0,0
1,1,131357,0,0,0,0,0,0,0,0,0,0
1,1,131358,17,17,17,17,17,17,17,17,17,17
1,1,131359,10,0,0,6,0,0,27,0,0,0
1,1,131360,28,28,28,28,28,28,28,28,28,28
1,1,131361,0,0,0,0,0,0,0,0,0,0
0,1,131362,24,8,21,0,0,0,5,26,0,10
1,1,131362,0,0,0,0,0,0,0,0,0,0
1,1,131363,0,0,0,0,0,0,0,0,0,0
2,1,131363,0,0,0,0,0,0,0,0,0,7
1,1,131364,0,0,0,0,0,0,0,0,0,0
2,1,131364,0,0,0,0,0,0,0,0,0,0
1,1,131365,0,3,0,0,0,28,0,14,0,0
2,1,131365,0,0,0,0,0,0,0,0,0,0
3,1,131365,0,0,0,0,0,0,0,0,0,0
1,1,131366,0,0,0,0,0,0,0,0,0,0
1,1,131367,0,0,0,0,0,0,0,0,0,0
1,1,131368,0,0,0,0,0,0,0,0,0,0
2,1,131368,0,0,0,0,0,0,0,0,0,0
3,1,131368,0,0,0,0,0,0,0,0,0,0
0,1,131369,0,0,3,0,0,0,19,28,38,29
1,1,131369,0,0,0,0,0,0,0,0,0,0
2,1,131369,0,0,0,0,0,0,0,0,0,0
1,1,131370,0,0,16,0,0,0,0,0,0,0
0,1,131371,0,0,0,0,0,0,0,0,0,22
0,2,131371,0,0,0,0,0,0,0,0,0,0
1,1,131371,0,0,0,0,0,0,0,0,0,0
0,1,150001,0,0,0,0,0,0,0,0,0,0
1,1,150001,0,0,0,0,0,0,0,0,0,0
1,1,150002,0,0,0,0,0,0,0,0,0,0
0,1,150003,0,0,0,0,0,0,0,0,0,0
1,1,150003,0,0,0,0,0,0,0,0,0,0
0,1,150004,0,0,0,0,0,0,0,0,0,0
1,1,150004,9,9,9,9,9,9,9,9,9,9
1,1,150005,26,26,26,26,26,26,26,26,26,26
2,1,150005,0,0,0,0,0,0,0,0,0,0
0,1,150006,0,0,0,0,0,0,0,0,0,0
1,1,150006,0,0,0,0,0,0,0,0,0,0
1,1,150007,0,0,0,0,0,0,0,0,0,0
1,1,150008,1,1,1,1,1,1,1,1,1,1
1,1,150009,0,0,0,0,0,0,0,0,0,0
2,1,150009,0,0,0,0,0,0,0,0,0,0
3,1,150009,0,0,0,0,0,0,0,0,0,0
1,1,150010,12,12,12,12,12,12,12,12,12,12
1,1,150011,24,24,24,24,24,24,24,24,24,24
1,1,150012,23,23,23,23,23,23,23,23,23,23
1,1,150013,19,19,19,19,19,19,19,19,19,19
0,1,150014,0,0,0,0,0,0,0,0,0,0
1,1,150014,0,0,0,0,0,0,0,0,0,0
1,1,150015,0,0,0,0,0,0,0,0,0,0
2,1,150015,0,0,0,0,0,0,0,0,0,0
1,1,150016,0,0,0,0,0,0,0,0,0,0
1,1,150017,13,13,13,13,13,13,13,13,13,13
1,1,150018,20,20,20,20,20,20,20,20,20,20
1,1,150019,2,2,2,2,2,2,2,2,2,2
1,1,150020,0,0,0,0,0,0,0,0,0,0
1,1,150021,0,0,0,0,0,0,0,0,0,0
1,1,150022,0,0,0,0,0,0,0,0,0,0
2,1,150022,0,0,0,0,0,0,0,0,0,0
1,1,150023,0,0,0,0,0,0,0,0,0,0
1,1,150024,14,14,14,14,14,14,14,14,14,14
1,1,150025,25,25,25,25,25,25,25,25,25,25
1,1,150026,0,0,0,0,0,0,0,0,0,0
2,1,150026,0,0,0,0,0,0,0,0,0,0
3,1,150026,0,0,0,0,0,0,0,0,0,0
1,1,150027,0,0,0,0,0,0,0,0,0,0
2,1,150027,0,0,0,0,0,0,0,0,0,0
1,1,150028,0,0,0,0,0,0,0,0,0,0
2,1,150028,0,0,0,0,0,0,0,0,0,0
1,1,150029,9,9,9,9,9,9,9,9,9,9
2,1,150029,0,0,0,10,0,9,0,12,0,0
1,1,150030,0,0,0,0,0,0,0,0,0,0
1,1,150031,0,0,0,0,0,0,0,0,0,0
2,1,150031,0,0,0,0,0,0,0,0,0,0
0,1,150032,0,0,0,0,0,0,0,0,0,0
1,1,150032,0,0,0,0,0,0,0,0,0,0
1,1,150033,16,16,16,16,16,16,16,16,16,16
1,1,150034,21,21,21,21,21,21,21,21,21,21
0,1,150035,14,14,14,14,14,14,14,14,14,14
1,1,150035,1,1,1,1,1,1,1,1,1,1
1,1,150036,0,0,0,0,0,0,0,0,0,0
2,1,150036,0,0,0,0,0,0,0,0,0,0
1,1,150037,11,11,11,11,11,11,11,11,11,11
1,1,150038,0,0,0,0,0,0,0,0,0,0
1,1,150039,16,16,16,16,16,16,16,16,16,16
2,1,150039,0,0,0,0,0,0,0,0,0,0
0,1,150040,0,0,0,0,0,0,0,0,0,0
1,1,150040,0,0,0,0,0,0,0,0,0,0
1,1,150041,0,0,0,0,0,0,0,0,0,0
1,1,150042,22,22,22,22,22,22,22,22,22,22
1,1,150043,3,3,3,3,3,3,3,3,3,3
1,1,150044,0,0,0,0,0,0,0,0,0,0
0,1,150045,22,22,22,22,22,22,22,22,22,22
1,1,150045,0,5,0,0,0,0,0,0,0,3
2,1,150045,0,0,0,0,0,0,0,0,0,0
1,1,150046,0,0,0,0,0,0,0,0,0,0
2,1,150046,0,0,0,0,0,0,0,0,0,0
0,1,150047,0,0,0,0,0,0,0,0,0,0
1,1,150047,0,0,0,0,0,0,15,0,0,0
1,1,150048,24,24,24,24,24,24,24,24,24,24
1,1,150049,0,0,0,0,0,0,0,0,0,0
0,1,150050,0,0,0,0,0,0,0,0,0,0
1,1,150050,11,0,0,0,0,0,0,0,0,0
1,1,150051,0,0,0,0,0,0,0,0,0,0
2,1,150051,0,0,0,0,0,0,0,0,0,0
1,1,150052,0,0,0,0,0,0,0,0,0,0
2,1,150052,0,0,0,0,0,0,0,0,0,0
0,1,150053,0,0,0,0,0,0,0,0,0,0
1,1,150053,0,0,0,0,0,0,0,0,0,0
1,1,150054,24,24,24,24,24,24,24,24,24,24
1,1,150055,20,20,20,20,20,20,20,20,20,20
1,1,150056,8,8,8,8,8,8,8,8,8,8
2,1,150056,0,0,0,0,0,0,0,0,0,0