VEH_NO,PER_NO,ST_CASE,P1,P2,P3,P4,P5,P6,P7,P8,P9,P10
3,1,150056,0,0,0,0,0,0,0,0,0,0
0,1,150057,11,19,30,38,0,27,34,0,0,16
1,1,150057,0,0,0,0,0,0,0,0,0,0
0,1,150058,0,0,0,0,0,0,0,0,0,0
1,1,150058,0,0,0,0,0,0,0,0,0,0
0,1,150059,0,0,0,0,0,0,0,0,0,0
1,1,150059,0,0,0,0,0,0,0,0,0,0
0,1,150060,0,0,0,0,0,0,0,0,0,0
1,1,150060,0,0,0,0,0,23,0,0,0,0
1,1,150061,11,11,11,11,11,11,11,11,11,11
2,1,150061,0,0,0,0,0,0,0,0,0,5
0,1,150062,21,21,21,21,21,21,21,21,21,21
1,1,150062,0,0,0,0,0,0,0,0,0,0
1,1,150063,26,26,26,26,26,26,26,26,26,26
0,1,150064,0,0,0,0,0,0,0,0,0,0
1,1,150064,0,0,0,0,0,0,0,0,0,0
1,5,150065,0,0,10,0,8,0,0,0,5,0
1,1,150066,0,0,0,0,0,0,0,0,0,0
1,1,150067,26,26,26,26,26,26,26,26,26,26
2,1,150067,0,0,0,0,0,0,0,0,0,0
1,1,150068,0,0,0,0,0,0,0,0,0,0
2,1,150068,0,0,0,0,0,0,0,0,0,0
1,1,150069,37,37,37,37,37,37,37,37,37,37
1,1,150070,0,0,0,0,0,0,0,0,0,0
2,1,150070,19,19,19,19,19,19,19,19,19,19
3,1,150070,6,0,0,0,0,0,0,0,0,0
1,1,150071,0,0,0,0,0,0,0,0,0,0
2,1,150071,0,0,0,0,0,0,0,0,0,0
0,1,150072,0,0,0,0,0,0,0,0,0,0
1,1,150072,0,0,0,0,0,0,0,0,0,0
1,1,150073,0,0,0,0,0,0,0,0,0,0
1,1,150074,29,29,29,29,29,29,29,29,29,29
2,1,150074,0,0,0,0,0,0,0,0,0,0
1,1,150075,22,22,22,22,22,22,22,22,22,22
1,1,150076,27,27,27,27,27,27,27,27,27,27
0,1,150077,17,17,17,17,17,17,17,17,17,17
1,1,150077,4,4,4,4,4,4,4,4,4,4
1,1,150078,0,0,0,0,0,0,0,0,0,0
2,1,150078,0,0,0,0,0,0,0,0,0,0
1,1,150079,0,0,0,0,0,0,0,0,0,0
1,1,150080,0,0,0,0,0,0,0,0,0,0
1,1,150081,20,20,20,20,20,20,20,20,20,20
1,1,150082,0,0,0,0,0,0,0,0,0,0
2,1,150082,0,0,0,0,0,0,0,0,0,0
1,1,150083,21,21,21,21,21,21,21,21,21,21
1,1,150084,0,0,0,0,0,0,0,0,0,0
2,1,150084,0,0,0,0,0,0,0,0,0,0
1,1,150085,0,0,0,0,0,0,0,0,0,0
2,1,150085,0,0,0,0,0,0,0,0,0,0
1,1,150086,18,18,18,18,18,18,18,18,18,18
2,1,150086,11,11,11,11,11,11,11,11,11,11
1,1,150087,32,32,32,32,32,32,32,32,32,32
2,1,150087,3,3,3,3,3,3,3,3,3,3
1,1,150088,28,28,28,28,28,28,28,28,28,28
2,1,150088,0,0,0,0,0,0,22,0,0,0
1,1,150089,15,15,15,15,15,15,15,15,15,15
2,1,150089,0,0,0,0,0,0,0,0,0,0
1,1,150090,0,0,0,0,0,0,0,0,0,0
1,1,150091,0,0,0,0,0,0,0,0,0,0
1,1,150092,0,0,0,12,0,0,0,0,0,0
2,1,150092,0,0,0,0,0,0,0,0,0,0
0,1,150093,28,28,28,28,28,28,28,28,28,28
1,1,150093,5,5,5,5,5,5,5,5,5,5
0,1,150094,32,32,32,32,32,32,32,32,32,32
1,1,150094,0,0,0,0,25,21,0,0,0,0
1,1,150095,16,16,16,16,16,16,16,16,16,16
1,1,150096,0,0,0,0,0,0,0,0,0,0
1,1,150097,5,5,5,5,5,5,5,5,5,5
1,1,150098,11,11,11,11,11,11,11,11,11,11
2,1,150098,0,0,0,0,0,0,0,0,0,0
1,1,150099,11,11,11,11,11,11,11,11,11,11
0,1,150100,0,0,0,0,0,0,0,0,0,0
1,1,150100,0,0,0,0,0,0,0,0,0,0
1,1,150101,0,0,0,0,0,0,0,0,0,0
2,1,150101,0,0,0,0,0,0,0,0,0,0
1,1,150102,0,0,0,0,0,0,0,0,0,0
2,1,150102,0,0,0,0,0,0,0,0,0,0
1,1,160001,0,0,0,0,0,0,0,0,0,0
2,1,160001,0,0,0,0,0,0,0,0,0,0
1,1,160002,27,27,27,27,27,27,27,27,27,27
2,1,160002,0,0,0,0,0,0,0,0,0,0
1,1,160003,0,0,0,0,0,0,0,0,0,0
2,1,160003,0,0,0,0,0,0,0,0,0,0
1,1,160004,0,0,0,0,0,0,0,0,0,0
1,1,160005,0,0,0,0,0,0,0,0,0,0
2,1,160005,0,0,0,0,0,0,0,0,0,0
1,1,160006,0,0,0,0,0,0,0,0,0,0
2,1,160006,0,0,0,0,0,0,0,0,0,0
1,1,160007,0,0,0,0,0,0,0,0,0,0
2,1,160007,0,0,0,0,0,0,0,0,0,0
1,1,160008,33,33,33,33,33,33,33,33,33,33
2,1,160008,0,0,0,0,0,0,0,0,0,0
1,1,160009,22,22,22,22,22,22,22,22,22,22
1,1,160010,0,0,0,0,0,0,0,0,0,0
2,1,160010,0,13,0,0,0,0,0,0,0,0
0,1,160011,28,28,28,28,28,28,28,28,28,28
1,1,160011,0,0,0,0,0,0,0,0,0,0
1,1,160012,0,0,0,0,0,0,0,0,0,0
2,1,160012,0,0,0,0,0,0,0,0,0,0
1,1,160013,20,0,0,0,0,0,0,0,0,0
2,1,160013,0,0,0,0,0,0,0,0,0,0
1,1,160014,27,27,27,27,27,27,27,27,27,27
1,1,160015,0,0,0,0,0,0,0,0,0,0
2,1,160015,0,0,0,0,0,0,0,0,0,0
3,1,160015,0,0,0,0,0,0,0,0,0,0
1,1,160016,7,7,7,7,7,7,7,7,7,7
1,1,160017,12,12,12,12,12,12,12,12,12,12
1,1,160018,19,19,19,19,19,19,19,19,19,19
1,1,160019,0,0,0,0,0,0,0,0,0,0
2,1,160019,0,0,0,0,0,0,0,0,0,0
1,1,160020,0,0,0,0,0,0,0,0,0,0
1,1,160021,7,7,7,7,7,7,7,7,7,7
0,1,160022,18,16,11,25,43,19,0,0,0,26
1,1,160022,0,21,0,0,19,28,14,0,0,0
1,1,160023,4,4,4,4,4,4,4,4,4,4
2,1,160023,0,0,0,0,0,0,0,0,0,0
0,1,160024,0,0,0,0,0,0,0,0,0,0
1,1,160024,0,0,0,0,0,0,0,0,0,0
1,1,160025,25,25,25,25,25,25,25,25,25,25
1,1,160026,0,0,0,0,0,0,0,0,0,0
2,1,160026,0,0,0,0,0,0,0,0,0,0
1,1,160027,0,0,0,0,0,0,0,0,0,0
1,1,160028,8,8,8,8,8,8,8,8,8,8
1,1,160029,0,0,0,0,0,0,0,0,0,0
2,1,160029,0,0,0,0,0,0,0,0,0,0
1,1,160030,30,30,30,30,30,30,30,30,30,30
0,1,160031,0,0,0,0,0,0,0,0,0,0
1,1,160031,0,0,0,0,0,0,0,0,0,0
1,1,160032,0,0,0,0,0,0,0,0,0,0
2,1,160032,0,0,0,0,0,0,0,0,0,0
1,1,160033,22,22,22,22,22,22,22,22,22,22
1,1,160034,0,0,0,0,0,0,0,0,0,0
2,1,160034,0,0,0,0,0,0,0,0,0,0
3,1,160034,0,0,0,0,0,0,0,0,0,0
4,1,160034,0,0,0,0,0,0,0,0,0,0
5,1,160034,0,0,0,0,0,0,0,0,0,0
1,1,160035,7,7,7,7,7,7,7,7,7,7
2,1,160035,0,0,0,0,0,0,0,0,0,0
1,1,160036,30,30,30,30,30,30,30,30,30,30
1,1,160037,0,0,0,0,0,0,0,0,0,0
2,1,160037,0,0,0,0,0,0,0,0,0,0
1,1,160038,0,0,0,0,0,0,0,0,0,0
1,1,160039,24,24,24,24,24,24,24,24,24,24
1,1,160040,10,10,10,10,10,10,10,10,10,10
1,1,160041,0,0,0,0,0,0,0,0,0,0
2,1,160041,0,0,0,0,0,0,0,0,0,0
1,1,160042,15,15,15,15,15,15,15,15,15,15
1,1,160043,0,0,0,0,0,0,0,0,0,0
2,1,160043,0,0,0,0,0,0,0,0,0,0
1,1,160044,0,0,0,0,0,0,0,0,0,0
2,1,160044,0,0,0,0,0,0,0,0,0,0
1,1,160045,0,0,0,0,0,0,0,0,0,0
2,1,160045,0,0,0,0,0,0,0,0,0,0
1,1,160046,16,16,16,16,16,16,16,16,16,16
2,1,160046,0,0,0,0,0,0,0,0,0,0
1,1,160047,8,0,0,11,0,16,0,0,18,0
1,1,160048,5,5,5,5,5,5,5,5,5,5
1,1,160049,0,0,0,0,12,0,0,0,31,0
1,1,160050,0,0,0,0,0,0,0,0,0,0
1,1,160051,0,0,0,0,0,0,0,0,0,0
2,1,160051,0,0,0,0,0,0,0,0,0,0
3,1,160051,0,0,0,0,0,0,0,0,0,0
1,1,160052,0,0,0,0,0,0,0,0,0,0
2,1,160052,0,0,0,0,0,0,0,0,0,0
1,1,160053,14,14,14,14,14,14,14,14,14,14
1,1,160054,0,0,0,0,0,0,0,0,0,0
1,1,160055,0,0,0,0,0,0,0,0,0,0
2,1,160055,0,0,0,0,0,0,0,0,0,0
1,1,160056,0,0,0,0,0,0,0,0,0,0
2,1,160056,0,0,0,0,0,0,0,0,0,0
3,1,160056,0,0,0,0,0,0,0,0,0,0
1,1,160057,0,0,0,0,0,0,0,0,0,0
2,1,160057,0,0,0,0,0,0,0,0,0,0
1,1,160058,0,8,0,0,0,0,0,0,0,0
1,1,160059,17,17,17,17,17,17,17,17,17,17
1,1,160060,19,19,19,19,19,19,19,19,19,19
1,1,160061,0,0,0,0,0,0,0,0,0,0
2,1,160061,0,0,0,0,0,0,0,0,0,0
1,1,160062,0,0,0,0,0,0,0,0,0,0
1,1,160063,0,0,0,0,0,0,0,9,0,0
1,1,160064,0,0,0,0,0,0,0,0,0,0
2,1,160064,0,0,0,0,0,0,0,0,0,0
1,1,160065,0,0,0,0,0,0,0,0,0,0
2,1,160065,0,0,0,0,0,0,0,0,0,0
1,1,160066,0,0,0,0,0,0,0,0,0,0
2,1,160066,0,0,0,0,0,0,0,0,0,0
1,1,160067,17,17,17,17,17,17,17,17,17,17
1,1,160068,0,0,0,0,0,0,0,0,0,0
1,1,160069,0,0,0,0,0,0,0,0,0,0
2,1,160069,0,0,0,0,0,0,0,0,0,0
1,1,160070,0,0,0,0,0,0,0,0,0,0
2,1,160070,0,0,0,0,0,0,0,0,0,0
1,1,160071,0,0,0,0,0,0,0,0,0,0
2,1,160071,0,0,0,0,0,0,0,0,0,0
1,1,160072,30,30,30,30,30,30,30,30,30,30
2,1,160072,0,0,0,0,0,0,0,0,0,0
1,1,160073,0,0,0,0,0,0,0,0,0,0
1,1,160074,0,0,0,0,0,0,0,0,0,0
0,1,160075,17,17,17,17,17,17,17,17,17,17
1,1,160075,0,23,0,0,0,0,0,0,19,0
1,1,160076,0,0,0,0,0,0,0,0,0,0
2,1,160076,0,0,0,0,0,0,0,0,0,0
1,1,160077,0,0,0,0,0,0,0,0,0,0
1,1,160078,7,7,7,7,7,7,7,7,7,7
2,1,160078,0,0,0,0,0,0,0,0,0,0
1,1,160079,0,0,0,0,0,0,0,0,9,0
1,1,160080,0,37,14,0,0,0,0,0,9,0
1,1,160081,0,0,0,0,0,0,0,0,0,0
2,1,160081,0,0,0,0,0,0,0,0,0,0
3,1,160081,0,0,0,0,0,0,0,0,0,0
4,1,160081,0,0,0,0,0,0,0,0,0,0
1,1,160082,0,0,0,0,0,0,0,0,0,0
2,1,160082,0,0,0,0,0,0,0,0,0,0
1,1,160083,0,0,0,0,0,0,0,0,0,0
1,1,160084,26,22,10,17,9,10,16,29,33,14
1,1,160085,14,14,14,14,14,14,14,14,14,14
2,1,160085,0,0,0,0,0,0,0,0,0,0
1,1,160086,21,21,21,21,21,21,21,21,21,21
1,1,160087,18,18,18,18,18,18,18,18,18,18
1,1,160088,0,0,0,0,0,0,0,0,0,0
1,1,160089,0,0,0,0,0,0,0,0,0,0
1,1,160090,19,19,19,19,19,19,19,19,19,19
1,1,160091,0,0,0,0,0,0,0,0,0,0
1,1,160092,16,16,16,16,16,16,16,16,16,16
0,1,160093,32,32,32,32,32,32,32,32,32,32
1,1,160093,0,4,0,0,0,0,0,0,0,0
1,1,160094,0,11,7,24,6,10,0,10,10,17
1,1,160095,0,0,0,0,0,0,0,0,0,0
1,1,160096,7,0,0,0,0,0,0,0,0,0
1,1,160097,13,13,13,13,13,13,13,13,13,13
1,1,160098,12,12,12,12,12,12,12,12,12,12
2,1,160098,0,0,0,0,0,0,0,0,0,0
1,1,160099,0,0,0,0,0,0,0,0,0,0
1,1,160100,0,0,0,0,0,25,0,0,15,0
1,1,160101,0,0,0,0,0,0,0,0,0,0
1,1,160102,4,6,15,8,13,12,18,17,13,9
1,1,160103,0,0,0,0,0,0,0,0,0,0
1,1,160104,21,21,21,21,21,21,21,21,21,21
1,1,160105,6,6,6,6,6,6,6,6,6,6
1,1,160106,0,0,0,0,0,0,0,0,0,0
1,1,160107,0,0,0,0,0,0,0,0,0,0
2,1,160107,0,0,0,0,0,0,0,0,0,0
1,1,160108,16,16,16,16,16,16,16,16,16,16
1,1,160109,0,0,0,0,0,0,0,0,0,0
1,1,160110,10,10,10,10,10,10,10,10,10,10
1,1,160111,0,0,0,0,0,0,0,0,0,10
1,1,160112,14,14,14,14,14,14,14,14,14,14
2,1,160112,0,0,0,0,0,0,0,0,0,0
1,1,160113,0,0,0,0,0,0,0,0,0,0
2,1,160113,0,0,0,0,0,0,0,0,0,0
3,1,160113,0,0,0,0,0,15,0,0,0,0
4,1,160113,6,0,3,0,0,0,10,0,0,0
1,1,160114,20,20,20,20,20,20,20,20,20,20
2,1,160114,0,0,0,0,0,0,0,0,0,0
1,1,160115,10,10,10,10,10,10,10,10,10,10
1,1,160116,1,0,0,0,0,16,18,0,0,26
1,1,160117,0,0,0,0,0,0,0,0,0,0
2,1,160117,0,0,0,0,0,0,0,0,0,0
1,1,160118,1,0,0,0,0,0,0,0,0,0
1,1,160119,0,0,0,0,0,0,0,0,0,0
1,1,160120,0,0,0,0,0,0,0,0,0,0
1,1,160121,19,19,19,19,19,19,19,19,19,19
1,1,160122,0,0,0,0,0,0,0,0,0,0
1,1,160123,0,0,0,0,0,0,0,0,0,0
1,1,160124,6,0,0,0,0,0,8,0,0,0
1,1,160125,0,0,0,0,0,0,0,0,0,0
2,1,160125,6,6,6,6,6,6,6,6,6,6
1,1,160126,25,25,25,25,25,25,25,25,25,25
2,1,160126,0,0,0,0,0,0,0,0,0,0
1,1,160127,0,0,0,0,0,0,0,0,0,0
2,1,160127,0,0,0,0,0,0,0,0,0,0
1,1,160128,0,0,0,0,0,0,0,0,0,0
2,1,160128,0,0,0,0,0,0,0,0,0,0
1,1,160129,0,0,0,0,0,0,0,0,0,0
1,1,160130,0,0,0,0,0,0,0,0,0,0
1,1,160131,11,11,11,11,11,11,11,11,11,11
2,1,160131,0,0,0,0,0,0,0,0,0,0
1,1,160132,0,0,0,0,0,0,0,0,0,0
2,1,160132,0,0,0,0,0,0,0,0,0,0
1,1,160133,24,24,24,24,24,24,24,24,24,24
1,1,160134,0,0,0,0,0,0,0,0,0,0
2,1,160134,0,0,0,0,0,0,0,0,0,0
1,1,160135,14,14,14,14,14,14,14,14,14,14
2,1,160135,0,0,0,0,0,0,0,0,0,0
1,1,160136,0,0,0,0,0,0,0,0,0,0
2,1,160136,15,15,15,15,15,15,15,15,15,15
1,1,160137,0,0,0,0,0,0,0,0,0,0
1,1,160138,13,13,13,13,13,13,13,13,13,13
1,1,160139,21,21,21,21,21,21,21,21,21,21
1,1,160140,22,0,0,0,0,0,0,0,0,0
2,1,160140,0,0,0,0,0,0,0,0,0,0
1,1,160141,0,0,0,0,0,0,0,0,0,0
2,1,160141,0,0,0,0,0,0,0,0,0,0
3,1,160141,0,0,0,0,0,0,0,0,0,0
1,1,160142,0,0,0,0,0,0,0,0,0,0
2,1,160142,0,0,0,0,0,0,0,0,0,0
1,1,160143,24,24,24,24,24,24,24,24,24,24
1,1,160144,26,26,26,26,26,26,26,26,26,26
2,1,160144,22,0,0,0,0,0,0,17,0,0
3,1,160144,0,0,0,0,0,0,0,0,0,0
1,1,160145,28,28,28,28,28,28,28,28,28,28
1,1,160146,0,0,0,0,0,0,0,0,0,0
2,1,160146,0,0,0,0,0,0,0,0,0,0
1,1,160147,0,0,0,0,0,0,0,0,0,0
2,1,160147,0,0,0,9,0,0,0,0,0,0
1,1,160148,0,0,0,0,0,0,0,0,0,0
2,1,160148,0,0,0,0,0,0,0,0,0,0
1,1,160149,0,0,0,0,0,0,0,0,0,0
1,1,160150,20,20,20,20,20,20,20,20,20,20
1,1,160151,0,0,0,0,0,0,0,0,0,0
1,1,160152,18,18,18,18,18,18,18,18,18,18
1,1,160153,0,0,0,0,0,0,0,0,0,0
1,1,160154,40,40,40,40,40,40,40,40,40,40
1,1,160155,0,0,0,0,0,0,0,0,0,0
0,1,160156,21,0,0,0,0,0,0,25,0,0
1,1,160156,0,0,0,0,0,0,0,0,0,0
1,1,160157,0,0,0,0,0,0,0,0,0,0
2,1,160157,0,0,0,0,0,0,0,0,0,0
3,1,160157,0,0,0,0,0,0,0,0,0,0
4,1,160157,0,0,0,0,0,0,0,0,0,0
1,1,160158,0,0,0,0,0,0,0,0,0,0
1,1,160159,0,0,0,0,0,0,0,0,0,0
1,1,160160,16,16,16,16,16,16,16,16,16,16
1,1,160161,28,14,25,16,21,15,39,17,14,32
2,1,160161,0,0,0,0,0,0,0,0,0,0
1,1,160162,13,13,13,13,13,13,13,13,13,13
1,1,160163,19,19,19,19,19,19,19,19,19,19
1,1,160164,0,0,0,0,0,0,0,0,0,0
1,1,160165,0,0,0,0,0,0,0,0,0,0
2,1,160165,10,10,10,10,10,10,10,10,10,10
1,1,160166,0,0,0,0,0,0,11,0,0,0
0,1,160167,28,28,28,28,28,28,28,28,28,28
1,1,160167,19,0,0,0,0,0,0,0,0,0
0,1,160168,0,0,0,0,0,0,0,0,0,0
0,1,160169,0,0,0,0,0,0,0,0,0,0
0,2,160169,18,0,0,28,0,0,0,8,0,0
1,1,160169,0,0,0,0,0,0,0,0,0,0
1,1,160170,0,0,0,0,0,0,0,0,0,0
1,1,160171,18,18,18,18,18,18,18,18,18,18
2,1,160171,0,0,0,0,0,0,0,0,0,0
1,1,160172,0,2,0,19,2,0,18,15,0,17
1,1,160173,12,12,12,12,12,12,12,12,12,12
1,1,160174,0,0,0,0,0,0,0,0,0,0
1,1,160175,26,26,26,26,26,26,26,26,26,26
1,1,160176,0,0,0,0,0,0,0,0,0,0
1,1,160177,0,0,0,0,0,0,0,0,0,0
2,1,160177,27,27,27,27,27,27,27,27,27,27
1,1,160178,0,0,0,0,0,0,0,0,0,0
1,1,160179,22,22,22,22,22,22,22,22,22,22
1,1,160180,0,0,0,0,0,0,0,0,0,0
1,1,160181,15,15,15,15,15,15,15,15,15,15
1,1,160182,0,0,0,0,0,0,0,0,0,0
1,1,160183,15,15,15,15,15,15,15,15,15,15
1,1,160184,5,0,0,0,9,7,11,0,0,20
1,1,160185,7,7,7,7,7,7,7,7,7,7
1,1,160186,13,13,13,13,13,13,13,13,13,13
1,1,160187,0,0,0,0,0,0,0,0,0,0
2,1,160187,0,0,0,0,0,0,0,0,0,0
1,1,160188,24,24,24,24,24,24,24,24,24,24
1,1,160189,0,0,9,0,0,0,0,0,0,0
1,1,160190,0,0,0,0,0,0,0,0,0,0
1,1,160191,0,0,0,0,0,0,0,0,0,0
1,1,160192,0,0,0,0,0,0,0,0,0,0
1,1,160193,25,25,25,25,25,25,25,25,25,25
1,1,160194,17,17,17,17,17,17,17,17,17,17
1,1,160195,21,21,21,21,21,21,21,21,21,21
2,1,160195,0,0,0,0,0,0,0,0,0,0
1,1,160196,23,23,23,23,23,23,23,23,23,23
1,1,160197,12,12,12,12,12,12,12,12,12,12
2,1,160197,0,0,0,0,0,0,0,0,0,0
1,1,160198,18,29,23,36,9,6,23,23,12,36
1,1,160199,0,0,0,0,0,0,0,0,0,0
1,1,160200,0,0,0,0,0,0,0,0,0,0
0,1,160201,17,17,17,17,17,17,17,17,17,17
1,1,160201,0,0,0,0,0,0,0,0,0,0
1,1,160202,20,20,20,20,20,20,20,20,20,20
2,1,160202,0,0,0,0,0,0,0,0,0,0
0,1,160203,0,0,0,0,0,0,0,0,0,0
1,1,160203,0,0,0,0,0,0,0,0,0,0
1,1,160204,0,0,0,0,0,0,0,0,0,0
1,1,160205,43,43,43,43,43,43,43,43,43,43
1,1,160206,5,5,5,5,5,5,5,5,5,5
2,1,160206,0,0,0,0,0,0,0,0,0,0
1,1,160207,0,0,0,0,0,0,0,0,0,0
1,1,160208,16,16,16,16,16,16,16,16,16,16
2,1,160208,0,0,0,0,0,0,0,0,0,0
1,1,160209,0,0,0,0,0,0,0,0,0,0
2,1,160209,0,0,0,0,0,0,0,0,0,0
0,1,160210,0,0,0,0,0,0,0,0,0,0
1,1,160210,0,0,0,0,0,0,0,0,0,0
1,1,160211,13,28,0,0,0,0,0,14,0,0
1,1,160212,0,0,0,0,0,0,0,0,0,0
2,1,160212,0,0,0,0,0,0,0,0,0,0
1,1,170001,23,23,23,23,23,23,23,23,23,23
1,1,170002,24,24,24,24,24,24,24,24,24,24
1,1,170003,0,0,0,0,0,0,0,0,0,0
2,1,170003,0,0,0,0,0,0,0,0,0,0
1,1,170004,0,0,0,0,0,0,0,0,0,0
2,1,170004,0,0,0,0,0,0,0,0,0,0
1,1,170005,18,18,18,18,18,18,18,18,18,18
1,1,170006,15,13,11,20,0,25,13,28,15,13
1,1,170007,0,0,0,0,0,0,0,0,0,0
1,1,170009,14,11,14,23,12,15,22,14,25,18
1,1,170010,12,12,12,12,12,12,12,12,12,12
1,1,170011,0,0,0,0,0,0,0,0,0,0
1,1,170012,0,0,0,0,0,0,0,0,0,0
2,1,170012,0,0,0,0,0,0,0,0,0,0
1,1,170013,7,7,7,7,7,7,7,7,7,7
2,1,170013,0,0,0,0,0,0,0,0,0,0
1,1,170014,0,0,0,0,0,0,0,0,0,0
2,1,170014,0,0,0,0,0,0,0,0,0,0
1,1,170015,24,14,20,13,16,26,14,6,13,7
1,1,170016,0,0,0,0,0,0,0,0,0,0
2,1,170016,0,0,0,0,0,0,0,0,0,0
1,1,170017,0,0,0,0,0,0,0,0,0,0
0,1,170018,16,23,0,44,0,40,0,0,10,8
1,1,170018,0,0,0,0,0,16,0,0,0,0
1,1,170020,4,4,4,4,4,4,4,4,4,4
1,1,170021,0,0,0,0,0,0,0,0,0,0
2,1,170021,0,0,0,0,0,0,0,4,0,0
1,1,170022,13,13,13,13,13,13,13,13,13,13
1,1,170023,0,0,0,0,0,0,0,0,4,0
2,1,170023,0,0,0,0,0,0,0,0,0,0
3,1,170023,0,0,0,0,0,0,0,0,0,0
1,1,170024,0,0,0,0,0,0,0,0,0,0
2,1,170024,0,0,0,0,0,0,0,0,0,0
1,1,170025,0,0,0,0,0,0,0,0,0,0
1,1,170026,0,0,0,0,0,0,0,0,0,0
1,1,170027,0,0,0,23,0,0,0,0,0,0
2,1,170027,0,0,0,0,0,0,0,0,0,0
1,1,170028,0,0,0,0,0,0,0,0,0,0
0,1,170029,0,0,0,0,0,0,0,0,0,0
1,1,170029,0,0,0,0,0,12,0,0,0,0
1,1,170030,0,0,0,0,0,0,0,0,0,0
2,1,170030,0,0,0,0,0,0,0,0,0,0
1,1,170032,0,0,0,0,0,0,0,0,0,0
1,1,170033,0,0,0,0,0,0,0,0,0,0
2,1,170033,0,0,0,0,0,0,0,0,0,0
1,1,170034,0,0,0,0,15,0,0,0,0,0
2,1,170034,0,0,0,0,0,0,0,0,0,0
1,1,170035,17,17,17,17,17,17,17,17,17,17
2,1,170035,0,0,0,0,0,0,0,0,0,0
1,1,170036,0,0,0,0,0,0,0,0,0,0
1,1,170037,16,16,16,16,16,16,16,16,16,16
1,1,170038,0,0,0,0,0,0,0,0,0,0
1,1,170039,0,0,0,0,0,0,0,0,0,0
2,1,170039,0,0,0,0,0,0,0,0,0,0
3,1,170039,0,0,0,0,0,0,0,0,0,0
1,1,170040,0,0,0,0,0,0,0,0,0,0
2,1,170040,0,0,0,0,0,0,0,0,0,0
3,1,170040,0,0,0,0,0,0,0,0,0,0
4,1,170040,0,0,0,0,0,0,0,0,0,16
5,1,170040,0,0,0,0,0,0,0,0,0,0
1,1,170041,14,14,14,14,14,14,14,14,14,14
1,1,170042,0,0,0,0,0,0,0,0,0,0
2,1,170042,0,0,0,0,0,0,0,0,0,0
1,1,170043,23,23,23,23,23,23,23,23,23,23
1,1,170044,12,12,12,12,12,12,12,12,12,12
2,1,170044,0,0,0,0,0,0,0,0,0,0
1,1,170045,0,0,0,0,0,0,0,0,0,0
2,1,170045,0,0,0,0,0,0,0,0,0,0
1,1,170046,0,0,0,0,0,0,0,0,0,0
2,1,170046,0,0,0,0,0,0,0,0,0,0
3,1,170046,0,0,0,0,0,0,0,0,0,0
1,1,170047,0,0,0,0,0,0,0,0,0,0
1,1,170048,0,0,0,0,0,0,0,0,0,0
2,1,170048,0,0,0,0,0,0,0,0,0,0
1,1,170049,0,0,0,0,0,0,0,0,0,0
1,1,170051,0,0,0,0,0,0,0,0,0,0
2,1,170051,0,0,0,0,0,0,0,0,0,0
3,1,170051,0,0,0,0,0,0,0,0,0,0
1,1,170052,0,0,0,0,0,0,0,0,0,0
1,1,170053,0,0,0,0,0,0,0,0,0,0
2,1,170053,0,0,0,0,0,0,0,0,0,0
1,1,170054,0,0,0,0,0,0,0,0,0,0
1,1,170055,0,0,0,0,0,0,0,0,0,0
2,1,170055,0,0,0,0,0,0,0,0,0,0
1,1,170056,25,25,25,25,25,25,25,25,25,25
1,1,170057,0,0,0,0,0,0,0,0,0,0
1,1,170058,0,0,0,0,0,0,0,0,0,0
2,1,170058,0,0,0,0,0,0,0,0,0,0
1,1,170059,0,0,0,0,0,0,0,0,0,0
2,1,170059,0,0,0,0,0,0,0,0,0,0
1,1,170060,0,0,0,0,0,0,0,0,0,0
2,1,170060,0,0,0,0,0,0,0,0,0,0
3,1,170060,0,0,0,0,0,0,0,0,0,0
1,1,170061,0,0,0,0,0,0,0,0,0,0
1,1,170062,15,15,15,15,15,15,15,15,15,15
1,1,170064,6,6,6,6,6,6,6,6,6,6
1,1,170066,16,16,16,16,16,16,16,16,16,16
1,1,170067,0,0,0,0,0,0,0,0,0,0
2,1,170067,0,0,0,0,0,0,0,0,0,0
1,1,170068,0,0,0,0,0,0,0,0,0,0
1,1,170069,0,0,0,0,0,0,0,0,0,0
2,1,170069,0,0,0,0,0,0,0,0,0,0
0,1,170070,6,6,6,6,6,6,6,6,6,6
1,1,170070,0,2,0,0,0,0,0,0,6,0
1,1,170071,0,0,0,0,5,0,0,0,0,0
1,1,170072,0,0,0,0,0,0,0,0,0,0
2,1,170072,0,0,0,0,0,0,0,0,0,0
1,1,170073,0,0,0,0,0,0,0,0,0,0
1,1,170074,0,0,0,0,0,0,0,0,0,0
2,1,170074,0,0,0,0,0,0,0,0,0,0
1,1,170075,15,15,15,15,15,15,15,15,15,15
1,1,170078,0,0,0,0,0,0,0,0,0,0
2,1,170078,0,0,0,0,0,0,0,0,0,0