VEH_NO,PER_NO,ST_CASE,P1,P2,P3,P4,P5,P6,P7,P8,P9,P10
0,1,170079,20,20,20,20,20,20,20,20,20,20
1,1,170079,0,0,0,0,0,0,0,0,0,0
1,1,170080,14,14,14,14,14,14,14,14,14,14
2,1,170080,0,0,0,0,0,0,0,0,0,0
3,1,170080,0,0,0,0,0,0,0,0,0,0
1,1,170081,0,0,0,0,0,0,0,0,0,0
2,1,170081,0,0,0,0,0,0,0,0,0,0
0,1,170082,0,0,0,0,0,0,0,0,0,0
1,1,170082,19,0,0,0,0,0,0,0,0,0
1,1,170083,0,0,0,0,0,0,0,0,0,0
2,1,170083,0,0,0,0,0,0,0,0,0,0
3,1,170083,0,0,0,8,2,0,0,0,0,0
1,1,170084,27,27,27,27,27,27,27,27,27,27
0,1,170086,0,0,0,0,0,0,0,0,0,0
0,2,170086,0,0,0,0,0,0,0,0,0,0
1,1,170086,0,0,0,0,0,0,0,0,0,0
1,1,170087,0,0,0,0,0,0,0,0,0,0
1,1,170088,7,7,7,7,7,7,7,7,7,7
1,1,170089,3,3,3,3,3,3,3,3,3,3
1,1,170090,0,0,0,0,0,0,0,0,0,0
2,1,170090,0,0,0,0,0,0,0,0,0,0
1,1,170091,21,21,21,21,21,21,21,21,21,21
1,1,170092,11,11,11,11,11,11,11,11,11,11
1,1,170093,25,25,25,25,25,25,25,25,25,25
2,1,170093,0,0,0,0,0,0,0,0,0,0
3,1,170093,0,0,0,0,0,0,0,0,0,0
1,1,170094,16,16,16,16,16,16,16,16,16,16
1,1,170095,13,30,21,14,14,24,26,10,0,21
1,1,170096,21,21,21,21,21,21,21,21,21,21
0,1,170097,0,0,0,0,0,0,0,0,0,0
1,1,170097,0,0,0,0,0,0,0,0,0,0
0,1,170098,0,0,0,0,0,0,0,0,0,0
1,1,170098,0,0,0,0,0,0,0,0,0,0
1,1,170099,23,23,23,23,23,23,23,23,23,23
1,1,170100,19,19,19,19,19,19,19,19,19,19
1,1,170101,14,12,0,0,0,0,0,0,0,0
1,1,170102,0,0,0,0,0,0,0,0,0,0
1,1,170103,0,0,0,0,0,0,0,0,0,0
1,1,170104,22,22,22,22,22,22,22,22,22,22
1,1,170105,20,20,20,20,20,20,20,20,20,20
1,1,170106,0,0,0,0,0,0,0,0,0,0
1,1,170107,0,0,0,0,0,0,0,0,0,0
2,1,170107,0,0,0,0,0,0,0,0,0,0
1,1,170108,25,25,25,25,25,25,25,25,25,25
1,1,170109,18,18,18,18,18,18,18,18,18,18
1,1,170110,0,0,0,0,0,0,0,0,0,0
2,1,170110,0,0,0,0,0,0,0,0,0,0
1,1,170111,0,0,0,0,0,0,0,0,0,0
1,1,170112,0,0,0,0,0,0,0,0,0,0
2,1,170112,1,1,1,1,1,1,1,1,1,1
1,1,170113,3,3,3,3,3,3,3,3,3,3
1,1,170114,17,17,17,17,17,17,17,17,17,17
1,1,170115,0,0,0,0,0,0,0,0,0,0
2,1,170115,0,0,0,0,0,0,0,0,0,0
1,1,170116,10,10,10,10,10,10,10,10,10,10
2,1,170116,0,0,0,0,0,0,0,0,0,0
1,1,170117,20,20,20,20,20,20,20,20,20,20
2,1,170117,0,0,0,0,0,0,0,0,0,0
1,1,170118,0,0,0,0,0,0,0,0,0,0
2,1,170118,0,0,0,0,0,0,0,0,0,0
3,1,170118,3,3,3,3,3,3,3,3,3,3
0,1,170119,31,0,0,0,9,0,37,20,11,0
1,1,170119,4,4,4,4,4,4,4,4,4,4
1,1,170120,0,0,0,0,0,0,0,0,0,0
2,1,170120,0,0,0,0,0,0,0,0,0,0
3,1,170120,0,0,0,0,0,0,0,0,0,0
1,1,170121,28,28,28,28,28,28,28,28,28,28
1,1,170122,22,22,22,22,22,22,22,22,22,22
1,1,170123,0,0,0,0,0,0,0,0,0,0
1,1,170124,0,0,0,0,0,0,0,0,0,0
2,1,170124,0,0,0,0,0,0,0,0,0,0
1,1,170125,0,0,0,0,0,0,0,0,0,0
2,1,170125,0,0,0,0,0,0,0,0,0,0
1,1,170126,0,0,0,0,0,0,0,13,0,0
2,1,170126,0,0,0,0,0,0,0,0,0,0
0,1,170128,6,6,6,6,6,6,6,6,6,6
1,1,170128,0,0,0,0,0,0,0,0,0,0
1,1,170129,19,19,19,19,19,19,19,19,19,19
1,1,170130,0,0,0,0,0,0,0,0,0,0
2,1,170130,0,0,0,0,0,0,0,0,0,0
1,1,170131,25,25,25,25,25,25,25,25,25,25
2,1,170131,0,0,0,0,0,0,0,0,0,0
1,1,170132,16,16,16,16,16,16,16,16,16,16
2,1,170132,0,0,0,0,0,0,0,0,0,0
1,1,170133,14,14,14,14,14,14,14,14,14,14
2,1,170133,0,0,0,0,0,0,0,0,0,0
1,1,170134,12,12,12,12,12,12,12,12,12,12
2,1,170134,15,15,15,15,15,15,15,15,15,15
1,1,170135,0,0,0,0,0,0,0,0,0,0
1,1,170137,0,0,0,0,0,0,0,0,0,0
1,1,170139,15,15,15,15,15,15,15,15,15,15
1,1,170140,0,0,0,0,0,0,0,0,0,0
1,1,170141,0,0,0,0,0,0,0,0,0,0
2,1,170141,0,0,0,0,0,0,0,0,0,0
0,1,170143,26,26,26,26,26,26,26,26,26,26
1,1,170143,0,0,0,0,0,0,0,0,0,0
1,1,170145,0,0,0,0,0,0,0,0,0,0
2,1,170145,0,0,0,0,0,0,0,0,0,0
1,1,170146,23,23,23,23,23,23,23,23,23,23
1,1,170147,0,0,0,0,0,0,0,0,0,0
1,1,170148,0,0,0,0,0,0,0,0,0,0
2,1,170148,0,0,0,0,0,0,0,0,0,0
1,1,170149,0,0,0,0,0,0,0,0,0,0
2,1,170149,0,0,0,0,0,0,0,0,0,0
1,1,170150,0,0,0,0,0,0,0,0,0,0
2,1,170150,0,0,0,0,0,0,0,0,0,0
1,1,170152,0,0,0,0,0,0,0,0,0,0
2,1,170152,0,0,0,0,0,0,0,0,0,0
1,1,170153,0,0,0,0,0,0,0,0,0,0
1,1,170154,18,18,18,18,18,18,18,18,18,18
1,1,170155,16,16,16,16,16,16,16,16,16,16
1,1,170156,0,0,0,0,0,0,0,0,0,0
0,1,170157,37,37,37,37,37,37,37,37,37,37
1,1,170157,0,0,0,0,0,0,0,0,0,0
0,1,170158,28,28,28,28,28,28,28,28,28,28
1,1,170158,0,0,0,0,0,0,0,0,0,0
0,1,170159,0,0,0,0,0,0,0,0,0,0
1,1,170159,0,0,0,0,0,0,0,0,0,0
1,1,170160,0,0,0,0,0,0,0,0,0,0
0,1,170161,0,0,20,0,0,0,0,0,0,0
1,1,170161,0,0,0,0,0,0,0,0,0,0
1,1,170162,0,0,0,0,0,0,0,0,0,0
2,1,170162,0,0,0,0,0,0,0,0,5,0
1,1,170163,27,12,42,17,11,5,15,22,20,2
2,1,170163,0,0,0,0,0,0,0,0,0,0
1,1,170164,0,0,0,0,0,0,0,0,0,0
2,1,170164,0,0,0,0,0,0,0,0,0,0
0,1,170165,0,0,0,0,0,0,0,0,0,0
1,1,170165,0,0,0,0,0,0,0,0,0,0
1,1,170166,0,0,0,0,0,0,0,0,0,0
2,1,170166,0,0,0,0,0,0,0,0,0,0
1,1,170167,0,0,0,0,0,0,0,0,0,0
0,1,170168,0,0,0,0,0,0,0,0,0,0
1,1,170168,0,0,0,0,0,0,0,0,0,0
1,1,170169,18,18,18,18,18,18,18,18,18,18
0,1,170170,0,0,0,0,0,0,0,0,0,0
1,1,170170,0,0,0,0,0,0,0,0,0,0
1,1,170171,0,0,0,0,0,0,0,0,0,0
1,1,170172,0,0,0,0,0,0,0,0,0,0
2,1,170172,0,0,0,0,0,0,0,0,0,0
1,1,170173,14,14,14,14,14,14,14,14,14,14
1,1,170174,0,0,0,0,0,0,0,0,0,0
2,1,170174,0,0,0,0,0,0,0,0,0,0
1,1,170175,21,21,21,21,21,21,21,21,21,21
1,1,170176,21,21,21,21,21,21,21,21,21,21
1,1,170177,9,9,9,9,9,9,9,9,9,9
0,1,170178,0,0,0,0,0,0,0,0,0,0
1,1,170178,0,0,0,0,0,0,0,0,0,0
1,1,170179,18,18,18,18,18,18,18,18,18,18
0,1,170180,2,2,2,2,2,2,2,2,2,2
1,1,170180,0,0,0,0,0,0,0,0,0,0
1,1,170181,26,26,26,26,26,26,26,26,26,26
1,1,170182,0,0,0,0,0,0,0,0,0,0
2,1,170182,0,0,0,0,0,0,0,0,0,0
1,1,170183,19,19,19,19,19,19,19,19,19,19
1,1,170184,25,25,25,25,25,25,25,25,25,25
2,1,170184,0,0,0,0,0,0,0,0,0,0
1,1,170185,0,0,0,0,0,0,0,0,0,0
2,1,170185,0,0,0,0,0,0,0,0,0,0
3,1,170185,0,0,0,0,0,0,0,0,0,0
1,1,170186,0,0,0,0,0,0,0,0,0,0
1,1,170187,26,26,26,26,26,26,26,26,26,26
1,1,170188,0,0,0,0,0,0,0,0,0,0
2,1,170188,0,0,0,0,0,0,0,0,0,0
1,1,170190,0,0,0,0,0,0,0,0,0,0
1,1,170191,0,0,0,0,0,0,0,0,0,0
1,1,170192,16,16,16,16,16,16,16,16,16,16
1,1,170193,26,26,26,26,26,26,26,26,26,26
3,1,170193,0,0,0,0,0,0,0,0,0,0
1,1,170194,0,0,0,0,0,0,0,0,0,0
2,1,170194,0,0,0,0,0,0,0,0,0,0
3,1,170194,0,0,0,0,0,0,0,0,0,0
1,1,170195,0,0,0,0,0,0,0,0,0,0
1,1,170196,0,0,0,0,0,0,0,0,0,0
1,1,170199,13,13,13,13,13,13,13,13,13,13
2,1,170199,0,0,0,0,0,0,0,0,0,0
1,1,170200,25,25,25,25,25,25,25,25,25,25
1,1,170201,26,26,26,26,26,26,26,26,26,26
1,1,170202,0,0,0,0,0,0,0,0,0,0
2,1,170202,0,0,0,0,0,0,0,0,0,0
1,1,170203,31,31,31,31,31,31,31,31,31,31
1,1,170204,5,5,5,5,5,5,5,5,5,5
1,1,170205,0,0,0,0,0,0,0,0,0,0
1,1,170206,0,0,0,0,0,0,0,0,0,0
2,1,170206,0,0,0,0,0,0,0,0,0,0
1,1,170207,19,19,19,19,19,19,19,19,19,19
1,1,170208,32,32,32,32,32,32,32,32,32,32
1,1,170209,0,0,0,0,0,0,0,0,0,0
2,1,170209,0,0,0,0,0,0,0,0,0,0
1,1,170210,21,21,21,21,21,21,21,21,21,21
1,1,170211,0,0,0,0,0,0,0,0,0,0
2,1,170211,0,27,0,0,0,0,0,0,0,0
1,1,170212,0,0,0,0,0,0,0,0,0,0
1,1,170213,0,0,0,0,0,0,0,0,0,0
2,1,170213,0,0,0,0,0,0,0,0,0,0
1,1,170214,16,16,16,16,16,16,16,16,16,16
0,1,170215,0,0,0,0,0,0,0,0,0,0
0,2,170215,0,0,0,0,0,0,0,0,0,0
0,3,170215,0,0,0,0,0,0,0,0,25,0
0,4,170215,0,0,0,16,0,0,0,0,0,0
0,5,170215,0,0,0,0,0,0,0,21,57,0
0,6,170215,0,0,0,0,0,0,0,0,0,0
0,7,170215,0,0,0,0,0,0,0,0,0,0
0,8,170215,22,16,0,33,0,0,14,0,0,0
0,9,170215,0,0,19,26,0,0,0,0,0,0
0,10,170215,0,20,27,0,0,0,0,0,0,0
0,11,170215,0,0,0,0,0,0,8,15,0,0
0,12,170215,0,26,0,0,0,0,7,7,0,21
0,13,170215,0,0,21,0,0,0,37,0,0,0
0,14,170215,0,0,0,0,0,0,0,0,0,19
0,15,170215,0,0,0,0,25,0,19,0,0,0
0,16,170215,0,0,0,0,0,0,0,0,0,0
0,17,170215,0,26,0,0,0,0,0,18,23,6
0,18,170215,0,0,0,0,0,0,0,0,0,0
0,19,170215,0,0,0,0,18,0,0,0,0,0
0,20,170215,0,0,0,0,22,0,0,0,0,0
0,21,170215,0,0,0,4,0,0,0,0,0,0
0,22,170215,0,0,0,0,0,0,0,0,21,0
1,1,170215,0,0,0,0,0,0,0,0,0,0
0,1,170216,13,31,0,7,10,0,0,24,0,0
1,1,170216,0,0,0,0,0,0,0,0,0,0
1,1,170217,0,0,0,0,0,0,0,0,0,0
2,1,170217,0,0,0,0,0,0,0,0,0,0
1,1,170218,0,0,0,0,0,0,0,0,0,0
2,1,170218,0,0,0,0,0,0,0,0,0,0
1,1,170219,0,0,15,0,0,15,0,0,6,0
1,1,170220,0,0,0,0,0,0,0,0,0,0
2,1,170220,0,0,0,0,0,0,0,0,0,0
3,1,170220,0,0,0,0,0,0,0,0,0,0
1,1,170221,0,0,0,0,0,0,9,0,0,0
2,1,170221,0,0,0,16,0,11,8,0,0,21
1,1,170222,0,0,0,0,0,0,0,0,0,0
2,1,170222,0,0,0,0,0,0,0,17,0,0
1,1,170223,0,0,0,0,0,0,0,0,0,0
2,1,170223,0,0,0,0,0,0,0,0,0,0
1,1,170224,25,25,25,25,25,25,25,25,25,25
1,1,170225,15,15,15,15,15,15,15,15,15,15
1,1,170226,15,15,15,15,15,15,15,15,15,15
0,1,170227,8,8,8,8,8,8,8,8,8,8
1,1,170227,0,20,16,7,0,0,0,21,0,0
0,1,170228,0,0,0,0,0,0,0,0,0,0
1,1,170228,0,0,0,0,0,0,0,0,0,0
1,1,170229,0,0,0,0,0,0,0,0,0,0
2,1,170229,10,10,10,10,10,10,10,10,10,10
0,1,170230,0,0,0,0,0,0,0,0,0,0
1,1,170230,0,0,0,0,0,0,0,0,0,0
1,1,170231,25,25,25,25,25,25,25,25,25,25
0,1,170232,0,0,0,0,0,0,0,0,0,0
1,1,170232,0,0,0,0,0,0,0,0,0,0
0,1,170233,12,12,12,12,12,12,12,12,12,12
0,2,170233,0,0,0,0,9,0,0,0,0,0
1,1,170233,0,0,0,0,2,0,0,5,0,6
1,1,170234,0,0,0,0,0,0,0,0,0,0
2,1,170234,0,0,0,0,0,0,0,0,0,0
3,1,170234,0,0,0,0,0,0,0,0,0,0
4,1,170234,0,0,0,0,0,0,0,0,0,0
1,1,170235,8,8,8,8,8,8,8,8,8,8
1,1,170236,16,16,16,16,16,16,16,16,16,16
1,1,170237,0,0,0,0,0,0,0,0,0,0
0,1,170238,0,0,0,0,0,0,0,0,0,0
1,1,170238,0,0,0,0,0,0,0,0,0,0
1,1,170239,13,13,13,13,13,13,13,13,13,13
2,1,170239,0,0,0,0,0,0,0,0,0,0
1,1,170240,0,0,0,0,0,0,0,0,0,0
2,1,170240,0,0,0,0,0,0,0,0,0,0
3,1,170240,0,0,0,0,0,0,0,0,0,0
0,1,170241,38,38,38,38,38,38,38,38,38,38
1,1,170241,12,16,12,0,0,0,8,17,0,0
1,1,170242,0,0,0,0,0,0,0,0,0,0
2,1,170242,0,0,0,0,0,0,0,0,0,0
1,1,170243,33,33,33,33,33,33,33,33,33,33
1,1,170244,3,3,3,3,3,3,3,3,3,3
1,1,170245,13,13,13,13,13,13,13,13,13,13
1,1,170246,0,0,0,0,0,0,0,0,0,0
2,1,170246,0,0,0,0,0,0,0,0,0,0
1,1,170247,0,0,0,0,0,0,0,0,0,0
2,1,170247,0,0,0,0,0,0,0,0,0,0
0,1,170248,0,0,0,0,0,0,0,0,0,0
1,1,170248,0,0,0,0,2,0,0,0,0,0
1,1,170249,13,13,13,13,13,13,13,13,13,13
2,1,170249,0,0,0,0,0,0,0,0,0,0
3,1,170249,0,0,0,0,0,0,0,0,0,0
4,1,170249,0,0,0,0,0,0,0,0,0,0
5,1,170249,0,0,0,0,0,0,0,0,0,0
1,1,170250,0,0,0,0,0,0,0,0,0,0
2,1,170250,0,0,0,3,0,0,0,0,0,0
3,1,170250,0,0,0,0,0,0,0,0,0,0
1,1,170251,28,28,28,28,28,28,28,28,28,28
2,1,170251,0,0,0,0,0,0,0,0,0,0
1,1,170252,0,20,5,3,8,36,0,18,0,29
2,1,170252,0,0,0,0,4,0,8,0,0,0
1,1,170253,0,0,0,0,0,0,0,0,0,0
2,1,170253,0,0,0,0,0,0,0,0,0,0
1,1,170254,18,18,18,18,18,18,18,18,18,18
1,1,170255,0,0,0,0,0,0,0,0,0,0
2,1,170255,0,0,0,0,0,0,0,0,0,0
1,1,170256,0,0,0,0,0,0,0,0,0,0
2,1,170256,0,0,0,0,0,0,0,0,0,0
1,1,170257,0,0,0,0,0,0,0,0,0,0
1,1,170258,0,0,0,0,18,0,0,0,0,0
1,1,170259,0,0,0,0,0,0,0,0,0,8
2,1,170259,0,0,0,0,0,0,0,0,0,0
1,1,170260,17,17,0,0,0,0,0,12,0,0
1,1,170261,0,0,0,0,0,0,0,0,0,0
2,1,170261,0,0,0,0,0,0,0,0,0,0
1,1,170262,0,0,0,0,0,0,0,0,0,0
2,1,170262,0,0,0,0,0,0,0,0,0,0
1,1,170263,14,14,14,14,14,14,14,14,14,14
0,1,170264,0,0,0,0,0,0,0,0,0,0
1,1,170264,0,0,9,0,0,0,0,0,0,8
1,1,170265,0,0,0,0,0,0,0,0,0,0
2,1,170265,0,0,0,0,0,0,0,0,0,0
1,1,170266,0,0,0,0,0,0,0,0,0,0
2,1,170266,0,0,0,0,0,0,0,0,0,0
3,1,170266,0,0,0,0,0,0,0,0,0,0
1,1,170267,15,15,15,15,15,15,15,15,15,15
1,1,170268,12,2,21,8,0,22,8,9,24,9
1,1,170269,19,19,19,19,19,19,19,19,19,19
1,1,170270,0,0,0,0,0,0,0,0,0,0
2,1,170270,0,0,0,0,0,0,0,0,0,0
0,1,170271,0,0,0,0,0,0,0,0,0,0
1,1,170271,0,0,0,0,0,0,0,0,0,0
1,1,170272,0,0,0,0,0,0,0,0,0,0
1,1,170273,0,0,0,0,0,0,0,0,0,0
2,1,170273,0,0,0,0,0,0,0,0,0,0
1,1,170274,22,22,22,22,22,22,22,22,22,22
1,1,170275,0,0,0,0,0,0,0,0,0,0
2,1,170275,0,0,0,0,0,0,0,0,0,0
1,1,170276,33,33,33,33,33,33,33,33,33,33
1,1,170277,0,0,0,0,0,0,0,0,0,0
0,1,170278,0,0,0,0,0,0,0,0,0,0
1,1,170278,0,0,0,0,0,0,0,0,0,0
1,1,170279,0,0,0,0,0,0,0,0,5,0
2,1,170279,0,0,0,10,12,0,0,0,0,0
3,1,170279,0,0,0,0,0,0,0,0,0,0
1,1,170280,12,12,12,12,12,12,12,12,12,12
2,1,170280,0,11,0,0,0,0,0,0,30,0
1,1,170281,0,0,0,0,0,0,0,0,0,0
0,1,170282,0,0,0,0,0,0,0,0,0,0
1,1,170282,0,0,0,0,0,0,0,0,0,0
0,1,170283,29,29,29,29,29,29,29,29,29,29
1,1,170283,0,0,8,0,12,16,0,0,0,34
1,1,170284,0,0,0,0,0,0,0,0,0,0
0,1,170285,0,0,0,0,0,0,0,0,0,0
1,1,170285,0,0,0,0,0,0,0,0,0,0
1,1,170286,0,0,0,0,0,0,0,0,0,0
2,1,170286,0,0,0,0,0,0,0,0,0,0
3,1,170286,0,0,0,0,0,0,0,0,0,0
4,1,170286,0,0,0,0,0,0,0,0,0,0
0,1,170287,0,0,0,0,0,0,0,0,0,0
1,1,170287,0,0,0,0,0,0,0,0,0,0
2,1,170287,0,0,0,0,0,0,0,0,0,0
1,1,170288,0,0,0,0,0,0,0,0,0,0
2,1,170288,0,0,0,0,0,0,0,0,0,0
1,1,170289,15,15,15,15,15,15,15,15,15,15
1,1,170290,6,10,8,0,6,0,11,0,0,0
2,1,170290,0,0,0,0,0,0,0,0,0,0
1,1,170291,6,6,6,6,6,6,6,6,6,6
1,1,170292,0,0,0,0,0,0,0,0,0,0
1,1,170293,0,0,0,0,0,0,0,0,0,0
2,1,170293,0,0,0,0,0,0,0,0,0,0
3,1,170293,0,0,0,0,0,0,15,0,0,0
4,1,170293,0,0,0,0,0,0,0,0,0,0
5,1,170293,0,0,0,0,0,0,0,0,0,0
0,1,170295,0,0,0,0,0,0,0,0,0,0
1,1,170295,0,0,0,0,0,0,0,0,0,0
1,1,170296,0,0,0,0,0,0,0,0,0,0
2,1,170296,0,0,0,0,0,0,0,0,0,0
1,1,170297,20,20,20,20,20,20,20,20,20,20
2,1,170297,0,0,0,0,8,7,0,0,0,0
1,1,170298,0,0,0,0,0,0,0,0,0,0
2,1,170298,0,0,0,0,0,0,0,0,0,0
1,1,170299,0,0,0,0,0,0,0,0,0,0
2,1,170299,0,0,0,0,0,0,0,0,0,0
1,1,170300,0,0,0,0,0,0,0,0,0,0
2,1,170300,0,0,0,0,0,0,0,0,0,0
3,1,170300,0,0,0,0,0,0,0,0,0,0
1,1,170301,0,0,0,0,0,0,0,0,0,0
2,1,170301,0,0,0,0,0,0,0,0,0,0
1,1,170302,0,0,0,0,0,0,0,0,0,0
2,1,170302,0,0,0,0,0,0,0,0,0,0
1,1,170303,16,16,16,16,16,16,16,16,16,16
1,1,170304,9,9,9,9,9,9,9,9,9,9
0,1,170305,0,0,0,0,0,0,0,0,0,0
1,1,170305,0,20,0,9,0,0,0,0,12,0
1,1,170306,0,0,0,0,0,0,0,0,0,0
2,1,170306,0,0,0,0,0,0,0,0,0,0
1,1,170307,0,0,0,0,0,0,10,0,0,13
2,1,170307,0,0,0,0,0,0,7,0,0,0
1,1,170308,22,22,22,22,22,22,22,22,22,22
0,1,170309,19,19,19,19,19,19,19,19,19,19
1,1,170309,14,14,14,14,14,14,14,14,14,14
1,1,170310,8,8,8,8,8,8,8,8,8,8
0,1,170311,15,15,15,15,15,15,15,15,15,15
0,2,170311,0,0,0,0,0,0,0,0,0,0
1,1,170311,13,13,13,13,13,13,13,13,13,13
1,1,170312,0,0,0,0,0,0,0,0,0,0
1,1,170313,0,0,0,0,0,0,0,0,0,0
2,1,170313,0,0,0,0,0,0,0,0,0,0
0,1,170314,3,3,3,3,3,3,3,3,3,3
1,1,170314,0,0,0,0,0,0,0,0,0,0
1,1,170315,0,0,0,0,0,0,0,0,0,0
2,1,170315,0,0,0,0,0,0,0,0,0,0
0,1,170316,0,0,0,0,0,0,0,0,0,0
1,1,170316,0,0,0,0,0,0,16,0,0,0
0,1,170317,0,0,0,0,0,0,0,0,0,0
1,1,170317,0,0,0,0,0,0,0,0,0,0
0,1,170318,0,0,0,0,0,0,0,0,0,0
1,1,170318,0,0,0,0,0,0,0,0,0,0
0,1,170319,0,0,0,0,0,0,0,0,0,0
1,1,170319,0,0,0,0,0,0,0,0,0,0
1,1,170320,0,0,0,0,0,0,0,0,0,0
2,1,170320,0,0,0,0,0,0,0,0,0,0
1,1,170321,0,0,0,0,0,0,0,0,0,0
2,1,170321,0,0,0,0,0,0,0,0,0,0
3,1,170321,0,0,0,0,0,0,0,0,0,0
1,1,170322,20,20,20,20,20,20,20,20,20,20
1,1,170323,0,0,0,0,0,0,0,0,0,0
2,1,170323,1,1,1,1,1,1,1,1,1,1
3,1,170323,0,0,0,0,0,0,0,0,0,0
4,1,170323,0,0,0,0,0,0,0,0,0,0
1,1,170324,0,0,0,0,0,0,0,0,0,0
1,1,170325,0,0,8,0,0,0,0,0,0,0
2,1,170325,0,0,0,0,0,0,0,0,0,0
0,1,170326,11,11,11,11,11,11,11,11,11,11
1,1,170326,0,0,0,0,0,0,10,0,11,3
1,1,170327,0,0,0,24,0,0,0,0,0,0
1,1,170328,38,38,38,38,38,38,38,38,38,38
1,1,170329,17,17,17,17,17,17,17,17,17,17
2,1,170329,0,0,0,0,0,0,0,0,0,0
1,1,170330,0,0,0,0,0,0,0,0,0,0
2,1,170330,0,0,0,0,0,0,0,0,0,0
1,1,170331,22,22,22,22,22,22,22,22,22,22
1,1,170332,0,0,0,0,0,0,0,0,0,0
2,1,170332,0,0,0,0,0,0,0,0,0,0
1,1,170333,2,2,2,2,2,2,2,2,2,2
1,1,170334,0,0,0,0,0,0,0,0,0,0
1,1,170335,15,15,15,15,15,15,15,15,15,15
1,1,170336,0,0,0,0,0,0,0,0,0,0
2,1,170336,0,0,0,0,0,0,0,0,0,0
1,1,170337,0,0,0,0,0,0,0,0,0,0
0,1,170338,25,25,25,25,25,25,25,25,25,25
1,1,170338,0,0,0,0,0,0,0,0,0,0
1,1,170339,23,23,23,23,23,23,23,23,23,23
0,1,170340,0,0,0,0,21,5,0,0,25,0
1,1,170340,0,0,29,0,0,30,0,0,0,0
1,1,170341,0,0,0,0,0,0,0,0,0,0
2,1,170341,0,0,0,0,0,0,0,0,0,0
0,1,170342,23,23,23,23,23,23,23,23,23,23
1,1,170342,0,0,0,0,0,0,0,0,0,0
1,1,170343,17,17,17,17,17,17,17,17,17,17
1,1,170344,0,0,0,0,0,0,0,0,0,0
0,1,170345,0,0,0,0,0,0,0,0,0,0
1,1,170345,0,0,0,0,0,0,0,0,0,0
0,1,170346,0,0,0,0,0,0,0,0,0,0
1,1,170346,5,5,5,5,5,5,5,5,5,5
0,1,170347,13,13,13,13,13,13,13,13,13,13
1,1,170347,0,0,0,0,0,0,0,24,0,0
1,1,170348,0,0,0,0,0,0,0,8,0,0
1,1,170349,23,23,23,23,23,23,23,23,23,23
1,1,170350,0,0,0,0,0,0,0,0,0,0
1,1,170351,0,0,0,0,0,0,0,0,0,0
1,1,170352,23,23,23,23,23,23,23,23,23,23
0,1,170353,38,38,38,38,38,38,38,38,38,38
1,1,170353,8,8,8,8,8,8,8,8,8,8
1,1,170354,26,26,26,26,26,26,26,26,26,26
2,1,170354,0,0,0,0,0,0,0,0,0,0
1,1,170355,0,0,0,0,0,0,0,0,0,0
2,1,170355,0,0,0,0,0,0,0,0,0,0
3,1,170355,0,0,0,0,0,0,0,0,0,0
1,1,170356,12,12,12,12,12,12,12,12,12,12
1,1,170357,0,0,0,0,0,0,0,0,0,0
2,1,170357,0,0,0,0,0,0,0,0,0,0
1,1,170358,0,0,0,0,0,0,0,0,0,0
2,1,170358,0,0,0,0,0,0,0,0,0,0
1,1,170359,0,0,12,0,0,12,0,13,5,0
1,1,170360,29,29,29,29,29,29,29,29,29,29
1,1,170361,1,1,1,1,1,1,1,1,1,1
2,1,170361,0,0,0,0,0,0,0,0,0,0
1,1,170362,0,0,0,0,0,0,0,0,0,0
1,1,170363,19,19,19,19,19,19,19,19,19,19
1,1,170364,0,0,0,0,0,0,0,0,0,0
1,1,170365,5,5,5,5,5,5,5,5,5,5
0,1,170366,0,0,0,0,0,0,0,0,0,0
1,1,170366,0,0,0,0,0,0,0,0,0,0
1,1,170367,0,0,0,0,0,0,0,0,0,0
2,1,170367,0,0,0,0,0,17,0,0,0,0
0,1,170368,4,4,4,4,4,4,4,4,4,4
1,1,170368,0,0,6,28,0,0,9,0,8,0
1,1,170369,21,21,21,21,21,21,21,21,21,21
1,1,170370,0,0,0,0,0,0,0,0,0,0
2,1,170370,0,0,0,0,0,0,0,0,0,0
1,1,170371,5,5,5,5,5,5,5,5,5,5
2,1,170371,0,0,0,0,0,0,0,0,0,0
0,1,170372,0,0,0,0,0,0,0,0,0,0
1,1,170372,0,0,12,0,0,0,0,0,0,0
2,1,170372,32,32,32,32,32,32,32,32,32,32
1,1,170373,0,0,0,0,0,0,0,0,0,0
2,1,170373,0,0,0,0,0,0,0,0,0,0
1,1,170374,0,0,0,0,0,0,0,0,0,0
1,1,170375,0,0,0,0,0,0,0,0,0,0
1,1,170376,0,0,0,0,0,0,0,0,0,0
2,1,170376,0,0,0,0,0,1,0,0,0,0
3,1,170376,0,0,0,0,0,15,0,0,0,0
1,1,170377,25,25,25,25,25,25,25,25,25,25
1,1,170378,0,0,0,0,0,0,0,0,0,0
2,1,170378,0,0,0,0,0,0,0,0,0,0
1,1,170379,0,0,0,0,0,0,0,0,0,0