VEH_NO,PER_NO,ST_CASE,P1,P2,P3,P4,P5,P6,P7,P8,P9,P10
1,1,170380,2,2,2,2,2,2,2,2,2,2
1,1,170381,0,0,0,0,0,0,0,0,0,0
1,1,170382,0,0,0,0,0,0,0,0,0,0
0,1,170383,0,0,0,0,0,0,0,0,0,0
1,1,170383,0,0,0,0,0,0,0,0,0,0
1,1,170384,0,0,0,0,0,0,0,0,0,0
0,1,170385,29,29,29,29,29,29,29,29,29,29
1,1,170385,0,0,0,0,0,0,0,0,0,0
1,1,170386,0,0,0,0,0,0,0,0,0,0
2,1,170386,0,0,0,0,0,0,0,0,0,0
1,1,170387,0,0,0,0,0,0,0,0,0,0
2,1,170387,22,0,0,0,0,0,0,0,0,0
1,1,170388,0,0,0,0,0,0,0,0,0,0
2,1,170388,0,0,0,0,0,0,0,0,0,0
3,1,170388,0,0,0,0,0,0,0,0,0,0
1,1,170389,0,0,0,0,0,0,0,0,0,0
2,1,170389,0,0,0,0,0,0,0,0,0,0
1,1,170390,24,24,24,24,24,24,24,24,24,24
1,1,170391,0,0,0,0,0,0,0,0,0,0
2,1,170391,7,7,7,7,7,7,7,7,7,7
1,1,170392,0,0,0,0,0,0,0,0,0,0
2,1,170392,0,0,0,0,0,0,0,0,0,0
3,1,170392,0,0,0,0,0,0,0,0,0,0
4,1,170392,0,0,24,0,0,0,0,0,0,0
5,1,170392,0,0,0,0,0,0,0,0,0,0
6,1,170392,0,0,0,0,0,0,0,0,0,0
7,1,170392,0,0,0,0,0,0,0,0,0,0
8,1,170392,0,0,0,0,0,0,0,0,0,0
9,1,170392,0,0,0,0,0,0,0,0,0,0
1,1,170393,25,25,25,25,25,25,25,25,25,25
2,1,170393,0,0,0,0,0,0,0,0,0,0
1,1,170394,25,25,25,25,25,25,25,25,25,25
0,1,170395,0,0,0,0,0,0,0,0,0,0
0,2,170395,0,17,0,21,0,0,0,0,0,0
1,1,170395,0,0,0,0,0,0,0,0,0,0
1,1,170396,4,7,21,0,10,16,9,0,11,0
1,1,170397,18,18,18,18,18,18,18,18,18,18
1,1,170398,12,12,12,12,12,12,12,12,12,12
0,1,170399,0,0,0,0,0,0,0,0,0,0
1,1,170399,0,0,0,0,0,0,0,0,0,0
2,1,170399,0,0,0,0,0,0,0,6,0,0
1,1,170400,18,18,18,18,18,18,18,18,18,18
1,1,170401,0,0,0,0,0,0,0,0,0,0
1,1,170402,22,22,22,22,22,22,22,22,22,22
1,1,170403,12,12,12,12,12,12,12,12,12,12
1,1,170404,16,16,16,16,16,16,16,16,16,16
1,1,170405,0,0,0,0,0,0,0,0,0,0
2,1,170405,0,0,0,0,0,0,0,0,0,0
1,1,170406,0,0,0,0,0,0,0,0,0,0
2,1,170406,0,0,0,0,0,0,0,0,0,0
0,1,170407,0,0,0,7,0,0,0,0,0,7
1,1,170407,6,6,6,6,6,6,6,6,6,6
1,1,170408,0,0,0,0,0,0,0,0,0,0
1,1,170409,0,0,0,0,0,0,0,0,0,0
2,1,170409,0,0,0,0,0,0,0,0,0,0
1,1,170410,0,0,0,0,0,0,0,0,0,0
0,1,170411,0,0,0,0,0,0,0,0,0,0
1,1,170411,0,0,0,0,0,0,0,0,0,0
1,1,170412,16,16,16,16,16,16,16,16,16,16
1,1,170413,22,22,22,22,22,22,22,22,22,22
1,1,170414,0,0,0,0,0,12,0,0,0,0
1,1,170415,0,0,0,0,0,0,0,0,0,0
2,1,170415,0,0,0,0,0,0,0,0,0,0
1,1,170416,16,16,16,16,16,16,16,16,16,16
2,1,170416,0,0,0,0,0,8,0,4,0,0
1,1,170417,13,13,13,13,13,13,13,13,13,13
1,1,170418,0,0,0,0,0,0,0,0,0,0
1,1,170419,15,15,15,15,15,15,15,15,15,15
2,1,170419,0,0,0,0,0,0,0,0,0,0
3,1,170419,0,0,3,0,0,0,0,0,0,0
1,1,170420,4,0,0,0,0,0,0,0,0,0
2,1,170420,0,0,0,0,0,0,0,0,0,0
3,1,170420,0,0,0,0,0,0,0,0,0,0
0,1,170422,4,0,0,0,0,0,13,0,0,0
1,1,170422,0,0,0,0,0,0,0,0,0,0
0,1,170423,21,21,21,21,21,21,21,21,21,21
1,1,170423,0,0,0,31,0,0,3,0,0,7
1,1,170424,15,15,15,15,15,15,15,15,15,15
1,1,170425,0,0,0,0,0,0,0,0,0,0
1,1,170426,9,9,9,9,9,9,9,9,9,9
1,1,170427,0,0,0,0,0,0,7,0,11,0
2,1,170427,0,0,0,0,0,0,0,0,0,0
1,1,170428,39,39,39,39,39,39,39,39,39,39
2,1,170428,0,0,0,0,0,0,0,0,0,0
0,1,170429,0,0,0,0,0,21,0,0,0,0
0,2,170429,0,18,0,0,0,0,25,0,0,0
1,1,170429,0,0,0,0,0,0,0,0,0,0
2,1,170429,0,0,0,0,0,0,0,0,0,0
1,1,170430,21,21,21,21,21,21,21,21,21,21
0,1,170431,0,0,0,0,0,0,0,0,0,0
1,1,170431,0,0,0,0,0,0,0,0,0,0
1,1,170432,9,0,0,26,0,4,0,0,9,0
1,1,170433,0,0,0,0,0,0,0,0,0,0
2,1,170433,0,0,0,0,0,0,0,0,0,0
1,1,170434,29,29,29,29,29,29,29,29,29,29
1,1,170435,0,0,0,0,0,0,0,0,0,0
1,1,170436,0,0,0,0,0,0,0,0,0,0
2,1,170436,16,0,0,0,0,0,0,0,0,0
1,1,170437,0,0,0,0,0,0,0,0,0,0
2,1,170437,0,0,0,0,0,0,0,0,0,0
1,1,170438,10,10,10,10,10,10,10,10,10,10
1,1,170439,0,0,0,0,0,0,0,0,0,0
2,1,170439,0,0,0,0,0,0,0,0,0,0
1,1,170440,25,25,25,25,25,25,25,25,25,25
2,1,170440,0,0,0,0,0,0,0,0,0,0
1,1,170441,0,0,0,0,0,0,0,0,0,0
2,1,170441,0,0,0,0,0,0,0,0,0,0
1,1,170442,0,0,0,0,0,0,0,0,0,0
1,1,170443,21,21,21,21,21,21,21,21,21,21
1,1,170444,4,4,4,4,4,4,4,4,4,4
2,1,170444,9,9,9,9,9,9,9,9,9,9
1,1,170445,8,24,37,20,26,13,14,24,20,28
0,1,170446,0,0,0,0,0,0,0,0,0,0
1,1,170446,0,0,0,0,0,0,0,0,0,0
1,1,170447,0,0,0,0,0,0,0,0,0,0
2,1,170447,0,14,0,0,0,0,0,0,0,0
1,1,170448,15,15,15,15,15,15,15,15,15,15
1,1,170449,0,0,0,0,0,0,0,0,0,0
2,1,170449,12,0,0,4,0,6,0,16,0,11
1,1,170450,0,0,0,0,0,0,0,0,0,0
2,1,170450,0,0,0,0,0,0,0,0,0,0
1,1,170451,0,0,0,0,0,0,0,0,0,0
1,1,170452,0,0,0,0,0,0,0,0,0,0
2,1,170452,0,0,0,0,0,0,0,0,0,0
3,1,170452,0,0,0,0,0,0,0,0,0,0
4,1,170452,0,0,0,0,0,0,0,0,0,0
1,1,170453,0,0,0,0,0,0,0,0,0,0
2,1,170453,17,17,17,17,17,17,17,17,17,17
1,1,170454,0,0,0,0,0,0,0,0,0,0
2,1,170454,0,0,0,0,0,0,0,0,0,0
3,1,170454,0,0,0,0,0,0,0,0,0,0
1,1,170455,21,21,21,21,21,21,21,21,21,21
1,1,170456,18,22,7,6,14,16,16,14,0,24
2,1,170456,0,0,0,0,0,0,0,0,0,0
1,1,170457,0,0,0,0,0,0,0,0,0,0
2,1,170457,0,0,0,0,0,0,0,0,0,0
3,1,170457,0,0,0,0,0,0,0,0,0,0
4,1,170457,0,0,0,0,0,0,0,0,0,0
1,1,170458,0,0,0,0,0,0,0,0,0,0
2,1,170458,0,0,0,0,0,0,0,0,0,0
0,1,170459,0,5,0,16,26,20,20,0,0,0
1,1,170459,0,0,0,0,0,0,0,0,0,0
1,1,170460,0,0,0,0,0,0,0,0,0,0
2,1,170460,5,5,5,5,5,5,5,5,5,5
3,1,170460,0,0,0,0,0,0,0,0,0,0
1,1,170461,8,8,8,8,8,8,8,8,8,8
2,1,170461,0,0,0,0,0,0,20,0,11,0
1,1,170462,15,15,15,15,15,15,15,15,15,15
1,1,170463,0,0,0,0,25,13,0,0,10,0
2,1,170463,0,0,0,0,0,0,0,0,0,0
3,1,170463,0,0,0,0,0,0,0,0,0,0
1,1,170464,28,28,28,28,28,28,28,28,28,28
1,1,170465,12,12,12,12,12,12,12,12,12,12
1,1,170466,29,29,29,29,29,29,29,29,29,29
1,1,170467,0,0,0,0,0,0,0,0,0,0
2,1,170467,0,0,0,0,0,0,0,0,0,0
1,1,170468,14,14,14,14,14,14,14,14,14,14
1,1,170469,0,0,0,0,0,0,0,0,0,0
1,1,170470,14,14,14,14,14,14,14,14,14,14
1,1,170471,0,0,0,0,0,0,0,0,0,0
2,1,170471,0,0,0,0,0,0,0,0,0,0
0,1,170472,0,0,0,0,0,0,0,0,0,0
0,2,170472,0,0,15,0,0,0,0,0,0,0
1,1,170472,0,0,0,0,0,0,0,0,0,0
1,1,170473,0,0,0,0,0,0,0,0,0,0
1,1,170474,0,0,0,0,0,0,0,0,0,0
1,1,170475,0,0,0,0,0,0,0,0,0,0
1,1,170476,0,0,0,0,0,0,0,0,0,0
1,1,170478,9,9,9,9,9,9,9,9,9,9
1,1,170479,0,0,0,0,14,0,33,16,26,0
1,1,170480,12,12,12,12,12,12,12,12,12,12
2,1,170480,12,12,12,12,12,12,12,12,12,12
1,1,170481,0,0,0,0,0,0,0,0,0,0
1,1,170482,4,4,4,4,4,4,4,4,4,4
1,1,170483,0,0,0,0,0,10,0,9,16,0
0,1,170484,0,0,0,0,0,0,0,0,0,0
1,1,170484,0,0,0,0,0,0,0,0,0,0
1,1,170485,0,0,0,0,0,0,0,0,0,0
2,1,170485,0,0,0,0,0,0,0,0,0,0
1,1,170487,13,13,13,13,13,13,13,13,13,13
1,1,170488,0,0,0,0,6,0,0,0,0,17
2,1,170488,0,0,0,0,0,0,0,0,0,0
3,1,170488,0,0,0,0,0,0,0,0,0,0
0,1,170489,0,0,0,0,0,0,0,0,0,0
1,1,170489,0,0,0,0,0,0,0,0,0,0
1,1,170490,0,0,0,0,0,0,0,0,0,0
2,1,170490,0,0,0,0,0,0,0,0,0,0
0,1,170491,0,0,0,0,0,0,0,0,0,0
1,1,170491,0,0,0,0,0,0,0,0,0,0
0,1,170492,0,0,0,0,0,0,0,0,0,0
1,1,170492,0,0,0,19,0,0,0,0,0,0
2,1,170492,0,0,0,0,0,0,0,0,0,0
1,1,170493,0,0,0,0,0,0,0,0,0,0
1,1,170494,5,5,5,5,5,5,5,5,5,5
0,1,170495,0,0,0,0,0,0,0,0,0,0
1,1,170495,8,13,21,0,9,26,24,27,0,20
0,1,170496,0,0,0,0,0,0,0,0,0,0
1,1,170496,0,0,0,0,0,0,9,0,0,0
1,1,170497,0,0,0,0,0,0,0,0,0,0
1,1,170498,22,22,22,22,22,22,22,22,22,22
1,1,170499,0,0,0,0,0,0,0,0,0,0
2,1,170499,0,0,0,0,0,0,0,0,0,0
1,1,170500,0,0,0,0,0,0,0,0,0,0
2,1,170500,0,0,0,0,0,0,0,0,0,0
3,1,170500,0,0,0,0,0,0,0,0,0,0
0,1,170501,12,12,12,12,12,12,12,12,12,12
1,1,170501,0,0,0,0,0,0,0,0,0,0
1,1,170502,0,0,0,0,0,0,0,0,0,0
1,1,170503,13,13,13,13,13,13,13,13,13,13
0,1,170504,0,0,0,0,0,0,0,0,0,0
1,1,170504,0,0,0,0,0,0,0,0,0,0
1,1,170505,20,20,20,20,20,20,20,20,20,20
0,1,170506,0,0,0,0,0,0,0,0,0,0
0,2,170506,0,0,0,0,0,19,0,0,0,10
1,1,170506,14,14,14,14,14,14,14,14,14,14
1,1,170507,0,0,0,0,0,0,0,0,0,0
1,1,170508,0,0,0,0,0,0,0,0,0,0
2,1,170508,0,0,0,0,0,0,0,0,0,0
1,1,170509,4,4,4,4,4,4,4,4,4,4
1,1,170510,0,0,0,0,0,0,0,0,0,0
2,1,170510,0,0,0,0,0,0,0,0,0,0
1,1,170511,21,21,21,21,21,21,21,21,21,21
1,1,170512,0,0,0,0,0,0,0,0,0,0
2,1,170512,0,0,0,0,0,0,0,0,0,0
1,1,170513,19,19,19,19,19,19,19,19,19,19
2,1,170513,0,0,0,0,0,0,0,0,0,0
1,1,170514,0,0,0,0,0,0,0,0,0,14
2,1,170514,0,0,0,0,0,0,0,0,0,0
3,1,170514,0,0,0,0,0,0,0,0,0,0
1,1,170515,0,0,0,0,0,0,0,0,0,0
2,1,170515,0,0,0,0,0,0,0,0,0,0
0,1,170516,0,0,0,0,0,0,0,0,0,0
1,1,170516,0,0,0,0,0,0,0,0,0,0
1,1,170517,0,0,0,0,0,0,0,0,0,0
1,1,170518,0,0,0,0,0,0,0,0,0,0
1,1,170519,2,2,2,2,2,2,2,2,2,2
0,1,170520,0,0,0,0,0,0,0,0,0,0
1,1,170520,0,0,0,0,0,0,0,0,0,0
0,1,170521,34,34,34,34,34,34,34,34,34,34
1,1,170521,0,0,0,0,0,0,0,0,0,0
1,1,170522,28,28,28,28,28,28,28,28,28,28
1,1,170523,22,22,22,22,22,22,22,22,22,22
2,1,170523,0,0,0,0,0,0,0,0,0,0
1,1,170524,0,0,0,0,0,0,0,0,0,0
2,1,170524,0,0,0,0,0,0,0,0,0,0
1,1,170525,0,0,0,0,0,0,10,0,0,2
1,1,170526,15,15,15,15,15,15,15,15,15,15
2,1,170526,6,6,6,6,6,6,6,6,6,6
1,1,170527,13,13,13,13,13,13,13,13,13,13
1,1,170528,33,33,33,33,33,33,33,33,33,33
2,1,170528,0,0,0,0,0,0,0,0,0,0
1,1,170530,17,17,17,17,17,17,17,17,17,17
1,1,170531,6,6,6,6,6,6,6,6,6,6
0,1,170532,0,0,0,0,0,0,0,0,0,0
1,1,170532,0,0,0,0,0,0,0,0,0,0
1,1,170533,0,0,0,0,0,0,0,0,0,0
2,1,170533,0,0,0,0,0,0,0,0,0,0
1,1,170534,6,6,6,6,6,6,6,6,6,6
2,1,170534,0,0,0,0,0,0,0,0,0,0
1,1,170535,0,0,0,0,0,0,0,0,0,0
2,1,170535,2,2,2,2,2,2,2,2,2,2
0,1,170536,17,17,17,17,17,17,17,17,17,17
1,1,170536,6,6,6,6,6,6,6,6,6,6
1,1,170537,0,0,0,0,0,0,0,0,0,0
2,1,170537,0,0,0,0,0,0,0,0,0,0
1,1,170538,4,4,4,4,4,4,4,4,4,4
2,1,170538,0,0,0,0,0,0,0,0,0,0
1,1,170539,22,22,22,22,22,22,22,22,22,22
1,1,170540,0,0,20,0,14,4,20,0,28,13
1,1,170541,0,0,0,0,0,0,0,0,0,0
0,1,170542,25,25,25,25,25,25,25,25,25,25
1,1,170542,0,0,0,0,0,0,0,0,0,0
1,1,170543,6,6,6,6,6,6,6,6,6,6
1,1,170544,10,10,10,10,10,10,10,10,10,10
2,1,170544,0,0,0,0,0,13,0,10,0,0
1,1,170545,0,0,0,0,0,0,0,0,0,0
1,1,170546,0,0,0,24,0,0,0,0,0,0
1,1,170547,0,0,0,0,0,0,0,0,0,0
2,1,170547,0,0,0,0,0,0,0,0,0,0
1,1,170548,0,0,0,0,0,0,0,0,0,0
2,1,170548,0,0,0,0,0,0,0,0,0,0
1,1,170549,0,0,0,0,0,0,0,0,0,0
1,1,170550,1,1,1,1,1,1,1,1,1,1
2,1,170550,0,0,0,0,5,0,0,0,0,0
1,1,170551,16,16,16,16,16,16,16,16,16,16
1,1,170552,0,0,0,0,0,0,0,0,0,0
2,1,170552,0,0,0,0,0,0,0,0,0,0
3,1,170552,0,0,0,0,0,0,0,0,0,0
1,1,170553,19,19,19,19,19,19,19,19,19,19
1,1,170554,23,23,23,23,23,23,23,23,23,23
2,1,170554,0,0,0,0,0,0,0,0,0,0
1,1,170555,0,0,0,0,0,0,0,0,0,0
2,1,170555,0,0,0,0,0,0,0,0,0,0
1,1,170557,0,0,0,0,0,0,0,0,0,0
2,1,170557,0,0,0,0,0,0,0,0,0,0
3,1,170557,0,0,0,0,0,0,0,0,0,0
1,1,170558,0,0,0,0,0,0,0,0,0,0
1,1,170559,0,0,0,0,0,0,0,0,0,0
2,1,170559,8,8,8,8,8,8,8,8,8,8
1,1,170560,0,0,0,0,0,0,0,0,0,0
2,1,170560,0,0,0,0,0,0,0,0,0,0
0,1,170561,0,0,0,0,0,0,0,0,0,0
0,2,170561,0,0,0,0,0,0,0,0,0,0
0,3,170561,0,0,0,0,0,0,0,0,0,0
1,1,170561,0,5,0,0,0,0,0,0,0,0
0,1,170562,0,0,0,0,0,0,0,0,0,0
1,1,170562,0,0,0,0,0,0,0,0,0,0
1,1,170563,0,0,0,0,0,0,0,0,0,0
2,1,170563,0,0,0,0,0,0,0,0,0,0
3,1,170563,0,0,0,0,0,0,0,0,0,0
0,1,170564,23,23,23,23,23,23,23,23,23,23
1,1,170564,0,0,0,0,0,0,0,0,0,0
1,1,170565,19,19,19,19,19,19,19,19,19,19
1,1,170566,0,0,0,0,0,0,0,0,0,0
2,1,170566,0,0,0,0,0,0,0,0,0,0
1,1,170567,0,0,0,0,0,0,0,0,0,0
1,1,170568,0,0,0,0,0,0,0,0,0,0
1,1,170569,0,18,12,14,10,14,15,20,23,17
2,1,170569,0,0,0,0,0,0,0,0,0,0
1,1,170570,0,0,0,0,0,0,0,0,0,0
1,1,170571,0,0,0,0,0,0,0,0,0,0
2,1,170571,0,0,0,0,0,0,0,0,0,0
3,1,170571,0,0,0,0,0,0,0,0,0,0
1,1,170573,18,18,18,18,18,18,18,18,18,18
1,1,170574,0,0,0,0,0,0,0,0,0,0
1,1,170575,21,21,21,21,21,21,21,21,21,21
1,1,170576,0,0,0,0,0,0,0,0,0,0
2,1,170576,0,0,0,0,0,0,0,0,0,0
1,1,170577,0,0,0,0,0,0,0,0,0,0
2,1,170577,0,0,0,0,0,0,0,0,0,0
1,1,170578,0,0,0,0,0,0,0,0,0,0
2,1,170578,0,0,0,0,0,0,0,0,0,0
3,1,170578,0,0,0,0,0,0,0,0,0,0
4,1,170578,0,0,0,0,0,0,0,0,0,0
1,1,170579,1,1,1,1,1,1,1,1,1,1
2,1,170579,0,0,0,0,0,0,0,0,0,3
0,1,170580,0,0,0,0,0,0,0,0,0,0
1,1,170580,0,0,0,0,0,8,0,0,0,0
1,1,170581,0,0,0,0,0,0,0,0,0,0
2,1,170581,0,24,13,0,0,0,6,0,12,0
1,1,170582,0,0,0,0,0,0,0,0,0,0
1,1,170583,0,0,0,0,0,0,0,0,0,0
2,1,170583,0,0,0,0,0,0,0,0,0,0
1,1,170584,11,11,11,11,11,11,11,11,11,11
1,1,170585,19,19,19,19,19,19,19,19,19,19
1,1,170586,0,0,0,0,0,0,0,0,0,0
2,1,170586,0,0,0,0,0,0,0,0,0,0
1,1,170587,9,9,9,9,9,9,9,9,9,9
0,1,170588,23,23,23,23,23,23,23,23,23,23
1,1,170588,0,0,0,0,0,0,0,0,0,0
0,1,170589,0,0,0,0,0,0,0,0,0,0
1,1,170589,0,0,0,0,0,0,0,0,0,0
1,1,170590,19,19,19,19,19,19,19,19,19,19
1,1,170591,0,0,0,0,0,0,0,0,0,0
2,1,170591,0,0,0,0,0,0,0,0,0,0
0,1,170592,26,26,26,26,26,26,26,26,26,26
1,1,170592,0,0,12,0,0,0,0,6,0,5
0,1,170593,0,0,0,0,0,0,0,0,0,0
0,2,170593,0,0,0,0,0,0,0,0,0,0
1,1,170593,0,0,0,0,0,0,0,0,0,0
2,1,170593,0,0,0,0,0,0,0,0,0,0
1,1,170594,0,0,0,0,0,0,0,0,0,0
1,1,170595,0,0,0,0,0,0,0,0,0,0
2,1,170595,0,0,0,0,0,0,0,0,0,0
1,1,170596,0,0,0,0,0,0,0,0,0,0
2,1,170596,0,0,0,0,0,0,0,0,0,0
1,1,170597,4,4,4,4,4,4,4,4,4,4
2,1,170597,0,0,0,0,0,0,0,0,0,0
1,1,170598,13,13,13,13,13,13,13,13,13,13
1,1,170599,0,0,0,0,0,0,0,0,0,0
1,1,170600,25,25,25,25,25,25,25,25,25,25
1,1,170601,11,11,11,11,11,11,11,11,11,11
1,1,170602,9,9,9,9,9,9,9,9,9,9
2,1,170602,0,0,0,0,12,0,0,0,0,0
1,1,170603,21,21,21,21,21,21,21,21,21,21
1,1,170604,0,0,0,0,0,0,0,0,0,0
2,1,170604,0,0,0,0,0,0,0,0,0,2
1,1,170605,23,23,23,23,23,23,23,23,23,23
2,1,170605,5,5,5,5,5,5,5,5,5,5
0,1,170606,0,0,0,15,0,0,0,0,0,0
1,1,170606,0,0,0,0,0,0,0,0,0,0
2,1,170606,0,0,0,0,0,0,0,0,0,0
1,1,170607,0,0,0,0,0,0,0,0,0,0
2,1,170607,0,0,0,0,0,0,0,0,0,0
3,1,170607,0,0,0,0,0,0,0,0,0,0
1,1,170608,0,0,0,0,0,0,0,0,0,6
2,1,170608,0,0,0,0,0,0,0,0,0,0
1,1,170609,14,14,14,14,14,14,14,14,14,14
0,1,170610,39,0,24,24,32,0,0,0,0,47
1,1,170610,0,0,0,0,0,16,0,0,0,12
2,1,170610,0,0,0,0,0,0,0,0,0,0
3,1,170610,0,0,0,0,0,0,0,0,0,0
1,1,170611,3,3,3,3,3,3,3,3,3,3
1,1,170612,12,12,12,12,12,12,12,12,12,12
1,1,170613,0,0,0,0,0,0,0,0,0,0
1,1,170614,0,0,0,0,0,0,0,0,0,0
2,1,170614,0,0,0,0,0,0,0,0,8,0
0,1,170615,0,0,0,0,0,0,0,0,0,0
1,1,170615,0,0,0,0,0,0,0,0,0,0
1,1,170616,20,20,20,20,20,20,20,20,20,20
2,1,170616,0,0,0,0,0,0,0,0,0,0
1,1,170617,0,0,0,0,0,0,0,0,0,0
2,1,170617,0,0,0,0,0,0,0,0,0,0
1,1,170618,20,20,20,20,20,20,20,20,20,20
0,1,170619,28,28,28,28,28,28,28,28,28,28
1,1,170619,0,0,0,0,0,0,0,0,0,0
1,1,170620,21,21,21,21,21,21,21,21,21,21
1,1,170621,6,6,6,6,6,6,6,6,6,6
1,1,170622,16,16,16,16,16,16,16,16,16,16
1,1,170623,0,0,0,0,0,0,0,0,0,0
2,1,170623,0,0,0,0,0,0,0,0,0,0
1,1,170624,0,0,0,0,0,0,0,0,0,0
1,1,170625,14,14,14,14,14,14,14,14,14,14
2,1,170625,0,0,0,0,0,0,0,0,0,0
1,1,170626,0,0,0,0,0,0,0,0,0,0
2,1,170626,0,0,0,0,0,0,0,0,0,0
1,1,170627,28,28,28,28,28,28,28,28,28,28
2,1,170627,0,0,9,0,19,0,0,0,0,0
1,1,170628,0,0,0,0,0,0,0,0,0,0
0,1,170629,0,0,0,0,0,0,0,0,0,0
1,1,170630,0,0,0,0,0,0,0,0,0,0
2,1,170630,14,14,14,14,14,14,14,14,14,14
0,1,170631,21,21,21,21,21,21,21,21,21,21
1,1,170631,0,0,0,0,0,0,0,0,0,0
1,1,170632,0,0,0,0,0,0,0,0,0,0
2,1,170632,0,0,0,0,0,0,0,0,0,0
0,1,170633,0,0,0,0,0,0,0,0,0,0
1,1,170633,0,0,0,0,0,0,0,0,0,0
0,1,170634,0,0,0,0,0,0,0,0,0,0
1,1,170634,0,0,0,0,0,0,0,0,0,0
1,1,170635,27,27,27,27,27,27,27,27,27,27
1,1,170636,0,0,0,0,0,0,0,0,0,0
2,1,170636,0,0,0,0,0,0,0,0,0,0
1,1,170637,16,16,16,16,16,16,16,16,16,16
0,1,170638,6,6,6,6,6,6,6,6,6,6
1,1,170638,0,0,0,0,0,0,0,0,0,0
0,1,170639,0,0,0,0,0,0,0,0,0,27
1,1,170639,0,0,0,0,0,0,0,0,0,0
0,1,170640,32,8,31,21,11,18,39,21,4,28
1,1,170640,0,0,0,0,0,0,0,0,0,0
1,1,170641,0,0,0,0,0,0,0,0,0,0
2,1,170641,10,10,10,10,10,10,10,10,10,10
1,1,170642,0,0,0,0,0,0,0,0,0,0
1,1,170643,2,2,2,2,2,2,2,2,2,2
2,1,170643,0,0,15,0,0,0,0,0,0,0
1,1,170644,0,0,19,14,0,0,0,0,0,0
0,1,170645,0,0,0,0,0,0,0,0,0,0
1,1,170645,0,0,0,0,0,0,0,0,0,0
0,1,170646,0,0,0,0,0,0,0,0,0,0
1,1,170646,22,0,11,0,0,0,0,0,0,0
1,1,170647,1,1,1,1,1,1,1,1,1,1
1,1,170648,0,0,0,0,0,0,0,0,0,0
2,1,170648,0,0,0,0,0,0,0,0,0,0
0,1,170649,0,0,0,0,0,0,0,0,0,0
1,1,170649,0,0,0,0,0,0,0,0,0,0
0,1,170651,0,0,0,0,0,0,0,0,0,0
1,1,170651,0,0,0,0,0,0,0,0,0,0
1,1,170652,0,0,0,0,0,0,0,0,0,0
1,1,170653,8,8,8,8,8,8,8,8,8,8
2,1,170653,0,0,0,0,0,0,0,0,0,0
1,1,170654,13,13,13,13,13,13,13,13,13,13
2,1,170654,0,0,0,0,0,0,0,0,0,0
3,1,170654,0,0,0,0,0,0,0,0,0,0
1,1,170655,0,23,19,17,20,19,26,16,0,20
1,1,170656,7,7,7,7,7,7,7,7,7,7
2,1,170656,0,0,0,0,0,0,0,0,0,0
1,1,170657,17,17,17,17,17,17,17,17,17,17
1,1,170658,0,0,0,0,0,0,0,0,0,0
2,1,170658,0,0,0,0,0,0,0,0,0,0
0,1,170659,0,0,0,0,0,0,0,0,0,0
1,1,170659,11,11,11,11,11,11,11,11,11,11
0,1,170660,24,24,24,24,24,24,24,24,24,24
1,1,170660,0,0,0,0,0,0,0,0,0,0
1,1,170661,19,19,19,19,19,19,19,19,19,19
0,1,170662,0,0,0,0,0,0,0,0,0,0
1,1,170662,0,0,0,0,0,0,0,0,0,0
0,1,170663,0,0,0,0,0,0,0,0,0,0
1,1,170663,0,0,0,0,0,0,0,0,0,0
1,1,170664,0,0,0,0,0,0,0,0,0,0
2,1,170664,0,0,0,0,0,0,0,0,0,0
3,1,170664,0,0,0,0,0,0,0,0,0,0
4,1,170664,0,0,0,0,0,0,0,0,0,0
5,1,170664,0,0,0,0,0,0,0,0,0,0
0,1,170665,6,6,6,6,6,6,6,6,6,6
1,1,170665,5,6,11,0,13,0,11,38,0,0
2,1,170665,0,0,0,0,0,0,0,0,0,0
1,1,170666,19,19,19,19,19,19,19,19,19,19
1,1,170667,0,0,0,0,0,0,0,0,0,0
2,1,170667,0,0,0,0,0,0,0,0,0,0
3,1,170667,0,0,0,0,0,0,0,0,0,0
1,1,170668,0,0,0,0,0,0,0,9,0,0
2,1,170668,0,0,0,0,0,0,0,0,0,0
3,1,170668,0,0,0,0,0,0,0,0,0,0
1,1,170669,0,0,0,0,0,0,0,0,0,0
2,1,170669,0,0,0,0,0,4,0,0,0,0
1,1,170670,26,26,26,26,26,26,26,26,26,26
1,1,170671,31,31,31,31,31,31,31,31,31,31
1,1,170672,30,30,30,30,30,30,30,30,30,30
1,1,170673,0,0,0,0,0,0,0,0,0,0
2,1,170673,0,0,0,0,0,0,0,0,0,0
1,1,170674,16,16,16,16,16,16,16,16,16,16
1,1,170676,0,0,0,0,0,0,0,0,0,0
2,1,170676,0,0,0,0,0,0,0,0,0,0
0,1,170677,0,0,0,0,0,0,0,0,0,0
1,1,170677,0,0,0,0,0,5,9,0,5,16
1,1,170678,15,15,15,15,15,15,15,15,15,15
1,1,170679,24,24,24,24,24,24,24,24,24,24
0,1,170680,0,0,0,0,0,0,0,0,0,0
1,1,170680,0,0,0,0,0,0,0,0,0,0
1,1,170681,0,0,0,0,0,0,0,0,0,0