VEH_NO,PER_NO,ST_CASE,P1,P2,P3,P4,P5,P6,P7,P8,P9,P10
1,1,180008,0,0,0,0,0,0,0,0,0,0
1,1,180009,0,0,0,0,0,0,0,0,0,0
0,1,180010,0,0,0,0,0,0,0,0,0,0
1,1,180010,0,0,0,0,0,0,0,0,0,0
1,1,180011,0,0,0,0,0,0,0,0,0,0
1,1,180012,0,0,0,0,0,0,0,0,0,0
0,1,180013,0,0,0,0,0,0,0,0,0,0
1,1,180013,0,0,0,0,0,0,0,0,0,0
1,1,180014,21,21,21,21,21,21,21,21,21,21
1,1,180015,0,0,0,0,0,0,0,0,0,0
2,1,180015,0,0,0,0,0,0,0,0,0,0
1,1,180016,0,0,0,0,0,0,0,0,0,0
2,1,180016,0,0,0,0,0,0,0,0,0,0
1,1,180017,0,0,0,0,0,0,0,0,0,0
2,1,180017,0,0,0,0,0,0,0,0,0,0
1,1,180018,0,0,0,0,0,0,0,0,16,0
2,1,180018,0,0,0,0,0,0,0,0,0,0
1,1,180019,0,0,0,0,0,0,0,0,0,0
1,1,180020,11,11,11,11,11,11,11,11,11,11
2,1,180020,0,0,0,0,0,0,0,0,0,0
1,1,180021,0,0,0,0,0,0,0,0,0,0
1,1,180022,0,0,0,0,0,0,0,0,0,0
1,1,180023,0,0,0,0,0,0,0,0,0,0
2,1,180023,0,0,0,0,0,0,0,0,0,0
1,1,180024,0,0,0,0,0,0,0,0,0,0
2,1,180024,0,0,0,0,0,0,0,0,0,0
1,1,180025,0,0,0,0,0,9,0,0,0,0
1,1,180026,0,0,0,0,0,0,0,0,0,0
2,1,180026,0,0,0,0,0,0,0,0,0,0
3,1,180026,0,0,0,0,0,0,0,0,0,0
0,1,180027,0,0,0,0,0,0,0,0,0,0
1,1,180027,0,0,0,0,0,0,0,0,0,0
1,1,180028,0,0,0,0,0,0,0,0,0,0
2,1,180028,0,0,0,0,0,0,0,0,0,0
1,1,180029,0,0,0,0,0,0,0,0,0,0
1,1,180030,0,0,0,0,0,0,0,0,0,0
2,1,180030,0,0,0,0,0,0,0,0,0,0
1,1,180031,0,0,0,0,0,0,0,0,0,0
1,1,180032,0,0,0,0,0,0,0,0,0,0
2,1,180032,0,0,0,0,0,0,0,0,0,0
1,1,180033,0,0,0,0,0,0,0,0,0,0
2,1,180033,0,0,0,0,0,0,0,0,0,0
0,1,180034,0,0,0,0,0,0,0,0,0,0
1,1,180034,0,0,0,0,0,0,0,0,0,0
1,1,180035,0,0,0,0,0,0,0,0,0,0
2,1,180035,0,0,0,0,0,0,0,0,0,0
1,1,180036,0,0,0,0,0,0,0,0,0,0
1,1,180037,33,33,33,33,33,33,33,33,33,33
1,1,180038,1,1,1,1,1,1,1,1,1,1
2,1,180038,17,17,17,17,17,17,17,17,17,17
1,1,180039,0,0,0,0,0,0,0,0,0,0
1,1,180040,0,0,0,0,0,0,0,0,0,0
2,1,180040,0,0,0,0,0,0,0,0,0,0
1,1,180041,0,0,0,0,0,0,0,0,0,0
1,1,180042,24,24,24,24,24,24,24,24,24,24
1,1,180043,0,0,0,0,0,0,0,0,0,0
1,1,180044,9,9,9,9,9,9,9,9,9,9
1,1,180045,0,0,0,0,0,0,0,0,0,0
1,1,180046,0,0,0,0,0,0,0,0,0,0
2,1,180046,0,0,0,0,0,0,0,0,0,0
0,1,180047,0,0,0,0,0,0,0,0,0,0
0,2,180047,0,0,0,0,0,0,0,0,0,0
1,1,180047,0,0,0,0,0,0,29,0,0,0
1,1,180048,12,12,12,12,12,12,12,12,12,12
0,1,180049,0,0,0,0,0,0,0,0,0,0
1,1,180049,0,0,0,0,0,0,0,0,0,0
1,1,180050,0,0,0,0,0,0,0,0,0,0
1,1,180052,0,0,0,0,0,0,0,0,0,11
1,1,180053,20,20,20,20,20,20,20,20,20,20
1,1,180054,0,0,0,0,0,0,0,0,0,0
1,1,180055,0,0,0,12,0,0,0,0,0,0
2,1,180055,0,0,0,0,0,0,0,0,0,0
1,1,180056,21,21,21,21,21,21,21,21,21,21
1,1,180057,10,10,10,10,10,10,10,10,10,10
1,1,180058,0,0,0,0,0,0,0,0,0,0
2,1,180058,0,0,0,0,0,0,0,0,0,0
1,1,180059,17,17,17,17,17,17,17,17,17,17
0,1,180060,0,0,0,0,0,0,0,0,0,0
1,1,180060,0,0,0,0,0,0,0,0,0,0
1,1,180061,0,0,0,0,0,0,0,0,0,0
2,1,180061,0,0,0,0,0,0,0,0,0,0
1,1,180062,0,0,0,0,0,0,0,0,0,0
2,1,180062,0,0,0,0,0,0,0,0,0,0
0,1,180063,16,16,16,16,16,16,16,16,16,16
1,1,180063,0,0,0,0,0,0,0,0,0,0
1,1,180064,0,0,0,0,0,0,0,0,0,0
3,1,180064,0,0,0,0,0,0,0,0,0,0
4,1,180064,0,0,0,0,0,0,0,0,0,0
1,1,180065,15,15,15,15,15,15,15,15,15,15
1,1,180066,0,0,0,0,0,0,0,0,0,0
2,1,180066,0,0,0,0,0,0,0,0,0,0
1,1,180067,21,21,21,21,21,21,21,21,21,21
2,1,180067,0,0,0,0,0,0,0,0,0,0
1,1,180068,13,13,13,13,13,13,13,13,13,13
2,1,180068,0,0,0,0,0,0,0,0,0,0
1,1,180069,0,0,0,0,0,0,0,0,0,0
1,1,180071,0,0,0,0,0,0,0,0,0,0
2,1,180071,0,0,0,0,0,0,0,0,24,0
1,1,180072,0,0,0,0,0,0,0,0,0,0
2,1,180072,0,0,0,0,0,0,0,0,0,0
1,1,180073,0,0,0,0,0,0,0,0,0,0
2,1,180073,0,0,0,0,0,0,0,0,0,0
1,1,180074,0,0,0,0,0,0,0,0,0,0
2,1,180074,0,0,0,0,0,0,0,0,0,0
1,1,180075,0,0,0,0,0,0,0,0,0,0
2,1,180075,0,0,0,0,0,0,0,0,0,0
1,1,180076,18,18,18,18,18,18,18,18,18,18
1,1,180077,0,0,0,0,0,0,0,0,0,0
2,1,180077,0,0,0,0,0,0,0,0,0,0
3,1,180077,0,0,0,0,0,0,0,0,0,0
4,1,180077,0,0,0,0,0,0,0,0,0,0
5,1,180077,0,0,0,0,0,0,0,0,0,0
1,1,180078,0,0,0,0,0,0,0,0,0,0
1,1,180079,0,0,0,0,0,0,0,0,0,0
2,1,180079,0,0,0,0,0,0,0,0,0,0
1,1,180080,0,0,0,0,0,0,0,0,0,0
1,1,180081,0,0,0,0,0,0,0,0,0,0
2,1,180081,0,0,0,0,0,0,0,0,0,0
1,1,180082,0,0,0,0,0,0,0,0,0,0
2,1,180082,0,0,0,0,0,0,0,0,0,0
1,1,180083,7,7,7,7,7,7,7,7,7,7
1,1,180084,0,0,0,0,0,0,0,0,0,0
1,1,180085,0,0,0,0,0,0,0,0,0,0
2,1,180085,0,0,0,0,0,0,0,0,0,0
1,1,180086,0,0,0,0,0,0,0,0,0,0
2,1,180086,0,0,0,0,0,0,0,7,0,0
1,1,180087,0,0,0,0,0,0,0,0,0,0
2,1,180087,0,0,0,0,0,0,0,0,0,0
1,1,180088,0,0,0,0,0,0,0,0,0,0
1,1,180089,0,0,0,0,0,0,0,0,11,0
1,1,180090,15,15,15,15,15,15,15,15,15,15
2,1,180090,24,24,24,24,24,24,24,24,24,24
1,1,180091,0,0,0,0,0,0,0,0,0,0
1,1,180092,0,0,0,0,0,0,0,0,0,0
1,1,180093,24,24,24,24,24,24,24,24,24,24
1,1,180094,0,0,0,0,0,0,0,0,0,0
2,1,180094,0,0,0,0,0,0,0,0,0,0
1,1,180095,33,33,33,33,33,33,33,33,33,33
0,1,180096,0,9,0,0,0,0,0,0,0,0
1,1,180096,0,0,0,0,0,0,0,0,0,0
1,1,180097,0,0,0,0,0,0,0,0,0,0
2,1,180097,0,0,0,0,0,0,0,0,0,0
1,1,180098,25,25,25,25,25,25,25,25,25,25
1,1,180099,0,0,0,0,0,0,0,0,0,0
2,1,180099,0,0,0,0,0,0,0,0,0,0
3,1,180099,0,0,0,0,0,0,0,0,0,0
1,1,180100,0,0,0,0,0,0,0,0,10,11
1,1,180101,0,0,0,0,0,0,0,0,0,0
0,1,180102,7,7,7,7,7,7,7,7,7,7
1,1,180102,0,0,0,0,0,0,0,0,0,0
1,1,180103,0,0,3,0,0,20,0,0,0,0
1,1,180104,0,0,0,0,0,0,0,0,0,0
2,1,180104,0,0,0,0,0,0,0,0,0,0
1,1,180105,0,0,0,0,0,0,0,0,0,0
1,1,180106,9,9,9,9,9,9,9,9,9,9
0,1,180107,0,0,0,17,0,0,0,0,0,0
1,1,180107,10,10,10,10,10,10,10,10,10,10
1,1,180108,0,0,0,0,0,0,0,0,0,0
1,1,180109,31,31,31,31,31,31,31,31,31,31
2,1,180109,0,0,0,0,0,0,0,0,0,0
1,1,180110,0,0,0,0,0,0,0,0,0,9
1,1,180112,11,11,11,11,11,11,11,11,11,11
1,1,180113,0,0,0,0,0,0,0,0,0,0
1,1,180114,0,0,0,0,0,0,0,0,0,0
1,1,180115,0,0,0,0,0,0,0,0,0,0
2,1,180115,0,0,0,0,0,0,0,0,0,0
1,1,180116,0,0,0,0,0,0,0,0,0,0
1,1,180117,0,0,0,0,0,0,0,0,0,0
2,1,180117,0,0,0,0,0,0,0,0,0,0
0,1,180118,31,31,31,31,31,31,31,31,31,31
1,1,180118,0,0,0,0,0,0,0,0,0,0
0,1,180119,0,0,0,0,0,0,0,0,0,0
1,1,180119,0,0,0,0,0,0,0,0,0,0
1,1,180120,0,0,0,0,0,0,0,0,0,0
1,1,180121,0,0,0,0,0,0,0,0,0,11
1,1,180122,0,0,0,0,0,0,0,0,0,0
2,1,180122,0,0,0,0,0,0,0,0,0,0
1,1,180123,4,4,4,4,4,4,4,4,4,4
1,1,180124,0,0,0,0,0,0,0,0,0,0
1,1,180125,13,13,13,13,13,13,13,13,13,13
0,1,180126,0,0,0,0,0,0,0,0,0,0
1,1,180126,0,0,0,0,0,0,0,0,0,0
1,1,180127,0,0,0,0,0,0,0,0,0,0
2,1,180127,0,0,0,0,0,0,0,0,0,0
1,1,180128,0,0,0,0,0,0,0,0,0,0
2,1,180128,7,7,7,7,7,7,7,7,7,7
1,1,180129,0,0,0,0,9,0,0,4,0,0
1,1,180130,0,0,0,0,0,0,0,0,0,0
1,1,180131,0,0,0,0,0,0,0,0,0,0
0,1,180132,0,0,0,0,0,0,13,16,0,7
0,2,180132,0,20,0,0,26,8,0,10,11,0
1,1,180132,17,17,17,17,17,17,17,17,17,17
2,1,180132,0,0,0,0,0,0,0,0,0,0
3,1,180132,0,0,0,0,0,0,0,0,0,0
4,1,180132,0,0,0,0,0,0,0,0,0,0
1,1,180133,0,0,0,0,0,0,0,0,0,0
1,1,180134,0,0,0,0,0,0,0,0,0,0
2,1,180134,0,0,0,0,0,0,0,0,0,0
1,1,180135,0,0,0,0,0,0,0,0,0,0
1,1,180136,0,0,0,0,0,0,0,0,0,0
1,1,180137,18,18,18,18,18,18,18,18,18,18
1,1,180138,0,0,0,0,0,0,0,0,0,0
2,1,180138,0,0,0,0,0,0,0,0,0,0
0,1,180139,0,0,0,0,0,0,0,0,0,0
1,1,180139,0,0,0,0,0,0,0,0,0,0
1,1,180140,0,0,0,0,0,0,0,0,0,0
2,1,180140,0,0,0,0,0,0,0,0,0,0
1,1,180141,0,0,0,0,0,0,0,0,0,0
2,1,180141,0,0,0,0,0,0,0,0,0,0
3,1,180141,0,0,0,0,0,0,0,0,0,0
1,1,180142,0,0,0,0,0,0,0,0,0,0
2,1,180142,0,0,0,0,0,0,0,0,0,0
1,1,180143,0,0,0,0,0,0,0,0,0,0
2,1,180143,0,0,0,0,0,0,0,0,0,0
1,1,180144,0,0,0,0,0,0,0,0,0,0
2,1,180144,0,0,0,0,0,0,0,0,0,5
1,1,180145,0,0,0,0,0,0,0,0,0,0
2,1,180145,0,0,0,0,0,0,0,0,0,0
1,1,180146,18,18,18,18,18,18,18,18,18,18
1,1,180147,0,0,0,0,0,0,0,0,0,0
2,1,180147,0,0,0,0,0,0,0,0,0,0
3,1,180147,0,0,0,0,0,0,0,0,0,0
1,1,180148,0,0,0,0,0,0,0,0,0,0
2,1,180148,0,0,0,0,0,0,0,0,0,0
1,1,180149,7,7,7,7,7,7,7,7,7,7
1,1,180150,0,0,0,0,0,0,0,0,0,0
1,1,180151,0,0,0,0,0,0,0,0,0,0
1,1,180152,0,0,0,0,0,0,0,0,0,0
2,1,180152,0,0,0,0,0,0,0,0,0,0
1,1,180153,0,0,0,0,0,0,0,0,0,0
2,1,180153,0,0,0,9,0,0,0,0,0,0
1,1,180154,22,22,22,22,22,22,22,22,22,22
1,1,180155,0,0,0,0,0,0,0,0,0,0
2,1,180155,0,0,0,0,0,0,0,0,0,0
1,1,180156,0,0,0,0,0,0,0,0,0,0
1,1,180157,0,0,15,0,0,0,0,0,0,0
2,1,180157,0,0,0,0,0,0,0,0,0,0
1,1,180159,0,0,0,0,0,0,0,0,0,0
2,1,180159,0,0,0,0,0,0,0,0,0,0
0,1,180160,0,0,0,0,25,0,0,0,0,0
1,1,180160,0,0,0,0,0,0,0,0,0,0
1,1,180161,0,0,0,0,0,0,0,0,0,0
1,1,180162,0,0,0,0,0,0,0,0,0,0
2,1,180162,0,0,0,0,0,0,0,0,0,0
1,1,180163,0,0,0,0,0,0,0,0,0,0
1,1,180164,0,0,0,0,0,0,0,0,0,0
1,1,180165,10,10,10,10,10,10,10,10,10,10
1,1,180166,7,7,7,7,7,7,7,7,7,7
2,1,180166,0,0,0,0,0,0,0,0,0,0
1,1,180167,0,0,0,0,0,0,0,0,0,0
2,1,180167,0,0,0,0,0,0,0,0,0,0
1,1,180168,18,18,18,18,18,18,18,18,18,18
1,1,180169,0,0,0,0,0,0,0,0,0,0
1,1,180170,0,0,0,0,0,0,0,0,0,0
2,1,180170,0,0,0,0,0,0,0,0,0,0
1,1,180171,0,0,0,0,0,0,0,0,0,0
2,1,180171,0,0,0,0,0,0,0,0,0,0
3,1,180171,0,0,0,0,0,0,0,0,0,0
1,1,180172,0,0,0,0,0,32,0,0,0,0
1,1,180173,0,0,0,0,0,0,0,0,0,5
2,1,180173,0,0,0,0,0,0,0,0,0,0
1,1,180174,0,0,0,0,0,0,0,0,0,0
1,1,180175,0,0,0,0,0,0,0,0,0,0
2,1,180175,0,0,0,0,0,0,0,0,0,0
1,1,180176,18,18,18,18,18,18,18,18,18,18
2,1,180176,0,0,0,0,0,0,0,0,0,0
3,1,180176,0,0,0,0,0,0,0,0,0,0
1,1,180177,0,0,0,0,0,0,0,0,0,0
2,1,180177,0,0,0,0,0,0,0,0,0,0
1,1,180178,0,0,0,0,0,0,0,0,0,0
2,1,180178,0,0,0,0,0,0,0,0,0,0
3,1,180178,0,0,0,0,0,0,0,0,0,0
1,1,180179,0,0,0,0,0,0,0,0,0,0
2,1,180179,0,0,0,0,0,0,0,0,0,0
3,1,180179,0,0,0,0,0,0,0,0,0,0
4,1,180179,0,0,0,0,0,0,0,0,0,0
1,1,180180,0,0,0,0,0,0,0,0,0,0
1,1,180181,0,0,0,0,0,0,0,0,0,0
2,1,180181,0,0,0,0,0,0,0,0,0,0
0,1,180183,0,0,0,0,0,0,0,0,0,0
1,1,180183,0,0,0,0,0,0,0,0,0,0
1,1,180184,0,0,0,0,0,0,0,0,0,0
1,1,180185,0,0,0,0,0,0,0,0,0,0
1,1,180186,0,0,0,0,0,0,0,0,0,0
2,1,180186,6,6,6,6,6,6,6,6,6,6
1,1,180187,0,0,0,0,0,0,0,0,0,0
1,1,180188,0,0,0,0,0,0,0,0,0,0
2,1,180188,0,0,0,0,0,0,0,0,0,0
0,1,180189,0,0,0,0,0,0,0,0,0,0
1,1,180189,0,0,0,0,0,0,0,0,0,0
2,1,180189,0,0,0,0,0,0,0,0,0,0
3,1,180189,0,0,0,0,0,0,0,0,0,0
1,1,180190,0,0,8,0,0,0,0,0,0,0
2,1,180190,0,0,0,0,0,0,0,0,0,0
1,1,180191,20,20,20,20,20,20,20,20,20,20
2,1,180191,0,0,0,0,0,0,0,0,0,0
3,1,180191,0,0,0,0,0,0,0,0,0,0
1,1,180192,8,8,8,8,8,8,8,8,8,8
2,1,180192,0,0,0,0,0,0,19,0,0,0
1,1,180193,0,0,0,0,0,0,0,0,0,0
2,1,180193,0,0,0,0,0,0,3,0,0,0
1,1,180194,0,0,0,0,0,0,0,0,0,0
2,1,180194,0,0,0,0,0,0,0,0,0,0
3,1,180194,0,0,0,0,0,0,0,0,0,0
1,1,180195,4,4,4,4,4,4,4,4,4,4
2,1,180195,0,0,0,0,0,0,0,0,0,0
1,1,180196,0,0,0,0,0,0,0,0,0,0
2,1,180196,0,0,0,0,0,0,0,0,0,0
1,1,180197,0,0,0,0,0,0,0,0,0,0
1,1,180198,19,19,19,19,19,19,19,19,19,19
2,1,180198,0,0,0,0,0,0,0,0,0,0
3,1,180198,0,0,0,0,0,0,0,0,0,0
1,1,180199,0,0,0,0,0,0,0,0,0,0
2,1,180199,0,0,0,0,0,0,0,0,0,0
1,1,180200,0,0,0,0,0,0,0,0,0,0
1,1,180201,0,0,0,0,0,0,0,0,0,0
1,1,180202,0,0,0,0,0,0,0,0,0,0
2,1,180202,0,0,0,0,0,0,0,0,0,0
1,1,180203,0,0,0,0,0,0,0,0,0,0
2,1,180203,0,0,0,0,0,0,0,0,0,0
0,1,180204,0,0,0,18,0,38,0,0,16,0
1,1,180204,0,0,0,0,5,0,0,0,0,0
1,1,180205,17,17,17,17,17,17,17,17,17,17
1,1,180206,0,0,0,0,0,0,0,0,0,0
2,1,180206,0,0,0,0,0,0,0,0,0,0
1,1,180207,19,19,19,19,19,19,19,19,19,19
2,1,180207,19,19,19,19,19,19,19,19,19,19
0,1,180208,16,16,16,16,16,16,16,16,16,16
1,1,180208,0,0,0,0,0,0,0,0,0,0
1,1,180209,2,2,2,2,2,2,2,2,2,2
1,1,180210,0,0,0,0,0,0,0,0,0,0
2,1,180210,0,0,0,0,0,0,0,0,0,0
1,1,180211,0,0,0,0,0,0,0,0,0,0
2,1,180211,0,0,0,0,0,0,0,0,0,0
1,1,180213,0,0,0,0,0,0,0,0,0,0
1,1,180214,0,0,0,0,0,0,0,0,0,0
2,1,180214,0,0,0,0,0,0,0,0,0,0
0,1,180215,0,0,0,0,0,0,0,0,0,0
1,1,180215,0,0,0,0,0,0,0,0,0,0
1,1,180216,0,0,0,0,0,0,0,0,0,0
2,1,180216,0,0,0,0,0,0,0,0,0,0
1,1,180217,0,0,0,0,0,0,0,0,0,0
2,1,180217,0,0,0,0,0,0,0,0,0,0
1,1,180218,0,0,0,0,0,0,0,0,0,0
1,1,180219,14,14,14,14,14,14,14,14,14,14
2,1,180219,0,0,0,0,0,0,0,0,0,0
1,1,180220,14,14,14,14,14,14,14,14,14,14
2,1,180220,0,0,0,0,0,0,0,0,0,0
2,1,180221,0,0,0,0,0,0,16,0,0,0
1,1,180222,31,31,31,31,31,31,31,31,31,31
1,1,180223,0,0,0,0,0,0,0,0,0,0
2,1,180223,0,0,0,0,0,0,0,0,0,0
3,1,180223,0,0,0,0,0,0,0,0,0,0
1,1,180224,0,0,0,0,0,0,0,0,0,0
2,1,180224,0,0,0,0,0,0,0,0,0,0
1,1,180225,0,0,0,0,0,0,0,0,0,0
2,1,180225,0,0,0,0,0,0,0,0,0,0
1,1,180226,2,2,2,2,2,2,2,2,2,2
2,1,180226,6,6,6,6,6,6,6,6,6,6
1,1,180227,0,0,0,0,0,0,0,0,0,0
2,1,180227,0,0,0,0,0,0,0,0,0,0
1,1,180228,0,0,0,0,0,0,0,0,0,0
1,1,180229,0,0,0,0,0,0,0,0,0,0
2,1,180229,0,0,0,0,0,0,0,0,0,0
1,1,180231,14,14,14,14,14,14,14,14,14,14
1,1,180232,0,0,0,0,0,0,0,0,0,0
2,1,180232,0,0,0,0,0,0,0,0,0,0
3,1,180232,0,0,0,0,0,0,0,0,0,0
1,1,180233,0,0,0,0,0,0,0,0,0,0
0,1,180234,0,0,0,0,0,0,0,0,0,0
1,1,180234,0,0,0,0,0,0,0,0,0,0
1,1,180235,0,0,0,0,0,0,0,0,0,0
2,1,180235,0,0,0,0,0,0,0,0,0,0
1,1,180236,0,0,0,0,0,0,0,0,0,0
2,1,180236,0,0,0,0,0,0,0,0,0,0
1,1,180237,0,0,0,0,0,0,0,0,0,0
2,1,180237,0,0,0,0,0,0,0,0,0,0
1,1,180238,9,9,9,9,9,9,9,9,9,9
2,1,180238,0,0,0,0,0,0,0,0,0,0
1,1,180239,0,0,0,0,0,0,0,0,0,0
2,1,180239,0,0,0,0,0,0,0,0,0,0
1,1,180240,0,0,0,0,0,0,0,0,0,0
1,1,180242,16,16,16,16,16,16,16,16,16,16
1,1,180244,26,26,26,26,26,26,26,26,26,26
2,1,180244,0,0,0,0,0,0,0,0,0,0
1,1,180245,0,0,0,0,0,0,0,0,0,0
2,1,180245,0,0,0,0,0,0,0,0,0,0
1,1,180246,0,0,0,0,0,0,0,0,0,0
1,1,180247,16,16,16,16,16,16,16,16,16,16
1,1,180248,0,12,0,0,0,0,0,0,0,0
2,1,180248,0,0,0,0,0,0,0,0,0,0
3,1,180248,0,0,0,0,0,0,0,0,0,0
0,1,180249,0,0,0,0,0,0,0,0,0,0
1,1,180249,0,0,0,0,0,0,0,0,0,0
1,1,180250,0,0,0,0,0,0,0,0,0,0
1,1,180251,0,0,0,0,0,0,0,0,0,0
1,1,180252,0,0,0,0,0,0,0,0,0,0
2,1,180252,0,0,0,0,0,0,0,0,0,0
3,1,180252,0,0,0,0,0,0,0,0,0,0
1,1,180253,9,9,9,9,9,9,9,9,9,9
1,1,180254,30,30,30,30,30,30,30,30,30,30
1,1,180255,0,0,0,0,0,0,0,0,2,0
2,1,180255,0,0,0,0,0,0,0,0,0,0
1,1,180256,0,0,0,0,0,0,0,0,0,0
1,1,180257,0,3,0,0,0,6,0,24,0,0
1,1,180258,0,0,0,0,0,0,0,0,0,0
2,1,180258,0,0,0,0,0,0,0,0,0,0
1,1,180259,0,0,0,0,0,0,0,0,0,0
1,1,180260,0,0,0,0,0,0,0,0,0,0
0,1,180261,27,22,37,0,29,19,37,0,28,27
1,1,180261,0,0,0,0,0,0,0,0,0,0
1,1,180262,0,0,0,0,0,0,0,0,0,0
1,1,180263,2,2,2,2,2,2,2,2,2,2
1,1,180264,18,0,0,0,0,0,14,0,0,0
1,1,180265,0,0,0,0,0,0,0,0,0,0
2,1,180265,0,0,0,0,0,0,8,0,0,0
1,1,180266,0,0,0,0,0,0,0,0,0,0
1,1,180267,15,15,15,15,15,15,15,15,15,15
1,1,180269,0,0,0,0,0,0,0,0,0,0
2,1,180269,0,0,0,0,0,0,0,0,0,0
1,1,180270,8,8,8,8,8,8,8,8,8,8
1,1,180271,0,12,0,0,23,28,0,21,7,14
0,1,180272,0,0,0,0,0,0,0,0,0,0
1,1,180272,0,0,0,0,0,0,0,0,0,0
1,1,180273,9,9,9,9,9,9,9,9,9,9
1,1,180274,0,0,0,0,0,0,0,0,0,0
1,1,180275,0,0,0,0,0,0,0,0,0,0
2,1,180275,0,0,0,0,0,0,0,0,0,0
1,1,180276,24,24,24,24,24,24,24,24,24,24
1,1,180277,0,0,0,0,0,0,0,0,0,0
2,1,180277,0,0,0,0,0,0,0,0,0,0
1,1,180279,24,24,24,24,24,24,24,24,24,24
1,1,180280,0,0,0,0,0,0,0,0,0,0
1,1,180281,18,18,18,18,18,18,18,18,18,18
1,1,180282,0,0,0,0,0,0,0,0,0,0
1,1,180283,5,5,5,5,5,5,5,5,5,5
2,1,180283,0,0,0,0,0,0,0,0,0,0
1,1,180284,0,0,0,0,0,0,0,0,0,0
2,1,180284,0,0,0,0,0,0,0,0,0,0
1,1,180285,0,0,0,0,0,0,0,0,0,0
2,1,180285,0,0,0,0,0,0,0,0,0,0
1,1,180286,13,13,13,13,13,13,13,13,13,13
0,1,180287,0,0,0,0,0,0,0,0,0,0
1,1,180287,0,0,0,0,0,0,0,0,0,0
1,1,180288,0,0,0,0,0,0,0,0,0,0
2,1,180288,0,0,0,0,0,0,0,0,0,0
0,1,180289,0,0,0,0,0,17,0,46,46,0
1,1,180289,0,0,0,0,0,0,0,0,0,0
1,1,180290,12,12,12,12,12,12,12,12,12,12
1,1,180291,0,0,0,0,0,0,0,0,0,0
2,1,180291,0,19,0,0,0,0,0,0,0,0
1,1,180292,0,0,0,0,0,0,0,0,0,0
2,1,180292,0,0,0,0,0,0,0,0,0,0
1,1,180293,0,0,0,0,0,0,0,0,0,0
2,1,180293,0,0,0,0,0,0,0,0,0,0
1,1,180294,11,11,11,11,11,11,11,11,11,11
2,1,180294,6,6,6,6,6,6,6,6,6,6
1,1,180295,0,0,0,0,0,0,0,0,33,0
1,1,180296,0,0,0,0,0,0,0,0,0,0
2,1,180296,0,0,0,0,0,0,0,0,0,0
1,1,180297,0,0,0,0,0,0,0,0,0,0
2,1,180297,0,0,0,0,0,0,0,0,0,0
3,1,180297,0,0,0,0,0,0,0,0,0,0
4,1,180297,0,0,0,0,0,0,0,0,0,0
5,1,180297,0,0,0,0,0,0,0,0,0,0
1,1,180298,0,0,0,0,0,0,0,0,0,0
2,1,180298,0,0,0,0,0,0,0,0,0,0
1,1,180299,0,0,0,0,0,0,0,0,0,0
2,1,180299,0,0,0,0,0,0,0,0,0,0
0,1,180300,0,0,0,0,0,0,0,0,0,0
1,1,180300,0,0,12,0,0,0,0,0,17,0
1,1,180301,0,0,0,0,0,0,0,0,14,0
1,1,180302,16,16,16,16,16,16,16,16,16,16
2,1,180302,0,0,0,0,0,0,0,0,0,0
1,1,180303,0,0,0,0,0,0,0,0,0,0
2,1,180303,0,0,0,0,0,0,0,0,0,0
1,1,180304,9,9,9,9,9,9,9,9,9,9
2,1,180304,0,0,0,0,0,0,0,0,0,0
3,1,180304,0,0,0,0,0,0,0,0,0,0
1,1,180305,4,4,4,4,4,4,4,4,4,4
2,1,180305,0,0,0,0,0,0,0,0,0,0
1,1,180306,0,0,0,0,0,0,0,0,0,0
2,1,180306,0,0,0,0,0,0,0,0,0,0
1,1,180307,0,0,0,0,0,0,0,0,0,0
2,1,180307,0,0,0,0,0,0,0,0,0,0
0,1,180308,0,0,0,0,0,0,0,0,0,0
1,1,180308,0,0,0,0,0,0,0,0,0,0
1,1,180309,0,0,0,0,0,0,0,0,0,0
0,1,180310,0,0,0,0,0,0,0,0,0,0
1,1,180310,22,22,22,22,22,22,22,22,22,22
1,1,180311,0,0,0,0,0,0,0,0,0,0
0,1,180312,0,0,0,0,0,0,0,0,0,0
1,1,180312,0,0,0,0,0,0,0,0,0,0
1,1,180313,0,0,0,0,0,0,0,0,0,0
2,1,180313,0,0,0,0,0,0,0,0,0,0
3,1,180313,0,0,0,0,0,0,0,0,0,0
1,1,180314,0,0,0,0,0,0,0,0,0,0
2,1,180314,0,0,0,0,0,0,0,0,0,0
1,1,180315,22,22,22,22,22,22,22,22,22,22
2,1,180315,0,0,0,0,0,0,0,0,0,0
1,1,180316,15,15,15,15,15,15,15,15,15,15
1,1,180317,0,0,0,0,0,0,0,0,0,0
2,1,180317,0,0,0,0,4,0,0,0,0,0
1,1,180318,0,0,0,0,0,0,0,0,0,0
2,1,180318,0,0,0,0,0,0,0,0,0,0
1,1,180319,9,0,0,0,0,0,0,0,0,0
1,1,180320,0,0,0,0,0,0,0,0,0,0
2,1,180320,0,0,0,0,0,0,0,0,0,0
1,1,180321,0,0,0,0,0,0,0,0,0,0
2,1,180321,0,0,0,0,0,0,0,0,0,0
1,1,180322,15,15,15,15,15,15,15,15,15,15
1,1,180323,0,0,0,0,0,0,0,0,0,0
2,1,180323,0,0,0,0,0,0,0,0,0,0
1,1,180324,0,0,0,0,0,0,0,0,0,0
2,1,180324,0,0,0,0,0,0,0,0,0,0
1,1,180325,0,0,0,0,0,0,0,0,0,0
2,1,180325,0,0,0,0,0,0,0,0,0,0
1,1,180326,0,0,0,0,0,0,0,0,0,0
2,1,180326,0,0,0,0,0,0,0,0,0,0
1,1,180327,11,11,11,11,11,11,11,11,11,11
2,1,180327,0,0,8,12,6,0,0,0,29,0
1,1,180328,0,0,0,0,0,0,0,0,0,0
0,1,180329,0,7,0,0,0,0,3,0,17,0
1,1,180329,0,0,0,0,0,0,0,0,0,0