VEH_NO,PER_NO,ST_CASE,P1,P2,P3,P4,P5,P6,P7,P8,P9,P10
1,1,180330,0,14,0,0,0,6,0,11,0,0
0,1,180331,20,0,0,0,0,0,0,0,0,0
1,1,180331,0,0,0,0,0,0,0,0,0,0
1,1,180332,0,0,0,0,0,0,0,0,0,0
2,1,180332,0,0,0,0,0,0,0,0,0,0
1,1,180333,0,0,0,0,0,0,0,0,0,0
2,1,180333,0,3,0,0,0,0,0,0,0,0
0,1,180334,0,0,14,0,0,0,0,0,0,0
1,1,180334,21,21,21,21,21,21,21,21,21,21
1,1,180335,0,0,0,0,0,0,0,0,0,0
2,1,180335,0,0,0,0,0,0,0,0,0,0
1,1,180336,0,0,0,0,0,0,0,0,0,0
2,1,180336,0,0,0,0,0,0,0,0,0,0
0,1,180337,0,0,0,0,0,0,0,0,0,0
1,1,180337,0,0,0,0,0,0,0,0,0,0
0,1,180338,0,0,0,0,0,0,0,0,0,0
1,1,180338,0,0,0,0,0,0,0,0,0,0
1,1,180339,21,21,21,21,21,21,21,21,21,21
1,1,180340,0,0,0,0,0,0,0,0,0,0
2,1,180340,0,0,0,0,0,0,0,0,0,0
3,1,180340,0,0,0,0,0,0,0,0,0,0
1,1,180341,0,0,0,0,0,0,0,0,0,0
1,1,180342,0,0,0,0,0,0,0,0,0,0
2,1,180342,0,0,0,0,0,0,0,0,0,0
1,1,180343,0,0,0,0,0,0,0,0,0,0
2,1,180343,9,9,9,9,9,9,9,9,9,9
1,1,180344,0,0,0,0,0,0,0,0,0,0
2,1,180344,14,14,14,14,14,14,14,14,14,14
1,1,180345,0,0,0,0,0,0,0,0,0,0
2,1,180345,0,0,0,0,0,0,0,0,0,0
1,1,180346,20,20,20,20,20,20,20,20,20,20
1,1,180347,0,0,0,0,0,0,0,0,0,0
2,1,180347,2,2,2,2,2,2,2,2,2,2
3,1,180347,0,0,0,0,0,0,0,0,0,0
1,1,180348,17,17,17,17,17,17,17,17,17,17
1,1,180349,0,0,0,0,0,0,0,0,0,0
2,1,180349,0,0,0,0,0,0,0,0,0,0
1,1,180350,0,0,0,0,0,0,0,0,0,0
2,1,180350,0,0,0,0,0,0,0,0,0,0
1,1,180351,0,0,0,0,0,0,0,0,0,0
1,1,180352,18,18,18,18,18,18,18,18,18,18
1,1,180353,0,0,0,0,0,0,0,0,0,0
2,1,180353,0,0,0,0,0,0,0,0,0,0
1,1,180354,18,0,0,0,0,0,0,0,0,0
1,1,180355,0,0,0,0,0,0,0,0,0,0
1,1,180356,0,0,0,0,0,0,0,0,0,0
1,1,180357,0,0,0,0,0,0,0,0,0,0
2,1,180357,0,0,0,0,0,0,0,0,0,0
0,1,180358,0,0,0,0,0,0,0,0,0,0
1,1,180358,0,0,0,0,0,0,0,0,0,0
1,1,180359,0,0,0,0,0,0,0,0,0,0
2,1,180359,0,0,0,0,0,0,0,0,0,0
1,1,180360,0,0,0,23,0,0,0,14,10,0
1,1,180361,0,0,0,0,0,0,0,0,0,0
1,1,180362,0,0,0,0,0,0,0,0,0,0
2,1,180362,0,0,0,0,0,0,0,0,0,0
3,1,180362,0,16,0,0,0,0,0,0,0,0
4,1,180362,0,0,0,0,0,0,0,0,0,0
5,1,180362,0,0,0,0,0,0,0,0,0,0
1,1,180363,0,0,7,0,12,0,6,0,10,17
1,1,180364,0,0,0,0,0,0,0,0,0,0
2,1,180364,0,0,0,0,0,0,0,0,0,0
1,1,180365,0,0,0,0,0,0,0,0,0,0
2,1,180365,0,0,0,0,0,0,0,0,0,0
1,1,180366,22,22,22,22,22,22,22,22,22,22
2,1,180366,0,0,0,0,0,0,0,0,0,0
1,1,180367,0,0,0,0,0,0,0,0,0,0
1,1,180368,10,10,10,10,10,10,10,10,10,10
1,1,180369,0,0,0,0,0,0,0,0,0,0
1,1,180370,0,0,0,0,0,0,0,0,0,0
1,1,180371,11,11,11,11,11,11,11,11,11,11
1,1,180372,17,17,17,17,17,17,17,17,17,17
2,1,180372,0,0,0,0,0,0,0,0,0,0
1,1,180373,0,0,0,0,0,0,0,0,0,0
1,1,180374,11,11,11,11,11,11,11,11,11,11
1,1,180375,10,10,10,10,10,10,10,10,10,10
1,1,180376,14,14,14,14,14,14,14,14,14,14
0,1,180377,0,18,10,0,10,0,6,0,17,10
1,1,180377,0,6,0,0,0,13,0,0,0,0
1,1,180378,22,22,22,22,22,22,22,22,22,22
1,1,180379,9,9,9,9,9,9,9,9,9,9
2,1,180379,0,0,0,0,0,0,0,0,0,0
1,1,180380,0,0,0,0,0,0,0,0,0,0
2,1,180380,0,0,0,0,0,0,0,0,0,0
1,1,180381,0,0,0,0,0,0,0,0,0,0
2,1,180381,0,0,0,0,0,0,0,0,0,5
1,1,180382,2,2,2,2,2,2,2,2,2,2
1,1,180383,0,0,0,0,0,0,0,0,0,0
1,1,180384,28,28,28,28,28,28,28,28,28,28
2,1,180384,6,6,6,6,6,6,6,6,6,6
1,1,180385,0,0,0,0,0,0,0,0,0,0
2,1,180385,0,0,0,0,0,0,0,0,0,0
1,1,180386,0,0,0,0,0,0,0,0,0,0
1,1,180387,0,0,0,0,0,0,0,0,0,0
2,1,180387,0,0,0,0,0,0,0,0,0,0
1,1,180388,0,0,0,0,0,0,0,0,0,0
1,1,180389,0,0,0,0,0,0,0,0,0,0
2,1,180389,0,0,0,0,0,0,0,0,0,0
1,1,180390,0,0,0,0,0,0,0,0,0,0
2,1,180390,7,0,0,0,0,0,0,0,0,6
1,1,180391,15,15,15,15,15,15,15,15,15,15
1,1,180392,0,0,0,0,0,0,0,0,0,0
2,1,180392,0,0,0,0,0,0,0,0,0,0
1,1,180393,0,0,0,0,0,0,0,0,0,0
2,1,180393,0,0,0,0,0,0,0,0,0,0
0,1,180394,0,0,32,0,0,0,0,0,0,0
1,1,180394,0,0,0,0,0,0,0,0,0,0
1,1,180395,15,15,15,15,15,15,15,15,15,15
2,1,180395,2,2,2,2,2,2,2,2,2,2
1,1,180396,11,0,0,0,0,0,0,0,0,0
2,1,180396,0,0,0,0,0,0,0,0,0,0
1,1,180397,0,0,0,0,0,0,0,0,0,0
2,1,180397,0,0,0,0,0,0,0,0,0,0
3,1,180397,0,0,0,0,0,0,0,0,0,0
1,1,180398,0,0,0,0,0,0,0,0,0,0
2,1,180398,0,0,0,0,0,0,0,0,0,0
3,1,180398,0,0,0,0,0,0,0,0,0,0
4,1,180398,0,0,0,0,0,0,0,0,0,0
1,1,180399,0,0,0,0,0,0,0,0,0,0
2,1,180399,0,0,0,0,0,0,0,0,0,0
1,1,180400,0,0,0,0,0,0,0,0,0,0
2,1,180400,0,0,0,0,0,0,0,0,0,0
1,1,180401,0,0,0,0,0,0,0,0,0,0
1,1,180402,0,0,0,0,0,0,0,0,0,0
2,1,180402,0,0,0,0,0,0,0,0,0,0
1,1,180403,0,0,0,0,0,0,0,0,0,0
2,1,180403,0,0,0,0,0,0,0,0,0,0
1,1,180404,0,0,0,0,0,0,0,0,0,0
1,1,180405,0,0,0,0,0,0,0,0,0,0
2,1,180405,0,14,0,0,0,0,0,0,0,0
3,1,180405,0,0,0,0,0,0,0,0,0,0
1,1,180406,0,0,0,0,0,0,0,0,0,0
1,1,180407,0,0,0,0,0,0,0,0,20,0
1,1,180408,0,0,0,0,0,0,0,0,0,0
2,1,180408,0,0,0,0,0,0,0,0,0,0
1,1,180409,0,0,0,0,0,0,0,0,0,0
2,1,180409,0,0,0,0,0,0,0,0,0,0
1,1,180410,15,6,13,14,0,8,0,10,18,17
2,1,180410,0,0,0,0,0,0,0,0,0,0
1,1,180411,0,0,0,33,20,18,0,2,2,0
1,1,180412,0,0,0,0,0,0,0,0,0,0
2,1,180412,0,0,4,0,0,0,0,0,0,0
1,1,180413,22,22,22,22,22,22,22,22,22,22
1,1,180414,17,17,17,17,17,17,17,17,17,17
1,1,180415,11,11,11,11,11,11,11,11,11,11
2,1,180415,0,0,0,0,0,0,0,0,0,0
1,1,180416,15,15,15,15,15,15,15,15,15,15
2,1,180416,0,0,0,0,0,0,0,0,0,0
1,1,180417,0,0,24,0,0,0,2,0,0,0
1,1,180418,0,0,0,0,0,0,0,0,0,0
2,1,180418,0,0,0,0,0,0,0,0,0,0
1,1,180419,8,8,8,8,8,8,8,8,8,8
1,1,180421,0,0,0,0,0,0,0,0,0,0
1,1,180422,0,0,0,0,0,0,0,0,0,0
1,1,180423,0,0,0,0,0,0,0,0,0,0
2,1,180423,0,0,0,0,0,0,0,0,0,0
1,1,180424,0,0,0,0,0,0,0,0,0,0
2,1,180424,0,0,0,0,0,0,0,0,0,0
1,1,180425,0,0,0,0,0,0,0,0,0,0
2,1,180425,7,0,0,0,0,0,0,0,0,0
0,1,180426,0,0,0,0,0,0,0,0,0,0
1,1,180426,0,0,0,0,0,0,0,0,0,0
1,1,180427,0,0,0,0,0,0,0,0,0,0
2,1,180427,0,0,0,0,0,0,0,0,0,0
1,1,180428,0,0,0,0,0,0,0,0,0,0
2,1,180428,0,0,13,0,0,0,0,10,0,0
1,1,180429,22,22,22,22,22,22,22,22,22,22
1,1,180430,0,15,0,0,0,12,0,0,11,0
0,1,180431,0,0,0,13,21,0,18,8,0,0
1,1,180431,0,0,0,0,0,0,0,0,0,0
0,1,180432,0,0,0,0,0,0,0,0,0,0
1,1,180432,11,11,11,11,11,11,11,11,11,11
1,1,180433,0,0,0,0,0,0,0,0,0,0
2,1,180433,0,0,0,0,0,0,0,0,0,0
1,1,180434,14,14,14,14,14,14,14,14,14,14
1,1,180435,0,0,0,0,0,0,0,0,0,0
1,1,180436,0,0,0,0,0,0,0,0,0,0
1,1,180437,0,0,0,0,0,0,0,0,0,0
2,1,180437,0,0,0,0,0,0,0,0,0,0
1,1,180438,0,0,0,0,0,0,0,0,0,0
2,1,180438,0,0,0,0,0,0,0,0,0,0
0,1,180439,0,27,0,0,0,0,0,0,0,0
0,2,180439,0,0,0,0,0,0,0,0,0,0
1,1,180439,39,39,39,39,39,39,39,39,39,39
2,1,180439,6,6,6,6,6,6,6,6,6,6
3,1,180439,0,0,0,0,0,0,0,0,0,0
1,1,180440,27,27,27,27,27,27,27,27,27,27
1,1,180441,0,0,0,0,0,0,0,0,0,0
1,1,180442,21,21,21,21,21,21,21,21,21,21
1,1,180443,21,21,21,21,21,21,21,21,21,21
2,1,180443,0,0,0,0,0,0,0,0,0,0
3,1,180443,0,0,0,0,0,0,0,0,0,0
1,1,180444,0,0,0,0,0,0,0,0,0,0
2,1,180444,0,0,0,0,0,0,0,0,0,0
1,1,180445,0,0,0,0,0,0,0,0,0,0
1,1,180446,0,0,0,0,0,0,0,0,0,0
2,1,180446,0,0,0,0,0,0,0,0,0,0
1,1,180447,0,0,0,0,0,0,0,0,0,0
2,1,180447,0,0,0,0,0,0,0,0,0,0
1,1,180448,0,5,0,0,14,0,0,0,0,0
1,1,180449,0,0,0,0,0,0,0,0,0,0
2,1,180449,0,0,0,0,0,0,0,16,0,0
1,1,180450,0,0,0,0,0,0,0,0,0,0
2,1,180450,0,0,0,0,0,0,0,0,0,0
1,1,180451,0,0,0,0,0,0,0,0,0,0
1,1,180452,58,58,58,58,58,58,58,58,58,58
2,1,180452,0,0,0,0,0,0,0,0,0,0
3,1,180452,0,0,0,0,0,0,0,0,0,0
1,1,180453,19,4,11,9,0,8,3,6,3,3
1,1,180454,20,20,20,20,20,20,20,20,20,20
0,1,180455,0,13,0,0,10,0,0,0,0,0
1,1,180455,0,0,0,0,0,0,0,0,0,0
1,1,180456,9,9,9,9,9,9,9,9,9,9
1,1,180457,11,11,11,11,11,11,11,11,11,11
1,1,180458,0,0,0,0,0,0,0,0,0,0
1,1,180459,22,22,22,22,22,22,22,22,22,22
1,1,180460,0,0,0,0,0,0,0,0,0,0
1,1,180461,0,0,0,0,0,0,0,0,0,0
1,1,180462,0,0,0,0,0,15,0,11,0,0
1,1,180463,10,10,10,10,10,10,10,10,10,10
2,1,180463,0,0,0,0,0,0,0,0,0,0
3,1,180463,0,0,0,0,0,0,0,0,0,0
1,1,180464,0,0,0,0,0,0,0,0,0,0
2,1,180464,0,0,0,0,0,0,0,0,0,0
1,1,180465,0,0,0,0,0,0,10,0,0,0
1,1,180466,0,0,0,0,0,0,0,0,0,0
2,1,180466,0,0,0,0,0,0,0,0,0,0
0,1,180467,0,0,0,0,0,0,0,0,0,0
1,1,180467,0,0,0,0,0,0,0,0,0,0
1,1,180468,0,0,0,0,0,0,0,0,0,0
2,1,180468,0,0,0,0,0,0,0,0,0,0
1,1,180469,14,14,14,14,14,14,14,14,14,14
0,1,180470,0,17,17,0,0,0,38,0,0,0
1,1,180470,16,0,0,0,21,0,0,0,7,0
0,1,180471,0,0,0,0,0,0,0,0,0,0
1,1,180471,0,0,0,0,0,0,0,0,0,0
1,1,180472,0,0,0,0,0,0,0,0,0,0
2,1,180472,0,0,0,0,0,0,0,0,0,0
1,1,180473,0,0,0,0,0,0,0,0,0,0
1,1,180474,0,0,0,0,0,0,0,0,0,0
1,1,180475,0,0,0,0,0,0,0,0,0,0
1,1,180476,0,0,0,0,0,0,0,0,0,0
2,1,180476,0,0,0,0,0,0,0,0,0,0
0,1,180477,0,0,0,0,0,9,0,0,0,0
1,1,180477,0,0,0,0,0,20,0,0,0,0
2,1,180477,10,10,10,10,10,10,10,10,10,10
1,1,180478,0,0,0,0,0,0,0,0,0,0
2,1,180478,0,0,0,0,0,0,0,8,0,0
1,1,180479,0,0,0,0,0,0,0,0,0,0
2,1,180479,0,0,0,0,0,0,0,0,0,0
1,1,180480,0,0,0,0,0,0,0,0,0,0
2,1,180480,0,0,0,0,0,0,0,0,0,0
1,1,180481,0,0,0,0,0,0,0,0,0,0
2,1,180481,3,0,0,0,0,0,0,0,0,0
1,1,180482,0,0,0,0,0,0,0,0,0,0
1,1,180483,0,0,0,0,0,0,0,0,0,0
2,1,180483,0,0,0,0,0,0,0,0,0,0
1,1,180484,0,0,0,0,0,0,0,0,0,0
2,1,180484,6,6,6,6,6,6,6,6,6,6
1,1,180485,0,0,0,0,0,0,0,0,0,0
1,1,180486,0,0,0,0,15,0,0,0,0,0
0,1,180487,0,0,0,0,0,0,0,0,0,0
1,1,180487,0,0,0,0,0,0,0,0,0,0
1,1,180488,0,0,0,0,0,0,0,32,0,0
1,1,180489,0,0,0,0,0,0,0,0,0,0
1,1,180490,2,2,2,2,2,2,2,2,2,2
1,1,180491,3,13,17,15,21,24,7,15,17,12
1,1,180492,0,0,0,0,0,0,0,0,0,0
2,1,180492,0,7,0,0,0,12,0,0,0,0
1,1,180493,0,0,0,0,0,0,0,0,0,5
2,1,180493,0,0,0,0,0,0,0,0,0,0
1,1,180494,0,0,0,0,0,0,0,0,0,0
2,1,180494,0,0,0,0,0,0,0,0,0,0
1,1,180495,23,23,23,23,23,23,23,23,23,23
0,1,180496,0,0,6,0,0,0,0,0,0,0
1,1,180496,12,12,12,12,12,12,12,12,12,12
1,1,180497,0,0,0,0,0,0,0,0,0,0
1,1,180498,0,0,0,0,0,0,0,0,0,0
2,1,180498,0,0,0,0,0,0,0,0,0,0
1,1,180499,28,28,28,28,28,28,28,28,28,28
1,1,180500,0,0,0,0,0,0,0,0,0,0
0,1,180501,17,17,17,17,17,17,17,17,17,17
1,1,180501,0,0,0,0,0,0,0,0,0,0
1,1,180502,0,3,0,0,0,0,0,0,0,0
1,1,180503,0,0,0,0,0,0,0,0,0,0
1,1,180504,0,0,0,0,0,0,0,0,0,0
2,1,180504,0,0,0,0,0,0,0,0,0,0
1,1,180505,16,16,16,16,16,16,16,16,16,16
1,1,180506,21,21,21,21,21,21,21,21,21,21
2,1,180506,0,0,0,0,0,0,0,0,0,0
1,1,180507,26,26,26,26,26,26,26,26,26,26
1,1,180508,60,60,60,60,60,60,60,60,60,60
2,1,180508,0,0,0,0,0,0,0,0,0,0
1,1,180509,17,17,17,17,17,17,17,17,17,17
1,1,180510,0,0,0,0,0,0,0,0,0,0
2,1,180510,0,0,0,0,0,0,0,0,0,0
1,1,180511,11,11,11,11,11,11,11,11,11,11
1,1,180512,0,0,0,0,0,0,0,0,0,0
2,1,180512,0,0,0,0,0,0,0,0,0,0
1,1,180513,24,24,24,24,24,24,24,24,24,24
0,1,180514,0,15,23,0,0,0,0,0,0,0
0,2,180514,0,0,0,0,0,0,0,0,0,0
1,1,180514,0,0,0,0,0,0,0,0,0,0
0,1,180515,0,0,0,0,0,0,0,0,0,0
1,1,180515,0,0,0,0,0,0,0,0,0,0
0,1,180516,0,0,0,0,0,0,0,0,0,0
1,1,180516,0,0,0,0,0,0,0,0,0,0
1,1,180517,0,0,0,0,0,0,0,0,0,0
2,1,180517,0,0,0,0,0,0,0,0,0,0
3,1,180517,0,0,0,0,0,0,0,0,0,0
1,1,180518,9,0,0,0,0,0,18,16,19,4
1,1,180519,6,6,6,6,6,6,6,6,6,6
2,1,180519,0,0,0,0,0,0,0,0,0,0
3,1,180519,0,0,0,0,0,0,0,0,0,0
1,1,180520,0,0,0,0,16,10,14,0,0,0
1,1,180521,0,0,0,0,0,0,0,0,0,0
2,1,180521,0,0,0,0,0,0,0,0,0,0
1,1,180522,0,0,0,0,0,0,0,0,0,0
2,1,180522,0,0,0,0,0,0,0,0,0,0
1,1,180523,0,0,7,0,0,0,0,0,0,0
2,1,180523,0,7,0,5,0,14,0,0,12,0
1,1,180524,0,0,0,0,0,0,0,0,0,0
2,1,180524,0,0,0,0,0,0,0,0,0,0
1,1,180525,0,0,0,0,0,0,0,0,0,0
1,1,180526,0,0,0,0,0,0,0,0,0,0
1,1,180527,8,8,8,8,8,8,8,8,8,8
1,1,180528,0,0,0,0,0,0,0,0,0,0
1,1,180529,11,11,11,11,11,11,11,11,11,11
2,1,180529,0,0,0,0,0,0,0,0,0,0
1,1,180530,0,0,0,0,0,0,0,0,0,0
1,1,180531,0,0,0,0,0,0,0,0,0,0
1,1,180532,0,0,0,0,0,0,0,0,0,0
2,1,180532,0,0,0,5,0,0,0,0,0,0
3,1,180532,0,0,0,0,0,0,0,0,0,0
4,1,180532,0,0,0,0,0,0,0,0,0,0
5,1,180532,0,0,0,0,0,0,0,0,0,0
0,1,180533,0,0,0,0,0,0,0,0,0,0
1,1,180533,0,0,0,0,0,0,0,0,0,0
1,1,180534,0,0,0,0,0,0,0,0,0,0
2,1,180534,0,0,0,0,0,10,0,0,0,0
1,1,180535,0,0,0,0,0,0,0,0,0,0
2,1,180535,0,0,0,0,0,0,0,0,0,0
1,1,180536,0,0,0,0,0,0,0,0,0,0
2,1,180536,0,0,0,0,0,0,0,0,0,0
1,1,180537,0,0,0,0,0,0,0,0,0,0
0,1,180538,0,0,0,0,0,0,0,0,0,0
1,1,180538,0,0,6,0,0,0,0,0,0,14
1,1,180539,0,0,0,0,0,0,0,0,0,0
2,1,180539,0,0,0,0,0,0,0,0,0,0
3,1,180539,0,0,0,0,0,0,0,0,0,0
1,1,180540,0,0,0,0,0,0,0,0,0,0
1,1,180541,0,0,0,0,0,0,0,0,0,0
2,1,180541,0,0,0,0,0,0,0,0,0,0
1,1,180542,21,21,21,21,21,21,21,21,21,21
2,1,180542,0,0,0,0,0,0,0,0,0,0
3,1,180542,0,0,0,0,0,0,0,0,0,0
6,1,180542,8,0,0,0,0,0,4,0,0,11
1,1,180543,19,19,19,19,19,19,19,19,19,19
1,1,180544,0,0,0,0,0,0,0,0,0,0
1,1,180545,0,0,0,0,0,0,0,0,0,0
2,1,180545,0,0,0,0,0,0,0,0,0,0
1,1,180546,13,13,13,13,13,13,13,13,13,13
0,1,180547,0,0,0,0,6,0,0,0,0,0
1,1,180547,0,0,0,0,0,0,0,0,0,0
1,1,180548,7,7,7,7,7,7,7,7,7,7
2,1,180548,0,0,0,0,0,0,0,0,0,0
1,1,180549,16,16,16,16,16,16,16,16,16,16
1,1,180550,0,0,0,0,0,0,0,0,0,0
2,1,180550,0,0,0,0,0,0,0,0,0,0
1,1,180551,0,0,0,0,0,0,0,0,0,0
2,1,180551,0,0,0,0,0,0,0,0,0,0
3,1,180551,0,0,0,0,0,0,0,0,0,0
4,1,180551,0,0,0,0,0,0,0,0,0,0
1,1,180552,0,0,0,0,0,0,0,0,0,0
1,1,180553,0,0,0,0,0,0,0,0,0,0
2,1,180553,0,0,0,0,0,0,0,0,0,0
1,1,180554,30,30,30,30,30,30,30,30,30,30
2,1,180554,0,0,0,0,0,0,0,0,0,0
1,1,180555,0,0,0,0,0,0,0,0,0,0
2,1,180555,0,0,0,0,0,0,0,0,0,0
1,1,180556,0,0,0,0,0,0,0,0,0,0
1,1,180557,0,0,0,0,0,0,0,0,0,0
1,1,180558,23,23,23,23,23,23,23,23,23,23
1,1,180559,0,0,0,0,0,0,0,0,0,0
2,1,180559,0,0,0,0,0,0,0,0,0,0
0,1,180560,0,0,0,0,0,0,0,0,0,0
1,1,180560,0,0,0,0,0,0,0,0,0,0
1,1,180561,0,0,0,0,0,0,0,0,0,0
1,1,180562,0,0,0,18,0,3,0,0,0,0
1,1,180563,6,0,0,0,0,0,0,8,0,0
1,1,180565,12,12,12,12,12,12,12,12,12,12
2,1,180565,0,0,0,0,0,0,0,0,0,0
3,1,180565,0,0,0,0,0,0,0,0,0,0
1,1,180566,0,0,0,0,0,0,0,0,0,0
2,1,180566,0,0,0,0,0,0,0,0,0,0
1,1,180567,26,26,26,26,26,26,26,26,26,26
1,1,180569,17,17,17,17,17,17,17,17,17,17
1,1,180570,0,17,0,0,0,0,0,0,0,12
1,1,180571,30,30,30,30,30,30,30,30,30,30
1,1,180572,0,0,0,0,0,22,0,0,0,11
2,1,180572,0,0,0,0,0,0,0,0,0,0
1,1,180573,18,0,0,16,0,23,18,32,0,0
1,1,180574,18,18,18,18,18,18,18,18,18,18
1,1,180575,0,0,0,0,0,0,0,0,0,0
2,1,180575,0,0,0,0,0,0,0,0,0,0
1,1,180576,0,0,0,0,0,0,0,0,0,0
2,1,180576,0,0,0,0,0,0,0,0,0,0
1,1,180577,0,0,0,0,0,0,0,0,0,0
2,1,180577,0,0,0,0,0,0,0,0,0,0
1,1,180578,0,0,0,0,0,0,0,0,0,0
2,1,180578,0,0,0,0,0,0,0,0,0,0
1,1,180579,0,0,0,0,0,0,0,0,0,0
1,1,180580,24,24,24,24,24,24,24,24,24,24
1,1,180581,0,0,0,0,0,0,0,0,0,0
2,1,180581,0,0,0,0,0,0,0,0,0,0
1,1,180582,0,0,0,0,0,0,0,0,0,0
2,1,180582,0,0,0,0,0,0,0,0,0,0
1,1,180583,0,0,0,0,0,0,0,0,0,0
2,1,180583,0,0,0,0,0,0,0,0,0,0
0,1,180585,0,0,15,0,0,8,10,0,0,0
0,2,180585,0,0,0,0,0,0,0,0,0,0
1,1,180585,0,0,0,0,0,0,0,0,0,0
1,1,180586,0,0,0,0,0,0,0,0,0,0
2,1,180586,0,0,0,0,0,0,0,0,0,0
1,1,180587,0,0,0,0,0,0,0,0,0,0
1,1,180588,0,0,0,0,0,0,0,0,0,0
1,1,180589,0,0,0,0,0,0,0,0,0,0
2,1,180589,0,0,0,0,0,0,0,0,0,0
1,1,180590,0,0,0,0,0,0,0,0,0,0
2,1,180590,0,0,0,0,0,0,0,0,0,0
1,1,180591,0,0,0,0,0,0,0,0,0,0
2,1,180591,0,0,0,0,13,0,0,19,11,8
1,1,180592,0,0,0,0,0,0,0,0,0,0
2,1,180592,0,0,0,0,0,0,0,0,0,0
0,1,180593,0,0,0,0,0,0,0,0,0,0
1,1,180593,0,0,0,0,0,0,0,0,0,0
0,1,180594,24,24,24,24,24,24,24,24,24,24
1,1,180594,0,0,0,0,0,0,0,0,0,0
1,1,180595,0,0,0,0,0,0,0,0,0,0
2,1,180595,0,0,0,0,0,0,0,0,0,0
1,1,180596,0,0,0,0,0,0,0,0,0,0
2,1,180596,0,0,0,0,0,0,0,0,0,0
1,1,180597,0,0,0,0,0,0,0,0,0,0
2,1,180597,0,0,0,0,0,0,0,0,0,0
1,1,180598,12,12,12,12,12,12,12,12,12,12
0,1,180599,0,0,0,0,0,0,24,0,0,0
1,1,180599,0,0,0,0,0,0,0,0,0,0
1,1,180600,0,0,0,0,0,0,0,0,0,0
2,1,180600,0,0,0,0,0,0,0,0,0,0
1,1,180601,41,41,41,41,41,41,41,41,41,41
2,1,180601,0,0,0,0,0,0,0,0,0,0
1,1,180602,0,0,0,0,0,0,0,0,0,0
2,1,180602,0,0,0,0,0,0,0,0,0,0
3,1,180602,0,0,0,0,0,0,0,0,23,0
4,1,180602,0,0,0,0,0,0,0,0,0,0
5,1,180602,0,0,0,0,0,0,0,0,0,0
0,1,180603,34,34,34,34,34,34,34,34,34,34
1,1,180603,0,0,0,0,0,0,6,0,0,0
1,1,180604,0,0,0,0,0,0,0,0,0,0
2,1,180604,0,0,0,0,0,0,0,0,0,0
1,1,180605,0,0,9,17,0,0,0,0,0,22
1,1,180606,27,27,27,27,27,27,27,27,27,27
1,1,180607,0,0,0,0,0,0,0,0,0,0
2,1,180607,0,0,0,0,0,0,0,0,0,0
1,1,180608,28,0,22,0,0,0,0,22,22,8
1,1,180609,0,0,0,0,0,0,0,0,0,0
2,1,180609,1,1,1,1,1,1,1,1,1,1
1,1,180610,0,0,0,0,0,0,0,0,0,0
0,1,180611,0,0,0,0,0,0,0,0,0,0
1,1,180611,30,30,30,30,30,30,30,30,30,30
0,1,180612,0,0,0,0,0,0,0,0,0,0
1,1,180612,0,0,0,0,16,0,0,0,0,5
1,1,180613,22,22,22,22,22,22,22,22,22,22
1,1,180614,20,25,20,10,17,18,37,11,17,19
1,1,180615,2,2,2,2,2,2,2,2,2,2
1,1,180616,0,0,0,0,0,0,0,0,0,0
2,1,180616,0,0,0,0,0,0,0,0,0,0
1,1,180617,30,30,30,30,30,30,30,30,30,30
1,1,180618,0,0,0,0,0,0,0,0,0,0
2,1,180618,1,1,1,1,1,1,1,1,1,1
1,1,180619,0,0,0,0,0,0,0,0,0,0
1,1,180620,0,0,0,0,0,0,9,0,0,0
1,1,180621,0,0,7,0,0,0,15,0,0,0
1,1,180622,0,0,0,0,0,0,0,0,0,0
2,1,180622,0,0,0,0,0,0,0,0,0,0
3,1,180622,0,0,0,0,0,0,0,0,0,0
4,1,180622,0,0,0,0,0,0,0,0,0,0
5,1,180622,0,0,0,0,0,0,0,0,0,0
1,1,180623,0,0,0,0,0,0,0,0,0,0
2,1,180623,0,0,0,0,0,0,0,0,0,0
1,1,180624,0,0,0,0,0,0,0,0,0,0
2,1,180624,0,0,0,0,0,0,0,0,0,0
0,1,180625,0,0,0,0,0,0,0,0,0,0
1,1,180625,0,0,0,0,0,0,0,0,0,0
1,1,180626,0,0,0,0,7,0,0,0,0,0
0,1,180627,21,0,0,0,0,0,0,20,0,0
0,2,180627,0,0,0,0,0,0,0,0,0,0
1,1,180627,0,0,0,0,0,0,0,0,0,0
1,1,180628,23,23,23,23,23,23,23,23,23,23
2,1,180628,0,0,0,0,0,0,0,0,0,0
1,1,180629,0,0,0,0,0,0,0,0,0,0
2,1,180629,0,0,0,0,0,0,0,0,0,0
1,1,180630,26,26,26,26,26,26,26,26,26,26
1,1,180631,0,5,0,0,0,0,0,0,0,0
1,1,180632,0,0,0,0,0,0,0,0,0,0
2,1,180632,0,0,0,0,0,0,0,0,0,0
3,1,180632,0,0,0,0,0,0,0,0,0,0
4,1,180632,0,0,0,0,0,0,0,0,0,0
1,1,180633,0,0,0,0,0,0,0,0,0,0
1,1,180634,0,0,0,0,0,0,0,0,0,0
1,1,180635,9,9,9,9,9,9,9,9,9,9
1,1,180636,0,0,0,0,0,0,0,0,0,0
2,1,180636,0,0,0,0,0,0,0,0,0,0
1,1,180637,19,19,19,19,19,19,19,19,19,19
1,1,180638,17,17,17,17,17,17,17,17,17,17
1,1,180640,24,24,24,24,24,24,24,24,24,24
1,1,180641,0,0,0,0,0,0,0,0,0,0
2,1,180641,0,0,0,0,0,0,0,0,0,0