VEH_NO,PER_NO,ST_CASE,P1,P2,P3,P4,P5,P6,P7,P8,P9,P10
1,1,180642,0,0,0,0,0,0,0,0,0,0
1,1,180643,27,18,0,20,22,0,31,32,12,0
1,1,180644,20,20,20,20,20,20,20,20,20,20
2,1,180644,0,0,0,0,0,0,0,0,0,0
1,1,180645,0,0,0,0,0,0,0,0,0,0
1,1,180646,25,25,25,25,25,25,25,25,25,25
2,1,180646,0,0,0,0,0,0,0,0,0,0
1,1,180647,0,12,0,0,0,0,0,0,0,0
0,1,180648,0,0,0,0,0,0,0,0,0,10
1,1,180648,0,0,0,0,0,0,0,0,0,0
1,1,180649,0,0,0,0,0,0,0,0,0,0
1,1,180650,11,11,11,11,11,11,11,11,11,11
1,1,180651,19,19,19,19,19,19,19,19,19,19
1,1,180652,30,30,30,30,30,30,30,30,30,30
1,1,180653,0,0,0,0,0,0,0,0,0,0
1,1,180654,0,0,0,0,0,0,0,0,0,0
1,1,180655,6,6,6,6,6,6,6,6,6,6
1,1,180656,25,25,25,25,25,25,25,25,25,25
2,1,180656,0,0,0,0,0,0,0,0,0,0
1,1,180657,0,0,0,0,0,0,0,0,0,0
2,1,180657,0,0,0,0,0,7,0,0,0,0
1,1,180658,15,15,15,15,15,15,15,15,15,15
2,1,180658,0,0,0,0,0,0,0,0,0,0
1,1,180659,14,14,14,14,14,14,14,14,14,14
2,1,180659,0,0,0,0,0,0,0,0,0,0
1,1,180660,19,19,19,19,19,19,19,19,19,19
1,1,180661,33,33,33,33,33,33,33,33,33,33
2,1,180661,0,0,0,0,0,0,0,0,0,0
3,1,180661,4,0,0,0,0,0,0,0,0,0
1,1,180662,0,0,0,0,0,0,0,0,0,0
1,1,180663,0,0,0,0,0,3,0,0,0,0
2,1,180663,0,0,0,0,0,0,0,0,0,0
1,1,180664,0,0,0,0,0,0,0,0,0,0
1,1,180665,0,0,0,0,5,6,20,0,0,0
1,1,180666,0,0,0,0,0,0,0,0,0,0
2,1,180666,0,0,0,0,0,0,0,0,0,0
1,1,180667,14,14,14,14,14,14,14,14,14,14
2,1,180667,0,0,0,0,0,0,0,0,0,0
1,1,180668,22,22,22,22,22,22,22,22,22,22
1,1,180669,17,17,17,17,17,17,17,17,17,17
1,1,180670,0,0,0,0,0,0,0,0,0,0
1,1,180671,16,16,16,16,16,16,16,16,16,16
2,1,180671,16,0,0,0,0,0,10,0,0,0
1,1,180672,7,7,7,7,7,7,7,7,7,7
1,1,180673,0,0,0,0,0,0,0,4,0,0
1,1,180674,0,0,0,0,0,0,0,0,0,0
1,1,180675,17,17,17,17,17,17,17,17,17,17
1,1,180676,16,0,13,0,0,0,0,0,0,0
0,1,180677,0,20,0,25,23,0,13,0,0,38
1,1,180677,0,0,0,0,0,0,0,0,0,0
1,1,180678,0,0,0,0,0,0,0,0,0,0
2,1,180678,0,0,0,0,0,0,0,0,0,0
0,1,180679,0,0,0,0,0,0,0,0,0,0
1,1,180679,0,0,0,0,0,0,0,0,0,0
1,1,180680,0,19,0,11,15,13,0,19,28,31
1,1,180681,0,0,0,0,0,0,0,0,0,0
2,1,180681,0,0,0,0,0,0,0,0,0,0
0,1,180682,0,0,0,0,0,0,0,0,0,0
1,1,180682,0,0,0,0,0,0,0,0,0,0
1,1,180683,0,0,0,0,0,0,17,0,0,0
2,1,180683,0,0,0,0,0,0,0,0,0,0
1,1,180684,28,28,28,28,28,28,28,28,28,28
1,1,180685,0,0,0,0,0,0,0,0,0,0
2,1,180685,0,0,0,0,0,0,0,0,0,0
1,1,180686,0,0,0,0,0,0,0,0,0,0
2,1,180686,0,0,0,0,0,0,0,0,0,0
1,1,180687,0,7,11,0,0,0,20,35,18,32
1,1,180688,16,16,16,16,16,16,16,16,16,16
1,1,180689,30,0,0,0,0,0,0,9,0,0
1,1,180690,17,17,0,0,0,0,25,0,0,0
1,1,180691,0,0,0,14,0,0,0,0,0,0
2,1,180691,0,0,0,0,0,0,0,0,0,0
1,1,180692,0,0,0,0,0,0,0,0,0,0
2,1,180692,9,0,0,0,0,0,0,0,0,0
1,1,180693,0,0,0,0,0,0,0,0,0,0
1,1,180694,0,0,0,0,0,0,0,0,0,0
2,1,180694,0,0,0,0,0,0,0,0,0,0
3,1,180694,0,0,0,0,0,0,0,0,8,0
4,1,180694,0,0,0,0,0,0,0,0,0,0
1,1,180695,20,0,0,0,0,0,0,0,0,0
1,1,180696,29,29,29,29,29,29,29,29,29,29
0,1,180697,0,5,0,0,15,0,0,23,0,0
1,1,180697,0,0,0,0,0,11,0,0,0,0
1,1,180698,0,0,0,0,0,0,0,0,0,0
2,1,180698,0,0,0,0,0,0,0,0,0,0
1,1,180699,0,0,0,0,0,0,0,0,0,0
2,1,180699,0,0,0,0,0,0,0,0,0,0
3,1,180699,0,0,0,0,6,0,0,0,0,0
1,1,180700,0,0,0,0,0,0,0,0,0,20
2,1,180700,0,0,0,0,0,0,0,0,0,0
1,1,180701,20,20,20,20,20,20,20,20,20,20
1,1,180702,0,0,0,0,0,0,0,0,0,0
2,1,180702,0,0,0,0,0,0,0,0,0,0
1,1,180703,0,0,0,0,0,0,0,0,0,0
2,1,180703,0,0,0,0,0,0,0,0,0,0
0,1,180704,0,0,0,0,0,0,0,0,0,0
1,1,180704,0,0,0,0,0,0,0,0,0,0
1,1,180705,0,0,0,0,0,0,0,0,0,0
2,1,180705,0,0,0,0,0,0,0,0,0,0
1,1,180706,0,0,0,0,0,0,0,0,0,0
2,1,180706,7,0,0,0,0,0,0,0,0,0
3,1,180706,0,0,0,0,0,0,0,0,0,0
4,1,180706,0,0,0,0,0,0,0,0,0,0
1,1,180707,20,20,20,20,20,20,20,20,20,20
2,1,180707,0,0,0,0,0,0,0,0,0,0
1,1,180708,0,0,0,0,0,0,0,0,0,0
1,1,180709,21,11,34,0,0,13,0,0,14,18
1,1,180710,0,0,16,0,0,0,0,0,0,0
1,1,180711,0,0,0,0,0,0,0,0,0,0
2,1,180711,0,0,0,0,0,0,0,0,0,0
1,1,180712,0,0,0,0,0,0,0,0,0,0
2,1,180712,0,0,0,0,0,0,0,0,0,0
3,1,180712,0,0,0,0,0,0,0,0,0,0
1,1,180713,3,3,3,3,3,3,3,3,3,3
1,1,180714,0,0,0,0,0,0,0,0,0,0
2,1,180714,0,0,0,0,0,0,0,0,0,0
1,1,180715,12,12,12,12,12,12,12,12,12,12
1,1,180716,0,0,0,0,0,0,0,0,0,0
2,1,180716,0,0,0,0,0,0,0,0,0,0
3,1,180716,0,0,7,0,0,0,0,0,0,0
4,1,180716,0,0,0,0,0,0,0,0,0,0
1,1,180717,0,0,0,0,0,0,0,0,0,0
1,1,180718,2,2,2,2,2,2,2,2,2,2
0,1,180719,0,0,0,0,0,0,0,0,0,0
1,1,180719,0,0,0,0,0,0,0,0,0,0
1,1,180720,6,6,6,6,6,6,6,6,6,6
1,1,180721,4,4,4,4,4,4,4,4,4,4
2,1,180721,0,0,0,0,0,0,0,0,0,0
1,1,180722,0,3,0,0,0,0,11,22,5,0
1,1,180723,24,24,24,24,24,24,24,24,24,24
1,1,180724,0,0,0,0,0,0,0,0,0,0
2,1,180724,0,0,0,0,0,0,0,0,0,0
0,1,180725,0,0,0,0,0,0,0,0,0,0
1,1,180725,0,0,0,0,0,0,0,0,0,0
1,1,180726,11,11,11,11,11,11,11,11,11,11
1,1,180727,0,0,0,0,0,0,0,0,0,0
2,1,180727,0,0,7,0,0,0,0,0,0,0
1,1,180728,0,0,0,0,0,0,0,0,0,0
2,1,180728,0,0,0,0,0,0,0,0,0,0
1,1,180729,0,0,0,0,0,0,0,0,23,0
0,1,180730,0,0,0,0,0,0,0,0,0,0
1,1,180730,0,0,0,0,0,0,0,0,0,0
1,1,180731,0,0,0,0,0,0,0,23,0,0
1,1,180732,0,0,0,0,0,0,0,0,0,20
1,1,180733,0,0,0,0,0,0,0,0,0,0
2,1,180733,0,0,0,0,0,0,0,0,0,0
1,1,180734,11,20,0,30,0,3,22,0,13,27
1,1,180735,23,23,23,23,23,23,23,23,23,23
1,1,180736,25,25,25,25,25,25,25,25,25,25
1,1,180737,17,17,17,17,17,17,17,17,17,17
2,1,180737,0,0,0,0,0,0,0,0,0,14
1,1,180739,0,15,12,0,32,0,16,0,19,23
1,1,180740,24,0,0,0,0,0,0,0,0,0
1,1,180741,0,0,0,0,0,0,0,3,0,0
2,1,180741,0,0,0,20,0,0,0,0,0,0
1,1,180742,0,0,0,0,0,0,14,20,0,0
1,1,180743,0,0,0,0,0,0,0,0,0,4
2,1,180743,0,0,0,0,0,0,0,0,0,0
1,1,180744,9,0,13,25,20,14,0,0,8,0
1,1,190001,0,0,0,0,0,0,0,0,0,0
2,1,190001,0,0,0,0,0,0,0,0,0,0
1,1,190002,0,0,0,0,0,0,0,0,0,0
2,1,190002,0,52,0,0,0,0,0,0,0,0
1,1,190003,0,0,0,0,0,0,0,0,0,0
2,1,190003,0,0,0,0,0,0,0,0,0,0
1,1,190004,0,0,0,0,0,0,0,0,0,0
1,1,190005,0,0,0,0,0,0,0,0,0,0
1,1,190006,0,0,0,0,0,0,0,0,0,0
2,1,190006,0,0,0,0,0,0,0,0,0,0
1,1,190007,0,0,0,0,0,0,0,0,0,0
2,1,190007,0,0,0,0,0,0,0,0,0,0
1,1,190008,0,0,0,0,0,0,0,0,0,0
2,1,190008,0,0,0,0,0,0,0,0,0,0
1,1,190009,0,0,0,0,0,0,0,0,0,0
2,1,190009,0,0,0,0,0,0,0,0,0,0
1,1,190010,14,14,14,14,14,14,14,14,14,14
1,1,190011,0,0,0,0,0,0,0,0,0,0
2,1,190011,0,0,0,0,0,10,0,0,0,0
1,1,190012,0,0,0,0,0,0,0,0,0,0
2,1,190012,0,0,0,0,0,0,0,0,0,0
1,1,190013,0,0,0,0,0,0,0,0,0,0
1,1,190014,0,0,0,0,0,0,0,0,0,0
2,1,190014,0,0,0,0,0,0,0,0,0,0
1,1,190015,0,14,0,21,0,0,0,4,0,0
1,1,190016,0,0,0,0,0,0,0,0,0,0
2,1,190016,0,0,0,0,0,0,0,0,0,0
3,1,190016,0,0,0,0,0,0,0,0,0,0
1,1,190017,0,0,0,0,0,0,0,0,0,0
2,1,190017,0,0,0,0,0,0,0,0,0,0
1,1,190018,5,5,5,5,5,5,5,5,5,5
1,1,190019,0,24,11,10,0,0,17,0,0,0
1,1,190020,2,2,2,2,2,2,2,2,2,2
1,1,190021,0,0,0,0,0,0,0,8,0,0
1,1,190022,0,0,0,0,0,0,0,0,0,0
2,1,190022,0,0,0,0,0,0,0,0,0,0
1,1,190024,16,0,0,0,0,0,0,0,0,0
2,1,190024,0,0,0,0,0,0,0,0,0,0
3,1,190024,0,0,0,0,0,0,0,0,0,0
4,1,190024,0,0,0,0,0,0,0,0,0,0
1,1,190025,0,0,0,0,0,0,0,0,0,0
2,1,190025,0,0,0,0,0,0,0,0,0,0
1,1,190026,0,0,0,10,0,0,0,0,0,0
0,1,190027,0,0,0,0,0,0,0,0,0,0
1,1,190027,0,0,0,8,0,7,0,0,0,0
0,1,190028,16,16,16,16,16,16,16,16,16,16
1,1,190028,1,1,1,1,1,1,1,1,1,1
1,1,190029,0,0,0,0,0,0,0,0,0,0
2,1,190029,0,0,0,0,0,0,0,0,0,0
1,1,190031,0,0,0,0,0,0,0,0,0,0
0,1,190032,13,0,0,0,0,0,32,0,0,0
1,1,190032,0,0,0,0,0,0,0,0,0,0
1,1,190033,0,0,0,0,0,0,0,0,0,0
2,1,190033,0,0,0,0,0,0,0,0,0,0
1,1,190034,0,0,0,0,0,0,0,0,19,0
2,1,190034,0,0,0,0,0,0,0,0,0,0
1,1,190035,0,0,0,0,11,0,0,0,0,0
1,1,190036,34,34,34,34,34,34,34,34,34,34
1,1,190037,0,0,0,0,11,14,37,0,0,0
1,1,190038,0,0,0,0,0,0,0,0,0,0
2,1,190038,0,0,0,0,0,0,0,0,0,0
1,1,190039,0,0,0,0,0,0,0,0,0,0
1,1,190040,0,0,0,0,0,0,0,0,0,0
1,1,190041,0,0,0,0,0,0,0,0,0,6
2,1,190041,0,0,0,0,0,0,0,0,0,0
1,1,190042,0,0,0,0,0,0,0,0,0,0
2,1,190042,0,0,0,0,0,0,0,0,0,0
1,1,190043,0,0,0,0,0,0,0,16,9,0
2,1,190043,0,0,0,0,0,0,0,0,0,0
1,1,190045,19,19,19,19,19,19,19,19,19,19
1,1,190046,0,0,0,0,0,17,0,0,0,0
2,1,190046,0,0,0,0,0,0,0,0,0,0
3,1,190046,0,0,0,0,0,0,0,0,0,0
1,1,190047,0,17,0,21,0,0,22,0,0,0
1,1,190048,0,0,0,0,0,0,0,0,0,0
2,1,190048,0,0,0,0,0,0,0,0,0,0
1,1,190049,0,0,0,0,0,0,0,0,0,0
2,1,190049,0,0,0,0,0,0,0,0,0,0
1,1,190050,7,7,7,7,7,7,7,7,7,7
1,1,190051,0,0,0,0,0,0,0,0,0,0
2,1,190051,0,0,0,0,0,0,0,0,0,0
1,1,190052,12,10,0,15,0,0,19,0,16,0
2,1,190053,0,0,0,0,18,0,11,0,0,0
1,1,190054,0,0,0,0,0,0,0,0,0,0
2,1,190054,0,0,0,0,0,0,0,0,0,0
1,1,190055,0,0,0,0,0,0,17,0,18,0
1,1,190056,0,19,0,0,12,23,0,0,0,0
1,1,190057,0,10,9,13,0,18,0,0,19,0
1,1,190058,0,0,0,0,0,0,0,0,0,0
2,1,190058,0,0,0,0,0,0,0,2,0,0
1,1,190059,0,0,0,0,0,0,0,0,0,0
1,1,190060,0,0,0,0,0,0,0,0,0,0
1,1,190061,0,0,0,0,0,0,0,0,0,0
2,1,190061,0,0,0,0,0,0,0,0,0,0
1,1,190062,0,0,0,0,0,0,0,0,0,0
1,1,190063,14,14,14,14,14,14,14,14,14,14
1,1,190064,0,0,0,0,0,0,0,0,0,0
1,1,190065,0,0,0,0,0,0,0,0,0,0
2,1,190065,0,0,0,0,0,0,0,0,0,0
3,1,190065,0,0,0,0,0,0,0,0,0,0
1,1,190066,0,0,0,0,0,0,0,0,0,0
2,1,190066,16,0,0,0,0,0,0,0,0,0
1,1,190067,7,7,7,7,7,7,7,7,7,7
1,1,190068,0,0,0,0,0,0,0,6,0,0
2,1,190068,0,0,0,0,0,0,0,0,0,0
3,1,190068,0,0,0,0,0,0,0,0,0,0
1,1,190069,0,0,0,0,0,0,0,0,0,0
2,1,190069,0,0,0,0,0,0,0,0,0,0
3,1,190069,0,0,0,0,0,0,0,0,0,0
4,1,190069,0,0,0,0,0,0,0,0,0,0
5,1,190069,0,0,0,0,0,0,0,0,0,0
6,1,190069,0,0,0,0,0,0,0,0,0,0
7,1,190069,0,0,0,0,0,0,0,0,0,0
1,1,190070,0,0,0,0,0,0,0,0,0,0
2,1,190070,0,0,0,0,0,0,0,0,0,0
1,1,190071,18,18,18,18,18,18,18,18,18,18
1,1,190072,0,0,0,0,0,0,0,0,0,0
1,1,190073,0,0,0,0,0,0,0,14,0,0
1,1,190074,0,0,0,0,0,0,0,0,0,0
2,1,190074,0,0,0,0,0,0,0,0,0,0
1,1,190075,0,0,0,0,0,0,0,0,0,0
2,1,190075,0,0,0,0,0,0,0,0,0,0
1,1,190076,0,0,0,0,0,0,0,0,0,0
2,1,190076,0,0,0,0,0,0,0,0,0,0
1,1,190077,2,2,2,2,2,2,2,2,2,2
1,1,190078,0,0,0,0,6,0,0,0,0,0
1,1,190079,0,0,0,0,0,0,0,0,0,0
1,1,190080,0,0,0,0,0,0,0,0,0,0
2,1,190080,0,0,0,0,0,0,0,0,0,0
1,1,190081,18,18,18,18,18,18,18,18,18,18
1,1,190082,0,0,0,0,0,0,0,0,0,0
2,1,190082,0,0,0,0,0,0,0,0,0,0
1,1,190083,0,25,0,0,0,0,26,0,0,0
1,1,190084,25,25,25,25,25,25,25,25,25,25
1,1,190085,13,13,13,13,13,13,13,13,13,13
1,1,190086,0,0,0,0,9,0,0,0,0,0
1,1,190087,0,0,0,0,0,0,0,0,0,0
2,1,190087,0,0,0,0,0,0,0,0,0,0
1,1,190088,18,18,18,18,18,18,18,18,18,18
1,1,190089,3,0,0,0,0,0,7,0,0,0
2,1,190089,10,10,10,10,10,10,10,10,10,10
1,1,190090,0,0,7,0,0,16,4,8,0,15
1,1,190091,5,5,5,5,5,5,5,5,5,5
1,1,190092,0,0,0,0,0,0,0,0,0,0
2,1,190092,0,0,0,0,0,0,0,0,0,0
1,1,190093,0,0,0,0,0,0,8,0,0,0
2,1,190093,0,0,0,0,0,0,0,0,0,0
1,1,190094,9,9,9,9,9,9,9,9,9,9
1,1,190095,0,32,0,27,0,0,0,0,0,0
1,1,190096,0,0,0,0,0,0,0,0,0,0
2,1,190096,0,0,0,0,0,0,0,0,0,0
1,1,190097,0,0,0,0,0,11,0,0,0,0
2,1,190097,0,6,0,0,0,0,0,0,0,0
1,1,190098,4,4,4,4,4,4,4,4,4,4
1,1,190099,0,7,0,0,8,0,0,4,0,19
1,1,190100,0,22,12,0,0,23,0,0,0,0
2,1,190100,0,0,0,0,0,0,0,0,0,0
1,1,190101,0,0,0,0,0,0,0,0,0,0
2,1,190101,0,0,0,0,0,0,0,0,0,0
1,1,190102,14,14,14,14,14,14,14,14,14,14
2,1,190102,0,0,0,0,0,0,0,0,0,0
3,1,190102,0,0,0,0,7,15,0,0,0,0
1,1,190103,0,0,0,0,0,0,0,0,0,0
2,1,190103,0,0,0,0,0,0,0,0,0,0
1,1,190104,0,0,8,0,0,0,0,0,0,0
2,1,190104,0,0,0,0,0,0,0,0,0,0
1,1,190105,10,10,10,10,10,10,10,10,10,10
2,1,190105,0,0,0,0,0,0,0,0,0,0
1,1,190106,0,0,0,0,0,0,0,0,0,0
1,1,190107,0,0,7,0,0,0,0,0,0,0
1,1,190108,0,0,0,0,0,0,5,0,0,0
2,1,190108,0,0,0,0,0,0,0,0,0,0
3,1,190108,0,0,0,0,0,0,0,0,0,0
1,1,190109,0,9,0,0,0,0,0,0,0,0
1,1,190110,0,0,0,0,0,0,0,0,0,0
2,1,190110,11,11,11,11,11,11,11,11,11,11
1,1,190111,2,2,2,2,2,2,2,2,2,2
1,1,190112,0,0,0,0,0,0,0,0,0,0
2,1,190112,0,0,0,0,0,0,0,0,0,0
1,1,190113,16,0,0,0,0,0,0,20,0,0
0,1,190114,24,11,0,13,0,0,0,0,0,0
1,1,190114,0,0,0,4,0,0,6,0,0,13
1,1,190115,0,0,0,0,0,0,0,0,0,0
1,1,190116,9,0,0,0,0,0,0,0,5,14
1,1,190117,0,0,0,0,0,0,10,0,0,0
1,1,190118,20,20,20,20,20,20,20,20,20,20
1,1,190119,4,0,0,0,0,8,17,0,0,0
1,1,190120,13,13,13,13,13,13,13,13,13,13
2,1,190120,0,0,0,6,0,0,0,0,0,0
1,1,190121,0,0,0,0,0,0,0,0,0,0
2,1,190121,0,0,0,0,0,0,0,0,0,0
1,1,190122,17,23,20,0,0,0,0,0,14,0
1,1,190123,0,0,16,0,0,0,0,0,0,0
2,1,190123,0,0,0,0,0,0,0,0,0,0
1,1,190124,19,29,0,22,0,17,17,0,0,25
1,1,190125,0,0,0,0,0,0,0,0,0,0
2,1,190125,0,0,0,0,0,0,0,0,0,0
0,1,190126,0,0,0,0,0,0,0,0,0,0
1,1,190126,8,0,0,17,0,0,14,0,0,11
1,1,190127,19,19,19,19,19,19,19,19,19,19
1,1,190128,0,0,0,0,0,0,0,0,0,0
2,1,190128,0,0,0,0,0,0,0,0,0,0
0,1,190129,0,0,0,0,0,0,0,0,0,0
1,1,190129,0,0,0,0,0,0,0,0,0,0
1,1,190130,0,0,0,0,0,0,0,0,0,0
2,1,190130,0,0,0,0,0,0,0,0,0,0
1,1,190131,0,0,0,0,0,0,0,0,0,0
2,1,190131,6,0,0,0,8,0,0,0,0,0
1,1,190132,0,0,0,0,0,0,0,0,0,0
2,1,190132,0,0,0,0,0,0,5,0,0,9
1,1,190133,0,0,0,0,0,0,0,0,0,23
2,1,190133,0,0,0,0,0,0,0,0,0,0
1,1,190134,0,0,0,0,0,0,0,0,0,0
2,1,190134,0,0,0,0,0,0,0,0,0,0
0,1,190135,0,0,0,0,0,0,0,0,0,0
1,1,190135,0,0,0,0,0,0,0,0,0,0
1,1,190136,13,11,0,0,0,6,15,2,9,25
1,1,190137,0,11,23,0,15,37,13,19,0,0
0,1,190138,0,0,0,16,0,0,0,0,18,0
0,2,190138,0,0,0,0,0,0,0,0,12,0
1,1,190138,0,0,0,0,0,0,0,0,0,0
2,1,190138,13,13,13,13,13,13,13,13,13,13
0,1,190139,0,0,0,0,0,0,0,0,0,0
1,1,190139,0,0,0,0,0,0,0,0,0,0
1,1,190140,0,0,0,0,0,0,0,0,0,0
1,1,190141,0,0,0,0,0,0,0,0,0,0
2,1,190141,0,0,0,0,0,0,0,0,0,0
1,1,190142,0,0,0,0,0,0,0,0,0,0
1,1,190143,0,0,0,0,0,0,0,0,0,0
2,1,190143,0,0,0,0,0,0,8,0,0,0
1,1,190144,0,25,32,34,0,0,16,0,20,8
1,1,190145,13,13,13,13,13,13,13,13,13,13
1,1,190146,0,0,0,0,0,0,0,0,0,0
1,1,190147,0,0,0,0,0,0,0,0,10,0
1,1,190148,0,0,4,0,0,11,5,0,0,0
1,1,190149,24,24,24,24,24,24,24,24,24,24
1,1,190150,0,0,0,0,0,0,0,0,0,0
2,1,190150,0,0,0,0,16,0,15,12,0,0
1,1,190151,30,30,30,30,30,30,30,30,30,30
0,1,190153,0,0,0,8,0,0,0,0,0,0
1,1,190153,15,15,15,15,15,15,15,15,15,15
1,1,190154,15,0,17,0,0,0,0,0,12,8
1,1,190155,0,0,0,0,0,0,0,0,0,0
1,1,190156,0,0,0,0,0,0,0,0,0,0
2,1,190156,0,0,0,0,0,17,0,0,0,0
1,1,190157,0,0,9,21,0,0,0,0,0,0
1,1,190158,0,0,0,0,0,0,0,0,0,0
2,1,190158,0,0,0,0,0,0,0,0,0,0
1,1,190159,0,0,0,0,0,0,0,0,0,0
2,1,190159,0,0,0,0,0,0,0,0,0,0
1,1,190160,0,0,0,0,0,0,0,0,0,0
2,1,190160,0,0,0,0,0,0,0,0,0,0
1,1,190161,0,0,0,0,0,0,0,0,0,0
2,1,190161,0,0,0,0,0,0,0,0,0,0
1,1,190162,8,0,0,0,0,0,0,0,0,0
2,1,190162,0,0,0,0,0,0,0,0,0,0
1,1,190163,0,0,0,0,0,0,5,0,0,11
2,1,190163,0,0,0,0,0,0,0,0,0,0
1,1,190164,0,0,11,16,0,0,12,0,11,0
1,1,190165,0,0,0,0,0,0,0,0,0,0
2,1,190165,0,0,0,0,0,0,0,0,0,0
1,1,190166,0,0,0,0,0,0,0,0,0,0
1,1,190167,0,0,0,0,0,0,0,0,0,0
1,1,190168,0,0,0,0,0,0,0,0,0,0
2,1,190168,0,0,0,0,0,0,0,0,0,0
3,1,190168,0,0,0,0,0,0,0,0,0,0
4,1,190168,0,0,0,0,0,0,0,0,0,0
1,1,190169,0,0,0,0,0,0,0,0,0,0
1,1,190170,0,0,0,0,0,0,0,0,0,0
2,1,190170,0,0,0,0,0,0,0,0,0,0
3,1,190170,0,0,0,0,0,0,0,0,0,0
1,1,190171,0,0,14,0,10,0,0,0,11,0
2,1,190171,0,0,0,0,0,0,0,6,0,0
1,1,190172,9,0,0,0,0,3,0,0,0,0
2,1,190172,0,0,0,0,0,0,0,0,0,0
1,1,190173,0,0,0,0,0,0,0,0,0,0
2,1,190173,0,0,0,0,0,0,0,0,0,0
1,1,190174,0,0,0,0,0,0,0,8,0,0
1,1,190175,0,0,0,0,0,0,0,0,0,0
2,1,190175,11,0,0,0,0,0,0,0,0,32
1,1,190176,0,0,0,0,0,0,0,0,6,0
2,1,190176,0,0,0,0,0,0,0,0,0,0
1,1,190177,1,1,1,1,1,1,1,1,1,1
1,1,190178,24,24,24,24,24,24,24,24,24,24
1,1,190179,0,0,0,0,0,0,0,0,0,0
2,1,190179,0,0,0,0,0,0,0,0,0,0
1,1,190180,0,0,0,0,0,0,0,0,0,0
2,1,190180,0,0,0,0,0,0,0,0,0,0
1,1,190181,5,5,5,5,5,5,5,5,5,5
2,1,190181,2,2,2,2,2,2,2,2,2,2
1,1,190182,0,0,0,0,0,0,0,0,0,0
2,1,190182,0,0,0,0,0,0,0,0,0,0
1,1,190183,25,25,25,25,25,25,25,25,25,25
1,1,190184,0,0,0,0,0,0,0,0,0,0
2,1,190184,0,0,0,0,0,0,0,0,0,0
1,1,190185,0,0,0,0,0,15,0,0,0,0
1,1,190187,0,0,0,0,0,12,21,20,0,0
1,1,190188,0,0,0,0,0,0,0,0,0,0
2,1,190188,0,0,0,0,0,0,0,0,0,0
1,1,190189,0,0,0,0,0,0,0,0,0,0
2,1,190189,0,0,0,0,0,0,0,0,0,0
1,1,190190,17,0,0,6,0,5,0,0,13,0
1,1,190191,0,0,0,0,0,0,0,0,0,0
2,1,190191,0,0,0,0,0,0,0,0,0,0
3,1,190191,0,6,0,0,0,0,0,0,0,10
1,1,190192,0,0,0,0,0,0,0,16,0,4
1,1,190193,18,18,18,18,18,18,18,18,18,18
1,1,190194,0,9,0,0,11,0,0,0,0,0
1,1,190195,0,0,0,0,0,0,0,0,0,0
2,1,190195,0,0,0,0,0,0,0,0,0,0
1,1,190196,0,0,0,0,0,0,0,0,0,0
2,1,190196,0,0,0,0,0,0,0,0,0,0
3,1,190196,0,0,0,0,0,0,0,0,0,0
1,1,190197,0,0,0,0,0,9,0,0,0,0
2,1,190197,25,25,25,25,25,25,25,25,25,25
1,1,190198,0,0,0,0,0,0,0,0,6,0
2,1,190198,0,0,0,0,0,0,0,0,0,0
1,1,190199,26,26,26,26,26,26,26,26,26,26
1,1,190200,0,0,0,0,0,0,0,0,0,0
2,1,190200,0,0,0,0,0,0,0,0,0,0
1,1,190201,0,0,0,0,0,0,0,0,0,0
1,1,190202,0,0,0,0,0,0,0,0,0,0
2,1,190202,6,6,6,6,6,6,6,6,6,6
1,1,190203,0,0,0,0,0,0,0,0,0,0
2,1,190203,0,0,0,0,0,0,0,0,0,0
1,1,190204,0,0,0,0,0,0,0,0,11,15
1,1,190205,9,0,0,0,7,0,0,0,0,8
2,1,190205,0,0,0,0,0,0,0,0,0,0
1,1,190207,0,0,0,0,0,10,0,0,0,0
0,1,190208,21,0,25,18,0,28,7,0,33,0
1,1,190208,0,0,0,0,0,0,0,0,0,0
1,1,190209,0,0,0,0,0,0,0,0,0,0
2,1,190209,0,0,0,0,0,0,0,0,0,0
1,1,190210,29,29,29,29,29,29,29,29,29,29
0,1,190211,0,0,20,0,0,0,0,0,0,0
1,1,190211,0,0,0,0,0,0,0,0,0,0
1,1,190212,0,0,0,0,0,0,0,0,0,0
1,1,190213,0,0,0,0,0,0,0,0,0,0
2,1,190213,0,16,2,16,0,0,0,0,5,0
1,1,190214,0,0,0,0,0,0,0,0,0,0
2,1,190214,0,0,0,0,0,12,15,0,0,0
3,1,190214,0,0,0,0,0,0,0,0,0,0
4,1,190214,0,0,0,0,0,0,0,0,0,0
1,1,190215,0,0,0,0,0,0,0,0,0,0
2,1,190215,0,0,0,0,0,0,0,0,0,0
1,1,190216,9,9,9,9,9,9,9,9,9,9
2,1,190216,18,13,0,0,0,0,22,15,0,16
1,1,190217,0,0,0,0,0,0,0,0,0,0
2,1,190217,0,0,0,0,0,0,0,0,0,0
3,1,190217,0,0,0,0,0,0,0,0,0,0
1,1,190218,0,0,0,0,0,0,0,0,0,0
0,1,190219,0,0,0,0,0,0,0,0,0,0
1,1,190219,0,0,0,0,0,0,0,0,0,0
1,1,190220,0,13,0,0,0,0,0,0,0,0
2,1,190220,0,0,0,0,0,0,0,0,0,0
1,1,190221,0,0,0,0,0,0,0,0,0,0
2,1,190221,0,0,0,0,0,0,0,0,0,0
1,1,190222,6,6,6,6,6,6,6,6,6,6
2,1,190222,0,0,0,0,0,0,0,0,0,0
1,1,190223,0,0,0,0,0,7,4,2,0,0
2,1,190223,0,0,0,0,0,0,0,0,0,0