VEH_NO,PER_NO,ST_CASE,P1,P2,P3,P4,P5,P6,P7,P8,P9,P10
1,1,190224,25,25,25,25,25,25,25,25,25,25
1,1,190225,0,0,0,0,0,0,0,0,0,0
1,1,190226,0,4,0,0,0,0,0,0,0,0
1,1,190227,9,9,9,9,9,9,9,9,9,9
1,1,190228,0,0,0,0,0,0,0,0,0,0
2,1,190228,0,0,0,0,0,0,0,0,0,0
1,1,190229,0,0,0,0,0,0,0,0,0,0
2,1,190229,0,0,0,0,0,0,0,0,0,0
1,1,190230,1,1,1,1,1,1,1,1,1,1
1,1,190231,0,0,0,0,0,0,0,0,0,0
2,1,190231,0,0,0,0,0,0,0,0,0,0
1,1,190232,0,0,0,0,0,0,0,0,0,0
0,1,190233,0,0,0,0,0,0,0,0,0,0
1,1,190233,0,0,0,0,0,0,0,0,0,0
1,1,190234,26,8,0,0,0,0,0,0,16,0
2,1,190234,12,0,0,6,0,0,0,0,0,0
1,1,190235,0,0,0,0,0,0,0,0,0,0
1,1,190236,0,0,0,0,0,0,11,0,0,0
2,1,190236,0,0,0,0,0,0,0,0,0,0
1,1,190237,0,0,0,0,0,0,0,0,0,0
2,1,190237,0,0,0,0,0,0,0,0,0,0
1,1,190238,0,0,0,0,0,0,0,0,11,0
1,1,190239,0,9,0,0,0,0,0,0,0,0
1,1,190240,0,0,0,0,0,0,0,0,0,0
2,1,190240,0,0,0,0,0,0,0,0,0,0
1,1,190241,0,0,5,0,0,0,0,0,0,0
1,1,190242,0,0,0,0,0,0,0,0,0,0
2,1,190242,0,0,11,0,0,0,0,0,0,0
1,1,190243,0,0,0,0,0,0,0,0,0,0
2,1,190243,0,0,0,0,0,0,0,0,0,0
0,1,190244,0,0,0,0,0,0,0,0,0,0
1,1,190244,0,0,0,0,0,0,0,0,0,0
1,1,190245,13,0,0,0,0,11,0,0,0,0
1,1,190246,0,0,0,0,0,0,0,0,0,0
2,1,190246,0,0,0,0,0,0,0,0,0,0
0,1,190247,13,0,10,40,0,0,4,19,25,0
1,1,190247,0,0,0,0,0,0,0,0,0,0
1,1,190248,0,0,0,0,3,16,0,0,0,7
2,1,190248,8,8,8,8,8,8,8,8,8,8
1,1,190249,0,0,0,0,0,0,0,0,0,0
0,1,190250,0,0,0,0,0,27,30,12,0,0
1,1,190250,0,0,0,0,0,0,0,0,0,0
1,1,190251,0,0,0,0,0,0,0,0,3,0
1,1,190252,0,0,0,0,0,0,0,0,0,0
2,1,190252,0,0,0,0,0,0,0,0,0,0
1,1,190253,0,0,0,0,0,0,0,0,0,0
2,1,190253,0,0,0,0,0,0,0,0,0,0
1,1,190254,0,0,0,0,0,0,0,0,0,0
1,1,190255,18,0,0,0,8,0,19,0,0,0
1,1,190256,0,0,0,0,0,0,0,0,0,0
2,1,190256,0,0,0,0,0,0,0,0,10,0
1,1,190257,0,0,0,0,0,0,0,0,0,0
2,1,190257,0,0,0,0,0,0,0,0,0,0
1,1,190258,0,0,0,0,0,0,0,0,0,0
1,1,190259,0,0,0,0,0,0,0,0,0,0
1,1,190260,0,0,0,0,0,0,0,0,0,0
1,1,190261,0,0,0,0,0,17,0,0,0,0
2,1,190261,0,0,0,0,0,0,0,0,2,0
1,1,190262,0,0,0,0,0,0,0,0,0,0
2,1,190262,0,0,0,0,0,0,0,0,0,0
1,1,190263,0,0,0,0,0,0,0,0,0,0
2,1,190263,0,0,0,0,0,0,0,0,0,0
3,1,190263,0,0,0,0,0,0,0,0,0,0
1,1,190264,13,13,13,13,13,13,13,13,13,13
1,1,190265,0,0,0,0,0,0,0,0,0,0
1,1,190266,0,0,0,0,0,0,0,0,0,0
2,1,190266,0,0,0,0,0,0,0,0,0,0
3,1,190266,0,0,0,0,0,0,0,0,0,0
1,1,190267,0,0,0,0,0,0,0,0,0,0
2,1,190267,0,0,0,0,0,0,0,0,0,0
1,1,190268,0,0,0,0,0,0,0,0,0,0
1,1,190269,0,0,0,0,0,0,0,0,0,0
1,1,190270,15,15,15,15,15,15,15,15,15,15
1,1,190271,0,0,0,0,0,0,0,27,0,0
1,1,190272,0,0,0,0,0,0,0,0,0,0
2,1,190272,26,26,26,26,26,26,26,26,26,26
1,1,190273,0,6,0,0,0,0,0,0,0,0
1,1,190274,0,0,0,0,0,0,0,0,0,0
2,1,190274,0,0,0,0,0,0,0,0,0,0
1,1,190275,22,22,22,22,22,22,22,22,22,22
1,1,190276,17,17,17,17,17,17,17,17,17,17
1,1,190277,0,0,0,0,14,0,0,0,0,0
1,1,190278,0,0,0,0,6,0,0,0,0,0
1,1,190279,14,14,14,14,14,14,14,14,14,14
1,1,190280,0,0,0,0,0,0,0,0,0,0
2,1,190280,0,0,0,0,0,0,0,0,0,0
1,1,190281,18,18,18,18,18,18,18,18,18,18
1,1,190282,0,0,0,0,0,0,0,0,0,0
2,1,190282,0,0,0,0,0,0,0,0,0,0
1,1,190283,0,0,0,0,0,0,0,0,0,0
1,1,190284,0,0,0,0,0,0,0,0,0,8
1,1,190285,21,21,21,21,21,21,21,21,21,21
1,1,190286,0,0,0,0,0,0,0,0,0,0
2,1,190286,0,0,0,0,0,0,0,0,0,0
1,1,190287,0,0,0,0,0,13,0,0,0,0
1,1,190288,0,0,0,0,0,0,0,0,0,0
2,1,190288,0,0,0,0,0,0,0,0,0,0
1,1,190289,0,0,0,0,0,0,0,0,0,0
2,1,190289,0,0,0,0,0,0,0,0,0,0
1,1,190291,0,0,0,0,0,0,0,0,0,0
2,1,190291,0,0,0,0,0,0,0,0,0,0
1,1,190292,0,0,22,0,0,0,0,0,0,0
1,1,190293,0,0,0,0,0,0,0,0,0,0
1,1,190294,0,0,0,0,0,0,0,0,0,0
2,1,190294,0,0,0,0,0,0,0,0,0,0
1,1,190295,0,0,0,0,0,0,0,0,0,0
2,1,190295,0,0,0,0,0,0,0,0,0,0
1,1,190296,0,0,0,0,0,0,0,0,0,0
1,1,190297,30,30,30,30,30,30,30,30,30,30
1,1,190298,0,0,0,0,0,0,0,0,0,0
2,1,190298,0,0,0,0,0,0,0,0,0,0
1,1,190299,0,0,0,0,0,0,0,0,0,0
1,1,190300,0,9,0,0,0,18,0,9,11,0
1,1,190301,9,16,18,0,16,0,0,0,25,0
1,1,190302,0,0,0,0,0,0,0,12,16,0
1,1,190303,0,0,0,0,0,0,0,0,0,0
1,1,190304,11,14,24,13,13,0,7,17,9,9
2,1,190304,0,0,0,0,0,0,0,0,0,0
1,1,190305,0,0,0,0,0,0,0,0,0,0
2,1,190305,0,0,0,0,0,0,0,0,0,0
1,1,190306,0,0,0,0,0,0,0,0,0,0
2,1,190306,0,0,0,0,0,0,0,0,0,0
0,1,190307,7,0,0,0,0,0,0,0,0,0
0,2,190307,0,0,0,0,0,0,0,0,0,0
1,1,190307,22,22,22,22,22,22,22,22,22,22
1,1,190308,0,0,0,0,0,0,0,0,0,0
2,1,190308,0,0,0,0,0,13,0,0,0,0
0,1,190309,0,0,0,0,0,0,0,20,0,0
1,1,190309,0,0,0,0,0,0,0,0,0,0
1,1,190310,0,0,30,0,0,0,4,0,0,0
1,1,190311,0,0,0,0,0,0,0,0,0,0
2,1,190311,21,0,0,0,0,0,0,2,0,0
1,1,190312,0,0,0,0,0,0,0,0,0,0
2,1,190312,0,0,0,0,6,0,0,0,0,0
1,1,190313,17,17,17,17,17,17,17,17,17,17
1,1,190314,0,0,0,0,0,0,0,0,0,0
2,1,190314,0,0,0,0,0,0,0,0,0,0
1,1,190315,0,0,0,0,0,13,0,0,0,0
1,1,190316,0,0,0,0,0,0,0,0,0,0
2,1,190316,0,0,0,11,0,0,0,0,0,0
1,1,190317,0,0,0,0,0,0,0,0,0,0
2,1,190317,0,0,0,0,0,0,0,0,0,0
1,1,190318,12,12,12,12,12,12,12,12,12,12
1,1,190319,0,0,0,0,0,0,0,0,0,0
2,1,190319,0,0,0,0,0,0,0,0,0,12
1,1,190320,0,0,0,0,0,0,0,25,0,0
1,1,190321,8,8,8,8,8,8,8,8,8,8
1,1,190322,0,15,0,0,0,0,0,0,0,0
1,1,190323,0,0,0,0,0,17,0,0,0,0
2,1,190323,13,0,0,0,0,0,0,0,0,0
3,1,190323,0,0,0,7,0,0,0,0,0,0
4,1,190323,0,0,0,0,0,0,0,0,0,0
1,1,190324,0,0,0,0,0,0,0,0,0,0
0,1,190325,0,0,15,0,0,0,0,0,0,0
1,1,190325,2,2,2,2,2,2,2,2,2,2
1,1,190326,0,0,0,0,0,0,13,0,0,0
1,1,190327,14,14,14,14,14,14,14,14,14,14
1,1,190328,0,30,21,0,0,0,0,0,0,0
2,1,190328,0,0,0,0,0,0,0,0,0,0
3,1,190328,0,0,0,0,0,22,0,0,0,0
1,1,190329,27,27,27,27,27,27,27,27,27,27
1,1,190330,0,0,0,0,0,0,0,0,0,0
2,1,190330,0,0,0,0,0,0,0,0,0,0
1,1,190331,0,0,0,0,0,0,0,0,0,0
2,1,190331,0,0,0,0,0,0,0,0,0,0
1,1,190332,0,0,0,0,0,0,0,0,0,0
2,1,190332,0,0,0,0,0,0,0,0,0,0
1,1,190334,0,0,0,0,0,0,0,9,0,0
1,1,190335,0,0,0,18,0,0,0,0,0,0
2,1,190335,0,0,0,0,0,0,0,0,0,0
1,1,190337,0,0,0,0,0,0,0,0,0,0
2,1,190337,21,21,21,21,21,21,21,21,21,21
1,1,190338,12,12,12,12,12,12,12,12,12,12
1,1,190339,0,0,0,0,0,0,0,0,0,0
2,1,190339,8,0,0,0,0,0,0,0,0,0
1,1,190340,0,0,14,0,0,0,0,0,0,0
2,1,190340,0,0,0,0,0,0,0,0,0,0
1,1,190342,18,18,18,18,18,18,18,18,18,18
1,1,190343,0,0,0,0,0,0,0,0,0,0
1,1,190344,0,0,0,0,0,0,0,0,0,0
2,1,190344,0,0,0,0,0,0,0,0,0,0
1,1,190345,0,0,0,0,0,0,0,0,0,0
1,1,190346,12,12,12,12,12,12,12,12,12,12
1,1,190347,0,0,0,0,0,0,0,0,0,22
2,1,190347,0,0,0,0,0,0,0,0,0,0
1,1,190348,0,0,0,0,0,0,0,0,0,0
2,1,190348,0,0,0,0,0,0,0,0,0,0
1,1,190349,0,0,0,0,0,0,0,0,0,0
1,1,190350,19,19,19,19,19,19,19,19,19,19
2,1,190350,0,0,0,0,0,0,0,0,0,0
1,1,190351,7,0,0,0,0,0,0,0,9,0
1,1,190352,16,16,16,16,16,16,16,16,16,16
1,1,190353,0,0,0,0,0,0,0,0,0,0
1,1,190354,16,0,0,0,0,0,0,0,0,0
1,1,190355,0,0,0,0,0,0,0,0,0,0
2,1,190355,0,0,0,0,0,0,0,0,0,0
1,1,190356,0,0,0,0,0,0,0,0,0,0
2,1,190356,0,0,0,0,0,0,0,0,0,0
1,1,190357,0,0,0,0,12,0,11,8,0,0
1,1,190358,0,0,0,0,0,0,0,0,0,0
2,1,190358,0,0,0,0,0,0,0,0,0,0
1,1,190359,0,0,0,0,0,0,0,0,0,0
2,1,190359,6,0,0,0,0,0,14,0,0,0
1,1,190360,0,0,0,0,0,0,0,0,0,0
2,1,190360,0,0,0,0,0,0,0,0,0,0
1,1,190361,0,0,0,0,0,0,0,0,0,0
2,1,190361,0,0,6,0,0,0,0,0,0,0
1,1,190362,0,0,0,0,0,0,0,0,0,0
2,1,190362,0,0,0,0,0,0,0,0,0,0
1,1,190363,17,17,17,17,17,17,17,17,17,17
1,1,190364,0,0,0,0,0,0,14,4,0,12
1,1,190365,15,0,0,5,0,0,0,0,0,0
1,1,190366,0,0,0,0,0,0,0,0,0,0
2,1,190366,0,0,0,0,0,0,0,0,0,0
0,1,190367,0,0,0,0,0,0,0,0,0,0
1,1,190367,0,0,0,0,0,0,0,0,0,0
1,1,190368,0,0,0,0,0,0,0,0,0,0
2,1,190368,0,0,0,0,0,0,0,0,0,0
1,1,190369,0,0,0,0,0,14,22,0,0,0
2,1,190369,0,0,0,0,0,0,0,0,0,0
1,1,190370,15,0,15,8,0,17,0,26,0,0
1,1,190371,0,0,0,0,0,0,0,0,0,0
2,1,190371,0,0,0,0,0,0,0,0,0,0
1,1,190372,0,0,0,15,0,0,0,0,0,0
1,1,190373,0,0,0,0,0,0,0,0,0,0
2,1,190373,0,0,0,0,0,0,0,0,0,0
1,1,190374,0,0,0,0,0,0,0,0,0,0
1,1,190375,16,0,0,0,0,0,0,0,0,0
1,1,190376,0,0,0,0,0,0,0,0,0,0
1,1,190377,22,22,22,22,22,22,22,22,22,22
2,1,190377,9,0,0,0,0,5,0,0,7,0
1,1,190379,0,0,0,0,0,0,15,21,11,0
1,1,200001,0,0,0,0,0,0,0,0,0,0
1,1,200002,0,0,0,0,0,0,0,0,0,0
2,1,200002,0,0,0,0,0,0,0,0,0,0
1,1,200003,0,0,0,0,0,0,0,0,0,0
2,1,200003,0,0,0,0,0,0,0,0,0,0
1,1,200004,29,29,29,29,29,29,29,29,29,29
1,1,200005,0,0,0,0,0,0,0,0,0,0
2,1,200005,0,0,0,0,0,0,0,0,0,0
1,1,200006,0,0,0,0,0,0,0,0,0,0
2,1,200006,0,0,0,0,0,0,0,0,0,0
1,1,200007,0,0,0,0,0,0,0,0,0,0
2,1,200007,0,0,0,0,0,0,0,0,0,0
1,1,200008,19,19,19,19,19,19,19,19,19,19
1,1,200009,0,0,0,0,0,0,0,0,0,0
1,1,200010,0,0,0,0,0,0,0,0,0,0
2,1,200010,0,0,0,0,0,0,0,0,0,0
3,1,200010,0,0,0,0,0,0,0,0,0,0
1,1,200011,28,28,28,28,28,28,28,28,28,28
2,1,200011,0,0,0,0,0,0,0,0,0,0
1,1,200012,0,0,0,0,0,0,0,0,0,0
2,1,200012,0,0,0,0,0,0,0,0,0,0
1,1,200013,29,13,24,14,20,0,12,17,24,15
2,1,200013,0,13,0,0,0,0,0,0,0,0
3,1,200013,0,16,0,0,0,0,0,0,0,5
1,1,200014,0,0,0,0,0,0,0,0,0,0
2,1,200014,0,0,0,0,0,0,0,0,0,0
1,1,200015,0,0,0,0,0,0,0,0,0,0
1,1,200016,0,0,0,0,0,0,0,0,0,0
1,1,200017,19,19,19,19,19,19,19,19,19,19
1,1,200018,0,0,0,0,0,0,0,0,0,0
2,1,200018,0,0,0,0,0,0,0,0,0,0
1,1,200019,0,0,0,12,0,0,0,0,0,0
1,1,200020,0,0,22,18,0,0,0,0,0,0
1,1,200021,0,0,0,0,0,0,0,0,0,0
2,1,200021,0,0,0,0,0,0,0,0,0,0
1,1,200022,0,0,0,0,0,0,0,0,0,0
1,1,200023,17,17,17,17,17,17,17,17,17,17
1,1,200024,10,17,0,0,9,0,18,0,0,0
1,1,200025,0,0,0,0,0,0,0,0,0,0
2,1,200025,0,0,0,0,0,0,0,0,0,0
1,1,200026,0,0,0,0,0,0,0,0,0,0
2,1,200026,0,0,0,0,0,0,0,0,0,0
1,1,200027,0,0,0,0,14,13,0,0,0,26
2,1,200027,0,0,0,0,0,0,0,0,21,0
1,1,200028,29,29,29,29,29,29,29,29,29,29
1,1,200029,29,29,29,29,29,29,29,29,29,29
1,1,200030,15,15,15,15,15,15,15,15,15,15
1,1,200031,0,0,0,0,0,0,0,0,0,0
2,1,200031,0,0,0,0,0,0,0,0,0,0
1,1,200032,0,0,0,0,0,0,0,0,0,0
2,1,200032,0,0,0,0,0,0,0,0,0,0
1,1,200033,6,0,0,0,6,0,0,27,0,0
1,1,200034,12,12,12,12,12,12,12,12,12,12
1,1,200035,0,0,0,0,0,0,0,0,0,0
1,1,200036,19,19,19,19,19,19,19,19,19,19
1,1,200037,13,13,13,13,13,13,13,13,13,13
1,1,200038,0,0,0,0,0,0,0,0,0,0
2,1,200038,0,0,0,0,0,0,0,0,0,0
1,1,200039,18,18,18,18,18,18,18,18,18,18
1,1,200040,14,14,14,14,14,14,14,14,14,14
2,1,200040,0,0,0,0,0,0,0,0,0,0
1,1,200041,7,0,0,0,5,0,0,0,0,0
1,1,200042,0,0,0,0,0,0,0,0,0,0
1,1,200043,0,0,0,0,0,0,0,0,0,0
2,1,200043,0,0,0,0,0,0,0,0,0,0
1,1,200044,0,0,0,0,0,0,0,0,0,0
2,1,200044,0,0,0,0,0,0,0,0,0,0
1,1,200045,0,0,0,0,0,0,0,0,0,0
1,1,200046,0,0,0,0,0,0,0,0,0,0
1,1,200047,14,14,14,14,14,14,14,14,14,14
1,1,200048,0,0,0,0,0,0,0,0,0,0
0,1,200049,0,0,0,0,0,0,0,0,0,0
1,1,200049,0,0,0,0,11,0,0,0,0,0
1,1,200050,0,0,0,0,0,0,0,0,0,0
1,1,200051,28,28,28,28,28,28,28,28,28,28
1,1,200052,22,22,22,22,22,22,22,22,22,22
1,1,200053,0,0,0,0,0,0,0,0,0,0
2,1,200053,0,0,0,0,0,0,0,0,0,0
0,1,200054,19,19,19,19,19,19,19,19,19,19
1,1,200054,0,0,0,0,0,0,0,0,0,0
1,1,200055,10,10,10,10,10,10,10,10,10,10
1,1,200056,0,0,0,14,0,4,0,21,0,0
1,1,200057,19,19,19,19,19,19,19,19,19,19
1,1,200058,0,0,0,0,0,0,0,0,0,0
2,1,200058,0,0,0,0,0,0,0,0,0,0
3,1,200058,0,0,0,0,0,0,0,0,10,0
4,1,200058,0,0,0,0,0,0,7,0,0,0
1,1,200059,0,0,0,0,0,0,0,0,0,0
2,1,200059,0,0,0,0,0,0,0,0,0,0
1,1,200060,0,0,0,0,0,0,0,0,0,0
2,1,200060,0,0,0,0,0,0,0,0,0,0
1,1,200061,0,0,0,0,0,0,0,0,0,0
2,1,200061,0,0,0,0,0,0,0,0,0,0
1,1,200062,14,14,14,14,14,14,14,14,14,14
1,1,200063,0,0,0,0,0,0,0,0,0,0
2,1,200063,0,0,0,0,0,0,0,0,0,0
1,1,200064,18,18,18,18,18,18,18,18,18,18
1,1,200065,8,0,0,0,0,0,0,0,20,0
1,1,200066,0,24,0,14,9,25,0,15,0,13
1,1,200067,0,0,0,0,0,0,0,0,0,0
2,1,200067,0,0,0,0,0,0,0,0,0,0
1,1,200068,22,22,22,22,22,22,22,22,22,22
1,1,200069,21,21,21,21,21,21,21,21,21,21
1,1,200070,0,0,0,0,0,0,0,0,0,0
1,1,200071,0,0,0,0,0,0,0,0,0,0
1,1,200072,0,0,0,0,0,0,0,0,0,0
1,1,200073,22,22,22,22,22,22,22,22,22,22
1,1,200074,0,0,0,0,0,0,0,0,0,0
2,1,200074,0,0,0,0,0,0,0,0,0,0
1,1,200075,0,0,0,32,0,0,0,4,0,0
1,1,200076,19,19,19,19,19,19,19,19,19,19
0,1,200079,44,19,39,20,38,15,21,29,29,18
1,1,200079,0,0,0,0,0,0,0,0,0,0
1,1,200080,13,0,0,0,28,0,0,14,0,0
2,1,200080,19,19,19,19,19,19,19,19,19,19
3,1,200080,0,0,0,0,0,0,0,0,0,0
1,1,200081,13,13,13,13,13,13,13,13,13,13
1,1,200082,0,0,0,0,0,0,0,0,0,0
2,1,200082,0,0,0,0,0,0,0,0,0,0
1,1,200083,0,0,0,0,0,0,0,0,0,0
1,1,200084,0,0,0,0,0,0,0,0,0,0
1,1,200085,0,0,0,0,0,0,0,0,0,0
2,1,200085,0,0,0,0,0,0,0,0,0,0
1,1,200086,15,15,15,15,15,15,15,15,15,15
1,1,200087,0,0,0,0,0,0,0,0,0,0
1,1,200088,3,0,13,0,0,0,0,27,0,0
1,1,200089,0,0,0,0,0,0,0,0,0,0
1,1,200090,26,26,26,26,26,26,26,26,26,26
1,1,200091,0,9,0,0,0,0,0,0,8,16
2,1,200091,11,11,11,11,11,11,11,11,11,11
1,1,200092,0,0,0,0,0,0,0,0,14,0
2,1,200092,0,0,0,0,0,0,0,0,0,0
1,1,200094,0,0,0,0,0,0,0,0,0,0
1,1,200095,0,0,0,0,0,0,0,0,0,0
2,1,200095,22,22,22,22,22,22,22,22,22,22
1,1,200096,0,0,0,0,0,0,0,0,0,0
2,1,200096,0,0,0,0,0,0,0,0,0,0
1,1,200097,0,0,0,0,0,0,0,0,0,0
2,1,200097,0,0,0,0,0,0,0,0,0,0
1,1,200098,15,15,15,15,15,15,15,15,15,15
1,1,200099,0,0,0,0,0,0,0,0,0,0
1,1,200100,25,25,25,25,25,25,25,25,25,25
1,1,200101,0,0,0,0,0,16,0,10,0,0
1,1,200102,11,11,11,11,11,11,11,11,11,11
1,1,200103,0,7,0,0,0,0,0,0,0,9
1,1,200104,12,12,12,12,12,12,12,12,12,12
1,1,200105,0,0,0,0,0,0,0,0,0,0
1,1,200106,0,0,0,0,0,0,12,8,0,0
1,1,200107,17,17,17,17,17,17,17,17,17,17
1,1,200108,0,0,0,0,0,0,0,0,0,0
2,1,200108,0,0,0,0,0,0,0,0,0,0
1,1,200109,24,24,24,24,24,24,24,24,24,24
2,1,200109,6,6,6,6,6,6,6,6,6,6
1,1,200110,0,0,0,0,0,0,0,0,0,0
1,1,200111,0,0,0,0,0,0,0,0,0,0
2,1,200111,0,0,0,0,0,0,0,0,0,0
3,1,200111,0,0,0,0,0,0,0,0,0,0
4,1,200111,0,0,0,0,0,0,0,0,0,0
1,1,200112,0,0,0,0,0,0,0,3,0,0
2,1,200112,0,0,0,0,0,0,0,0,0,0
1,1,200113,0,0,0,0,0,0,0,0,0,0
1,1,200114,0,0,0,0,0,0,0,0,0,0
2,1,200114,0,0,0,0,0,0,0,0,0,0
3,1,200114,0,0,0,0,0,0,0,0,0,0
1,1,200115,0,0,0,0,0,0,0,0,0,0
1,1,200116,0,0,0,0,0,0,0,0,0,0
2,1,200116,0,0,0,0,0,0,0,0,0,0
1,1,200117,31,31,31,31,31,31,31,31,31,31
1,1,200118,0,0,0,0,0,0,0,0,0,0
2,1,200118,0,0,0,0,0,0,0,0,0,0
1,1,200119,15,15,15,15,15,15,15,15,15,15
1,1,200120,0,0,12,0,0,12,22,0,0,0
1,1,200121,0,0,0,0,0,0,0,0,0,0
2,1,200121,0,0,0,0,0,0,0,0,0,0
3,1,200121,0,0,0,0,0,0,0,0,0,0
1,1,200122,22,22,22,22,22,22,22,22,22,22
2,1,200122,10,10,10,10,10,10,10,10,10,10
1,1,200123,15,15,15,15,15,15,15,15,15,15
1,1,200124,24,24,24,24,24,24,24,24,24,24
1,1,200125,0,0,0,0,0,0,0,0,0,0
1,1,200126,0,0,0,0,0,0,0,0,0,0
2,1,200126,0,0,0,0,0,0,0,0,0,0
1,1,200127,14,14,14,14,14,14,14,14,14,14
2,1,200127,0,0,0,0,0,0,0,0,0,0
1,1,200128,0,0,0,0,9,0,25,0,0,0
2,1,200128,0,10,0,0,0,0,0,0,17,0
1,1,200129,19,19,19,19,19,19,19,19,19,19
1,1,200130,0,0,0,0,0,0,0,0,0,0
1,1,200131,17,0,0,0,0,0,8,0,0,7
1,1,200132,0,0,0,0,0,0,0,0,0,17
1,1,200133,0,0,0,0,0,0,0,0,0,0
1,1,200134,6,6,6,6,6,6,6,6,6,6
0,1,200135,0,0,0,0,0,0,0,12,0,0
1,1,200135,0,0,0,0,0,0,0,0,0,0
1,1,200136,17,17,17,17,17,17,17,17,17,17
0,1,200137,0,0,0,0,0,0,0,0,0,0
1,1,200137,0,7,0,0,0,0,0,0,0,0
1,1,200138,2,2,2,2,2,2,2,2,2,2
1,1,200139,0,0,0,0,0,0,0,0,0,0
2,1,200139,25,25,25,25,25,25,25,25,25,25
1,1,200140,9,12,0,6,19,14,15,0,0,17
1,1,200141,14,14,14,14,14,14,14,14,14,14
1,1,200142,0,0,0,0,0,0,0,0,0,0
2,1,200142,0,0,0,0,0,0,0,0,0,0
1,1,200143,0,0,0,0,0,0,0,0,0,0
1,1,200144,17,9,9,22,22,34,26,24,19,38
1,1,200145,0,0,0,0,0,0,0,0,0,0
2,1,200145,0,0,0,0,0,0,0,0,0,0
1,1,200146,0,0,0,0,0,0,0,0,0,0
1,1,200147,0,0,0,0,0,0,0,0,0,0
2,1,200147,0,14,0,0,0,0,0,0,0,0
1,1,200148,35,35,35,35,35,35,35,35,35,35
1,1,200149,0,7,0,19,0,0,0,4,25,13
1,1,200150,0,0,0,0,0,0,0,0,0,0
2,1,200150,0,0,0,0,0,0,0,0,0,0
1,1,200151,0,0,0,0,0,0,0,0,0,0
1,1,200152,0,0,0,0,0,0,0,0,0,0
2,1,200152,0,0,0,0,0,0,0,0,0,0
1,1,200153,35,26,11,15,21,14,24,21,15,17
1,1,200154,0,0,0,0,0,0,0,0,0,0
2,1,200154,0,0,0,0,0,0,0,0,0,0
1,2,200155,21,0,0,12,0,0,0,8,0,0
1,1,200156,9,9,9,9,9,9,9,9,9,9
1,1,200158,0,0,0,0,0,0,0,0,0,0
2,1,200158,0,0,0,0,0,0,0,0,0,0
1,1,200159,0,0,0,0,0,0,0,0,0,0
1,1,200160,14,14,14,14,14,14,14,14,14,14
1,1,200161,0,0,0,22,7,0,0,0,0,0
1,1,200162,19,19,19,19,19,19,19,19,19,19
1,1,200163,10,10,10,10,10,10,10,10,10,10
1,1,200164,0,0,0,0,15,0,0,0,0,0
1,1,200166,0,0,0,0,0,0,0,0,0,0
0,1,200167,20,20,20,20,20,20,20,20,20,20
1,1,200167,0,0,0,0,0,0,0,0,0,0
0,1,200168,0,0,0,0,0,0,0,0,0,0
1,1,200168,0,0,0,0,0,0,0,0,0,0
0,1,200169,0,0,0,0,0,0,0,0,0,0
1,1,200170,7,0,0,0,0,0,0,0,11,0
1,1,200171,0,0,0,0,0,0,0,0,22,0
1,1,200172,16,16,16,16,16,16,16,16,16,16
2,1,200172,1,1,1,1,1,1,1,1,1,1
1,1,200173,8,8,8,8,8,8,8,8,8,8
1,1,200174,27,27,27,27,27,27,27,27,27,27
1,1,200175,0,0,0,0,0,0,0,18,0,0
2,1,200175,18,0,0,0,0,0,0,0,0,0
1,1,200176,21,21,21,21,21,21,21,21,21,21
1,1,200177,0,0,0,0,0,0,0,0,0,0
1,1,200179,0,0,0,0,0,0,0,0,0,0
1,1,200180,0,0,13,0,0,0,0,0,0,0
1,1,200181,0,0,0,0,0,0,0,0,0,0
1,1,200182,0,0,0,0,0,0,0,0,0,0
1,1,200183,0,0,0,0,0,0,0,0,0,0
1,1,200184,5,5,5,5,5,5,5,5,5,5
2,1,200184,3,3,3,3,3,3,3,3,3,3
1,1,200185,0,0,0,0,0,0,0,0,0,0
2,1,200185,0,0,0,0,0,0,0,0,0,0
1,1,200186,0,0,0,0,0,0,0,0,0,0
2,1,200186,0,0,0,0,0,0,0,0,0,0
1,1,200187,0,0,0,0,0,0,0,0,0,0
2,1,200187,0,0,0,0,0,0,0,0,0,0
0,1,200188,16,14,0,0,0,0,0,0,0,0
1,1,200188,0,0,0,0,0,0,0,0,0,0
1,1,200189,23,23,23,23,23,23,23,23,23,23
2,1,200189,7,7,7,7,7,7,7,7,7,7
1,1,200190,27,27,27,27,27,27,27,27,27,27
1,1,200191,3,3,3,3,3,3,3,3,3,3
1,1,200192,0,0,0,0,0,0,0,0,0,0
1,1,200193,0,0,0,0,0,0,0,0,0,0
1,1,200194,0,0,0,0,0,0,0,0,0,0
2,1,200194,0,0,0,0,0,0,0,0,0,0
1,1,200195,0,0,0,0,0,0,0,0,0,0
2,1,200195,0,0,0,0,0,0,0,0,0,0
0,1,200196,0,0,0,0,0,0,0,0,0,0
1,1,200196,10,10,10,10,10,10,10,10,10,10
1,1,200197,24,18,20,27,19,26,9,27,11,27
1,1,200198,0,0,0,0,0,0,0,0,0,0
1,1,200199,8,8,8,8,8,8,8,8,8,8
1,1,200200,0,0,0,0,0,0,0,0,0,0
2,1,200200,9,9,9,9,9,9,9,9,9,9
1,1,200201,11,11,11,11,11,11,11,11,11,11