VEH_NO,PER_NO,ST_CASE,P1,P2,P3,P4,P5,P6,P7,P8,P9,P10
1,1,200202,0,0,0,0,0,0,0,0,0,0
1,1,200203,0,0,0,0,0,0,0,0,0,0
1,1,200204,0,0,0,0,0,0,0,0,0,0
1,1,200205,12,12,12,12,12,12,12,12,12,12
1,1,200206,11,11,11,11,11,11,11,11,11,11
1,1,200207,0,0,0,0,0,0,0,0,0,0
2,1,200207,0,0,0,0,0,0,0,0,0,0
1,1,200208,23,23,23,23,23,23,23,23,23,23
1,1,200209,0,0,0,0,0,0,0,0,0,0
2,1,200209,0,0,0,0,0,0,0,0,0,0
1,1,200210,0,0,0,0,0,0,0,0,0,0
2,1,200210,0,0,0,0,0,0,0,0,0,0
1,1,200211,26,26,26,26,26,26,26,26,26,26
1,1,200212,12,12,12,12,12,12,12,12,12,12
1,1,200213,0,0,0,0,0,0,0,0,0,0
2,1,200213,0,0,0,0,0,0,0,0,0,0
3,1,200213,0,0,0,0,0,0,0,0,0,0
4,1,200213,0,0,9,0,0,0,0,0,0,0
5,1,200213,0,0,0,0,0,0,0,0,0,0
6,1,200213,0,0,0,0,0,10,0,0,0,0
7,1,200213,0,0,0,0,0,0,0,0,0,0
1,1,200214,0,0,0,0,0,0,0,0,0,0
2,1,200214,0,10,0,0,0,0,0,0,0,0
1,1,200215,0,0,0,0,0,0,0,0,0,0
2,1,200215,0,0,0,0,0,0,0,0,0,0
1,1,200216,0,0,0,0,0,0,0,0,0,0
2,1,200216,0,0,0,0,0,0,0,0,0,0
1,1,200217,0,0,0,0,0,0,0,0,0,0
2,1,200217,0,0,0,0,0,0,0,0,0,0
1,1,200218,0,0,0,17,0,0,0,17,0,19
1,1,200219,0,0,0,0,0,0,0,0,0,0
2,1,200219,0,0,0,0,0,0,0,0,0,0
1,1,200220,0,0,0,0,0,0,0,0,0,0
2,1,200220,0,0,0,0,0,0,0,0,0,0
1,1,200221,0,0,0,0,0,0,0,0,0,0
1,1,200222,0,0,0,0,0,0,0,0,0,0
1,1,200223,0,0,0,0,0,0,0,0,0,0
1,1,200224,22,22,22,22,22,22,22,22,22,22
2,1,200224,0,0,0,0,0,0,0,0,0,0
1,1,200225,0,0,0,0,0,0,0,0,0,0
1,1,200226,0,0,0,0,0,0,0,0,0,0
2,1,200226,0,0,0,0,0,0,0,0,10,0
1,1,200227,0,0,0,9,0,0,0,0,0,0
1,1,200228,0,0,0,19,0,0,16,0,24,0
0,1,200229,0,0,0,0,0,0,0,0,0,0
0,2,200229,0,0,0,0,0,0,0,0,0,0
1,1,200229,0,0,0,0,0,0,0,0,0,0
1,1,200230,0,8,0,0,0,0,0,0,0,0
2,1,200230,0,0,0,0,0,0,0,0,0,0
1,1,200231,14,14,14,14,14,14,14,14,14,14
2,1,200231,0,24,0,0,7,0,0,0,0,0
1,1,200232,9,9,9,9,9,9,9,9,9,9
0,1,200233,39,21,14,18,27,47,24,0,25,25
1,1,200233,11,11,11,11,11,11,11,11,11,11
1,1,200234,17,17,17,17,17,17,17,17,17,17
1,1,200235,0,0,0,0,0,0,0,0,0,0
2,1,200235,0,0,0,0,0,0,0,0,0,0
1,1,200236,0,0,0,0,0,0,0,0,0,0
1,1,200237,0,0,0,0,0,0,0,0,0,0
2,1,200237,6,6,6,6,6,6,6,6,6,6
1,1,200238,0,0,0,0,0,0,0,0,0,0
2,1,200238,0,0,0,0,0,0,0,0,0,0
1,1,200239,0,0,0,0,0,0,0,0,0,0
2,1,200239,0,0,0,0,0,0,0,0,0,0
1,1,200240,0,0,0,0,0,0,0,0,0,0
2,1,200240,0,0,0,0,0,0,0,0,0,0
1,1,200241,10,10,10,10,10,10,10,10,10,10
1,1,200242,0,0,0,0,0,0,0,0,0,0
1,1,200243,21,31,8,19,36,26,11,31,14,25
0,1,200244,27,27,27,27,27,27,27,27,27,27
1,1,200244,9,9,9,9,9,9,9,9,9,9
0,1,200245,22,22,22,22,22,22,22,22,22,22
1,1,200245,0,0,0,0,0,0,0,0,0,0
1,1,200246,0,0,0,0,0,0,0,0,0,0
2,1,200246,0,4,0,0,0,0,0,12,0,0
1,1,200247,0,0,0,0,0,0,0,0,0,0
2,1,200247,0,0,0,0,0,0,0,0,0,0
1,1,200248,0,0,0,0,0,0,0,0,0,0
2,1,200248,0,0,0,0,0,0,0,0,0,0
0,1,200249,20,20,20,20,20,20,20,20,20,20
1,1,200249,0,0,0,0,0,0,0,0,0,0
1,1,200250,0,0,0,0,0,0,0,0,0,0
1,1,200251,0,0,0,0,0,0,0,0,0,0
2,1,200251,0,0,0,0,11,0,0,0,0,0
1,1,200252,0,0,0,0,0,0,0,0,0,0
2,1,200252,0,0,0,0,0,0,0,0,0,0
1,1,200253,0,0,0,0,0,0,0,0,0,0
1,1,200254,0,0,0,0,0,0,0,0,0,0
2,1,200254,0,0,0,0,0,0,0,0,0,0
1,1,200255,15,15,15,15,15,15,15,15,15,15
1,1,200256,0,0,0,0,0,0,0,0,0,0
1,1,200257,23,23,23,23,23,23,23,23,23,23
1,1,200258,29,29,29,29,29,29,29,29,29,29
1,1,200259,0,0,0,0,0,0,0,0,0,0
0,1,200260,0,0,0,0,0,0,0,0,0,0
1,1,200260,0,0,0,0,0,0,0,0,0,0
1,1,200261,17,17,17,17,17,17,17,17,17,17
2,1,200261,5,5,5,5,5,5,5,5,5,5
1,1,200262,18,18,18,18,18,18,18,18,18,18
0,1,200263,0,0,0,0,0,0,0,0,0,0
1,1,200263,0,0,0,0,0,0,0,0,0,0
1,1,200264,0,0,0,0,0,0,0,0,0,0
2,1,200264,0,0,0,0,0,0,0,0,0,0
1,1,200265,27,9,14,21,10,14,28,6,9,22
1,1,200266,0,2,0,0,0,11,0,9,0,5
1,1,200267,0,0,0,0,0,0,0,0,0,10
1,1,200268,18,18,18,18,18,18,18,18,18,18
1,1,200269,0,0,0,0,0,0,0,0,0,0
2,1,200269,41,41,41,41,41,41,41,41,41,41
1,1,200270,0,0,0,0,0,0,0,0,0,0
2,1,200270,0,0,0,0,0,0,0,0,0,0
1,1,200271,1,1,1,1,1,1,1,1,1,1
2,1,200271,0,0,0,0,0,0,0,0,0,0
3,1,200271,0,0,0,0,0,0,0,0,0,0
1,1,200272,0,0,0,0,0,0,0,0,0,0
2,1,200272,0,0,0,0,0,0,0,0,0,0
1,1,200273,6,25,9,17,6,22,6,8,11,17
2,1,200273,0,0,0,0,0,12,5,13,0,13
1,1,200274,0,0,0,0,0,0,0,0,0,0
2,1,200274,0,0,0,0,0,0,0,0,0,0
1,1,200275,20,20,20,20,20,20,20,20,20,20
1,1,200276,0,0,0,0,0,0,0,0,0,0
2,1,200276,0,0,0,0,0,0,0,0,0,0
1,1,200277,0,0,0,0,0,10,0,0,0,0
2,1,200277,0,0,0,0,0,0,0,0,0,0
1,1,200278,0,0,0,0,0,0,0,0,0,0
2,1,200278,0,0,0,0,0,0,0,0,0,0
1,1,200279,18,18,18,18,18,18,18,18,18,18
2,1,200279,0,0,0,0,0,0,0,0,0,0
3,1,200279,0,0,0,0,0,0,0,0,0,0
1,1,200280,0,0,0,0,0,0,0,0,0,0
2,1,200280,0,0,0,0,0,0,0,0,0,0
1,1,200281,0,0,0,0,0,0,0,0,0,0
2,1,200281,1,1,1,1,1,1,1,1,1,1
1,1,200282,0,0,0,0,0,0,0,0,0,0
0,1,200283,0,0,0,0,0,0,0,0,0,0
1,1,200283,0,0,0,0,0,0,0,0,0,0
1,1,200284,0,0,0,0,0,0,0,0,0,0
2,1,200284,0,0,0,0,0,0,0,0,0,0
1,1,200285,16,16,16,16,16,16,16,16,16,16
2,1,200285,0,0,0,0,0,0,0,0,0,0
1,1,200286,9,9,9,9,9,9,9,9,9,9
1,1,200287,10,10,10,10,10,10,10,10,10,10
1,1,200288,0,6,0,0,0,0,0,0,0,0
1,1,200289,0,0,0,0,0,0,0,0,0,0
1,1,200290,8,0,7,8,16,0,0,26,0,14
2,1,200290,3,3,3,3,3,3,3,3,3,3
1,1,200291,22,22,22,22,22,22,22,22,22,22
1,1,200292,0,0,0,0,0,0,0,0,0,0
1,1,200293,4,4,4,4,4,4,4,4,4,4
2,1,200293,0,0,0,0,0,0,0,0,0,0
1,1,200294,15,15,15,15,15,15,15,15,15,15
2,1,200294,11,11,11,11,11,11,11,11,11,11
1,1,200295,0,0,0,0,0,0,0,0,0,0
2,1,200295,0,0,0,0,0,0,0,0,0,0
1,1,200296,25,25,25,25,25,25,25,25,25,25
1,1,200297,0,15,19,9,10,15,0,17,0,14
2,1,200297,0,0,0,0,0,0,0,0,0,6
1,1,200298,0,0,0,0,0,0,0,0,0,0
1,1,200299,0,0,0,0,0,0,0,0,0,0
2,1,200299,0,0,0,0,0,0,0,0,0,0
1,1,200300,30,30,30,30,30,30,30,30,30,30
0,1,200301,0,0,0,0,0,0,0,0,0,0
1,1,200301,0,0,0,0,0,0,0,0,0,0
1,1,200302,0,0,0,0,0,0,0,0,0,0
1,1,200303,0,0,0,8,0,0,0,0,0,0
1,1,200304,0,0,0,0,0,0,0,0,0,0
2,1,200304,0,0,0,0,0,0,0,0,0,0
1,1,200305,0,0,0,0,0,0,0,0,0,0
2,1,200305,0,0,0,0,10,0,0,0,0,0
1,1,200306,25,25,25,25,25,25,25,25,25,25
1,1,200307,14,14,14,14,14,14,14,14,14,14
1,1,200308,0,0,0,0,11,0,0,0,0,0
2,1,200308,0,0,0,0,0,0,0,0,0,0
1,1,200309,0,0,0,0,0,0,0,0,0,0
2,1,200309,0,0,0,0,0,0,0,0,0,0
1,1,200310,20,20,20,20,20,20,20,20,20,20
1,1,200311,0,0,0,0,0,0,0,0,0,0
1,1,200312,0,0,0,0,0,0,0,0,0,0
2,1,200312,0,0,0,0,0,0,0,0,0,0
1,1,200313,15,15,15,15,15,15,15,15,15,15
1,1,200314,2,2,2,2,2,2,2,2,2,2
2,1,200314,0,0,0,0,0,0,0,0,0,0
1,1,200315,0,0,0,0,0,0,33,0,0,12
1,1,200316,18,18,18,18,18,18,18,18,18,18
2,1,200316,15,15,15,15,15,15,15,15,15,15
1,1,200317,0,0,0,0,0,7,17,0,0,0
2,1,200317,0,14,0,0,19,0,0,0,0,0
1,1,200318,18,18,18,18,18,18,18,18,18,18
0,1,200319,0,0,0,0,0,0,0,0,0,0
1,1,200319,0,0,0,0,0,0,0,0,0,0
1,1,200320,10,10,10,10,10,10,10,10,10,10
1,1,200321,0,0,0,0,0,0,0,0,0,0
2,1,200321,0,0,0,0,0,0,0,0,0,0
1,1,200322,0,0,0,0,0,0,0,0,0,0
1,1,200323,0,0,0,0,0,0,0,0,0,0
2,1,200323,0,0,0,0,0,0,0,0,0,0
1,1,200324,0,0,0,0,0,0,0,0,0,0
2,1,200324,0,0,0,0,0,0,0,0,0,0
1,1,200325,0,0,20,0,0,0,0,0,9,0
1,1,200326,0,0,0,0,0,0,0,0,0,0
2,1,200326,0,0,0,0,0,0,0,0,0,0
1,1,200327,24,24,24,24,24,24,24,24,24,24
1,1,200328,5,5,5,5,5,5,5,5,5,5
2,1,200328,22,22,22,22,22,22,22,22,22,22
0,1,200329,0,0,0,0,0,0,0,0,0,0
1,1,200329,16,16,16,16,16,16,16,16,16,16
2,1,200329,0,0,0,0,0,0,0,7,0,0
1,1,200330,0,0,21,0,0,0,12,0,0,0
1,1,200331,0,0,0,0,0,0,0,0,0,0
0,1,200332,23,23,23,23,23,23,23,23,23,23
1,1,200332,0,0,0,0,0,0,0,0,0,0
0,1,200333,22,22,22,22,22,22,22,22,22,22
1,1,200333,0,0,13,0,0,24,9,7,0,0
1,1,200334,10,10,10,10,10,10,10,10,10,10
2,1,200334,0,0,0,0,0,0,0,0,0,0
1,1,200335,21,21,21,21,21,21,21,21,21,21
1,1,200336,17,17,17,17,17,17,17,17,17,17
1,1,200337,0,0,0,0,0,0,0,0,0,0
2,1,200337,24,24,24,24,24,24,24,24,24,24
1,1,200338,33,33,33,33,33,33,33,33,33,33
2,1,200338,0,0,0,0,0,0,0,0,0,0
1,1,200339,20,20,20,20,20,20,20,20,20,20
1,1,200340,0,0,0,0,0,0,0,0,0,0
1,1,200341,0,0,0,0,0,0,0,0,0,0
2,1,200341,0,0,0,0,0,0,0,0,0,0
0,1,200342,29,0,0,18,0,0,16,12,0,0
1,1,200342,0,0,0,0,0,0,0,0,0,0
1,1,200343,36,36,36,36,36,36,36,36,36,36
1,1,200344,16,0,0,0,0,13,0,0,0,0
1,1,200345,0,0,0,0,0,0,0,0,0,0
1,1,200346,11,11,11,11,11,11,11,11,11,11
1,1,200347,20,20,20,20,20,20,20,20,20,20
1,1,200348,0,0,0,0,0,0,0,0,0,0
2,1,200348,0,0,0,0,0,0,0,0,0,0
0,1,200349,0,0,0,0,0,0,0,0,0,0
1,1,200349,0,0,0,0,0,0,0,0,0,0
1,1,200350,0,0,0,0,0,0,0,0,0,0
2,1,200350,0,0,0,0,0,0,0,0,0,0
1,1,200351,5,0,0,0,0,0,21,0,0,24
1,1,200352,0,0,0,0,0,0,0,0,0,0
1,1,200353,0,0,0,0,0,0,0,0,0,0
1,1,210001,0,0,0,0,0,0,0,0,0,0
1,2,210002,0,0,0,0,0,0,0,0,0,0
2,1,210002,0,0,0,0,0,0,0,0,0,0
1,1,210003,0,0,0,0,0,0,0,0,0,0
1,1,210004,2,2,2,2,2,2,2,2,2,2
1,1,210005,0,0,0,0,0,0,0,0,0,0
1,1,210006,0,0,0,0,0,0,0,0,0,0
2,1,210006,0,0,0,0,0,0,0,0,0,0
1,1,210007,23,23,23,23,23,23,23,23,23,23
2,1,210007,0,0,0,0,0,0,0,0,0,0
1,1,210008,2,2,2,2,2,2,2,2,2,2
1,1,210009,0,0,0,0,0,0,0,0,0,0
1,1,210010,0,0,0,0,0,0,0,0,0,0
2,1,210010,0,0,0,0,0,0,0,0,0,0
1,1,210011,10,10,10,10,10,10,10,10,10,10
1,1,210012,22,22,22,22,22,22,22,22,22,22
2,1,210012,0,0,0,0,2,0,0,0,0,0
1,1,210013,0,0,0,0,0,0,0,0,0,0
1,1,210014,4,4,4,4,4,4,4,4,4,4
2,1,210014,0,0,0,0,0,0,0,0,0,0
1,1,210015,0,0,0,0,0,0,0,0,0,0
2,1,210015,0,0,0,0,0,0,0,0,0,0
1,1,210016,0,0,0,0,0,0,0,0,0,0
2,1,210016,0,0,0,0,0,0,0,0,0,0
1,1,210017,15,15,15,15,15,15,15,15,15,15
1,1,210018,0,0,0,0,0,0,0,0,0,0
2,1,210018,0,0,0,0,0,0,0,0,0,0
1,1,210019,0,0,0,0,0,0,0,0,0,0
2,1,210019,0,0,0,0,0,0,0,0,0,0
1,1,210020,0,0,0,0,0,0,0,0,0,0
1,1,210021,0,0,0,0,0,0,0,0,0,0
2,1,210021,0,0,0,0,0,0,0,0,0,0
1,1,210022,0,0,0,0,0,0,0,0,0,0
1,1,210023,25,25,25,25,25,25,25,25,25,25
1,1,210024,14,14,14,14,14,14,14,14,14,14
1,1,210025,11,11,11,11,11,11,11,11,11,11
1,1,210026,0,0,0,0,0,0,0,0,0,0
1,1,210027,11,0,0,0,0,17,0,0,0,0
1,1,210028,0,0,0,0,0,0,0,0,0,0
1,1,210029,10,10,10,10,10,10,10,10,10,10
1,1,210030,22,22,22,22,22,22,22,22,22,22
1,1,210031,9,13,12,0,18,15,14,13,9,14
2,1,210031,0,0,0,0,0,0,0,0,0,0
1,1,210032,12,12,12,12,12,12,12,12,12,12
2,1,210032,0,0,0,6,12,0,0,0,0,0
1,1,210033,4,0,10,0,0,0,0,0,0,0
1,1,210034,22,22,22,22,22,22,22,22,22,22
1,1,210035,0,0,0,0,0,0,0,0,0,0
0,1,210036,0,0,0,0,0,0,0,0,0,0
0,2,210036,0,0,0,0,0,0,0,0,0,0
1,1,210036,0,0,0,0,0,0,0,0,0,0
0,1,210037,25,25,25,25,25,25,25,25,25,25
1,1,210037,0,0,0,0,0,0,0,0,0,0
1,1,210038,0,0,0,0,0,0,0,0,0,0
2,1,210038,0,0,0,0,0,0,0,0,0,0
1,1,210039,0,0,0,0,0,0,0,0,0,0
2,1,210039,0,0,0,0,0,0,0,0,0,0
0,1,210040,0,23,0,0,0,0,15,0,22,0
1,1,210040,0,0,0,0,0,0,0,0,0,0
1,1,210041,8,8,8,8,8,8,8,8,8,8
2,1,210041,0,0,0,0,0,0,0,0,0,0
1,1,210042,5,18,21,0,0,15,0,18,0,0
1,1,210043,36,36,36,36,36,36,36,36,36,36
1,1,210044,0,0,0,0,0,0,0,0,0,0
1,1,210045,17,17,17,17,17,17,17,17,17,17
1,1,210046,0,0,0,0,0,0,0,0,0,0
1,1,210047,0,0,0,0,0,0,0,0,0,0
1,1,210048,0,0,0,0,0,0,0,0,0,0
2,1,210048,0,0,0,0,0,0,0,0,0,0
1,1,210049,8,8,8,8,8,8,8,8,8,8
0,1,210050,0,0,2,0,0,0,8,0,0,0
1,1,210050,0,5,0,0,0,0,0,0,0,0
0,1,210051,15,15,15,15,15,15,15,15,15,15
1,1,210051,0,0,0,0,0,0,0,0,0,0
0,1,210052,0,0,0,0,0,0,0,0,0,0
1,1,210052,0,0,0,0,0,0,0,0,0,0
1,1,210053,0,0,0,0,0,0,0,0,0,0
2,1,210053,0,0,0,0,0,0,0,0,0,0
1,1,210054,0,0,0,0,0,0,0,0,0,0
2,1,210054,0,0,0,0,0,0,25,0,0,0
1,1,210055,0,0,0,0,0,0,0,0,0,0
1,1,210056,0,0,0,0,0,0,0,0,0,0
2,1,210056,0,0,0,0,0,15,0,0,0,0
1,1,210057,0,0,0,0,0,0,0,0,0,0
2,1,210057,0,0,0,0,0,0,0,0,0,0
1,1,210058,0,0,0,0,0,0,0,0,0,0
2,1,210058,0,0,0,0,0,0,0,0,0,0
1,1,210059,0,0,0,0,0,0,0,0,0,0
2,1,210059,0,0,0,0,0,23,0,0,0,0
1,1,210060,0,0,0,0,0,0,0,0,0,0
2,1,210060,0,0,0,0,0,0,0,0,0,0
0,1,210061,0,0,0,0,0,0,0,0,0,0
1,1,210061,0,0,0,0,0,0,0,0,0,0
1,1,210062,0,0,0,0,0,0,0,0,0,0
2,1,210062,0,0,0,0,0,0,0,0,6,0
1,1,210063,0,0,0,0,0,0,0,0,0,0
2,1,210063,0,0,0,0,0,0,0,0,0,0
3,1,210063,0,0,0,0,0,0,0,0,0,0
1,1,210064,13,13,13,13,13,13,13,13,13,13
1,1,210065,0,0,15,0,0,0,0,0,13,0
1,1,210066,0,0,0,0,0,0,0,0,0,0
1,1,210067,0,0,0,0,0,0,0,0,0,0
2,1,210067,0,0,0,0,0,0,0,0,0,0
1,1,210068,0,0,0,0,0,0,0,0,0,0
1,1,210069,0,0,0,0,0,0,0,0,0,0
1,1,210070,0,0,0,0,0,12,0,8,0,0
0,1,210071,14,14,14,14,14,14,14,14,14,14
1,1,210071,0,0,0,0,0,0,0,0,0,0
1,1,210072,0,0,0,0,0,0,0,0,0,0
1,1,210073,0,0,0,0,0,0,0,0,0,0
2,1,210073,0,0,0,0,0,0,0,0,0,0
3,1,210073,0,0,0,0,0,0,0,0,0,0
4,1,210073,0,0,0,0,0,0,0,0,0,0
1,1,210074,18,18,18,18,18,18,18,18,18,18
1,1,210075,0,0,0,0,0,0,0,0,0,0
2,1,210075,0,0,0,0,0,0,0,0,0,0
1,1,210076,11,11,11,11,11,11,11,11,11,11
2,1,210076,0,0,0,0,0,0,0,0,0,0
1,1,210077,0,0,0,0,0,0,0,0,0,0
1,1,210078,0,0,0,0,0,0,0,0,0,0
2,1,210078,0,0,0,0,0,0,0,0,0,0
1,1,210079,15,15,15,15,15,15,15,15,15,15
1,1,210080,0,0,0,0,0,0,0,0,0,0
2,1,210080,0,0,0,0,0,0,0,0,0,0
0,1,210081,0,0,0,0,0,0,0,0,0,0
1,1,210081,0,0,0,0,0,0,0,0,0,0
1,1,210082,0,0,0,0,0,0,0,0,0,0
2,1,210082,0,0,0,0,0,0,0,0,0,0
1,1,210083,0,0,0,0,0,0,0,0,0,0
2,1,210083,0,0,0,0,0,0,0,0,0,0
1,1,210084,21,21,21,21,21,21,21,21,21,21
1,1,210085,0,0,0,0,0,0,0,0,0,0
2,1,210085,0,0,0,0,0,0,0,0,0,0
1,1,210086,0,0,0,0,0,0,0,0,0,0
2,1,210086,0,0,0,0,0,0,0,0,0,0
3,1,210086,0,0,0,0,0,0,0,0,0,0
1,1,210087,0,0,0,0,0,0,0,0,0,0
2,1,210087,0,0,0,0,0,0,0,0,0,0
1,1,210088,0,0,0,0,0,0,0,0,0,0
1,1,210089,0,0,0,0,0,0,0,0,0,0
1,1,210090,0,0,0,0,0,0,0,0,0,0
2,1,210090,0,0,0,0,0,0,0,0,0,0
1,1,210091,0,0,0,0,0,0,0,0,0,0
1,1,210092,0,0,0,0,0,0,0,0,0,0
1,1,210093,14,14,14,14,14,14,14,14,14,14
1,1,210094,0,0,0,0,0,0,0,0,0,0
1,1,210095,0,0,0,5,0,0,0,0,0,0
2,1,210095,0,0,0,0,0,0,0,0,0,0
1,1,210096,24,24,24,24,24,24,24,24,24,24
1,1,210097,0,0,0,0,0,0,0,0,0,0
1,1,210098,19,19,19,19,19,19,19,19,19,19
1,1,210099,0,0,0,0,0,0,0,0,0,0
1,1,210100,0,0,0,0,0,0,0,0,0,0
1,1,210101,0,0,0,0,0,35,0,0,0,0
1,1,210102,0,0,0,0,0,0,0,0,0,0
2,1,210102,0,0,0,0,2,0,0,0,0,0
1,1,210103,0,0,0,0,0,0,0,0,0,0
0,1,210104,0,0,0,0,0,0,0,0,0,0
1,1,210104,0,0,0,0,0,0,0,0,0,0
1,1,210105,0,0,0,0,0,0,0,0,0,0
0,1,210106,0,0,0,0,0,0,0,0,0,0
1,1,210106,0,0,0,0,0,0,0,0,0,0
1,1,210107,2,11,5,15,28,21,6,25,21,26
0,1,210108,19,19,19,19,19,19,19,19,19,19
1,1,210108,0,0,0,0,0,0,0,0,0,0
2,1,210108,9,0,0,0,0,0,0,0,0,0
1,1,210109,0,0,13,0,0,0,0,0,0,0
1,1,210110,0,0,0,0,0,0,0,0,0,0
2,1,210110,0,0,0,0,0,0,0,0,0,0
1,1,210111,0,0,0,0,0,0,0,0,0,0
2,1,210111,0,0,0,0,0,0,0,0,0,0
1,1,210112,0,0,0,0,0,0,0,0,0,0
2,1,210112,0,0,0,0,0,0,0,0,0,0
3,1,210112,0,0,0,0,0,0,0,0,0,0
1,1,210113,0,0,0,0,0,0,0,0,0,0
1,1,210114,0,0,0,0,0,0,0,0,0,0
2,1,210114,0,0,0,0,0,0,0,0,0,6
1,1,210115,0,0,0,0,0,0,0,0,0,0
1,1,210116,0,0,0,0,0,0,0,0,0,0
1,1,210117,0,0,0,0,0,0,0,0,0,0
0,1,210118,0,0,0,0,0,0,0,0,0,0
1,1,210118,0,0,0,0,0,0,0,0,0,0
1,1,210119,0,0,0,0,0,0,0,0,0,0
2,1,210119,0,0,0,0,0,0,0,0,0,0
3,1,210119,0,0,0,0,0,0,0,0,0,0
1,1,210120,0,0,0,0,0,0,0,0,0,0
2,1,210120,0,0,0,0,0,0,0,0,0,0
1,1,210121,0,0,0,0,0,0,0,0,0,0
1,1,210122,17,17,17,17,17,17,17,17,17,17
1,1,210123,22,19,23,0,15,26,32,44,13,28
2,1,210123,0,0,0,0,0,0,0,0,0,0
1,1,210124,0,0,0,0,0,0,0,0,0,0
2,1,210124,0,0,0,0,0,0,0,0,0,0
1,1,210125,17,17,17,17,17,17,17,17,17,17
2,1,210125,0,0,0,0,0,0,0,0,0,0
1,1,210126,0,0,0,0,0,0,0,0,0,0
2,1,210126,0,0,0,0,0,0,0,0,0,0
0,1,210127,40,40,40,40,40,40,40,40,40,40
1,1,210127,0,0,0,0,0,0,0,0,0,0
1,1,210128,0,0,0,0,0,0,0,0,0,0
2,1,210128,0,0,0,0,0,0,0,0,0,0
1,1,210129,0,0,0,0,0,0,0,0,0,0
2,1,210129,0,4,0,0,0,0,0,0,0,0
1,1,210130,32,32,32,32,32,32,32,32,32,32
1,1,210131,21,21,21,21,21,21,21,21,21,21
1,1,210132,0,0,0,0,0,0,0,0,0,0
2,1,210132,0,0,0,0,0,0,0,0,0,0
3,1,210132,0,0,0,0,0,0,0,0,0,0
1,1,210133,0,0,0,0,0,0,0,0,0,0
2,1,210133,0,0,0,0,0,0,0,0,0,0
3,1,210133,0,0,0,0,0,0,0,0,0,0
1,1,210134,0,0,0,0,0,0,0,0,0,0
1,1,210135,0,0,0,0,0,0,0,0,0,0
2,1,210135,0,0,0,0,0,0,0,0,0,0
1,1,210137,0,0,0,0,0,0,0,0,0,0
2,1,210137,0,0,0,0,0,0,0,0,0,0
3,1,210137,0,0,0,0,0,0,0,0,0,0
1,1,210138,0,0,0,0,0,0,0,0,0,0
1,1,210139,0,0,0,0,0,0,0,0,0,0
2,1,210139,0,0,0,0,0,8,0,0,0,0
1,1,210140,19,19,19,19,19,19,19,19,19,19
1,1,210141,20,20,20,20,20,20,20,20,20,20
2,1,210141,0,0,0,0,0,0,0,0,0,0
1,1,210142,0,0,0,0,0,0,0,0,0,0
2,1,210142,0,0,0,0,0,0,0,0,0,0
3,1,210142,0,0,0,0,0,0,0,0,0,0
4,1,210142,0,0,0,0,0,0,0,0,0,0
1,1,210143,23,23,23,23,23,23,23,23,23,23
2,1,210143,0,0,0,0,0,0,0,0,0,0
1,1,210144,0,0,0,0,0,0,0,0,0,0
2,1,210144,0,0,0,0,0,0,0,0,0,0
3,1,210144,0,0,0,0,0,0,0,0,0,0
1,1,210145,0,0,0,0,0,0,0,0,0,0
2,1,210145,0,0,0,0,0,0,0,0,0,0
1,1,210146,0,0,0,0,0,0,0,0,0,0
2,1,210146,0,0,0,0,0,0,0,0,0,0
1,1,210147,0,0,0,0,0,0,0,0,0,0
1,1,210148,0,0,0,0,0,0,0,0,0,0
1,1,210149,0,0,0,0,0,0,0,0,0,0
2,1,210149,0,0,0,0,0,0,0,0,0,0
1,1,210150,20,20,20,20,20,20,20,20,20,20
1,1,210151,0,0,0,0,0,0,0,0,0,0
1,1,210152,0,0,0,0,0,0,0,0,0,0
0,1,210153,21,21,21,21,21,21,21,21,21,21
1,1,210153,0,0,0,0,0,0,0,0,0,0
1,1,210154,0,0,0,0,0,0,0,0,0,0
2,1,210154,0,0,0,0,0,0,0,0,0,0
1,1,210155,0,0,0,0,0,0,0,0,0,0
1,1,210156,0,0,0,0,0,0,0,0,0,0
2,1,210156,0,0,0,0,0,0,0,0,0,0
1,1,210157,0,0,0,0,0,0,0,0,0,0
2,1,210157,0,0,0,0,0,0,0,0,0,0
0,1,210158,20,7,32,15,30,32,28,16,22,27
1,1,210158,0,0,0,0,0,0,0,0,0,0
1,1,210159,0,0,0,0,0,0,0,0,0,0
1,1,210160,0,0,0,0,0,0,0,0,0,0
2,1,210160,0,0,0,0,0,0,0,0,0,0
3,1,210160,0,0,0,0,0,0,0,0,0,0
1,1,210161,0,0,0,0,0,0,0,0,0,0
1,1,210162,0,0,0,0,0,0,0,0,0,0
2,1,210162,0,0,0,0,0,0,0,0,0,0
1,1,210163,19,19,19,19,19,19,19,19,19,19
1,1,210164,19,19,19,19,19,19,19,19,19,19
1,1,210165,9,9,9,9,9,9,9,9,9,9
1,1,210166,14,14,14,14,14,14,14,14,14,14
2,1,210166,0,0,0,0,0,0,0,0,0,0
1,1,210167,27,27,27,27,27,27,27,27,27,27
0,1,210168,0,0,0,0,0,0,0,0,0,0
1,1,210168,0,0,0,0,0,0,0,0,0,0
1,1,210169,0,0,0,0,0,0,0,0,0,0