VEH_NO,PER_NO,ST_CASE,P1,P2,P3,P4,P5,P6,P7,P8,P9,P10
1,1,210506,0,0,0,0,0,0,0,0,0,0
1,1,210507,24,0,0,23,20,3,12,11,8,15
2,1,210507,0,0,0,0,0,7,0,0,0,0
1,1,210508,22,22,22,22,22,22,22,22,22,22
2,1,210508,0,0,0,0,0,0,0,0,0,0
1,1,210509,0,0,0,0,0,0,0,0,0,0
2,1,210509,0,0,0,0,0,0,0,0,0,0
1,1,210510,0,0,0,0,0,0,0,0,0,0
2,1,210510,0,0,0,0,0,0,0,0,0,0
1,1,210511,0,0,0,0,0,0,0,0,0,0
2,1,210511,0,0,0,0,0,0,0,0,0,0
1,1,210512,0,0,0,0,0,0,13,0,0,0
2,1,210512,0,0,0,0,0,0,0,6,0,0
1,1,210513,0,0,0,0,0,0,0,0,0,0
1,1,210514,0,0,0,0,0,0,0,0,0,0
2,1,210514,0,0,0,0,0,0,0,0,0,0
1,1,210515,15,15,15,15,15,15,15,15,15,15
1,1,210516,0,0,0,0,0,0,0,0,0,0
2,1,210516,0,0,0,0,0,0,0,0,0,0
1,1,210517,5,5,5,5,5,5,5,5,5,5
1,1,210518,17,17,17,17,17,17,17,17,17,17
1,1,210519,21,21,21,21,21,21,21,21,21,21
1,1,210520,0,0,0,0,0,0,0,0,0,0
1,1,210521,16,16,16,16,16,16,16,16,16,16
1,1,210522,0,8,0,0,15,0,0,0,0,25
1,1,210523,0,0,0,0,0,0,0,0,0,0
2,1,210523,0,0,0,0,0,0,14,0,11,0
1,1,210524,0,0,0,0,0,0,0,0,0,0
1,1,210525,0,0,0,0,0,0,0,0,0,0
2,1,210525,0,0,0,0,0,0,0,0,0,0
1,1,210526,0,0,0,0,0,0,0,0,0,0
2,1,210526,0,0,0,0,0,0,0,0,0,0
1,1,210527,0,0,0,0,0,0,0,0,0,0
1,1,210528,0,0,0,0,0,0,0,0,0,0
1,1,210529,0,0,0,0,0,0,0,0,0,0
2,1,210529,0,0,0,0,0,0,0,0,0,0
0,1,210530,0,0,0,13,0,0,0,0,0,0
1,1,210530,0,0,0,0,0,0,0,0,0,0
1,1,210531,0,0,0,0,0,0,0,0,0,0
2,1,210531,0,0,0,0,0,0,0,0,0,0
1,1,210532,0,0,0,0,0,0,0,0,0,0
1,1,210533,0,0,0,0,0,0,0,0,0,0
1,1,210534,0,0,0,0,0,0,0,0,0,0
1,1,210535,0,0,0,0,0,0,0,0,0,0
1,1,210536,0,0,0,0,0,0,0,0,0,0
2,1,210536,0,0,0,0,0,0,0,0,0,0
1,1,210537,0,0,0,0,0,0,0,0,0,0
0,1,210538,10,29,26,21,13,28,8,13,18,32
0,2,210538,14,27,27,22,14,16,8,24,27,22
1,1,210538,0,0,0,0,0,0,0,0,0,0
1,1,210539,0,0,0,0,0,0,0,0,0,0
1,1,210540,21,21,21,21,21,21,21,21,21,21
2,1,210540,0,0,0,0,0,0,0,0,0,0
1,1,210541,20,20,20,20,20,20,20,20,20,20
1,1,210542,13,13,13,13,13,13,13,13,13,13
1,1,210543,0,0,0,0,0,0,0,0,0,0
2,1,210543,0,0,0,0,0,0,0,0,0,0
1,1,210544,3,3,3,3,3,3,3,3,3,3
2,1,210544,0,0,0,0,0,0,0,0,0,0
1,1,210545,22,22,22,22,22,22,22,22,22,22
1,1,210546,0,0,0,0,46,0,0,9,0,0
0,1,210547,0,0,0,16,0,0,0,0,0,0
1,1,210547,0,0,0,0,0,0,0,0,0,0
1,1,210548,0,0,0,0,0,0,0,0,0,0
1,1,210549,2,2,2,2,2,2,2,2,2,2
1,1,210550,0,0,0,0,0,15,0,0,0,0
0,1,210551,0,0,0,6,0,0,11,0,18,0
1,1,210551,0,0,0,0,0,0,0,0,0,0
0,1,210552,19,18,19,21,30,18,27,19,13,26
1,1,210552,0,0,0,5,0,0,27,0,0,0
1,1,210553,0,0,0,0,0,0,0,0,0,0
1,1,210554,0,0,0,0,0,0,0,0,0,0
1,1,210555,0,0,0,0,0,0,0,0,0,0
2,1,210555,0,0,0,0,0,0,0,0,0,0
1,1,210556,0,0,0,0,0,0,0,0,0,0
2,1,210556,0,0,0,0,0,0,0,0,0,0
1,1,210557,15,15,15,15,15,15,15,15,15,15
1,1,210558,0,0,0,0,0,0,0,0,0,0
2,1,210558,0,0,0,0,0,0,0,0,0,0
0,1,210559,24,24,24,24,24,24,24,24,24,24
1,1,210559,0,0,0,0,0,0,0,0,0,0
1,1,210560,0,0,0,0,0,0,0,0,0,0
1,1,210561,22,22,22,22,22,22,22,22,22,22
1,1,210562,0,0,0,0,0,0,0,0,0,0
2,1,210562,0,0,0,0,0,0,0,0,0,0
3,1,210562,0,0,0,0,0,0,0,0,0,0
1,1,210563,11,0,0,0,0,0,0,0,0,0
1,1,210564,0,0,0,0,0,0,0,0,0,0
1,1,210565,0,0,29,10,5,0,0,0,12,22
1,1,210566,0,0,0,0,0,0,0,0,11,0
1,1,210567,0,0,0,0,0,0,0,0,0,0
2,1,210567,0,0,0,0,0,0,0,0,0,0
1,1,210568,0,0,0,0,0,0,0,0,0,0
2,1,210568,0,0,0,0,0,0,0,0,0,0
1,1,210569,0,0,0,0,0,0,0,0,0,0
2,1,210569,0,0,0,0,0,0,0,0,0,0
1,1,210570,0,0,0,0,0,0,0,0,0,0
1,1,210571,0,0,0,0,0,0,0,0,0,0
1,1,210572,0,0,0,0,0,0,0,0,0,0
1,1,210573,0,0,0,0,0,0,0,0,0,0
1,1,210574,0,0,0,0,0,0,0,0,0,0
1,1,210575,0,12,0,0,0,0,0,0,0,0
1,1,210576,0,0,0,0,0,0,0,0,0,0
2,1,210576,0,0,0,0,0,0,0,0,0,0
1,1,210577,0,0,0,0,0,0,0,0,0,0
1,1,210578,10,10,10,10,10,10,10,10,10,10
1,1,210579,5,5,5,5,5,5,5,5,5,5
1,1,210580,18,18,18,18,18,18,18,18,18,18
1,1,210581,25,25,25,25,25,25,25,25,25,25
1,1,210582,10,0,24,0,0,0,0,0,0,0
1,1,210583,0,0,0,0,0,0,0,0,0,0
1,1,210584,4,4,4,4,4,4,4,4,4,4
2,1,210584,0,0,0,0,0,0,0,0,0,0
3,1,210584,0,0,0,0,0,0,0,0,0,0
1,1,210585,0,0,0,0,0,0,0,0,0,0
2,1,210585,0,0,0,0,0,0,0,0,0,0
1,1,210586,15,15,15,15,15,15,15,15,15,15
0,1,210587,8,8,8,8,8,8,8,8,8,8
1,1,210587,0,0,0,0,0,0,0,0,0,0
1,1,210588,0,0,0,0,0,0,0,0,0,0
1,1,210589,3,3,3,3,3,3,3,3,3,3
2,1,210589,0,0,0,0,0,0,0,0,0,0
1,1,210590,16,16,16,16,16,16,16,16,16,16
1,1,210591,15,15,15,15,15,15,15,15,15,15
2,1,210591,0,0,0,0,0,14,0,0,0,0
1,1,210592,0,0,0,0,0,0,0,0,0,0
2,1,210592,0,0,0,0,0,0,0,0,0,0
3,1,210592,0,0,0,0,0,0,0,0,0,0
1,1,210593,0,0,0,0,0,0,0,0,0,0
2,1,210593,0,0,0,0,0,0,0,0,0,0
1,1,210594,0,0,0,0,0,0,0,0,0,0
0,1,210595,0,0,23,0,8,0,0,0,16,0
1,1,210595,0,0,0,0,0,0,0,0,0,0
1,1,210596,24,24,24,24,24,24,24,24,24,24
1,1,210597,0,0,0,0,0,0,0,0,0,0
2,1,210597,0,0,0,0,0,0,0,0,0,0
1,1,210598,0,0,0,0,0,0,0,0,0,0
1,1,210599,0,0,0,0,0,0,0,0,0,0
2,1,210599,0,0,0,0,0,0,0,0,0,0
1,1,210600,0,0,0,0,0,0,0,0,0,0
2,1,210600,0,0,0,0,0,0,0,0,0,0
1,1,210601,0,0,0,0,0,0,0,0,0,0
1,1,210602,24,24,24,24,24,24,24,24,24,24
1,1,210603,16,16,16,16,16,16,16,16,16,16
1,1,210604,0,0,0,0,0,0,0,0,0,0
2,1,210604,0,0,0,0,0,0,0,0,0,0
1,1,210605,0,0,0,0,0,0,0,0,0,0
2,1,210605,0,0,0,0,0,0,0,0,0,0
1,1,210606,16,16,16,16,16,16,16,16,16,16
1,1,210607,27,27,27,27,27,27,27,27,27,27
1,1,210608,21,21,21,21,21,21,21,21,21,21
1,1,210609,0,0,0,0,0,0,0,0,0,0
2,1,210609,0,0,0,0,0,0,0,0,0,0
1,1,210610,16,16,16,16,16,16,16,16,16,16
1,1,210611,0,0,0,0,0,0,0,0,0,0
2,1,210611,0,0,0,0,0,0,0,0,0,0
1,1,210612,0,0,0,0,0,0,0,0,20,26
0,1,210613,0,0,0,0,0,0,0,0,0,0
1,1,210613,0,0,0,0,0,0,0,0,0,0
1,1,210614,0,0,0,0,0,0,0,0,0,0
1,1,210615,0,0,0,0,0,0,0,0,0,0
2,1,210615,0,0,0,0,0,0,0,0,0,0
1,1,210616,0,0,0,0,0,0,0,0,0,0
2,1,210616,0,0,0,0,0,0,0,0,0,0
3,1,210616,0,0,0,0,0,0,0,0,0,0
1,1,210617,0,0,0,0,0,0,0,0,0,0
2,1,210617,0,0,0,0,0,0,0,0,0,0
3,1,210617,0,0,0,0,0,0,0,0,0,0
1,1,210618,0,0,0,0,0,0,0,0,0,0
2,1,210618,0,0,0,0,0,0,0,0,0,0
1,1,210619,22,16,19,11,17,0,12,0,0,14
1,1,210620,0,0,0,0,0,0,0,0,0,0
1,1,210621,0,0,0,0,0,0,0,0,0,0
1,1,210622,0,0,0,0,0,0,0,0,0,0
2,1,210622,0,0,0,0,0,0,0,0,0,0
1,1,210623,0,0,0,0,0,0,0,0,0,0
2,1,210623,0,0,0,0,0,0,0,0,0,0
1,1,210624,0,0,0,0,0,0,0,0,0,0
1,1,210625,12,12,12,12,12,12,12,12,12,12
2,1,210625,0,0,0,0,0,0,0,0,0,0
1,1,210626,30,30,30,30,30,30,30,30,30,30
2,1,210626,0,0,0,0,0,0,0,0,0,0
1,1,210627,5,0,0,0,0,13,0,15,26,0
2,1,210627,0,0,0,0,0,0,0,17,13,0
3,1,210627,0,2,0,0,0,0,12,0,0,0
1,1,210628,0,0,0,0,0,0,14,0,20,0
1,1,210629,0,0,0,0,0,0,0,0,0,0
1,1,210630,19,0,12,0,37,11,0,0,10,0
1,1,210631,0,0,0,0,0,0,0,0,0,0
2,1,210631,0,0,0,0,0,0,0,0,0,0
1,1,210632,0,0,0,0,0,0,0,0,0,0
1,1,210633,12,12,12,12,12,12,12,12,12,12
2,1,210633,0,0,0,0,0,0,18,0,0,0
1,1,210634,0,0,14,10,26,7,13,0,23,10
1,1,210635,0,0,0,0,0,0,0,0,0,0
2,1,210635,0,0,0,0,0,0,0,0,0,0
1,1,210636,0,0,0,0,0,0,0,0,0,0
1,1,210637,0,2,0,0,0,0,0,0,0,4
1,1,210638,0,0,0,0,0,0,0,0,0,0
2,1,210638,0,0,0,0,0,0,0,0,0,0
3,1,210638,0,0,0,0,0,0,0,0,0,0
0,1,210639,0,0,0,0,0,0,0,0,0,0
1,1,210639,0,0,0,0,0,0,0,0,0,0
0,1,210640,0,0,0,10,0,17,0,0,0,0
1,1,210640,0,0,0,0,0,0,0,0,0,0
1,1,210641,19,19,19,19,19,19,19,19,19,19
1,1,210642,0,0,0,0,0,0,0,0,0,0
2,1,210642,0,0,0,0,0,0,0,0,0,0
1,1,210643,0,0,0,0,0,0,0,0,0,0
2,1,210643,0,0,0,0,0,0,0,0,0,0
3,1,210643,0,0,0,23,0,0,0,0,0,0
1,1,210644,0,0,0,0,0,16,0,0,0,0
1,1,210645,0,0,0,0,0,0,0,0,0,0
2,1,210645,0,0,0,0,0,0,0,0,0,0
1,1,210646,0,0,0,0,0,0,0,0,0,0
2,1,210646,0,0,0,0,0,0,0,0,0,0
3,1,210646,0,0,0,0,0,0,0,0,0,0
1,1,210647,0,0,0,7,0,0,0,0,0,0
1,1,210648,0,0,0,0,0,0,0,0,0,0
1,1,210649,0,0,0,0,0,0,0,0,0,0
1,1,210650,12,12,12,12,12,12,12,12,12,12
1,1,210651,0,0,0,0,0,0,0,0,0,0
1,1,210652,20,20,20,20,20,20,20,20,20,20
1,1,210653,0,0,0,0,0,0,0,0,0,0
1,1,210654,0,0,0,0,0,5,0,0,0,0
2,1,210654,0,0,0,0,0,0,0,0,0,0
1,1,210655,12,12,12,12,12,12,12,12,12,12
0,1,210656,13,13,13,13,13,13,13,13,13,13
1,1,210656,0,0,0,0,7,21,4,0,4,8
0,1,210657,0,0,0,0,0,0,0,7,0,0
1,1,210657,0,0,0,0,0,0,0,0,0,0
1,1,210658,0,6,0,0,0,0,0,0,0,0
1,1,210659,0,0,0,0,0,0,0,0,0,0
1,1,210660,0,0,0,0,0,0,0,0,0,0
1,1,210661,0,0,0,0,0,0,0,0,0,0
2,1,210661,0,0,0,0,0,0,0,0,0,0
3,1,210661,0,0,0,0,0,0,0,0,0,0
4,1,210661,0,0,0,0,0,0,0,0,0,0
5,1,210661,0,0,0,0,0,0,0,0,0,0
0,1,210662,0,0,0,0,0,0,0,0,0,0
1,1,210662,0,0,0,0,20,0,0,0,0,0
1,1,210663,0,0,0,0,0,0,0,0,0,0
1,1,210664,17,17,17,17,17,17,17,17,17,17
1,1,210665,0,0,0,0,0,0,0,0,0,0
1,1,210666,18,18,18,18,18,18,18,18,18,18
1,1,210667,0,0,0,0,0,0,0,0,0,0
2,1,210667,0,0,0,0,0,0,0,0,0,0
1,1,210668,0,0,0,0,0,0,0,0,0,0
0,1,210669,0,0,0,0,0,0,0,0,0,0
1,1,210669,8,8,8,8,8,8,8,8,8,8
1,1,210670,22,0,19,11,36,22,14,17,5,0
1,1,210671,0,0,0,0,0,0,0,0,0,0
2,1,210671,0,0,0,0,0,0,0,0,0,0
0,1,210672,0,0,0,0,0,0,0,0,0,0
1,1,210672,0,0,0,0,0,0,0,0,0,0
1,1,210673,0,0,0,0,0,0,0,0,0,0
2,1,210673,0,0,0,0,0,0,0,0,0,0
1,1,210674,0,0,0,0,0,0,0,0,0,0
2,1,210674,0,0,0,0,0,0,0,0,0,0
1,1,210675,0,0,0,0,0,0,0,0,0,0
1,1,210676,0,0,0,0,0,0,0,0,0,0
0,1,210677,2,2,2,2,2,2,2,2,2,2
1,1,210677,0,0,0,0,0,0,0,0,0,0
2,1,210677,0,0,0,0,0,0,0,0,0,0
1,1,210678,14,14,14,14,14,14,14,14,14,14
1,1,210679,0,0,0,0,0,0,0,0,0,0
1,1,210680,12,12,12,12,12,12,12,12,12,12
1,1,210681,30,0,19,36,0,0,7,0,0,16
2,1,210681,0,0,0,0,0,0,12,0,0,0
1,1,210682,0,0,0,0,0,0,0,0,0,0
2,1,210682,0,0,1,0,0,22,0,0,0,0
1,1,210683,0,0,0,0,0,0,0,0,0,0
2,1,210683,0,0,0,0,0,0,0,0,0,0
1,1,210684,0,0,0,0,0,0,0,0,0,0
2,1,210684,0,0,0,0,0,0,0,0,0,0
1,1,210685,21,8,33,19,12,16,12,4,19,16
1,1,210686,0,0,0,0,0,0,0,0,0,0
2,1,210686,0,0,0,0,0,0,0,0,0,0
1,1,210687,20,20,20,20,20,20,20,20,20,20
2,1,210687,0,0,0,0,0,0,0,0,0,0
1,1,210688,0,0,0,0,0,0,0,0,0,0
2,1,210688,23,23,23,23,23,23,23,23,23,23
1,1,210689,0,0,0,0,0,0,0,0,0,0
2,1,210689,0,0,0,0,0,0,0,0,0,0
1,1,210690,17,17,17,17,17,17,17,17,17,17
2,1,210690,0,0,0,0,0,0,0,0,0,0
3,1,210690,0,0,0,0,0,0,0,0,0,0
1,1,210691,0,0,0,0,0,0,0,0,0,0
2,1,210691,0,0,0,0,0,0,0,0,0,0
1,1,210692,0,0,0,0,0,0,0,0,0,0
1,1,210693,0,0,0,0,0,0,0,0,0,0
2,1,210693,0,0,0,0,0,0,0,0,0,0
1,1,210694,0,0,0,0,0,0,0,0,0,0
2,1,210694,0,0,0,0,0,0,0,0,0,0
3,1,210694,0,0,0,0,0,0,0,0,0,0
4,1,210694,0,0,0,0,0,0,0,0,0,0
1,1,210695,0,36,0,16,0,0,0,0,16,0
1,1,210696,0,0,0,0,0,0,0,0,0,0
1,1,210697,0,0,0,0,0,0,0,0,0,0
2,1,210697,0,0,0,0,0,0,0,0,0,0
1,1,210698,0,0,0,0,0,0,0,0,0,0
2,1,210698,0,0,0,0,0,0,0,0,0,0
1,1,210699,0,0,0,7,0,0,0,0,0,0
2,1,210699,0,3,0,0,0,0,0,0,0,0
1,1,210700,0,0,0,0,0,0,0,0,0,0
1,1,210701,27,27,27,27,27,27,27,27,27,27
2,1,210701,0,0,0,0,0,0,0,0,3,0
1,1,210702,0,0,0,0,0,0,0,0,0,0
1,1,210703,0,0,0,0,0,0,0,0,0,0
2,1,210703,0,0,0,0,0,0,0,0,0,0
1,1,210704,0,0,0,0,0,0,0,0,0,0
2,1,210704,0,0,0,0,0,0,0,0,0,0
0,1,210705,0,0,0,0,28,0,23,33,25,10
1,1,210705,0,0,0,0,0,0,0,0,0,0
1,1,210706,0,0,0,0,0,0,0,0,0,0
1,1,210707,0,0,0,0,0,0,0,0,0,0
1,1,210708,0,0,0,0,0,0,0,8,10,0
1,1,210709,0,0,0,6,0,0,0,0,0,0
2,1,210709,0,0,0,0,0,0,0,0,0,0
0,1,210710,10,10,10,10,10,10,10,10,10,10
1,1,210710,0,0,0,0,0,0,0,0,0,0
1,1,210711,6,6,6,6,6,6,6,6,6,6
2,1,210711,0,0,0,0,0,0,0,0,0,0
1,1,210712,0,0,0,0,0,0,0,0,0,0
2,1,210712,0,0,0,0,0,0,0,0,0,0
1,1,210713,0,0,0,0,0,0,0,0,0,0
1,1,210714,2,2,2,2,2,2,2,2,2,2
1,1,210715,14,14,14,14,14,14,14,14,14,14
2,1,210715,0,0,0,0,0,0,0,0,0,0
1,1,210716,21,27,33,23,7,27,22,25,16,0
2,1,210716,0,0,0,0,0,0,10,0,0,0
0,1,210717,0,0,0,0,0,0,0,0,0,0
1,1,210717,0,0,0,0,0,0,0,0,0,0
3,1,210717,0,0,0,0,0,0,0,0,0,0
1,1,210718,11,11,11,11,11,11,11,11,11,11
1,1,210719,0,0,0,0,0,0,0,0,0,0
1,1,210720,0,0,0,0,0,0,0,0,0,0
1,1,210721,0,0,0,0,0,0,0,0,0,0
2,1,210721,13,0,8,11,11,0,14,0,0,0
3,1,210721,0,0,7,0,0,0,0,0,0,0
0,1,210722,0,0,0,0,0,0,0,0,0,0
1,1,210722,0,0,0,0,0,0,0,0,0,0
1,1,210723,0,0,0,0,0,0,0,0,0,0
0,1,210724,0,0,0,0,0,0,0,0,0,0
1,1,210724,0,11,0,0,8,0,0,4,0,0
0,1,210725,0,0,16,0,11,0,0,0,0,0
1,1,210725,0,0,0,0,0,0,0,0,0,0
1,1,210726,0,0,28,14,0,0,0,0,0,0
1,1,210727,0,0,0,0,0,0,0,0,0,0
2,1,210727,0,0,0,0,0,0,0,0,0,0
1,1,210728,0,0,0,0,0,0,0,0,0,0
1,1,210729,19,19,19,19,19,19,19,19,19,19
2,1,210729,0,0,0,0,0,0,0,0,0,0
3,1,210729,0,0,0,0,0,0,0,0,0,0
0,1,210730,2,2,2,2,2,2,2,2,2,2
1,1,210730,0,0,0,0,0,0,0,0,6,0
1,1,210731,20,20,20,20,20,20,20,20,20,20
1,1,210732,0,0,0,0,0,0,0,0,0,0
1,1,210733,8,8,8,8,8,8,8,8,8,8
2,1,210733,0,0,0,0,0,0,0,0,0,0
1,1,210734,0,0,32,25,0,8,0,26,12,28
1,1,210735,17,17,17,17,17,17,17,17,17,17
1,1,210736,12,12,12,12,12,12,12,12,12,12
2,1,210736,0,0,0,0,0,0,0,0,0,0
1,1,210737,0,0,0,0,0,0,0,0,0,0
2,1,210737,0,0,0,0,0,0,0,0,0,0
1,1,210738,0,0,0,0,0,0,0,0,0,0
2,1,210738,0,0,0,0,0,0,0,0,0,0
1,1,210739,18,28,0,17,7,25,23,18,0,19
1,1,210740,0,0,0,0,0,0,0,0,0,0
2,1,210740,0,0,0,0,0,0,0,0,0,0
1,1,210741,0,0,0,0,0,0,0,0,0,0
1,1,210742,0,0,0,0,0,0,0,0,0,0
2,1,210742,0,0,0,0,0,0,0,0,0,0
1,1,210743,0,0,0,0,0,0,0,0,0,0
0,1,210744,14,14,14,14,14,14,14,14,14,14
1,1,210744,0,0,0,0,0,0,0,0,0,0
1,1,210745,0,0,0,0,0,0,0,0,0,0
1,1,210746,0,0,0,0,0,0,8,0,0,0
1,1,210747,0,0,0,0,0,0,0,0,0,0
2,1,210747,0,0,0,0,0,0,0,0,0,0
1,1,210748,0,0,0,0,0,0,0,0,0,0
2,1,210748,0,0,0,0,0,0,0,0,0,0
1,1,210749,0,0,0,14,0,0,0,0,0,0
0,1,210750,0,0,4,0,0,0,0,0,0,0
1,1,210750,0,0,0,0,0,0,0,0,0,0
2,1,210750,0,0,0,0,0,0,0,0,0,0
3,1,210750,0,0,0,0,0,0,0,0,15,0
1,1,210751,0,0,0,0,0,0,0,0,0,0
1,1,210752,0,0,0,0,0,0,0,0,0,0
0,1,220001,0,0,0,29,16,20,17,35,0,0
1,1,220001,0,0,0,0,0,0,0,0,0,0
1,1,220002,0,0,0,0,0,0,0,0,0,0
1,1,220003,0,0,0,0,0,0,0,0,0,0
0,1,220004,0,0,0,0,0,33,0,0,0,13
1,1,220004,0,0,0,0,0,0,0,0,0,0
0,1,220005,30,30,30,30,30,30,30,30,30,30
1,1,220005,0,0,0,0,0,0,0,0,0,0
1,1,220006,17,17,17,17,17,17,17,17,17,17
1,1,220007,26,26,26,26,26,26,26,26,26,26
1,1,220008,11,11,11,11,11,11,11,11,11,11
1,1,220009,0,0,0,0,0,0,0,0,0,0
0,1,220010,27,27,27,27,27,27,27,27,27,27
1,1,220010,0,0,0,0,0,0,0,0,0,19
1,1,220011,0,0,0,0,0,0,0,0,0,0
1,1,220012,0,0,0,0,0,0,0,0,0,0
1,1,220013,15,0,12,15,0,29,16,0,14,29
1,1,220014,18,18,18,18,18,18,18,18,18,18
1,1,220015,14,14,14,14,14,14,14,14,14,14
1,1,220016,12,4,20,0,12,11,15,13,13,13
1,1,220017,0,0,0,0,0,0,0,0,0,0
2,1,220017,0,0,0,0,0,0,0,0,0,0
1,1,220018,11,11,11,11,11,11,11,11,11,11
1,1,220019,0,0,0,0,0,0,0,0,0,0
1,1,220020,14,14,14,14,14,14,14,14,14,14
1,1,220021,23,23,23,23,23,23,23,23,23,23
1,1,220022,0,0,0,0,0,0,0,0,0,0
1,1,220023,0,0,0,0,0,0,0,0,0,0
2,1,220023,0,0,0,0,0,0,0,0,0,0
1,1,220024,0,0,0,0,0,0,0,0,0,0
1,1,220025,29,29,29,29,29,29,29,29,29,29
1,1,220026,25,4,22,11,5,31,20,28,38,12
1,1,220027,0,0,0,7,0,0,15,6,11,9
1,1,220028,0,0,13,0,0,0,0,15,19,0
2,1,220028,0,0,0,0,0,0,0,0,0,0
1,1,220029,0,6,13,0,18,0,0,4,11,0
2,1,220029,0,0,0,0,0,0,0,0,0,0
1,1,220030,0,0,0,0,0,0,0,0,0,0
2,1,220030,0,0,0,0,0,0,0,0,0,0
1,1,220031,0,0,0,0,0,0,0,0,0,0
2,1,220031,0,0,0,0,0,0,0,0,0,0
1,1,220032,0,22,0,0,0,0,9,0,0,0
2,1,220032,4,0,0,8,10,0,0,0,0,0
1,1,220033,0,0,0,0,0,0,0,0,0,0
2,1,220033,0,0,0,0,0,0,0,0,0,0
1,1,220034,0,0,0,0,0,0,0,0,0,0
1,1,220035,17,12,29,23,23,13,25,19,0,14
1,1,220036,8,8,8,8,8,8,8,8,8,8
1,1,220037,0,0,0,0,0,0,0,0,0,0
2,1,220037,0,0,0,0,0,0,0,0,0,0
1,1,220038,15,15,15,15,15,15,15,15,15,15
2,1,220038,0,0,0,0,0,0,0,0,0,0
1,1,220039,18,18,18,18,18,18,18,18,18,18
2,1,220039,0,0,0,0,0,0,0,0,0,0
1,1,220040,12,23,5,0,20,23,20,0,26,0
1,1,220041,0,0,0,0,0,0,0,0,0,0
2,1,220041,0,0,0,0,0,0,0,0,0,0
1,1,220042,0,0,0,0,0,0,0,0,0,0
2,1,220042,0,0,0,0,0,0,0,0,0,0
1,1,220043,0,0,0,0,0,0,0,0,0,0
2,1,220043,0,0,0,0,0,0,0,0,0,0
0,1,220044,1,1,1,1,1,1,1,1,1,1
1,1,220044,0,0,0,0,0,0,0,0,0,0
0,1,220045,0,0,0,0,0,0,0,0,0,0
0,2,220045,0,0,0,0,0,0,0,0,0,0
0,3,220045,0,0,0,0,0,0,0,0,0,0
0,4,220045,0,0,0,0,0,0,0,0,0,27
0,5,220045,0,0,0,0,0,0,0,0,0,0
1,1,220045,0,0,0,0,0,0,0,0,0,0
1,1,220046,10,17,0,19,6,0,0,0,0,0
1,1,220047,22,22,22,22,22,22,22,22,22,22
1,1,220048,12,12,12,12,12,12,12,12,12,12
1,1,220049,10,0,0,0,0,0,16,0,0,12
1,1,220050,0,0,0,0,0,0,0,0,0,0
1,1,220051,0,0,0,0,0,0,0,0,0,0
0,1,220052,20,0,0,0,0,0,13,0,18,0
1,1,220052,4,4,4,4,4,4,4,4,4,4
1,1,220053,13,13,13,13,13,13,13,13,13,13
1,1,220054,0,0,0,0,0,0,0,0,0,0
0,1,220055,23,23,23,23,23,23,23,23,23,23
1,1,220055,0,0,0,0,0,0,0,0,0,0
1,1,220056,0,0,0,0,0,0,0,0,0,0
1,1,220057,15,26,0,0,16,0,14,6,0,0
1,1,220058,0,0,0,0,0,0,0,0,0,0
1,1,220059,0,0,0,0,0,0,0,0,0,0
2,1,220059,0,0,0,0,0,0,0,0,0,0
0,1,220060,17,17,17,17,17,17,17,17,17,17
1,1,220060,0,0,0,0,0,0,0,0,0,0
1,1,220061,0,0,0,0,0,0,0,0,0,0
2,1,220061,0,0,0,0,0,0,0,0,0,0
1,1,220062,0,0,0,0,0,0,0,0,0,0
2,1,220062,0,0,0,0,0,0,0,0,0,0
1,1,220063,11,11,11,11,11,11,11,11,11,11
2,1,220063,0,0,0,0,0,0,0,0,0,0
3,1,220063,0,0,0,0,0,0,0,0,0,0
1,1,220064,10,10,10,10,10,10,10,10,10,10
2,1,220064,0,0,0,0,0,0,0,0,0,0
1,1,220065,0,0,0,0,0,0,0,0,0,0
2,1,220065,0,0,0,0,0,0,0,0,0,0
1,1,220066,0,0,0,0,0,0,0,0,0,0
2,1,220066,0,0,0,0,0,0,0,0,0,0
1,1,220067,28,25,0,17,10,0,19,16,15,17
2,1,220067,0,0,0,0,0,0,0,0,0,0
1,1,220068,0,0,0,0,0,0,0,0,0,0
2,1,220068,0,0,0,0,0,0,0,0,0,0
1,1,220069,0,0,0,0,0,0,0,0,0,0
2,1,220069,0,0,0,0,0,0,0,0,0,0
1,1,220070,0,0,0,0,0,0,0,0,0,0
2,1,220070,0,0,0,0,0,0,0,0,0,0
1,1,220071,0,0,0,0,0,0,0,0,0,0
2,1,220071,0,0,0,0,0,0,0,6,0,0
1,1,220072,0,0,0,0,0,0,0,0,0,0
2,1,220072,0,0,0,0,0,0,0,0,0,0
1,1,220073,0,0,0,0,0,0,0,0,0,0
1,1,220074,16,16,16,16,16,16,16,16,16,16
1,1,220075,0,0,0,0,0,0,0,0,0,0
1,1,220076,0,0,0,0,0,0,0,0,0,0
2,1,220076,0,0,0,0,0,0,0,0,0,0
1,1,220077,8,8,8,8,8,8,8,8,8,8
1,1,220078,19,0,0,0,22,0,0,0,0,29
1,1,220079,12,12,12,12,12,12,12,12,12,12
1,1,220080,0,0,0,0,0,0,0,0,0,0
2,1,220080,0,0,0,0,0,0,0,0,0,0
1,1,220081,11,11,11,11,11,11,11,11,11,11