VEH_NO,PER_NO,ST_CASE,P1,P2,P3,P4,P5,P6,P7,P8,P9,P10
1,1,220082,31,31,31,31,31,31,31,31,31,31
2,1,220082,0,0,0,0,0,0,0,5,0,5
1,1,220083,27,31,39,12,26,19,19,14,10,19
0,1,220084,0,0,0,0,0,0,0,0,0,0
1,1,220084,0,0,0,0,0,0,0,0,0,0
1,1,220085,0,0,0,0,0,0,0,0,0,0
2,1,220085,22,22,22,22,22,22,22,22,22,22
1,1,220086,24,24,24,24,24,24,24,24,24,24
1,1,220087,9,9,9,9,9,9,9,9,9,9
0,1,220088,0,0,0,0,0,0,0,0,0,0
1,1,220088,0,0,0,0,0,0,0,0,0,0
1,1,220089,0,0,0,0,0,0,0,0,0,0
1,1,220090,12,30,31,23,19,11,25,26,15,10
1,1,220091,2,2,2,2,2,2,2,2,2,2
0,1,220092,0,0,0,0,0,0,0,0,0,0
1,1,220092,9,23,9,14,7,28,15,11,17,14
1,1,220093,17,17,17,17,17,17,17,17,17,17
0,1,220094,5,5,5,5,5,5,5,5,5,5
1,1,220094,0,0,0,0,0,0,0,0,0,0
1,1,220095,14,14,14,14,14,14,14,14,14,14
1,1,220096,12,0,15,0,0,17,20,0,0,10
2,1,220096,2,2,2,2,2,2,2,2,2,2
1,1,220097,21,21,21,21,21,21,21,21,21,21
1,1,220098,0,0,0,0,0,0,0,0,0,0
1,1,220099,0,0,0,0,0,0,0,0,0,0
2,1,220099,0,0,0,0,0,0,0,0,0,0
1,1,220100,14,13,0,5,32,0,15,0,8,0
1,1,220101,0,0,0,0,0,0,0,0,0,0
2,1,220101,0,0,0,0,0,0,0,0,0,0
1,1,220102,0,0,0,0,0,0,0,0,0,0
2,1,220102,0,0,0,0,0,0,0,0,0,0
1,1,220103,24,24,24,24,24,24,24,24,24,24
1,1,220104,0,0,0,0,0,0,0,0,0,0
2,1,220104,0,0,0,0,0,0,0,0,0,0
1,1,220105,19,19,19,19,19,19,19,19,19,19
1,1,220106,0,26,0,0,0,0,0,0,0,0
2,1,220106,0,0,0,0,0,0,0,0,0,0
3,1,220106,0,0,0,0,0,0,0,0,0,0
0,1,220107,20,26,24,30,34,15,28,29,22,28
1,1,220107,8,8,8,8,8,8,8,8,8,8
1,1,220108,17,17,17,17,17,17,17,17,17,17
1,1,220109,0,0,0,0,0,0,0,0,0,0
2,1,220109,0,0,0,0,0,0,0,0,0,0
1,1,220110,0,0,19,23,0,0,0,12,13,0
0,1,220111,17,17,17,17,17,17,17,17,17,17
1,1,220111,0,0,0,0,0,0,0,0,0,0
1,1,220112,10,0,9,0,22,0,0,10,14,0
1,1,220113,18,18,18,18,18,18,18,18,18,18
1,1,220114,38,11,10,32,13,0,24,16,14,38
1,1,220115,25,25,25,25,25,25,25,25,25,25
2,1,220115,0,0,0,0,0,0,0,0,0,0
1,1,220116,0,0,0,0,0,0,0,0,0,0
2,1,220116,0,0,0,0,0,0,0,0,0,0
1,1,220117,0,0,0,0,0,0,0,0,0,0
1,1,220118,1,1,1,1,1,1,1,1,1,1
2,1,220118,0,0,0,0,0,0,0,0,0,0
3,1,220118,0,0,0,0,0,0,0,0,0,0
1,1,220119,0,0,0,0,0,0,0,0,0,0
2,1,220119,0,0,0,0,0,0,0,0,0,0
1,1,220120,16,0,15,0,0,13,0,9,0,0
2,1,220120,0,0,0,0,0,0,0,0,2,0
1,1,220121,18,18,18,18,18,18,18,18,18,18
1,1,220122,0,0,0,0,0,0,0,0,0,0
2,1,220122,0,0,0,0,0,0,0,0,0,0
1,1,220123,11,11,11,11,11,11,11,11,11,11
2,1,220123,0,0,0,0,0,0,0,0,0,0
1,1,220124,25,0,0,16,0,0,12,11,0,12
1,1,220125,0,0,0,0,0,0,0,0,0,0
1,1,220126,0,0,0,0,0,0,0,0,0,0
1,1,220127,0,0,0,0,0,0,0,0,0,0
0,1,220128,0,0,0,0,0,0,0,0,0,0
2,1,220128,0,0,0,0,0,0,4,0,0,0
0,1,220129,9,5,21,31,5,13,23,19,16,17
1,1,220129,12,12,12,12,12,12,12,12,12,12
1,1,220130,0,0,0,0,0,0,0,0,0,0
0,1,220131,0,0,2,0,0,0,18,7,0,0
1,1,220131,0,0,0,0,0,0,0,0,0,0
1,1,220132,12,12,12,12,12,12,12,12,12,12
1,1,220133,22,27,25,20,20,29,14,29,24,36
1,1,220134,0,0,0,0,0,0,0,0,0,30
1,1,220135,0,0,0,0,0,0,0,0,0,0
1,1,220136,0,0,14,18,0,0,19,0,30,0
0,1,220137,20,20,20,20,20,20,20,20,20,20
1,1,220137,0,0,0,0,0,0,0,0,0,0
2,1,220137,0,19,0,0,24,11,0,0,0,0
1,1,220138,0,0,0,0,0,0,0,0,0,0
2,1,220138,0,0,0,0,0,0,0,0,0,0
1,1,220139,11,11,11,11,11,11,11,11,11,11
1,1,220140,0,0,22,0,13,57,0,0,0,0
2,1,220140,0,0,0,0,0,0,0,0,0,0
1,1,220141,27,0,0,0,0,0,0,0,0,0
1,1,220142,0,0,0,0,0,0,0,0,0,0
2,1,220142,0,0,0,6,13,0,0,0,0,0
1,1,220143,0,24,19,20,0,0,0,0,6,0
1,1,220144,19,19,19,19,19,19,19,19,19,19
1,1,220145,10,10,10,10,10,10,10,10,10,10
0,1,220146,0,0,0,0,0,0,0,0,0,0
1,1,220146,0,0,0,0,0,0,0,0,0,0
3,1,220146,0,0,0,0,0,0,0,0,0,0
1,1,220147,0,0,0,0,0,0,0,0,0,0
2,1,220147,0,0,0,0,0,0,0,0,0,0
1,1,220148,12,12,12,12,12,12,12,12,12,12
2,1,220148,0,0,0,0,0,0,0,0,0,0
1,1,220150,27,27,27,27,27,27,27,27,27,27
1,1,220151,20,20,20,20,20,20,20,20,20,20
1,1,220152,0,0,0,0,0,0,0,0,0,0
2,1,220152,0,0,0,0,0,0,0,0,0,0
1,1,220153,32,32,32,32,32,32,32,32,32,32
1,1,220154,32,0,0,0,9,0,0,0,20,0
2,1,220154,0,0,0,0,0,0,0,0,0,0
3,1,220154,0,0,0,0,0,0,0,0,0,0
1,1,220155,0,0,0,0,0,0,0,0,0,0
2,1,220155,0,0,0,0,0,0,0,0,0,0
1,1,220156,0,0,0,0,0,18,0,6,15,0
1,1,220157,0,3,14,7,18,13,0,10,0,11
1,1,220158,24,24,24,24,24,24,24,24,24,24
1,1,220159,27,27,27,27,27,27,27,27,27,27
0,1,220160,16,8,0,0,18,23,29,13,16,0
1,1,220160,0,0,0,0,0,0,0,0,0,0
0,1,220161,24,24,24,24,24,24,24,24,24,24
1,1,220161,21,21,21,21,21,21,21,21,21,21
1,1,220162,0,0,0,0,0,0,0,0,0,0
1,1,220163,0,0,0,0,0,0,0,0,0,0
1,1,220164,0,0,0,0,0,0,0,0,0,0
2,1,220164,0,0,0,0,0,0,0,0,0,0
1,1,220165,0,0,0,0,0,0,0,0,0,0
1,1,220166,21,12,0,15,19,17,14,11,29,21
1,1,220167,28,28,28,28,28,28,28,28,28,28
1,1,220168,21,21,21,21,21,21,21,21,21,21
1,1,220169,10,10,10,10,10,10,10,10,10,10
0,1,220170,19,24,46,0,0,18,46,10,0,19
1,1,220170,0,0,0,0,0,0,0,0,0,0
1,1,220171,14,18,6,23,30,14,20,0,27,15
1,1,220172,0,0,0,0,0,0,0,0,0,0
2,1,220172,0,0,0,0,0,0,0,0,0,0
1,1,220173,0,0,0,0,0,0,0,0,0,0
2,1,220173,0,0,0,20,0,0,0,0,0,0
3,1,220173,0,0,0,0,0,0,0,0,0,0
1,1,220174,0,0,0,0,0,0,0,0,0,0
2,1,220174,0,0,0,0,0,0,0,0,0,0
1,1,220175,21,21,21,21,21,21,21,21,21,21
0,1,220176,0,0,0,0,0,0,0,0,0,0
1,1,220176,14,14,14,14,14,14,14,14,14,14
1,1,220177,0,0,0,0,0,0,0,0,0,0
2,1,220177,0,0,0,0,0,0,0,0,0,0
3,1,220177,0,0,0,0,0,0,0,0,0,0
1,1,220178,23,23,23,23,23,23,23,23,23,23
2,1,220178,18,0,0,6,22,0,0,0,22,0
1,1,220179,13,13,13,13,13,13,13,13,13,13
2,1,220179,0,0,0,0,0,0,0,9,0,0
3,1,220179,0,0,0,0,0,0,0,0,0,0
0,1,220180,14,8,18,0,12,16,21,27,0,0
1,1,220180,0,0,0,0,0,0,0,0,0,0
1,1,220181,16,16,16,16,16,16,16,16,16,16
2,1,220181,0,0,0,0,0,0,0,17,0,0
1,1,220182,1,1,1,1,1,1,1,1,1,1
2,1,220182,0,0,0,0,0,0,0,0,0,0
1,1,220183,2,2,2,2,2,2,2,2,2,2
2,1,220183,0,0,0,0,0,0,0,0,0,0
3,1,220183,0,0,0,0,0,0,0,0,0,0
1,1,220184,0,0,0,0,0,0,0,0,0,0
2,1,220184,0,0,0,0,0,0,0,0,0,0
1,1,220185,4,4,4,4,4,4,4,4,4,4
1,1,220186,0,0,0,0,0,0,0,0,0,0
2,1,220186,0,0,0,0,0,0,0,0,0,0
1,1,220187,12,12,12,12,12,12,12,12,12,12
0,1,220188,26,22,0,14,11,25,0,18,0,19
0,2,220188,36,8,21,41,0,18,10,9,0,9
1,1,220188,23,23,23,23,23,23,23,23,23,23
2,1,220188,0,0,0,0,0,0,0,0,0,0
0,1,220189,10,10,10,10,10,10,10,10,10,10
1,1,220189,20,15,17,8,0,0,17,8,17,14
0,1,220190,0,0,0,37,30,15,22,0,0,20
1,1,220190,17,17,17,17,17,17,17,17,17,17
1,1,220191,14,14,14,14,14,14,14,14,14,14
1,1,220192,0,0,0,0,0,0,0,0,0,0
1,1,220193,10,10,10,10,10,10,10,10,10,10
1,1,220194,0,0,0,0,0,0,0,0,0,0
2,1,220194,0,0,0,0,0,0,0,0,0,0
0,1,220195,0,0,0,0,0,0,0,0,0,0
1,1,220195,0,0,0,0,0,0,0,0,0,0
1,1,220196,0,0,0,0,0,0,0,0,0,0
1,1,220197,0,0,0,0,0,0,0,0,0,0
2,1,220197,0,0,0,0,0,0,0,0,0,0
1,1,220198,14,14,14,14,14,14,14,14,14,14
2,1,220198,0,0,0,0,0,0,0,0,0,0
1,1,220199,2,2,2,2,2,2,2,2,2,2
2,1,220199,5,5,5,5,5,5,5,5,5,5
0,1,220200,0,0,0,0,0,0,0,0,0,0
2,1,220200,0,0,0,0,0,0,0,0,0,0
1,1,220201,23,23,23,23,23,23,23,23,23,23
1,1,220202,0,0,0,0,0,0,0,0,0,0
2,1,220202,0,0,9,0,0,0,0,0,0,0
1,1,220203,0,0,0,0,0,18,0,0,0,17
2,1,220203,0,0,0,0,0,0,0,0,0,0
0,1,220204,0,0,0,0,0,0,0,0,0,0
1,1,220204,0,0,0,0,0,0,0,0,0,0
1,1,220205,11,0,10,0,14,8,18,0,18,19
1,1,220206,9,9,9,9,9,9,9,9,9,9
1,1,220207,0,0,0,0,0,0,0,0,0,0
2,1,220207,0,0,0,0,0,0,0,0,0,0
3,1,220207,0,0,0,0,0,0,0,0,0,0
4,1,220207,0,0,0,0,0,0,0,0,0,0
5,1,220207,0,0,0,0,0,0,0,0,0,0
1,1,220208,0,0,0,0,0,0,0,0,0,0
2,1,220208,0,0,0,0,0,0,0,0,0,0
1,1,220209,19,19,19,19,19,19,19,19,19,19
1,1,220210,0,0,0,0,0,0,0,0,0,0
2,1,220210,0,0,0,0,0,0,0,0,0,0
1,1,220211,3,3,3,3,3,3,3,3,3,3
2,1,220211,0,0,0,0,0,0,0,0,0,0
1,1,220212,0,0,0,0,0,0,0,0,0,0
1,1,220213,0,0,0,0,0,0,0,0,0,0
2,1,220213,0,0,0,0,0,0,0,0,0,0
1,1,220214,0,0,0,2,0,0,0,0,0,0
0,1,220215,27,32,26,0,27,36,37,8,22,15
1,1,220215,0,0,0,0,0,0,0,0,0,0
1,1,220216,0,0,0,0,0,0,0,0,0,0
1,1,220217,17,17,17,17,17,17,17,17,17,17
2,1,220217,0,0,11,0,0,0,0,10,0,0
3,1,220217,0,0,0,0,0,0,0,0,0,0
4,1,220217,0,0,0,9,5,0,0,0,0,0
1,1,220218,0,0,0,0,0,0,0,0,0,0
2,1,220218,0,0,0,0,0,0,0,9,0,6
1,1,220219,20,20,20,20,20,20,20,20,20,20
0,1,220220,13,18,0,29,5,0,12,32,0,8
1,1,220220,0,0,0,0,0,0,0,0,0,0
1,1,220221,0,0,0,0,0,0,0,0,0,0
1,1,220222,15,15,15,15,15,15,15,15,15,15
1,1,220223,0,13,0,0,0,0,0,18,0,0
0,1,220224,25,25,25,25,25,25,25,25,25,25
1,1,220224,0,0,0,0,0,0,0,0,0,0
0,1,220225,13,25,16,9,13,22,0,0,11,16
1,1,220225,0,0,0,0,0,0,0,0,0,0
0,1,220226,7,0,0,0,0,0,0,0,0,31
1,1,220226,0,0,0,0,0,0,0,0,0,0
1,1,220227,0,0,0,0,0,0,0,0,0,0
2,1,220227,0,0,0,0,0,0,0,0,0,0
1,1,220228,0,0,0,0,0,0,0,0,0,0
2,1,220228,0,0,0,0,0,0,0,0,0,0
1,1,220229,0,17,0,7,0,27,14,11,0,12
0,1,220230,0,0,0,0,0,0,0,3,0,0
1,1,220230,0,0,0,0,0,0,0,0,0,0
1,1,220231,0,0,0,0,0,0,0,0,0,0
2,1,220231,0,0,0,0,0,0,0,0,0,0
1,1,220232,11,11,11,11,11,11,11,11,11,11
0,1,220233,32,5,13,15,0,0,20,18,26,35
1,1,220233,0,0,0,0,0,0,0,0,0,0
1,1,220234,18,18,18,18,18,18,18,18,18,18
1,1,220235,9,9,9,9,9,9,9,9,9,9
2,1,220235,0,0,0,0,0,0,0,0,0,0
1,1,220236,0,0,0,0,0,0,0,0,0,0
2,1,220236,0,0,0,0,0,0,0,0,0,0
1,1,220237,27,31,36,17,24,40,25,14,32,20
1,1,220238,0,0,0,0,0,0,0,0,0,0
2,1,220238,0,0,0,0,0,0,0,0,0,0
3,1,220238,0,0,0,0,0,0,0,0,0,0
1,1,220239,8,8,8,8,8,8,8,8,8,8
1,1,220240,0,0,0,0,0,0,0,0,0,0
1,1,220241,0,0,0,0,0,0,0,0,0,0
2,1,220241,0,0,0,0,0,0,0,0,0,0
3,1,220241,0,0,0,0,0,0,0,0,0,0
1,1,220242,20,20,20,20,20,20,20,20,20,20
0,1,220243,21,21,21,21,21,21,21,21,21,21
1,1,220243,0,0,0,0,0,0,0,0,0,0
1,1,220244,0,0,0,0,0,0,0,0,0,0
2,1,220244,0,0,0,0,0,0,0,0,0,0
3,1,220244,0,0,0,0,0,0,0,0,0,0
1,1,220245,9,9,9,9,9,9,9,9,9,9
0,1,220246,0,0,0,0,0,0,0,0,0,0
1,1,220246,0,0,0,0,0,0,0,0,0,0
1,1,220247,11,0,0,11,13,0,8,5,32,14
1,1,220248,0,0,0,0,0,0,0,0,0,0
2,1,220248,0,11,0,0,0,0,0,0,0,0
1,1,220249,0,0,0,0,0,0,0,0,0,0
2,1,220249,0,0,0,0,0,0,0,0,0,0
1,1,220250,0,0,0,0,0,0,0,0,0,0
1,1,220251,18,28,18,15,7,35,9,25,23,12
1,1,220252,0,0,0,0,0,0,0,0,0,0
2,1,220252,0,0,0,0,0,0,0,0,0,0
3,1,220252,0,0,0,0,0,0,0,0,0,0
1,1,220253,7,7,7,7,7,7,7,7,7,7
1,1,220254,0,0,0,0,0,0,0,0,0,0
2,1,220254,0,0,0,0,0,0,0,0,0,0
1,1,220255,0,0,0,0,0,0,0,0,0,0
2,1,220255,0,0,0,0,0,0,0,0,0,0
1,1,220256,0,0,0,0,0,0,0,0,0,0
2,1,220256,0,0,0,0,0,0,0,0,0,0
1,1,220257,0,0,0,0,0,0,0,0,0,0
2,1,220257,0,0,0,0,0,0,0,0,0,0
0,1,220258,16,24,0,0,9,30,0,0,17,0
1,1,220258,0,0,0,0,0,0,0,0,0,0
1,1,220259,0,3,0,0,0,0,15,24,13,30
2,1,220259,0,0,9,0,0,0,0,0,0,0
1,1,220260,0,0,0,0,0,0,0,0,0,0
2,1,220260,2,2,2,2,2,2,2,2,2,2
1,1,220261,14,14,14,14,14,14,14,14,14,14
1,1,220262,33,24,44,16,32,23,30,39,20,23
1,1,220263,28,28,28,28,28,28,28,28,28,28
1,1,220264,7,7,7,7,7,7,7,7,7,7
2,1,220264,0,19,0,15,18,0,0,6,0,0
3,1,220264,0,0,0,0,0,0,0,0,0,0
4,1,220264,0,0,0,0,0,0,0,0,0,0
1,1,220265,0,0,0,0,0,0,0,0,0,0
2,1,220265,0,0,0,0,0,0,0,0,0,0
1,1,220266,32,32,32,32,32,32,32,32,32,32
1,1,220267,0,0,0,0,0,0,0,0,0,0
2,1,220267,0,0,0,0,0,0,0,0,0,0
1,1,220268,0,0,0,0,0,0,0,0,0,0
2,1,220268,0,0,0,0,0,0,0,0,0,0
1,1,220269,10,0,8,0,0,0,38,8,17,0
2,1,220269,24,24,24,24,24,24,24,24,24,24
1,1,220270,16,16,16,16,16,16,16,16,16,16
2,1,220270,0,0,0,0,0,0,0,0,0,0
1,1,220271,0,0,0,0,0,0,0,0,0,0
2,1,220271,0,0,0,0,0,0,0,0,0,0
1,1,220272,0,0,0,0,0,0,0,0,0,0
2,1,220272,4,4,4,4,4,4,4,4,4,4
1,1,220273,9,9,9,9,9,9,9,9,9,9
1,1,220274,0,0,0,0,0,0,0,0,0,0
2,1,220274,0,0,0,0,0,0,0,0,0,0
1,1,220275,0,0,0,0,0,0,0,0,0,0
2,1,220275,0,0,0,0,0,0,0,0,0,0
3,1,220275,0,0,0,0,0,0,0,0,0,0
1,1,220276,0,0,0,0,0,0,0,0,0,0
2,1,220276,0,0,0,0,0,0,0,0,0,0
1,1,220277,14,14,14,14,14,14,14,14,14,14
2,1,220277,0,0,0,0,0,0,0,0,0,0
0,1,220278,0,0,0,0,0,0,0,0,0,0
1,1,220278,0,0,0,0,0,0,0,0,0,0
1,1,220279,13,14,0,0,0,23,22,0,29,21
1,1,220280,17,17,17,17,17,17,17,17,17,17
1,1,220281,13,0,0,0,0,13,0,0,6,0
1,1,220282,9,9,9,9,9,9,9,9,9,9
1,1,220283,44,44,44,44,44,44,44,44,44,44
2,1,220283,0,0,0,0,0,0,0,0,0,0
1,1,220284,15,15,15,15,15,15,15,15,15,15
1,1,220285,0,0,0,0,0,0,0,0,0,0
0,1,220286,23,22,0,0,20,0,32,12,11,14
0,2,220286,35,33,27,16,0,50,22,14,20,19
1,1,220286,0,0,0,0,0,0,0,0,0,0
1,1,220287,0,0,0,0,0,0,0,0,0,0
2,1,220287,0,0,0,0,0,0,0,0,0,0
1,1,220288,10,10,10,10,10,10,10,10,10,10
1,1,220289,24,24,24,24,24,24,24,24,24,24
1,1,220290,13,21,16,14,11,19,11,36,13,13
2,1,220290,0,0,0,0,0,0,0,0,0,0
1,1,220291,18,18,18,18,18,18,18,18,18,18
2,1,220291,6,6,6,6,6,6,6,6,6,6
3,1,220291,0,8,6,0,0,0,0,0,0,0
1,1,220292,25,9,37,9,20,24,10,14,11,6
1,1,220293,21,21,21,21,21,21,21,21,21,21
2,1,220293,0,7,0,0,0,0,0,0,10,6
1,1,220294,0,0,0,0,0,0,0,0,0,0
1,1,220295,0,0,0,0,0,0,0,0,0,0
1,1,220296,0,0,0,0,0,0,0,0,0,0
2,1,220296,0,0,0,0,0,0,0,0,0,0
1,1,220297,0,0,0,9,0,0,0,0,0,0
1,1,220298,0,0,0,0,0,0,0,0,0,0
2,1,220298,0,0,0,0,0,0,0,0,0,0
3,1,220298,0,0,0,0,0,0,0,0,0,0
1,1,220299,12,0,0,0,30,0,0,0,0,8
0,1,220300,0,0,0,0,0,0,0,0,0,0
1,1,220300,0,0,0,0,0,0,0,0,0,0
1,1,220301,5,5,5,5,5,5,5,5,5,5
2,1,220301,2,2,2,2,2,2,2,2,2,2
1,1,220302,12,12,12,12,12,12,12,12,12,12
1,1,220303,5,5,5,5,5,5,5,5,5,5
1,1,220304,7,7,7,7,7,7,7,7,7,7
2,1,220304,18,18,18,18,18,18,18,18,18,18
3,1,220304,0,0,0,0,0,0,0,0,0,0
1,1,220305,20,20,20,20,20,20,20,20,20,20
1,1,220306,0,0,0,0,0,0,0,0,0,0
2,1,220306,0,0,0,0,0,0,0,0,0,0
1,1,220307,6,6,6,6,6,6,6,6,6,6
2,1,220307,0,0,0,0,0,0,0,0,0,0
1,1,220308,21,16,12,5,26,14,5,28,14,16
1,1,220309,0,0,0,0,0,0,0,0,0,15
0,1,220310,0,0,0,26,31,25,15,22,18,14
1,1,220310,17,13,6,32,16,28,16,18,19,10
1,1,220311,11,11,11,11,11,11,11,11,11,11
1,1,220312,0,0,0,0,0,0,0,0,0,0
2,1,220312,0,0,0,0,0,0,0,0,0,0
1,1,220313,0,0,0,0,0,0,0,0,0,0
2,1,220313,0,0,0,0,0,0,0,0,0,0
1,1,220314,0,0,0,0,0,0,0,0,0,0
1,1,220315,0,0,0,0,0,0,0,26,0,0
1,1,220316,27,27,27,27,27,27,27,27,27,27
2,1,220316,0,0,0,0,0,0,0,0,0,0
1,1,220317,0,0,0,0,0,0,0,0,0,0
2,1,220317,0,0,0,0,0,0,0,0,0,0
1,1,220318,0,39,22,4,0,18,39,39,14,0
1,1,220319,12,12,12,12,12,12,12,12,12,12
1,1,220320,18,18,18,18,18,18,18,18,18,18
1,1,220321,15,15,15,15,15,15,15,15,15,15
1,1,220322,0,0,0,0,0,0,0,0,0,0
1,1,220323,21,21,21,21,21,21,21,21,21,21
1,1,220324,21,21,21,21,21,21,21,21,21,21
1,1,220325,0,0,0,0,0,0,0,0,0,0
2,1,220325,0,0,0,0,0,0,0,0,0,0
1,1,220326,0,0,0,0,0,0,0,0,0,0
1,1,220327,0,0,0,0,0,0,0,0,0,0
1,1,220328,0,0,0,0,0,0,0,0,0,0
1,1,220329,12,12,12,12,12,12,12,12,12,12
1,1,220330,18,18,18,18,18,18,18,18,18,18
2,1,220330,0,0,0,0,0,0,0,0,0,0
1,1,220331,0,0,0,0,0,0,0,0,0,0
1,1,220332,6,6,6,6,6,6,6,6,6,6
1,1,220333,12,12,12,12,12,12,12,12,12,12
0,1,220334,0,0,0,0,0,0,0,0,0,0
1,1,220334,0,0,0,0,0,0,0,0,0,0
1,1,220335,30,30,30,30,30,30,30,30,30,30
2,1,220335,0,0,0,0,0,0,0,0,0,0
1,1,220336,19,12,26,0,8,10,6,13,17,5
1,1,220337,6,0,0,0,0,0,0,20,0,0
1,1,220338,0,0,0,0,0,0,0,0,0,0
1,1,220339,25,0,0,0,0,8,0,0,0,0
1,1,220340,0,0,0,0,0,0,0,0,0,0
1,1,220341,18,23,9,23,12,20,16,15,14,16
1,1,220342,0,0,0,0,0,0,0,0,0,0
2,1,220342,0,0,0,0,0,0,0,0,0,0
1,1,220343,26,26,26,26,26,26,26,26,26,26
1,1,220344,6,6,6,6,6,6,6,6,6,6
2,1,220344,0,4,8,0,21,0,0,0,0,0
1,1,220345,11,20,36,28,10,7,12,36,17,10
2,1,220345,0,0,0,0,0,0,0,0,0,0
0,1,220346,5,5,5,5,5,5,5,5,5,5
1,1,220346,0,0,0,0,0,0,0,0,0,0
1,1,220347,10,17,6,14,20,15,12,26,14,18
1,1,220348,6,6,6,6,6,6,6,6,6,6
1,1,220349,7,7,7,7,7,7,7,7,7,7
1,1,220350,10,4,17,13,0,6,19,6,0,8
1,1,220351,0,0,0,0,0,0,0,0,0,0
2,1,220351,0,0,0,0,0,0,0,0,0,0
3,1,220351,0,0,0,0,0,0,0,0,0,0
1,1,220352,32,32,32,32,32,32,32,32,32,32
2,1,220352,0,0,0,0,0,0,0,0,0,0
1,1,220353,26,26,26,26,26,26,26,26,26,26
1,1,220354,0,0,0,0,0,0,0,0,0,0
1,1,220355,0,0,0,0,0,0,0,0,0,0
1,1,220356,0,0,0,0,0,0,0,0,0,0
2,1,220356,0,0,0,0,0,0,0,0,0,0
1,1,220357,2,2,2,2,2,2,2,2,2,2
1,1,220358,6,6,6,6,6,6,6,6,6,6
2,1,220358,0,0,0,0,0,0,0,0,0,0
1,1,220359,0,0,0,0,0,0,0,0,0,0
1,1,220360,0,0,0,0,0,0,0,0,0,0
1,1,220361,0,14,0,0,0,9,14,9,24,0
1,1,220362,15,15,15,15,15,15,15,15,15,15
2,1,220362,0,0,0,0,0,0,0,0,0,0
1,1,220363,11,11,11,11,11,11,11,11,11,11
2,1,220363,0,0,0,0,0,0,0,0,0,0
1,1,220364,0,0,0,0,0,0,0,0,0,0
2,1,220364,0,0,0,0,0,0,0,0,0,0
1,1,220365,9,9,9,9,9,9,9,9,9,9
2,1,220365,0,0,0,0,0,0,0,0,0,0
0,1,220366,19,19,19,19,19,19,19,19,19,19
1,1,220366,0,0,0,0,0,0,0,0,0,0
1,1,220367,25,26,18,10,19,0,11,11,29,11
1,1,220368,10,10,10,10,10,10,10,10,10,10
2,1,220368,0,0,0,0,0,0,0,0,0,0
1,1,220369,0,0,0,0,0,0,0,0,0,0
1,1,220370,16,16,16,16,16,16,16,16,16,16
1,1,220371,11,6,15,6,26,23,0,11,23,10
1,1,220372,0,0,0,0,0,0,0,0,0,0
1,1,220373,0,0,0,0,0,0,0,0,0,0
0,1,220374,0,52,18,0,0,7,18,0,0,4
1,1,220374,0,0,0,0,0,0,0,0,0,0
1,1,220375,12,12,12,12,12,12,12,12,12,12
1,1,220376,0,0,0,0,0,0,0,0,0,0
1,1,220377,32,32,32,32,32,32,32,32,32,32
1,1,220378,32,32,32,32,32,32,32,32,32,32
1,1,220379,28,28,28,28,28,28,28,28,28,28
1,1,220380,0,0,0,0,0,0,0,0,0,0
1,1,220381,0,0,0,0,0,0,0,0,0,0
1,1,220382,0,0,0,0,0,0,0,0,0,0
2,1,220382,0,0,0,0,0,0,0,0,0,0
0,1,220383,34,34,34,34,34,34,34,34,34,34
1,1,220383,0,0,0,0,0,0,0,0,0,0
1,1,220384,10,0,19,18,27,0,0,0,17,0
1,1,220385,0,0,0,0,0,0,0,0,0,0
2,1,220385,0,0,0,0,0,0,0,0,0,0
1,1,220386,15,15,15,15,15,15,15,15,15,15
1,1,220387,31,31,31,31,31,31,31,31,31,31
2,1,220387,0,0,0,0,0,0,0,0,0,0
1,1,220388,0,0,0,0,0,0,13,0,0,18
2,1,220388,0,0,0,0,0,0,0,0,0,0
0,1,220389,0,0,31,0,0,16,34,16,10,0
1,1,220389,0,0,0,0,0,0,0,0,0,0
0,1,220390,0,0,0,0,0,0,0,0,0,0
1,1,220390,0,0,0,0,0,0,0,0,0,0
1,1,220391,0,0,0,0,0,0,0,0,0,0
2,1,220391,0,0,0,0,0,0,0,0,0,0
1,1,220392,23,23,23,23,23,23,23,23,23,23
1,1,220393,0,0,0,0,0,0,0,0,0,0
1,1,220394,0,0,0,0,0,0,0,0,0,0
2,1,220394,0,0,0,0,0,0,0,0,0,0
0,1,220395,18,18,18,18,18,18,18,18,18,18
1,1,220395,0,0,0,0,0,0,0,0,0,0
1,1,220396,15,15,15,15,15,15,15,15,15,15