VEH_NO,PER_NO,ST_CASE,P1,P2,P3,P4,P5,P6,P7,P8,P9,P10
1,1,240067,0,0,0,0,0,0,0,0,0,0
1,1,240068,15,15,15,15,15,15,15,15,15,15
1,1,240069,0,0,0,0,0,0,0,0,0,0
1,1,240070,0,0,0,0,0,0,0,0,0,0
2,1,240070,0,0,0,0,0,0,0,0,0,0
0,1,240071,6,6,6,6,6,6,6,6,6,6
1,1,240071,4,4,4,4,4,4,4,4,4,4
2,1,240071,20,0,0,0,0,0,0,0,0,0
3,1,240071,0,0,0,0,0,0,0,0,0,0
1,1,240072,0,0,0,0,0,0,0,0,0,0
2,1,240072,10,10,10,10,10,10,10,10,10,10
0,1,240073,0,0,0,0,0,0,0,0,0,0
0,2,240073,0,0,0,0,0,0,0,0,0,0
1,1,240073,0,0,0,0,0,0,0,0,0,0
1,1,240074,0,0,0,0,0,0,0,0,0,0
2,1,240074,0,0,0,2,0,0,32,0,0,0
1,1,240075,0,0,0,0,0,0,0,0,0,0
2,1,240075,0,0,0,0,0,0,0,0,0,0
1,1,240076,22,22,22,22,22,22,22,22,22,22
1,1,240077,0,0,0,0,0,0,0,0,0,0
2,1,240077,0,0,0,0,0,0,0,0,0,0
1,1,240078,0,0,0,0,0,0,0,0,0,0
2,1,240078,0,0,0,0,0,0,0,0,0,0
1,1,240079,0,0,0,0,0,0,0,0,0,0
2,1,240079,0,17,0,0,0,6,0,0,0,0
0,1,240080,30,30,30,30,30,30,30,30,30,30
1,1,240080,0,0,0,9,0,0,5,0,0,0
0,1,240081,0,0,0,0,0,0,0,0,0,0
1,1,240081,0,0,0,0,0,0,0,0,9,0
1,1,240082,0,0,0,0,0,0,0,0,0,0
2,1,240082,0,0,0,0,0,0,0,0,0,0
1,1,240083,0,0,0,0,0,0,0,0,0,0
2,1,240083,0,0,0,0,0,0,0,0,0,0
1,1,240084,0,0,0,0,0,0,0,0,0,0
2,1,240084,0,0,0,0,0,0,0,0,0,0
3,1,240084,0,0,0,0,0,0,0,0,0,0
0,1,240085,0,0,0,0,0,0,0,0,0,0
0,2,240085,0,0,0,0,0,0,0,0,0,0
1,1,240085,0,0,0,0,0,0,0,0,0,0
0,1,240086,0,0,0,0,0,0,0,0,0,0
1,1,240086,0,0,0,0,0,0,0,0,0,0
1,1,240087,0,0,0,0,0,0,0,0,0,0
2,1,240087,0,0,0,0,0,0,0,0,0,0
0,1,240088,2,2,2,2,2,2,2,2,2,2
1,1,240088,0,0,0,0,0,0,0,0,0,0
1,1,240089,0,0,0,0,0,0,0,0,0,0
0,1,240090,16,11,11,40,16,21,32,18,40,39
1,1,240090,13,0,0,0,0,0,9,0,0,8
1,1,240091,0,0,0,0,0,0,0,0,0,0
2,1,240091,0,0,0,0,0,0,0,0,0,0
1,1,240092,0,0,0,0,0,0,0,0,0,0
2,1,240092,0,0,0,0,0,0,0,0,0,0
1,1,240093,24,24,24,24,24,24,24,24,24,24
1,1,240094,0,0,0,0,0,0,0,0,0,0
2,1,240094,0,0,0,0,0,0,0,0,0,0
1,1,240095,0,0,0,0,0,0,0,0,0,0
2,1,240095,0,0,0,0,0,0,0,0,0,0
1,1,240096,0,0,0,0,0,0,0,0,0,0
1,1,240097,9,9,9,9,9,9,9,9,9,9
2,1,240097,0,0,0,0,0,0,7,0,0,0
0,1,240098,0,0,0,0,0,0,0,0,0,0
1,1,240098,6,0,0,0,0,0,0,0,0,0
0,1,240099,0,0,0,0,0,0,0,0,0,0
1,1,240099,0,0,0,0,0,0,0,0,0,0
1,1,240100,0,0,0,0,0,0,0,0,0,0
2,1,240100,0,0,0,0,0,0,0,0,0,0
1,1,240101,0,0,0,0,0,0,0,0,0,0
2,1,240101,0,0,0,10,0,0,0,0,0,0
1,1,240102,0,0,0,0,0,2,0,0,0,0
2,1,240102,0,0,0,0,0,0,0,0,0,0
1,1,240103,3,3,3,3,3,3,3,3,3,3
1,1,240104,0,0,0,0,0,0,0,0,0,0
1,1,240105,0,0,0,0,0,0,0,0,0,0
1,1,240106,0,0,0,0,0,0,0,0,0,0
2,1,240106,0,0,0,0,0,0,0,0,0,0
3,1,240106,0,0,0,0,0,0,0,0,0,0
1,1,240107,0,0,14,0,0,0,0,0,0,0
1,1,240108,0,0,0,0,0,0,0,0,0,0
1,1,240109,9,9,9,9,9,9,9,9,9,9
1,1,240111,0,0,0,0,0,0,0,0,0,0
2,1,240111,0,0,0,0,0,0,0,0,0,0
1,1,240112,2,2,2,2,2,2,2,2,2,2
2,1,240112,0,0,0,0,0,0,0,0,0,0
0,1,240113,14,14,14,14,14,14,14,14,14,14
1,1,240113,0,0,0,21,0,0,0,0,0,0
1,1,240114,0,0,0,0,0,0,0,0,0,0
1,1,240115,0,0,9,0,0,0,0,0,0,0
1,1,240116,1,1,1,1,1,1,1,1,1,1
1,1,240117,31,31,31,31,31,31,31,31,31,31
1,1,240118,19,19,19,19,19,19,19,19,19,19
1,1,240119,16,16,16,16,16,16,16,16,16,16
2,1,240119,7,7,7,7,7,7,7,7,7,7
0,1,240120,0,0,0,0,0,0,0,0,0,0
1,1,240120,0,0,0,0,0,0,0,0,0,0
1,1,240121,0,0,0,0,0,0,0,0,0,0
1,1,240122,0,0,0,0,0,0,0,0,0,0
2,1,240122,0,0,0,0,0,0,0,0,0,0
1,1,240123,0,0,0,0,0,0,0,0,0,0
2,1,240123,0,0,0,0,0,0,0,0,0,0
0,1,240124,8,8,8,8,8,8,8,8,8,8
1,1,240124,22,22,22,22,22,22,22,22,22,22
1,1,240125,29,29,29,29,29,29,29,29,29,29
2,1,240125,0,0,0,0,0,0,0,0,0,0
1,1,240126,14,14,14,14,14,14,14,14,14,14
2,1,240126,0,0,0,0,0,0,0,0,0,0
1,1,240127,0,0,0,0,0,0,0,0,0,0
2,1,240127,0,0,0,0,0,0,0,0,0,0
3,1,240127,0,0,0,0,0,0,0,0,0,0
1,1,240128,10,10,10,10,10,10,10,10,10,10
1,1,240129,22,11,11,22,13,21,14,12,15,10
1,1,240130,10,10,10,10,10,10,10,10,10,10
0,1,240131,0,0,0,0,0,0,0,0,0,0
1,1,240131,0,0,0,0,0,0,0,0,0,0
1,1,240132,0,0,0,0,0,0,0,0,0,0
2,1,240132,0,0,0,0,0,0,0,0,0,0
1,1,240133,0,0,0,0,0,0,0,0,0,0
1,1,240134,27,27,27,27,27,27,27,27,27,27
1,1,240135,10,10,10,10,10,10,10,10,10,10
2,1,240135,0,0,0,0,0,0,0,0,0,0
0,1,240136,25,25,25,25,25,25,25,25,25,25
1,1,240136,0,0,0,0,0,0,0,14,0,0
1,1,240137,15,15,15,15,15,15,15,15,15,15
1,1,240138,0,0,0,0,0,0,0,0,0,0
1,1,240139,7,7,7,7,7,7,7,7,7,7
1,1,240140,0,0,0,0,0,0,0,0,0,0
2,1,240140,0,0,0,0,0,0,0,0,0,0
0,1,240141,0,0,0,0,0,0,0,0,0,0
1,1,240141,0,0,0,0,0,0,0,0,0,0
1,1,240142,14,14,14,14,14,14,14,14,14,14
2,1,240142,0,0,0,0,0,0,0,0,0,0
1,1,240143,16,16,16,16,16,16,16,16,16,16
0,1,240145,19,19,19,19,19,19,19,19,19,19
1,1,240145,0,0,0,0,0,0,0,0,0,0
1,1,240146,0,0,0,0,0,0,0,0,0,0
2,1,240146,0,0,0,0,0,0,0,0,0,0
3,1,240146,0,0,0,0,0,0,0,0,0,0
0,1,240147,0,0,0,0,0,0,0,0,0,0
1,1,240147,0,0,0,0,0,0,0,0,0,0
1,1,240148,17,17,17,17,17,17,17,17,17,17
2,1,240148,0,0,0,0,0,0,0,0,0,0
1,1,240149,0,8,14,12,0,27,6,2,11,0
2,1,240149,20,20,20,20,20,20,20,20,20,20
1,1,240150,0,0,0,0,0,0,0,0,0,0
1,1,240151,0,0,0,0,0,0,0,0,0,0
2,1,240151,0,0,0,0,0,4,0,0,0,0
1,1,240152,0,0,12,0,0,0,0,0,0,0
2,1,240152,0,0,0,0,0,0,0,0,0,0
3,1,240152,0,0,0,0,0,0,0,0,0,0
4,1,240152,0,0,0,0,0,0,0,0,0,0
1,1,240153,0,0,0,0,0,0,0,0,0,0
2,1,240153,0,0,0,0,0,0,0,0,0,0
0,1,240154,20,20,20,20,20,20,20,20,20,20
1,1,240154,0,0,0,0,4,0,0,0,0,0
1,1,240155,2,2,2,2,2,2,2,2,2,2
1,1,240156,0,0,0,0,0,0,0,0,0,0
2,1,240156,0,0,0,0,0,0,0,0,0,0
1,1,240157,19,19,19,19,19,19,19,19,19,19
1,1,240158,0,0,0,0,0,0,0,0,0,0
2,1,240158,0,0,0,0,0,0,0,0,0,0
3,1,240158,0,0,0,0,0,0,0,0,0,0
1,1,240159,12,12,12,12,12,12,12,12,12,12
2,1,240159,0,0,0,0,0,0,0,0,0,0
1,1,240160,0,0,0,0,0,0,0,0,0,0
1,1,240161,0,0,0,0,0,0,0,0,0,0
2,1,240161,0,0,0,0,0,0,0,0,0,0
1,1,240162,20,20,20,20,20,20,20,20,20,20
1,1,240163,0,0,0,0,0,0,0,0,0,0
1,1,240164,0,0,0,0,0,0,0,0,0,0
2,1,240164,0,0,0,0,0,0,0,0,0,0
0,1,240165,0,0,0,0,0,0,0,0,0,0
1,1,240165,0,0,0,0,0,0,0,0,0,0
1,1,240166,14,14,14,14,14,14,14,14,14,14
1,1,240167,0,0,0,0,0,0,0,0,0,0
1,1,240168,0,0,0,0,0,0,0,0,0,0
0,1,240169,0,0,0,0,0,0,0,0,0,0
1,1,240169,0,0,0,0,18,0,0,0,0,14
1,1,240170,0,0,0,0,0,0,0,0,0,0
1,1,240171,0,0,0,0,0,0,0,0,0,0
2,1,240171,0,0,0,0,0,0,0,0,0,0
3,1,240171,0,0,0,0,0,0,0,0,0,0
1,1,240172,0,0,0,0,0,0,0,0,0,0
1,1,240173,0,0,0,0,0,0,0,0,0,0
2,1,240173,0,0,0,0,0,0,0,0,0,0
1,1,240174,35,35,35,35,35,35,35,35,35,35
1,1,240175,0,0,0,0,0,0,0,0,0,0
2,1,240175,0,0,0,0,0,0,0,0,0,0
1,1,240176,0,0,0,0,0,0,0,0,0,0
1,1,240177,0,0,0,0,0,0,0,0,0,0
2,1,240177,0,0,0,0,0,0,0,0,0,0
1,1,240178,13,13,13,13,13,13,13,13,13,13
2,1,240178,11,11,11,11,11,11,11,11,11,11
0,1,240179,15,15,15,15,15,15,15,15,15,15
1,1,240179,0,0,0,0,0,0,0,0,0,0
1,1,240180,31,31,31,31,31,31,31,31,31,31
1,1,240181,8,8,8,8,8,8,8,8,8,8
1,1,240182,0,0,0,0,0,0,0,0,0,0
2,1,240182,0,0,0,0,0,0,0,0,0,0
3,1,240182,0,0,0,4,0,0,0,0,0,0
1,1,240183,10,0,0,8,0,0,0,0,0,0
2,1,240183,0,0,0,0,0,0,0,0,0,0
1,1,240184,0,0,0,0,0,0,0,0,0,0
2,1,240184,0,0,0,0,0,0,0,0,0,0
1,1,240185,7,7,7,7,7,7,7,7,7,7
1,1,240186,12,19,36,9,26,21,18,19,11,10
2,1,240186,0,0,0,0,0,0,0,0,0,0
0,1,240187,0,0,0,0,0,0,0,0,0,0
1,1,240187,0,0,0,0,15,0,0,0,0,0
0,1,240188,0,0,0,0,0,0,0,0,0,0
1,1,240188,0,0,0,0,0,0,0,0,0,0
1,1,240189,20,20,20,20,20,20,20,20,20,20
0,1,240190,0,0,0,0,0,0,0,0,0,0
1,1,240190,0,0,0,0,0,0,0,0,0,0
1,1,240191,0,0,0,0,0,0,0,0,0,0
2,1,240191,0,0,0,0,0,0,0,0,0,0
1,1,240192,0,0,0,0,0,0,0,0,0,0
1,1,240193,0,0,0,0,0,0,0,0,0,0
2,1,240193,0,0,0,0,0,0,0,0,0,0
0,1,240194,4,4,4,4,4,4,4,4,4,4
1,1,240194,0,0,0,0,0,0,0,0,0,0
1,1,240195,13,13,13,13,13,13,13,13,13,13
2,1,240195,0,0,0,0,0,0,3,0,0,0
1,1,240196,0,0,0,0,0,0,0,0,0,0
2,1,240196,0,0,0,0,0,0,0,0,0,0
1,1,240197,0,0,0,0,8,0,0,18,0,0
2,1,240197,14,0,0,0,0,18,0,0,0,0
1,1,240198,0,0,0,0,0,0,0,0,0,0
2,1,240198,0,0,0,0,0,0,0,0,0,0
1,1,240199,0,0,0,0,0,0,0,0,0,0
2,1,240199,0,0,0,0,0,0,0,0,0,0
0,1,240200,0,0,0,0,0,0,0,0,0,0
0,2,240200,0,0,0,0,0,0,0,0,17,0
1,1,240200,0,0,0,0,0,0,0,0,0,5
2,1,240200,0,0,0,0,0,0,0,0,0,0
1,1,240201,0,0,0,0,0,0,0,0,0,0
1,1,240202,0,0,0,0,0,0,0,0,0,0
2,1,240202,0,0,0,0,0,0,0,0,0,0
1,1,240203,21,21,21,21,21,21,21,21,21,21
1,1,240204,28,28,28,28,28,28,28,28,28,28
1,1,240205,17,17,17,17,17,17,17,17,17,17
1,1,240206,0,0,0,0,0,0,0,0,0,0
2,1,240206,0,0,0,0,0,0,0,0,0,0
3,1,240206,0,0,0,0,0,0,0,0,0,0
1,1,240207,0,0,0,0,0,0,0,0,0,0
2,1,240207,0,0,0,0,0,0,0,0,0,0
1,1,240208,0,0,0,0,0,0,0,0,0,0
2,1,240208,0,0,0,0,0,0,0,0,0,0
1,1,240209,0,0,0,0,0,0,0,0,0,0
1,1,240210,0,0,0,0,0,0,0,0,0,0
1,1,240211,0,0,0,0,0,0,0,0,0,0
2,1,240211,0,0,0,0,0,0,0,0,0,0
1,1,240212,0,0,0,0,0,0,0,0,0,0
2,1,240212,0,0,0,0,0,0,0,0,0,0
1,1,240213,0,0,0,0,0,0,0,0,0,0
2,1,240213,0,0,0,0,0,0,0,0,0,0
1,1,240214,25,25,25,25,25,25,25,25,25,25
1,1,240215,0,0,0,0,0,0,0,0,0,0
2,1,240215,0,0,0,0,0,0,0,4,0,0
1,1,240216,0,0,0,0,0,0,0,0,0,0
2,1,240216,0,0,0,0,0,0,0,0,0,0
1,1,240217,0,0,0,0,0,0,0,0,0,0
2,1,240217,0,0,0,0,0,0,0,0,0,0
1,1,240218,0,0,0,0,0,0,0,0,0,0
2,1,240218,0,0,0,0,0,0,0,0,0,0
1,1,240219,16,16,16,16,16,16,16,16,16,16
1,1,240220,24,24,24,24,24,24,24,24,24,24
1,1,240221,0,0,0,0,0,0,0,0,0,0
2,1,240221,0,0,0,0,0,0,0,0,0,0
1,1,240222,3,3,3,3,3,3,3,3,3,3
2,1,240222,0,0,0,0,0,0,0,0,0,6
1,1,240223,0,0,0,0,0,0,0,0,0,0
2,1,240223,0,0,0,0,0,0,0,0,0,0
1,1,240224,16,16,16,16,16,16,16,16,16,16
2,1,240224,3,3,3,3,3,3,3,3,3,3
3,1,240224,0,0,0,0,0,0,10,0,0,0
0,1,240225,0,22,0,8,0,0,0,8,0,0
1,1,240225,0,0,0,0,12,17,0,0,0,0
1,1,240226,14,14,14,14,14,14,14,14,14,14
1,1,240227,0,0,0,0,0,0,0,0,0,0
2,1,240227,0,0,0,0,0,0,0,0,0,0
3,1,240227,0,0,0,0,0,0,0,0,0,0
4,1,240227,0,5,0,0,0,0,0,0,0,0
1,1,240228,0,0,0,0,0,0,0,0,0,0
1,1,240229,15,15,15,15,15,15,15,15,15,15
1,1,240230,20,20,20,20,20,20,20,20,20,20
2,1,240230,0,0,0,0,0,0,4,0,6,0
1,1,240231,0,0,0,0,0,0,0,0,0,0
0,1,240232,0,0,0,0,0,0,0,0,0,0
1,1,240232,6,0,0,13,0,0,22,0,0,0
1,1,240233,4,4,4,4,4,4,4,4,4,4
1,1,240234,0,0,0,0,0,0,0,0,0,0
2,1,240234,0,0,0,0,0,3,0,0,0,0
1,1,240235,2,2,2,2,2,2,2,2,2,2
1,1,240236,0,0,0,0,0,0,0,0,0,0
1,1,240237,0,0,0,0,0,0,0,0,0,0
2,1,240237,0,0,0,0,0,0,0,0,0,0
1,1,240238,0,0,0,0,0,0,0,0,0,0
1,1,240239,11,0,15,30,16,0,20,14,3,22
1,1,240240,9,8,0,22,7,0,0,0,12,20
1,1,240241,0,0,0,0,0,0,0,0,0,0
1,1,240242,0,0,0,0,0,0,0,0,0,0
2,1,240242,0,0,0,0,0,8,0,0,0,0
1,1,240243,0,0,0,0,0,0,0,0,0,0
1,1,240244,0,0,0,0,0,0,0,0,0,0
1,1,240245,14,14,14,14,14,14,14,14,14,14
2,1,240245,0,0,0,0,0,0,0,0,0,0
1,1,240246,0,0,0,0,0,0,0,0,0,0
2,1,240246,0,0,0,0,0,0,0,0,0,0
1,1,240247,0,0,0,0,0,0,0,0,0,0
2,1,240247,0,0,0,0,0,7,0,0,0,0
1,1,240248,0,0,0,0,0,0,0,0,0,0
2,1,240248,0,0,0,0,0,0,0,0,0,0
1,1,240249,15,15,15,15,15,15,15,15,15,15
1,1,240250,0,0,0,0,0,0,0,0,0,0
1,1,240251,0,0,0,0,0,0,0,0,0,0
2,1,240251,0,0,0,0,0,0,0,0,0,0
1,1,240252,2,2,2,2,2,2,2,2,2,2
2,1,240252,0,0,0,0,0,0,0,0,0,0
0,1,240253,0,0,0,0,0,0,0,0,0,0
1,1,240253,0,0,0,0,0,0,0,0,0,0
0,1,240254,22,22,22,22,22,22,22,22,22,22
1,1,240254,0,0,0,0,0,0,0,0,0,0
0,1,240255,0,0,0,0,0,0,0,0,0,0
2,1,240255,0,0,14,0,0,0,0,0,0,0
1,1,240256,11,11,11,11,11,11,11,11,11,11
0,1,240257,0,0,0,0,0,0,0,0,0,0
1,1,240257,0,0,0,0,0,0,0,0,0,0
1,1,240258,0,0,0,0,0,0,0,0,0,0
2,1,240258,0,0,0,0,0,0,0,0,0,0
0,1,240259,22,22,22,22,22,22,22,22,22,22
1,1,240259,0,0,0,5,0,13,0,0,0,0
1,1,240260,0,0,0,0,0,0,0,0,0,0
2,1,240260,0,0,0,0,0,0,0,0,0,0
3,1,240260,0,0,0,0,0,0,0,0,0,0
1,1,240261,0,0,0,0,0,0,0,0,0,0
2,1,240261,0,0,0,0,0,0,0,0,0,0
1,1,240262,0,0,0,0,0,0,0,0,0,0
2,1,240262,0,0,0,0,0,0,0,0,0,0
1,1,240263,13,13,13,13,13,13,13,13,13,13
1,1,240264,0,0,0,0,0,0,0,0,0,0
1,1,240265,0,0,0,0,0,0,0,0,0,0
2,1,240265,0,0,0,0,0,0,0,0,0,0
1,1,240266,0,0,0,0,0,0,0,0,0,0
2,1,240266,0,0,0,0,0,0,0,0,0,0
1,1,240267,13,13,13,13,13,13,13,13,13,13
1,1,240268,8,8,8,8,8,8,8,8,8,8
0,1,240269,17,17,17,17,17,17,17,17,17,17
1,1,240269,0,0,0,0,0,0,0,0,0,0
1,1,240270,0,0,0,0,0,0,0,0,0,0
2,1,240270,0,0,0,0,0,0,0,0,0,0
1,1,240271,19,19,19,19,19,19,19,19,19,19
2,1,240271,0,0,0,0,0,0,0,0,0,0
2,1,240272,0,0,0,0,0,0,0,0,0,0
1,1,240273,0,0,0,0,0,0,0,0,0,0
2,1,240273,0,0,0,0,0,0,0,0,0,0
0,1,240274,0,0,0,0,0,0,0,0,0,0
1,1,240274,0,0,0,0,0,19,0,0,0,0
1,1,240275,0,0,0,0,0,0,0,0,0,0
2,1,240275,0,0,0,0,0,0,0,0,0,0
1,1,240276,16,16,16,16,16,16,16,16,16,16
2,1,240276,0,0,0,0,0,0,0,0,0,0
3,1,240276,0,0,0,0,0,0,0,11,0,0
1,1,240277,12,12,12,12,12,12,12,12,12,12
1,1,240278,0,0,0,0,0,0,0,0,0,0
2,1,240278,0,0,0,0,0,0,0,0,0,0
1,1,240279,0,0,0,0,0,0,0,0,0,0
2,1,240279,0,0,0,0,0,0,0,0,0,0
1,1,240280,0,0,0,0,0,0,0,0,0,0
2,1,240280,0,0,0,0,0,0,0,0,0,0
1,1,240281,0,0,0,0,0,0,0,0,0,0
2,1,240281,0,0,0,0,0,0,0,0,0,0
1,1,240282,0,0,0,0,0,0,0,0,0,0
2,1,240282,0,0,0,0,0,0,0,0,0,0
1,1,240283,12,12,12,12,12,12,12,12,12,12
1,1,240284,17,17,17,17,17,17,17,17,17,17
1,1,240285,0,0,0,0,0,0,0,0,0,0
2,1,240285,0,0,0,0,0,0,0,0,0,0
1,1,240286,0,0,0,0,0,0,0,0,0,0
0,1,240287,0,0,0,0,0,0,0,0,0,0
1,1,240287,15,15,15,15,15,15,15,15,15,15
1,1,240288,0,0,0,0,0,0,0,0,0,0
2,1,240288,0,0,0,0,0,0,0,0,0,0
1,1,240289,5,5,5,5,5,5,5,5,5,5
1,1,240290,0,0,0,0,0,0,0,0,0,0
2,1,240290,0,0,0,0,0,0,0,0,0,0
0,1,240291,0,0,0,0,0,0,0,0,0,0
1,1,240291,0,0,0,0,0,0,0,0,0,0
1,1,240292,0,0,0,0,0,0,0,0,0,0
2,1,240292,0,0,0,0,0,0,0,0,0,0
0,1,240293,11,11,11,11,11,11,11,11,11,11
1,1,240293,0,16,0,0,0,0,0,0,7,0
1,1,240294,0,0,0,0,0,0,0,0,0,0
2,1,240294,0,0,0,0,0,0,0,0,0,0
1,1,240295,0,0,0,0,0,0,0,0,0,0
2,1,240295,0,0,0,0,0,0,0,0,0,0
1,1,240296,17,17,17,17,17,17,17,17,17,17
2,1,240296,0,0,0,0,0,0,20,0,13,0
1,1,240297,0,0,0,0,0,0,0,0,0,0
2,1,240297,0,0,0,0,0,0,0,0,0,0
1,1,240298,16,16,16,16,16,16,16,16,16,16
1,1,240299,0,0,0,0,0,0,0,0,0,0
2,1,240299,0,0,0,0,0,0,0,0,0,0
1,1,240300,12,12,12,12,12,12,12,12,12,12
2,1,240300,0,0,0,0,0,0,0,0,0,0
1,1,240301,0,0,0,0,0,0,0,0,0,0
2,1,240301,0,0,0,0,0,0,0,0,0,0
3,1,240301,0,0,0,0,0,0,0,0,0,0
4,1,240301,0,0,0,0,0,0,0,0,0,0
5,1,240301,0,0,0,0,0,0,0,0,0,0
6,1,240301,0,0,0,0,0,0,0,0,0,0
1,1,240302,7,7,7,7,7,7,7,7,7,7
2,1,240302,0,0,0,0,0,6,0,0,0,0
1,1,240303,0,0,0,0,0,0,0,0,0,0
2,1,240303,0,0,0,0,0,0,0,0,0,0
1,1,240304,15,0,17,29,0,0,19,0,0,8
0,1,240305,14,14,14,14,14,14,14,14,14,14
1,1,240305,0,0,0,0,0,0,0,0,0,0
0,1,240306,0,0,0,0,0,0,0,0,0,0
1,1,240306,18,18,18,18,18,18,18,18,18,18
0,1,240307,0,0,0,0,0,0,0,0,0,0
1,1,240307,0,0,0,0,0,0,0,0,0,0
1,1,240308,0,11,0,0,5,0,0,0,0,11
0,1,240309,0,0,0,0,0,0,0,0,0,0
0,2,240309,0,0,0,0,0,0,0,0,0,0
0,3,240309,0,0,0,0,0,0,0,0,0,0
0,4,240309,15,15,15,15,15,15,15,15,15,15
0,5,240309,6,6,6,6,6,6,6,6,6,6
0,6,240309,0,0,0,0,0,0,0,0,0,0
0,7,240309,2,2,2,2,2,2,2,2,2,2
0,8,240309,18,21,61,15,16,19,0,0,0,0
0,9,240309,8,14,0,0,0,0,24,0,0,7
0,10,240309,17,20,0,0,0,0,0,0,18,10
0,11,240309,0,18,0,0,0,0,0,0,0,0
0,12,240309,0,0,0,0,0,0,0,0,0,0
0,13,240309,16,20,13,13,0,0,23,0,11,0
0,14,240309,0,19,0,0,21,0,0,0,0,0
0,15,240309,0,0,10,0,0,0,0,0,0,0
0,16,240309,0,16,25,0,0,0,13,0,0,0
0,17,240309,12,0,0,0,9,0,0,0,0,0
1,1,240309,0,0,0,0,0,0,0,0,0,0
0,1,240310,0,0,0,0,0,0,0,0,0,0
1,1,240310,0,0,0,0,0,0,0,0,0,0
1,1,240311,0,0,0,0,0,0,0,0,0,0
2,1,240311,0,0,0,0,0,0,0,6,0,0
1,1,240312,0,0,0,0,0,0,0,0,0,0
1,1,240313,0,0,0,0,0,0,0,0,0,0
1,1,240314,28,28,28,28,28,28,28,28,28,28
1,1,240315,3,3,3,3,3,3,3,3,3,3
2,1,240315,0,0,0,0,0,0,0,0,0,0
0,1,240316,0,0,0,0,0,0,0,0,0,0
1,1,240316,0,0,0,0,0,0,0,0,0,0
1,1,240317,0,0,0,0,0,0,0,0,0,0
2,1,240317,0,0,0,0,0,0,0,0,0,0
0,1,240318,0,0,0,0,0,0,0,0,0,0
0,2,240318,0,0,0,0,0,0,0,0,0,0
1,1,240318,0,0,0,0,0,0,0,0,0,0
1,1,240319,0,0,0,0,0,0,0,0,0,0
2,1,240319,0,0,0,0,0,0,0,0,0,0
1,1,240320,0,0,0,0,0,0,0,0,0,0
1,1,240321,6,6,6,6,6,6,6,6,6,6
2,1,240321,0,0,0,0,0,0,0,0,0,0
1,1,240322,0,0,0,0,0,0,0,9,0,0
2,1,240322,0,0,0,0,0,0,0,0,0,0
1,1,240323,0,0,0,0,0,0,0,0,0,0
1,1,240324,16,16,16,16,16,16,16,16,16,16
1,1,240325,0,0,0,0,0,0,0,0,0,0
2,1,240325,0,0,0,0,0,0,0,0,0,0
1,1,240326,0,0,0,0,0,0,0,0,0,0
1,1,240327,0,0,0,0,0,0,0,0,0,0
2,1,240327,0,0,0,0,0,0,0,0,0,0
1,1,240328,0,0,0,0,0,7,0,0,0,0
2,1,240328,0,0,0,0,0,0,0,0,0,0
1,1,240329,0,0,0,0,0,0,0,0,0,0
1,1,240330,0,0,0,0,0,0,0,0,0,0
2,1,240330,0,0,0,0,0,0,0,0,0,0
1,1,240331,0,0,0,0,0,0,0,0,0,0
1,1,240332,0,0,0,0,0,0,0,0,0,0
2,1,240332,0,0,0,0,0,0,0,0,0,0
1,1,240333,20,20,20,20,20,20,20,20,20,20
1,1,240334,0,0,0,0,0,0,0,0,0,0
1,1,240335,26,26,26,26,26,26,26,26,26,26
1,1,240336,3,3,3,3,3,3,3,3,3,3
1,1,240337,28,28,28,28,28,28,28,28,28,28
1,1,240338,0,0,0,0,0,0,0,0,0,0
2,1,240338,0,0,0,0,0,0,0,0,0,0
0,1,240339,21,21,21,21,21,21,21,21,21,21
1,1,240339,0,0,0,0,0,0,7,0,0,0
2,1,240339,0,17,16,8,26,0,0,10,6,0
1,1,240340,14,14,14,14,14,14,14,14,14,14
1,1,240341,20,20,20,20,20,20,20,20,20,20
1,1,240342,0,0,0,0,0,0,0,0,0,0
2,1,240342,0,0,0,0,0,0,0,0,0,0
1,1,240343,0,0,0,0,0,0,0,0,0,0
2,1,240343,0,0,0,0,0,0,0,0,0,0
3,1,240343,0,0,0,0,0,0,0,0,0,0
4,1,240343,0,0,0,0,0,0,0,0,0,0
0,1,240344,0,0,0,0,0,0,0,0,0,0
1,1,240344,0,0,0,0,0,0,0,0,0,0
1,1,240345,0,0,0,0,0,0,0,0,0,0
2,1,240345,0,0,0,0,0,0,0,0,0,0
1,1,240346,19,19,19,19,19,19,19,19,19,19
1,1,240347,0,0,0,0,0,0,0,0,0,0
1,1,240348,0,0,0,0,0,0,0,0,0,0
0,1,240349,7,7,7,7,7,7,7,7,7,7
1,1,240349,0,0,0,18,0,14,0,0,0,0
0,1,240350,13,33,27,16,20,12,23,35,22,33
1,1,240350,0,0,0,0,0,0,0,0,0,0
1,1,240351,0,0,0,0,0,0,0,0,0,0
1,1,240352,0,0,0,0,0,0,0,0,0,0
2,1,240352,0,0,0,0,0,0,0,0,0,0
1,1,240353,0,0,0,0,0,0,0,0,0,0
0,1,240354,0,0,0,0,0,0,0,0,0,0
1,1,240354,0,0,0,0,0,0,0,0,0,0
1,1,240355,19,19,19,19,19,19,19,19,19,19
1,1,240356,18,18,18,18,18,18,18,18,18,18
2,1,240356,0,0,0,0,0,0,0,0,0,0
1,1,240357,0,0,0,0,0,0,0,0,0,0