VEH_NO,PER_NO,ST_CASE,P1,P2,P3,P4,P5,P6,P7,P8,P9,P10
1,1,250128,28,0,6,0,0,18,0,13,0,17
1,1,250129,0,0,0,0,0,0,0,0,0,8
2,1,250129,0,0,0,0,0,0,0,0,0,0
1,1,250130,0,0,0,0,0,0,0,0,0,0
2,1,250130,0,0,0,0,0,0,0,0,0,0
1,1,250131,15,15,15,15,15,15,15,15,15,15
1,1,250132,10,16,0,8,9,5,12,0,14,0
1,1,250133,0,0,0,0,0,0,0,0,0,0
1,1,250134,0,11,0,0,0,0,0,0,19,0
1,1,250135,7,7,7,7,7,7,7,7,7,7
2,1,250135,7,0,0,0,0,0,0,0,0,0
1,1,250136,55,55,55,55,55,55,55,55,55,55
1,1,250137,13,13,13,13,13,13,13,13,13,13
0,1,250138,0,0,0,0,0,0,0,0,0,0
1,1,250138,0,14,0,3,0,0,0,0,0,0
1,1,250139,22,28,0,23,18,12,19,30,22,12
2,1,250139,0,0,0,0,0,0,0,9,0,0
1,1,250140,22,18,0,23,14,14,0,19,0,0
2,1,250140,0,0,0,0,0,0,0,0,0,15
1,1,250141,11,11,11,11,11,11,11,11,11,11
0,1,250142,0,0,0,0,0,0,0,0,0,0
1,1,250142,0,0,0,13,0,0,0,0,0,0
1,1,250143,0,0,25,14,0,0,0,0,0,1
1,1,250145,14,17,0,0,0,0,0,0,0,0
0,1,250146,0,0,0,0,0,0,0,0,0,0
1,1,250146,0,12,12,0,0,0,0,0,34,0
0,1,250147,0,0,0,0,0,0,0,0,0,0
1,1,250147,0,0,0,0,0,0,0,0,0,0
0,1,250148,46,46,46,46,46,46,46,46,46,46
1,1,250148,0,0,0,0,3,13,0,0,18,0
1,1,250149,0,0,0,0,0,0,0,0,0,0
0,1,250150,0,0,0,0,0,0,0,0,0,0
1,1,250150,0,0,0,0,0,0,0,0,0,0
1,1,250151,27,27,27,27,27,27,27,27,27,27
2,1,250151,0,0,0,0,0,0,0,0,0,0
1,1,250152,0,0,0,0,0,0,0,0,0,0
2,1,250152,0,0,0,0,0,0,0,0,0,0
1,1,250153,13,13,13,13,13,13,13,13,13,13
1,1,250154,0,0,0,0,0,0,0,0,0,0
2,1,250154,0,0,0,0,0,0,0,0,0,0
1,1,250155,0,0,0,0,0,0,0,0,0,0
1,1,250156,0,0,0,0,0,0,0,0,0,0
2,1,250156,0,0,0,0,0,0,0,0,0,0
0,1,250157,0,0,0,0,0,0,0,0,0,0
1,1,250157,0,0,0,14,15,18,0,27,0,0
0,1,250158,0,0,0,0,0,0,0,0,0,0
1,1,250158,0,0,0,0,0,0,0,0,0,0
1,1,250159,1,1,1,1,1,1,1,1,1,1
1,1,250160,0,0,0,22,0,0,9,0,0,0
2,1,250160,0,0,0,0,0,0,8,0,0,0
1,1,250161,16,10,19,0,0,0,17,0,15,0
1,1,250162,0,0,0,0,0,0,0,0,0,0
1,1,250163,0,0,0,0,0,0,0,8,0,15
0,1,250164,0,0,0,0,0,0,0,0,0,0
1,1,250164,12,17,0,29,17,15,10,30,22,6
1,1,250165,0,0,0,0,0,0,0,0,0,0
0,1,250166,0,0,0,0,0,0,0,0,0,0
1,1,250166,0,2,0,0,0,0,0,0,0,0
1,1,250167,0,0,0,0,0,0,0,0,0,0
2,1,250167,0,0,0,0,0,0,0,0,0,9
1,1,250168,18,18,18,18,18,18,18,18,18,18
0,1,250169,0,0,0,0,0,0,0,0,0,0
0,2,250169,0,0,0,0,0,0,0,0,0,0
1,1,250169,0,0,0,13,0,0,0,0,0,12
1,1,250170,0,19,14,19,19,10,0,15,20,12
2,1,250170,23,23,23,23,23,23,23,23,23,23
1,1,250171,0,0,0,0,0,0,0,0,0,0
2,1,250171,0,0,0,0,0,0,0,5,0,0
1,1,250172,9,9,9,9,9,9,9,9,9,9
1,1,250173,0,0,0,0,0,17,0,0,0,0
1,1,250174,13,13,13,13,13,13,13,13,13,13
1,1,250176,19,19,19,19,19,19,19,19,19,19
0,1,250177,0,0,0,0,0,0,0,0,0,0
1,1,250177,0,0,0,0,0,0,0,0,0,0
1,1,250178,19,19,19,19,19,19,19,19,19,19
1,1,250179,0,0,0,0,0,0,0,0,0,0
1,1,250180,0,0,0,0,0,0,0,0,0,0
1,1,250181,0,0,0,0,0,0,0,0,0,0
2,1,250181,0,0,0,0,0,0,0,0,0,0
1,1,250182,0,0,0,0,0,0,0,0,0,0
1,1,250183,14,14,14,14,14,14,14,14,14,14
1,1,250184,0,0,0,0,0,0,0,0,0,0
2,1,250184,0,0,0,0,0,0,0,0,0,2
3,1,250184,0,0,0,0,0,0,0,0,0,0
0,1,250185,8,8,8,8,8,8,8,8,8,8
1,1,250185,0,0,0,0,0,0,0,0,0,0
1,1,250186,15,22,9,0,32,14,0,0,0,0
0,1,250187,12,0,14,0,29,16,0,12,0,22
1,1,250187,0,0,0,0,0,0,0,0,0,0
1,1,250188,0,0,0,0,0,0,7,0,0,0
2,1,250188,0,0,0,0,0,0,0,0,0,0
3,1,250188,0,0,6,0,0,0,0,0,0,0
4,1,250188,0,0,0,0,0,0,0,0,0,0
0,1,250189,0,0,0,0,0,0,0,0,0,0
1,1,250189,0,0,0,0,0,0,0,0,0,0
0,1,250190,2,2,2,2,2,2,2,2,2,2
1,1,250190,17,0,0,0,0,0,0,3,0,0
1,2,250191,0,14,0,0,0,12,0,0,0,0
0,1,250192,0,0,0,0,0,0,0,0,0,0
1,1,250192,0,0,0,0,0,0,0,0,0,0
0,1,250193,25,0,0,15,0,0,0,0,25,17
1,1,250193,0,0,0,0,0,0,0,0,0,0
1,1,250194,0,0,0,0,0,0,0,0,0,0
2,1,250194,0,0,0,0,9,0,0,0,0,0
1,1,250195,0,0,0,0,0,0,0,0,0,0
2,1,250195,0,0,0,0,0,0,0,0,0,0
3,1,250195,0,0,0,0,0,0,0,0,0,0
1,1,250196,0,0,15,16,19,0,4,0,0,0
1,1,250197,0,0,0,0,0,0,0,0,0,0
2,1,250197,0,0,0,0,0,0,0,0,0,0
1,1,250198,0,17,0,0,0,0,0,0,0,17
1,1,250199,0,14,0,0,0,0,13,25,0,17
1,1,250200,0,0,0,0,0,5,0,0,2,0
1,1,250201,0,0,0,0,0,0,0,0,0,0
1,1,250202,0,11,34,15,0,0,18,0,0,12
1,1,250203,23,23,23,23,23,23,23,23,23,23
1,1,250204,22,22,22,22,22,22,22,22,22,22
1,1,250205,12,12,12,12,12,12,12,12,12,12
1,1,250206,0,0,0,0,0,0,0,0,0,0
2,1,250206,0,0,0,0,0,0,0,0,0,0
1,1,250207,9,9,9,9,9,9,9,9,9,9
1,1,250208,0,0,0,0,0,0,0,0,0,0
2,1,250208,0,0,0,0,0,0,0,0,0,0
1,1,250209,18,18,18,18,18,18,18,18,18,18
1,1,250210,0,0,0,0,0,0,0,0,0,0
1,1,250211,0,0,13,13,3,11,11,0,0,24
2,1,250211,0,0,0,0,0,0,0,0,0,0
1,1,250212,0,13,0,0,0,0,0,0,0,0
0,1,250213,27,10,18,0,0,0,19,23,8,0
1,1,250213,13,13,13,13,13,13,13,13,13,13
0,1,250214,0,0,0,0,0,0,0,0,0,0
1,1,250214,0,0,0,0,0,0,0,0,0,0
1,1,250215,27,27,27,27,27,27,27,27,27,27
2,1,250215,3,4,0,20,20,21,15,3,4,25
1,1,250216,0,0,12,0,0,0,0,0,0,0
1,1,250217,0,0,0,0,0,0,0,0,0,0
1,1,250218,0,0,9,16,0,4,20,0,0,3
1,1,250219,0,0,0,0,0,0,0,0,0,0
2,1,250219,0,0,0,0,0,16,0,0,0,17
1,1,250220,21,21,21,21,21,21,21,21,21,21
0,1,250221,0,0,0,0,0,0,0,0,0,0
1,1,250221,0,0,0,0,0,0,0,0,0,0
1,1,250222,21,15,16,19,21,10,0,0,7,0
1,1,250223,0,0,0,0,0,0,16,0,0,12
1,1,250224,28,28,28,28,28,28,28,28,28,28
1,1,250225,0,0,0,0,0,0,0,0,0,0
2,1,250225,0,0,0,0,0,0,0,0,0,15
1,1,250226,12,7,17,13,21,0,19,34,11,16
1,1,250227,22,22,22,22,22,22,22,22,22,22
1,1,250228,0,0,0,0,0,4,0,8,0,0
2,1,250228,0,0,0,0,0,0,0,0,0,0
1,1,250229,0,0,0,0,0,0,0,0,0,0
1,1,250230,17,0,22,13,13,11,6,9,0,0
1,1,250231,0,0,0,0,0,0,0,0,0,0
1,1,250232,33,33,33,33,33,33,33,33,33,33
1,1,250233,0,0,0,0,0,0,0,0,0,0
1,1,250234,25,25,25,25,25,25,25,25,25,25
0,1,250235,0,0,0,0,0,0,20,0,0,0
1,1,250235,0,0,0,0,0,0,0,0,27,0
1,1,250236,0,0,0,0,0,0,0,0,0,0
2,1,250236,4,4,4,4,4,4,4,4,4,4
0,1,250237,0,0,0,0,0,0,0,0,0,0
1,1,250237,0,0,0,0,0,0,0,0,8,0
1,1,250238,22,22,22,22,22,22,22,22,22,22
1,1,250239,28,28,28,28,28,28,28,28,28,28
1,1,250240,0,0,0,12,0,0,0,0,0,0
2,1,250240,0,0,0,0,0,0,0,0,0,0
1,1,250241,15,15,15,15,15,15,15,15,15,15
0,1,250242,0,36,0,0,0,0,0,0,19,13
1,1,250242,0,6,0,6,0,0,0,0,0,0
0,1,250243,0,0,0,0,0,0,0,0,0,0
1,1,250243,0,0,0,0,0,0,0,0,0,0
1,1,250244,2,2,2,2,2,2,2,2,2,2
2,1,250244,0,0,0,0,0,0,0,0,0,0
1,1,250245,0,0,0,0,0,0,0,0,0,0
2,1,250245,0,21,0,0,0,0,0,0,0,0
3,1,250245,0,0,4,0,0,0,0,0,0,0
4,1,250245,0,0,0,0,0,0,0,0,0,0
0,1,250246,12,0,0,16,10,0,30,0,12,22
0,2,250246,0,0,0,0,0,0,0,0,0,0
1,1,250246,7,0,24,0,0,0,0,0,0,0
1,1,250247,20,20,20,20,20,20,20,20,20,20
2,1,250247,0,0,0,14,0,6,0,0,0,0
1,1,250248,12,12,12,12,12,12,12,12,12,12
2,1,250248,0,0,0,0,0,0,0,0,0,0
1,1,250249,0,0,0,0,0,0,0,0,0,0
1,1,250250,2,2,2,2,2,2,2,2,2,2
1,1,250251,0,16,0,9,0,0,0,0,8,0
2,1,250251,0,0,0,0,0,0,0,0,0,0
1,1,250252,0,0,0,0,0,0,0,0,0,0
1,1,250253,18,18,18,18,18,18,18,18,18,18
1,1,250254,0,0,0,0,0,0,0,0,0,0
2,1,250254,0,0,0,0,0,0,0,0,0,7
1,1,250255,0,0,0,0,0,0,0,0,0,0
2,1,250255,0,0,0,0,0,0,0,0,10,0
1,1,250256,0,0,0,0,0,0,0,0,0,0
1,1,250257,0,0,0,0,0,0,0,0,0,0
0,1,250258,0,0,0,0,0,0,0,0,0,0
1,1,250258,0,0,0,0,0,0,0,0,0,0
1,1,250259,0,0,0,0,0,0,0,0,0,0
2,1,250259,0,0,0,0,0,0,0,0,0,0
1,1,250260,0,0,0,0,0,0,0,0,0,0
0,1,250261,0,0,0,0,0,0,0,0,0,0
1,1,250261,0,0,0,0,0,10,0,0,0,0
0,1,250262,0,7,0,0,0,0,0,0,0,0
1,1,250262,0,0,0,0,0,0,0,0,0,0
0,1,250263,7,21,52,0,23,7,0,0,20,0
1,1,250263,0,0,0,0,0,0,0,0,0,0
1,1,250264,0,0,0,0,0,0,0,0,0,0
1,1,250265,0,0,7,0,0,10,0,13,4,0
1,1,250266,0,0,0,0,0,0,0,0,0,0
1,1,250267,2,2,2,2,2,2,2,2,2,2
1,1,250268,24,24,24,24,24,24,24,24,24,24
0,1,250269,0,0,0,0,0,0,0,0,0,0
1,1,250269,0,0,0,0,0,0,0,0,0,0
0,1,250270,13,0,0,14,25,14,0,0,0,0
1,1,250270,10,0,6,0,0,0,0,0,0,0
1,1,250271,4,4,4,4,4,4,4,4,4,4
0,1,250272,0,0,0,0,0,0,0,0,0,0
1,1,250272,2,0,13,16,0,0,0,0,0,0
1,1,250273,25,25,25,25,25,25,25,25,25,25
2,1,250273,0,14,11,0,0,0,0,31,0,11
1,1,250274,0,0,0,0,0,0,0,0,0,0
2,1,250274,0,0,0,0,0,0,0,7,0,0
1,1,250275,0,7,0,0,0,0,0,0,0,0
2,1,250275,0,0,0,0,0,0,0,0,0,0
0,1,250276,0,0,0,0,0,0,0,0,0,0
1,1,250276,0,11,0,10,4,0,0,0,0,0
0,1,250277,29,29,29,29,29,29,29,29,29,29
1,1,250277,4,17,14,9,24,17,25,4,14,12
1,1,250278,0,0,0,0,0,0,0,0,0,0
1,1,250279,0,15,0,19,0,13,0,0,0,0
1,1,250280,21,21,21,21,21,21,21,21,21,21
1,1,250281,13,13,13,13,13,13,13,13,13,13
1,1,250282,0,0,0,0,0,0,0,0,0,0
1,1,250283,5,7,5,10,32,6,7,25,14,8
0,1,250284,0,0,0,0,0,0,0,0,0,0
1,1,250284,0,0,20,0,0,0,0,0,0,0
0,1,250285,9,9,9,9,9,9,9,9,9,9
1,1,250285,0,0,0,0,0,0,0,0,0,0
1,1,250286,0,10,15,29,10,5,7,14,4,14
1,1,250287,18,18,18,18,18,18,18,18,18,18
1,1,250288,0,0,0,0,0,0,0,0,0,0
1,1,250289,14,14,14,14,14,14,14,14,14,14
1,1,250290,0,0,0,0,0,0,0,0,0,0
1,1,250291,0,0,0,0,0,0,0,0,0,0
0,1,250292,0,0,0,0,0,0,0,0,0,0
1,1,250292,0,0,0,0,0,0,0,0,0,0
1,1,250293,15,13,14,0,6,0,14,0,0,13
2,1,250293,0,0,7,0,9,0,7,0,0,0
0,1,250294,29,29,29,29,29,29,29,29,29,29
1,1,250294,0,23,0,7,0,3,0,15,0,0
1,1,250295,0,0,0,0,0,0,0,0,0,0
1,1,250296,0,0,0,0,0,0,0,0,0,0
0,1,250297,0,0,0,0,0,0,0,0,0,0
1,1,250297,0,19,0,17,0,0,0,4,0,0
1,1,250298,0,0,43,0,0,17,9,0,0,0
1,1,250299,28,28,28,28,28,28,28,28,28,28
2,1,250299,0,0,21,0,0,0,0,0,0,0
0,1,250300,0,0,0,0,0,0,0,0,0,0
1,1,250300,0,0,0,0,0,0,0,0,0,0
0,1,250301,22,22,22,22,22,22,22,22,22,22
1,1,250301,22,23,0,14,24,12,29,9,31,19
0,1,250302,47,47,47,47,47,47,47,47,47,47
1,1,250302,0,15,0,0,0,0,0,0,0,0
1,1,250303,0,0,15,0,0,22,9,0,13,11
1,1,250304,0,0,0,0,0,0,0,0,0,0
1,1,250305,17,17,17,17,17,17,17,17,17,17
1,1,250306,21,21,21,21,21,21,21,21,21,21
2,1,250306,0,0,0,0,0,0,0,0,0,0
1,1,250307,0,22,0,0,0,12,0,0,0,0
2,1,250307,0,0,0,0,0,0,0,0,0,0
0,1,250308,0,0,0,0,0,0,0,0,0,0
1,1,250308,0,0,0,0,0,0,0,0,0,0
0,1,250309,24,20,20,0,0,28,8,33,21,0
1,1,250309,0,0,23,20,0,28,18,24,7,42
1,1,250310,0,0,0,0,0,0,0,0,0,0
2,1,250310,0,0,0,0,0,0,0,9,0,0
3,1,250310,0,0,0,0,0,0,0,0,0,0
4,1,250310,0,9,0,0,0,0,0,0,0,0
0,1,250311,0,0,0,0,0,0,0,0,0,0
1,1,250311,0,0,0,0,0,0,0,0,0,0
1,1,250312,14,0,0,0,0,0,0,0,0,0
2,1,250312,0,0,0,0,0,0,0,0,0,0
3,1,250312,0,0,0,0,0,0,0,0,0,0
4,1,250312,0,0,0,0,0,0,0,0,0,0
0,1,250313,5,0,0,0,0,0,0,0,0,0
1,1,250313,0,0,0,0,0,0,0,0,0,0
0,1,250314,16,0,0,0,0,5,0,0,0,0
1,1,250314,0,0,27,0,0,0,0,0,0,0
1,1,250315,29,29,29,29,29,29,29,29,29,29
2,1,250315,0,0,0,0,0,0,0,0,0,0
3,1,250315,7,0,0,0,6,0,0,0,0,0
1,1,250316,18,18,18,18,18,18,18,18,18,18
1,1,250317,11,0,0,15,0,10,5,30,0,11
1,1,250318,0,0,0,0,0,0,0,0,0,0
0,1,250319,0,0,0,0,0,0,0,0,0,0
1,1,250319,0,0,0,0,0,0,0,0,0,0
1,1,250320,0,0,0,0,0,0,0,0,0,0
1,1,250321,12,12,12,24,30,23,34,0,36,0
1,1,250322,0,0,0,0,0,0,0,0,0,0
1,1,250323,0,0,0,0,0,0,0,0,0,0
0,1,250324,0,0,0,0,0,0,0,0,0,0
1,1,250324,0,0,0,0,0,0,0,0,0,0
1,1,250325,0,0,0,0,0,0,0,0,0,0
0,1,250326,0,0,0,0,0,0,0,0,0,0
1,1,250326,0,0,0,0,0,0,0,0,0,0
1,1,250327,0,0,0,0,0,15,0,0,0,0
1,1,250328,0,0,0,0,0,0,0,0,0,0
2,1,250328,0,0,0,0,0,0,0,0,0,0
1,1,250329,0,0,0,0,0,0,0,0,0,0
2,1,250329,0,0,0,0,0,0,0,0,0,0
0,1,250330,9,9,9,9,9,9,9,9,9,9
1,1,250330,0,0,19,0,0,0,0,0,3,26
1,1,250331,0,0,0,0,0,0,0,0,0,0
2,1,250331,20,0,0,11,0,0,0,0,0,0
1,1,250332,0,0,0,0,0,0,0,0,0,0
2,1,250332,0,0,0,0,0,0,0,3,0,0
1,1,250333,17,22,0,0,0,7,10,0,20,0
1,1,250334,0,0,0,0,0,0,0,0,0,0
2,1,250334,0,0,0,0,0,0,0,0,0,0
0,1,250335,0,0,0,0,0,0,0,0,0,0
1,1,250335,0,0,0,0,9,0,0,0,6,0
1,1,250336,0,22,0,0,0,0,0,0,0,0
1,1,250337,0,0,0,0,0,0,0,0,0,0
0,1,250338,0,0,18,27,19,17,0,16,46,0
1,1,250338,0,0,0,0,0,0,0,0,0,0
0,1,250339,21,25,14,0,40,0,24,29,25,32
1,1,250339,0,0,0,25,0,0,0,0,0,0
0,1,250340,0,0,0,0,0,0,0,0,0,0
1,1,250340,0,0,0,6,0,0,0,4,0,0
0,1,250341,0,0,0,0,0,0,0,0,0,0
1,1,250341,0,0,0,0,0,0,0,0,0,0
1,1,250342,0,0,0,0,0,0,0,0,0,0
1,1,250343,0,9,23,10,8,7,0,0,18,26
1,1,250344,0,0,0,0,22,6,0,0,9,0
0,1,250345,0,0,0,0,0,0,0,0,0,0
1,1,250345,0,0,0,0,0,0,0,0,0,0
1,1,250346,0,0,0,21,19,0,4,0,0,0
1,1,250347,13,18,0,7,22,18,0,0,0,3
1,1,250348,0,0,0,0,0,0,0,0,0,0
0,1,250349,0,0,0,0,0,0,0,0,0,0
1,1,250349,0,0,0,0,0,0,0,0,0,0
1,1,260001,29,29,29,29,29,29,29,29,29,29
2,1,260001,0,0,0,0,0,0,0,0,0,0
0,1,260002,0,0,0,0,0,0,0,0,0,0
1,1,260002,0,0,0,0,0,0,0,0,0,0
1,1,260003,22,22,22,22,22,22,22,22,22,22
1,1,260004,0,0,0,0,0,0,0,0,0,0
0,1,260005,3,30,0,0,16,31,18,26,0,20
1,1,260005,0,0,0,0,0,0,0,0,0,0
1,1,260006,6,6,6,6,6,6,6,6,6,6
2,1,260006,0,0,0,0,0,0,0,0,0,0
1,1,260007,0,0,0,0,0,0,0,0,0,0
0,1,260008,0,0,0,0,0,0,0,0,0,0
1,1,260008,0,0,0,0,0,0,0,0,0,0
1,1,260009,0,0,0,0,0,0,0,0,0,0
2,1,260009,0,0,0,0,0,0,0,0,0,0
1,1,260011,0,0,0,0,0,0,0,0,0,0
0,1,260012,0,0,0,0,0,0,0,0,0,0
1,1,260012,0,0,0,0,0,0,0,0,0,0
1,1,260013,0,0,0,0,0,0,0,0,0,0
2,1,260013,0,0,0,0,0,0,0,0,0,0
0,1,260014,0,0,0,0,0,0,0,0,0,0
1,1,260014,0,0,0,0,0,0,0,0,0,0
1,1,260015,0,0,0,0,0,0,0,0,0,0
1,1,260016,0,0,0,0,0,0,0,0,0,0
2,1,260016,0,0,0,0,0,0,0,0,0,0
3,1,260016,0,0,0,0,0,0,0,0,0,0
1,1,260017,0,0,0,0,0,0,0,0,0,0
2,1,260017,14,0,0,0,0,0,0,0,0,0
1,1,260018,0,0,0,0,0,0,0,0,0,0
1,1,260019,0,0,0,0,0,0,0,0,0,0
2,1,260019,0,0,0,0,0,0,0,0,0,0
1,1,260020,0,0,0,0,0,0,0,0,0,0
0,1,260021,34,15,11,28,11,41,38,23,16,27
1,1,260021,25,0,0,8,0,0,0,0,8,0
1,1,260022,0,0,0,0,0,0,0,0,0,0
2,1,260022,0,0,0,0,0,0,0,0,0,0
1,1,260023,0,0,0,0,0,0,0,0,0,0
2,1,260023,0,0,0,0,0,0,0,0,0,0
1,1,260024,16,16,16,16,16,16,16,16,16,16
1,1,260025,10,10,10,10,10,10,10,10,10,10
2,1,260025,0,0,0,0,0,0,0,0,0,0
1,1,260026,12,23,12,18,7,29,0,25,0,15
1,1,260027,0,0,0,0,0,0,0,0,0,0
2,1,260027,0,0,0,0,0,0,0,0,0,0
1,1,260028,0,0,0,0,0,0,0,0,0,0
2,1,260028,0,0,0,0,0,0,0,0,0,0
1,1,260029,0,0,0,0,0,0,0,0,0,0
1,1,260030,0,0,0,0,0,0,0,0,0,0
2,1,260030,0,0,0,0,0,0,0,0,0,0
1,1,260031,0,0,0,0,0,0,0,0,0,0
2,1,260031,0,0,0,0,0,0,0,0,0,0
0,1,260032,17,0,16,0,0,0,21,23,8,0
1,1,260032,0,0,0,0,0,0,0,0,0,0
1,1,260033,9,9,9,9,9,9,9,9,9,9
1,1,260034,0,0,0,0,0,0,0,0,0,0
2,1,260034,0,0,0,0,0,0,0,0,0,0
1,1,260035,0,0,0,0,0,0,0,0,0,0
2,1,260035,0,0,0,0,6,0,0,0,0,0
1,1,260036,0,0,0,0,0,0,0,0,0,0
1,1,260037,0,0,0,0,0,0,0,0,0,0
1,1,260038,0,0,0,0,0,0,0,0,0,0
0,1,260039,20,20,20,20,20,20,20,20,20,20
1,1,260039,0,0,0,0,0,0,0,0,0,0
1,1,260040,0,0,0,0,0,0,0,0,0,0
1,1,260041,0,0,0,0,0,0,0,0,0,0
0,1,260042,0,0,0,0,0,0,0,0,0,0
1,1,260042,0,0,0,0,0,0,0,0,0,0
0,1,260043,0,0,0,0,0,0,0,0,0,0
0,2,260043,14,0,0,0,11,0,0,0,19,0
0,3,260043,0,0,0,0,0,22,0,0,0,0
0,4,260043,19,16,0,0,0,15,17,19,14,0
1,1,260043,0,0,0,0,0,0,0,0,0,0
1,1,260044,0,0,0,0,0,0,0,0,0,0
2,1,260044,0,0,0,0,0,0,0,0,0,0
3,1,260044,0,0,0,0,0,0,0,0,0,0
1,1,260045,0,0,0,0,0,0,0,0,0,0
2,1,260045,0,0,0,0,0,0,0,0,0,0
0,1,260046,0,0,0,0,0,0,0,0,0,0
1,1,260046,0,0,0,0,0,0,0,0,0,0
1,1,260047,29,29,29,29,29,29,29,29,29,29
1,1,260048,0,0,0,0,0,0,0,0,0,0
2,1,260048,0,0,0,0,0,0,0,0,0,0
1,1,260049,0,0,0,0,0,0,0,0,0,0
1,1,260050,18,18,18,18,18,18,18,18,18,18
1,1,260051,0,0,0,0,0,0,0,0,0,0
1,1,260052,0,0,0,0,0,0,0,0,0,0
2,1,260052,0,0,0,0,0,0,0,0,0,0
1,1,260053,0,0,0,0,0,0,0,0,0,0
2,1,260053,0,0,0,0,0,0,0,0,0,0
1,1,260054,0,0,0,0,0,0,0,0,0,0
2,1,260054,0,0,0,0,0,0,0,0,0,0
1,1,260055,0,0,0,0,0,0,0,0,0,0
2,1,260055,0,0,0,0,0,0,0,0,0,0
1,1,260056,0,0,0,0,0,0,0,0,0,0
2,1,260056,0,0,0,0,0,0,0,0,0,0
1,1,260057,0,0,0,0,0,0,0,0,0,0
2,1,260057,0,0,0,0,0,0,0,0,0,0
1,1,260058,0,0,0,0,0,0,0,0,0,0
1,1,260059,0,0,0,0,0,0,0,0,0,0
2,1,260059,0,0,0,0,0,0,0,0,0,0
1,1,260060,0,0,0,0,0,0,0,0,0,0
2,1,260060,0,0,0,0,0,0,0,0,0,0
1,1,260061,0,0,0,0,0,0,0,0,0,0
1,1,260062,0,0,0,0,0,0,0,0,0,0
2,1,260062,0,0,0,0,0,0,0,0,0,0
1,1,260063,0,0,0,0,0,0,0,0,0,0
2,1,260063,0,0,0,0,0,0,0,0,0,0
3,1,260063,0,0,0,0,0,0,0,0,0,0
1,1,260064,0,0,0,0,0,0,0,0,0,0
1,1,260065,23,23,23,23,23,23,23,23,23,23
1,1,260066,0,0,0,0,0,0,0,0,0,0
2,1,260066,0,0,0,0,0,0,0,0,0,0
1,1,260067,18,35,27,0,20,26,0,33,19,17
1,1,260068,0,0,0,0,0,0,0,0,0,0
2,1,260068,0,0,0,0,0,0,0,0,0,0
1,1,260069,21,21,21,21,21,21,21,21,21,21
1,1,260070,0,0,0,0,0,0,0,0,0,0
2,1,260070,0,0,0,0,0,0,0,0,0,0
1,1,260071,0,0,0,0,0,0,0,0,0,0
2,1,260071,0,0,0,0,0,0,0,0,0,0
1,1,260072,8,8,8,8,8,8,8,8,8,8
2,1,260072,0,0,0,0,0,0,0,0,0,0
1,1,260073,5,5,5,5,5,5,5,5,5,5
2,1,260073,2,2,2,2,2,2,2,2,2,2
1,1,260074,0,0,0,0,0,0,0,0,0,0
2,1,260074,0,0,0,0,0,0,0,0,0,0
1,1,260075,0,0,0,0,0,0,0,0,0,0
2,1,260075,0,0,0,0,0,0,0,0,0,0
1,1,260076,0,0,0,0,0,0,0,0,0,0
0,1,260077,0,0,0,0,0,0,0,0,0,0
1,1,260077,11,11,11,11,11,11,11,11,11,11
1,1,260078,0,0,0,0,0,0,0,0,0,0
2,1,260078,0,0,0,14,0,0,0,0,0,0
1,1,260079,19,19,19,19,19,19,19,19,19,19
2,1,260079,0,0,0,0,0,0,0,0,0,0
1,1,260080,0,0,0,0,0,0,0,0,0,0
1,1,260081,0,0,0,0,0,0,0,0,0,0
2,1,260081,0,0,0,0,0,0,0,0,0,0
1,1,260082,2,2,2,2,2,2,2,2,2,2
2,1,260082,0,0,0,0,0,0,0,0,0,0
1,1,260083,0,0,0,0,0,0,0,0,0,0
2,1,260083,0,0,0,0,0,0,0,0,0,0
1,1,260084,0,0,0,0,0,0,0,0,0,0
2,1,260084,0,0,0,0,0,0,0,0,0,0
3,1,260084,0,0,0,0,0,0,0,0,0,0
1,1,260085,0,0,0,0,0,0,0,0,0,0
2,1,260085,0,0,0,0,0,0,0,0,0,0
1,1,260086,13,13,13,13,13,13,13,13,13,13
2,1,260086,10,10,10,10,10,10,10,10,10,10
3,1,260086,16,16,16,16,16,16,16,16,16,16
1,1,260087,0,0,0,0,0,0,0,0,0,0
2,1,260087,0,0,0,0,0,0,0,0,0,0
1,1,260088,22,16,20,12,11,0,19,17,29,13
1,1,260089,0,0,0,0,0,0,0,0,0,0
1,1,260090,25,0,0,0,13,0,8,0,0,0
2,1,260090,0,0,0,0,0,0,0,0,0,0
0,1,260091,19,19,19,19,19,19,19,19,19,19
1,1,260091,15,15,15,15,15,15,15,15,15,15
1,1,260092,0,0,0,0,0,0,0,0,0,0
2,1,260092,0,0,0,0,0,0,0,0,0,0
1,1,260093,19,19,19,19,19,19,19,19,19,19
1,1,260094,0,0,0,0,0,0,0,0,0,0
2,1,260094,0,0,0,0,0,0,0,0,0,0
1,1,260095,0,0,0,0,0,0,0,0,0,0
1,1,260096,0,0,0,0,0,0,0,0,0,0
2,1,260096,0,0,0,0,0,0,0,0,0,0
1,1,260097,0,0,0,0,0,0,0,0,0,0
1,1,260098,9,9,9,9,9,9,9,9,9,9
1,1,260099,22,22,22,22,22,22,22,22,22,22
1,1,260100,0,0,0,0,0,0,0,0,0,0