VEH_NO,PER_NO,ST_CASE,P1,P2,P3,P4,P5,P6,P7,P8,P9,P10
1,1,260101,0,18,50,20,17,15,18,18,12,17
1,1,260102,0,0,0,0,11,0,0,0,0,0
1,1,260103,0,0,0,0,0,0,0,0,0,0
2,1,260103,0,0,0,0,0,0,0,0,0,0
3,1,260103,0,0,0,0,0,0,0,0,0,0
1,1,260104,0,0,0,0,0,0,0,0,0,0
2,1,260104,0,0,0,0,0,0,0,0,0,0
1,1,260105,0,0,0,0,0,0,0,0,0,0
2,1,260105,24,24,24,24,24,24,24,24,24,24
3,1,260105,0,0,0,0,0,0,0,0,0,0
4,1,260105,0,0,0,0,0,0,0,0,0,0
1,1,260106,6,0,0,0,0,0,0,0,0,0
1,1,260107,0,0,0,0,0,0,0,0,0,0
2,1,260107,0,0,0,0,0,0,0,0,0,0
1,1,260108,0,0,0,0,0,0,0,0,0,0
1,1,260109,0,0,0,0,0,0,0,0,0,0
2,1,260109,0,0,0,0,0,0,0,0,0,0
3,1,260109,0,0,0,0,0,0,0,0,0,0
1,1,260110,0,0,0,0,0,0,0,0,0,0
1,1,260111,36,36,36,36,36,36,36,36,36,36
2,1,260111,0,0,0,0,0,0,0,0,0,0
0,1,260112,0,0,0,0,0,0,0,0,0,0
0,2,260112,13,0,0,0,0,0,0,34,0,0
1,1,260112,0,0,0,0,0,0,0,0,0,0
1,1,260113,0,0,0,0,0,0,0,0,0,0
2,1,260113,0,0,0,0,0,0,0,0,0,0
1,1,260114,0,0,0,0,0,0,0,0,0,0
2,1,260114,0,0,0,0,0,0,0,0,0,0
1,1,260115,11,11,11,11,11,11,11,11,11,11
1,1,260116,0,15,0,0,0,39,0,0,0,0
1,1,260117,0,0,0,0,0,0,0,0,0,0
2,1,260117,0,0,0,0,0,0,0,0,0,0
3,1,260117,0,0,0,7,0,0,0,0,0,0
0,1,260118,0,31,0,24,0,0,0,0,0,15
1,1,260118,14,14,14,14,14,14,14,14,14,14
1,1,260119,0,0,0,0,0,0,0,0,0,0
2,1,260119,0,0,0,0,0,0,0,0,0,0
1,1,260120,0,0,0,0,0,0,13,0,0,0
1,1,260121,0,7,0,0,0,0,0,0,0,0
2,1,260121,0,0,0,0,0,0,0,0,0,0
1,1,260122,0,0,0,0,0,0,0,0,0,0
1,1,260123,0,0,0,0,0,0,0,0,0,0
2,1,260123,0,0,0,0,0,0,0,0,0,0
3,1,260123,0,0,0,0,0,16,0,0,0,0
1,1,260124,0,0,0,0,0,0,0,0,0,0
1,1,260125,0,0,0,0,0,0,0,0,14,0
1,1,260126,0,0,0,0,0,0,0,0,0,0
2,1,260126,0,0,0,0,0,0,0,0,0,0
1,1,260127,14,14,14,14,14,14,14,14,14,14
1,1,260128,16,0,0,0,0,0,0,0,0,0
1,1,260129,0,0,0,0,0,0,0,0,0,0
2,1,260129,0,0,0,0,0,0,0,0,0,0
3,1,260129,0,0,0,0,0,0,0,0,0,0
1,1,260130,11,11,11,11,11,11,11,11,11,11
2,1,260130,0,0,0,0,0,0,0,0,0,0
1,1,260131,16,16,16,16,16,16,16,16,16,16
1,1,260132,0,0,0,0,0,0,0,0,0,0
2,1,260132,0,0,0,0,0,0,0,0,0,0
0,1,260133,0,0,0,0,0,0,0,0,0,0
1,1,260133,0,0,0,0,0,0,0,0,0,0
1,1,260134,18,18,18,18,18,18,18,18,18,18
1,1,260135,10,10,10,10,10,10,10,10,10,10
1,1,260136,0,0,0,0,0,0,0,0,0,0
2,1,260136,0,0,0,0,0,0,0,0,0,0
1,1,260137,0,0,0,0,0,0,0,0,0,0
2,1,260137,1,1,1,1,1,1,1,1,1,1
1,1,260138,0,0,0,0,0,0,0,0,0,0
0,1,260139,0,0,0,17,0,0,0,0,0,42
1,1,260139,10,0,11,0,0,0,0,0,13,0
2,1,260139,0,0,0,0,0,0,0,0,0,7
1,1,260140,0,0,0,0,0,0,0,0,0,0
2,1,260140,0,0,0,0,0,0,0,0,0,0
3,1,260140,0,0,17,0,0,0,0,0,0,0
1,1,260141,21,21,21,21,21,21,21,21,21,21
1,1,260142,0,0,0,0,0,0,0,0,0,0
1,1,260143,0,0,0,0,0,0,0,0,0,0
2,1,260143,6,6,6,6,6,6,6,6,6,6
1,1,260144,0,0,0,0,0,0,0,0,0,0
2,1,260144,0,0,0,0,0,0,0,0,0,0
3,1,260144,0,0,0,0,0,0,0,0,0,0
1,1,260145,32,32,32,32,32,32,32,32,32,32
2,1,260145,0,0,0,0,0,0,0,0,0,0
1,1,260146,0,0,0,0,0,0,0,0,0,0
2,1,260146,0,0,0,0,0,0,0,0,0,0
3,1,260146,0,0,0,0,0,0,0,0,0,0
1,1,260147,0,0,0,0,0,0,0,0,0,0
2,1,260147,0,0,0,0,0,0,0,0,0,0
1,1,260148,17,17,17,17,17,17,17,17,17,17
1,1,260149,0,0,0,0,0,0,0,0,0,0
2,1,260149,0,0,0,0,0,0,0,0,0,0
1,1,260150,10,10,10,10,10,10,10,10,10,10
1,1,260151,0,0,0,0,0,0,0,0,0,0
2,1,260151,0,0,0,0,0,0,0,0,0,0
1,1,260152,0,0,0,0,0,0,0,0,0,0
2,1,260152,0,0,0,0,0,0,0,0,0,0
1,1,260153,14,6,21,21,31,11,22,9,25,15
2,1,260153,25,17,11,14,19,0,4,2,6,6
1,1,260154,27,27,27,27,27,27,27,27,27,27
1,1,260155,0,0,0,0,0,0,0,0,0,0
2,1,260155,0,0,0,0,0,0,0,0,0,0
1,1,260156,0,0,0,0,0,0,0,0,0,0
2,1,260156,0,0,6,0,0,0,0,0,0,0
1,1,260157,0,0,0,0,0,0,0,0,0,0
2,1,260157,0,0,0,0,0,0,0,0,16,0
1,1,260158,0,0,0,0,0,0,0,0,0,0
2,1,260158,0,0,0,0,0,0,0,0,0,0
1,1,260159,0,0,0,0,0,0,0,0,0,0
2,1,260159,0,0,0,0,0,0,0,0,0,0
3,1,260159,0,0,0,0,0,0,0,0,0,0
1,1,260160,4,4,4,4,4,4,4,4,4,4
2,1,260160,18,18,18,18,18,18,18,18,18,18
0,1,260161,27,27,27,27,27,27,27,27,27,27
1,1,260161,0,0,0,0,0,0,0,0,0,0
1,1,260162,0,0,0,0,0,0,0,0,0,0
2,1,260162,0,0,0,0,0,0,0,0,0,0
1,1,260163,0,0,0,0,0,0,0,0,0,0
2,1,260163,0,0,0,0,0,0,0,0,0,0
3,1,260163,0,0,0,0,0,0,0,0,0,0
4,1,260163,0,0,0,0,0,0,0,0,0,0
1,1,260164,0,0,0,0,0,0,0,0,0,0
1,1,260165,0,0,0,0,0,0,0,0,0,0
2,1,260165,0,0,0,0,0,0,0,0,0,0
0,1,260166,0,0,0,0,0,0,0,0,0,0
1,1,260166,0,0,0,0,0,0,0,0,0,0
0,1,260167,20,20,20,20,20,20,20,20,20,20
1,1,260167,0,0,0,0,0,0,0,0,0,0
1,1,260168,0,0,0,0,0,0,0,0,0,0
1,1,260169,0,0,0,0,0,0,0,0,0,0
2,1,260169,0,0,0,0,0,0,0,0,0,0
1,1,260170,0,0,0,0,0,0,0,0,0,0
1,1,260171,0,0,0,0,0,0,0,0,0,0
2,1,260171,0,0,0,0,0,0,0,0,0,0
1,1,260172,0,0,0,0,0,0,0,0,0,0
1,1,260173,8,8,8,8,8,8,8,8,8,8
1,1,260174,14,14,14,14,14,14,14,14,14,14
0,1,260175,0,0,0,0,9,0,0,0,0,0
1,1,260175,0,0,0,0,0,0,0,0,0,0
1,1,260176,22,22,22,22,22,22,22,22,22,22
0,1,260177,20,20,20,20,20,20,20,20,20,20
1,1,260177,0,0,0,0,0,0,0,0,0,0
0,1,260178,4,0,0,0,33,0,28,19,17,10
0,2,260178,20,0,0,0,28,20,26,39,0,13
1,1,260178,26,5,25,0,15,0,0,13,0,0
1,1,260179,0,0,0,0,0,0,0,0,0,0
2,1,260179,0,0,0,0,0,0,0,0,0,0
1,1,260180,11,0,21,15,12,0,9,16,15,11
2,1,260180,6,6,6,6,6,6,6,6,6,6
1,1,260181,0,0,0,0,0,0,0,0,0,0
1,1,260183,24,24,24,24,24,24,24,24,24,24
1,1,260185,0,0,0,0,0,0,0,0,0,0
2,1,260185,0,0,0,0,0,0,0,0,0,0
1,1,260186,33,33,33,33,33,33,33,33,33,33
1,1,260187,0,0,0,0,0,0,0,0,0,0
2,1,260187,0,0,0,0,0,0,0,0,0,0
1,1,260188,0,0,0,0,0,0,0,0,0,0
2,1,260188,0,0,0,0,0,0,0,0,0,0
1,1,260189,22,22,22,22,22,22,22,22,22,22
1,1,260190,0,0,0,0,0,0,0,0,0,0
2,1,260190,0,0,0,0,0,0,0,0,0,0
1,1,260191,0,0,0,0,0,0,0,0,0,0
2,1,260191,0,0,0,0,0,0,0,0,0,0
1,1,260192,0,0,0,0,0,0,0,0,0,0
1,1,260193,0,0,0,0,0,0,0,0,0,0
0,1,260194,5,18,0,26,0,0,16,0,31,0
1,1,260194,0,0,0,0,0,0,0,0,0,0
0,1,260195,0,0,0,0,0,0,0,0,0,0
1,1,260195,15,0,11,0,7,0,16,0,0,22
0,1,260196,25,25,25,25,25,25,25,25,25,25
1,1,260196,0,0,0,0,0,0,0,0,0,16
1,1,260197,0,0,0,0,0,0,0,0,0,0
0,1,260198,0,0,0,0,0,0,0,0,0,0
1,1,260198,0,0,0,0,0,0,0,0,0,0
1,1,260199,0,0,0,0,0,0,0,0,0,0
1,1,260200,2,2,2,2,2,2,2,2,2,2
2,1,260200,0,0,0,0,0,0,0,0,0,0
1,1,260201,0,0,0,0,0,0,0,0,0,0
1,1,260202,0,0,0,0,0,0,0,0,0,0
2,1,260202,0,0,0,0,0,0,0,0,0,4
1,1,260203,0,0,0,0,0,0,0,0,0,0
2,1,260203,0,0,0,0,0,0,0,0,0,0
0,1,260204,13,17,19,15,21,9,22,13,9,25
1,1,260204,0,0,0,0,0,0,0,0,0,0
2,1,260204,0,0,0,0,0,0,0,0,0,6
1,1,260205,15,15,15,15,15,15,15,15,15,15
1,1,260206,31,31,31,31,31,31,31,31,31,31
1,1,260207,0,0,0,0,0,0,0,0,0,0
0,1,260208,29,16,6,30,36,28,14,19,26,27
0,2,260208,0,0,0,0,0,0,0,0,0,0
1,1,260208,0,0,0,0,0,0,0,0,0,0
1,1,260209,0,0,0,0,0,0,0,0,0,0
2,1,260209,0,0,0,0,0,0,0,0,0,0
1,1,260210,0,0,0,0,0,0,0,0,0,0
1,1,260211,0,0,0,0,0,0,0,0,0,0
2,1,260211,0,0,0,0,0,0,0,0,0,0
1,1,260212,31,31,31,31,31,31,31,31,31,31
1,1,260213,16,16,16,16,16,16,16,16,16,16
1,1,260214,19,19,19,19,19,19,19,19,19,19
1,1,260215,0,0,0,0,0,0,0,0,0,0
1,1,260216,0,0,0,0,0,0,0,0,0,0
2,1,260216,0,0,0,0,0,0,0,0,0,0
3,1,260216,0,0,0,0,0,0,0,0,0,0
1,1,260217,0,0,0,0,0,0,0,0,0,0
2,1,260217,0,0,0,0,0,0,0,0,0,0
1,1,260218,0,0,0,0,0,0,0,0,0,0
2,1,260218,0,0,0,0,0,0,0,0,0,0
1,1,260219,13,13,13,13,13,13,13,13,13,13
1,1,260220,26,26,26,26,26,26,26,26,26,26
1,1,260221,1,1,1,1,1,1,1,1,1,1
2,1,260221,0,0,0,0,0,0,0,0,0,0
1,1,260222,0,0,0,0,0,0,0,0,0,0
1,1,260223,26,26,26,26,26,26,26,26,26,26
1,1,260224,0,0,0,0,0,0,0,0,0,0
0,1,260225,0,0,0,0,0,0,0,0,0,0
1,1,260225,0,0,0,0,0,0,0,0,0,0
0,1,260226,14,14,14,14,14,14,14,14,14,14
1,1,260226,0,0,0,0,0,0,0,0,0,0
2,1,260226,0,0,0,0,0,0,0,0,0,0
0,1,260227,0,34,9,0,0,4,0,0,3,0
1,1,260227,0,0,0,0,0,0,0,0,0,0
1,1,260228,25,25,25,25,25,25,25,25,25,25
1,1,260229,0,0,0,0,0,0,0,0,0,0
1,1,260230,0,0,0,0,0,0,0,0,0,0
2,1,260230,0,0,0,0,0,0,0,0,0,0
3,1,260230,0,0,0,0,0,0,0,0,0,0
4,1,260230,0,0,0,0,0,0,0,0,0,0
5,1,260230,0,0,0,0,0,0,0,0,0,0
1,1,260231,0,0,0,0,0,0,0,0,0,0
2,1,260231,0,0,0,0,0,0,0,0,0,0
1,1,260232,0,0,0,0,0,0,0,0,0,0
1,1,260233,0,0,0,0,0,0,11,0,0,0
1,1,260234,23,23,23,23,23,23,23,23,23,23
2,1,260234,0,0,0,0,0,0,0,0,0,0
1,1,260235,0,0,0,0,0,0,0,0,6,0
1,1,260236,0,0,0,0,0,0,0,0,0,0
1,1,260237,0,0,0,0,0,0,0,0,0,0
2,1,260237,0,0,0,0,0,0,0,0,0,0
1,1,260238,0,0,0,0,0,0,0,0,0,0
2,1,260238,0,0,0,0,0,0,0,0,0,0
1,1,260239,0,0,0,0,0,0,14,0,0,0
0,1,260240,13,13,13,13,13,13,13,13,13,13
1,1,260240,0,0,0,0,0,0,0,0,0,0
1,1,260241,13,13,13,13,13,13,13,13,13,13
1,1,260242,0,0,0,0,0,0,0,0,0,0
1,1,260243,0,0,0,0,0,0,0,0,0,0
1,1,260244,8,8,8,8,8,8,8,8,8,8
1,1,260245,24,24,24,24,24,24,24,24,24,24
1,1,260246,0,0,0,0,0,0,0,0,0,0
2,1,260246,0,0,0,0,0,0,0,0,0,0
1,1,260247,0,0,0,0,0,0,0,0,0,0
2,1,260247,0,0,0,0,0,0,0,0,0,0
1,1,260248,9,9,9,9,9,9,9,9,9,9
2,1,260248,0,0,0,0,0,0,0,0,0,0
3,1,260248,0,0,0,0,12,0,0,14,0,0
4,1,260248,0,0,0,0,0,0,0,0,0,0
1,1,260249,8,8,8,8,8,8,8,8,8,8
2,1,260249,0,0,0,0,0,0,0,0,0,0
1,1,260250,0,0,0,0,0,0,0,0,0,0
2,1,260250,0,0,0,0,0,0,0,0,0,0
1,1,260251,0,2,0,0,0,0,0,0,0,0
2,1,260251,0,0,0,0,0,0,0,0,0,0
1,1,260252,0,0,0,0,0,0,0,0,0,0
1,1,260253,12,0,0,0,0,0,0,0,0,0
0,1,260254,0,0,0,0,23,0,0,0,21,0
1,1,260254,0,0,0,0,0,0,0,0,0,0
1,1,260255,0,0,0,0,0,0,0,0,0,0
2,1,260255,0,0,0,0,0,0,0,0,0,0
1,1,260256,15,15,15,15,15,15,15,15,15,15
1,1,260258,10,10,10,10,10,10,10,10,10,10
2,1,260258,0,0,0,0,0,0,0,0,0,0
1,1,260259,0,0,0,0,0,0,0,0,0,0
1,1,260260,0,0,0,0,0,0,0,0,0,0
1,1,260261,6,19,16,3,12,5,10,4,0,18
2,1,260261,11,11,11,11,11,11,11,11,11,11
0,1,260262,0,0,0,0,0,0,0,0,0,0
1,1,260262,0,0,0,0,0,0,0,0,0,0
1,1,260263,0,0,0,0,0,0,0,0,0,0
2,1,260263,0,0,0,0,0,0,0,0,0,0
1,1,260264,0,0,0,0,0,0,0,0,0,0
2,1,260264,0,0,0,0,0,0,0,0,0,0
0,1,260265,0,0,0,0,0,0,0,0,0,0
1,1,260265,0,0,0,0,0,0,0,0,0,21
1,1,260266,0,19,0,0,0,0,0,0,0,0
2,1,260266,10,0,0,0,0,0,0,0,0,0
1,1,260268,22,22,22,22,22,22,22,22,22,22
1,1,260269,0,0,0,0,0,0,0,0,0,0
2,1,260269,0,0,0,0,0,0,0,0,0,0
1,1,260270,0,0,0,0,0,0,0,0,0,0
2,1,260270,0,0,0,0,0,0,0,0,0,0
1,1,260271,0,0,0,0,0,0,0,0,0,0
1,1,260272,20,20,20,20,20,20,20,20,20,20
1,1,260273,0,0,0,0,0,0,0,0,0,0
2,1,260273,0,0,0,0,0,0,0,0,0,0
1,1,260274,4,4,4,4,4,4,4,4,4,4
1,1,260276,16,16,16,16,16,16,16,16,16,16
1,1,260277,0,0,0,0,0,0,0,0,0,0
2,1,260277,0,0,0,0,0,0,0,0,0,0
0,1,260278,32,32,32,32,32,32,32,32,32,32
1,1,260278,9,23,22,0,19,26,0,0,0,16
1,1,260279,0,0,0,0,0,0,0,0,0,10
2,1,260279,0,0,0,0,0,0,0,0,0,0
1,1,260280,0,0,0,0,0,0,0,0,0,0
1,1,260281,23,23,23,23,23,23,23,23,23,23
0,1,260282,0,0,7,0,0,0,0,0,0,0
0,2,260282,0,0,0,0,0,0,0,0,0,0
1,1,260282,0,0,0,0,0,0,0,17,0,0
1,1,260283,21,21,21,21,21,21,21,21,21,21
1,1,260284,0,0,0,0,0,0,0,0,0,0
2,1,260284,0,0,0,0,0,0,0,0,0,0
1,1,260285,18,18,18,18,18,18,18,18,18,18
1,1,260286,21,21,21,21,21,21,21,21,21,21
1,1,260287,0,0,0,0,0,0,35,0,0,0
2,1,260287,0,0,0,0,0,0,0,0,0,0
1,1,260288,0,0,0,0,0,0,0,0,0,0
2,1,260288,0,0,0,0,0,0,0,0,0,0
1,1,260289,0,0,0,0,0,0,0,0,0,0
2,1,260289,0,0,0,0,0,0,0,0,0,0
1,1,260290,17,17,17,17,17,17,17,17,17,17
1,1,260291,0,0,0,0,0,0,0,0,0,0
1,1,260292,0,0,0,0,0,0,0,0,0,0
2,1,260292,0,0,0,0,0,0,0,0,0,0
1,1,260293,0,0,0,0,0,0,0,0,15,0
2,1,260293,16,0,0,0,0,0,0,0,0,0
1,1,260294,0,0,0,0,0,0,0,0,0,0
1,1,260295,16,16,16,16,16,16,16,16,16,16
0,1,260296,5,5,5,5,5,5,5,5,5,5
1,1,260296,0,0,0,12,0,0,0,0,14,0
0,1,260297,8,8,8,8,8,8,8,8,8,8
1,1,260297,0,0,14,0,0,0,0,0,0,13
1,1,260298,17,17,17,17,17,17,17,17,17,17
1,1,260299,0,0,0,0,0,0,0,0,0,0
2,1,260299,0,0,0,0,0,0,0,10,0,0
1,1,260300,0,0,0,0,0,0,0,8,0,0
2,1,260300,0,0,0,0,0,0,0,0,0,0
1,1,260301,0,0,0,0,0,0,0,0,0,0
2,1,260301,0,0,0,0,0,0,0,0,0,0
1,1,260302,0,0,0,0,0,0,0,0,0,0
2,1,260302,0,0,0,0,0,0,0,0,0,0
1,1,260304,14,14,14,14,14,14,14,14,14,14
2,1,260304,0,0,0,0,0,0,0,0,0,0
1,1,260305,0,0,0,0,0,0,0,0,0,0
2,1,260305,0,0,0,0,0,0,0,0,0,0
1,1,260306,0,0,0,0,0,0,0,0,0,0
1,1,260307,0,0,0,0,0,0,0,0,0,0
2,1,260307,0,0,0,0,0,0,0,0,0,0
1,1,260308,0,0,0,0,0,0,0,0,0,0
1,1,260309,0,0,0,0,0,0,0,0,0,0
2,1,260309,0,0,0,0,0,0,0,0,0,0
3,1,260309,0,0,0,0,0,0,0,0,0,0
1,1,260310,0,0,0,0,0,0,0,0,0,0
2,1,260310,0,0,0,0,0,0,0,0,0,0
0,1,260311,13,0,17,32,24,0,0,30,0,0
1,1,260311,0,0,0,0,0,2,0,0,0,0
1,1,260312,0,0,0,0,0,0,0,0,0,0
2,1,260312,0,0,0,0,0,0,0,0,0,0
1,1,260313,0,0,0,0,0,0,0,0,0,0
2,1,260313,0,0,0,0,0,0,0,0,0,0
1,1,260314,0,19,0,18,0,7,0,0,0,0
1,1,260315,0,0,0,17,0,0,0,0,0,22
1,1,260316,3,3,3,3,3,3,3,3,3,3
1,1,260317,0,0,0,0,0,0,0,0,0,0
2,1,260317,0,0,0,0,0,0,0,0,0,0
3,1,260317,0,0,0,0,0,0,0,0,0,0
1,1,260318,0,0,0,0,0,0,0,0,0,0
2,1,260318,0,0,0,0,0,0,0,0,0,0
0,1,260319,0,0,0,0,0,0,0,0,0,0
1,1,260319,0,0,0,0,0,0,0,22,0,0
0,1,260320,18,18,18,18,18,18,18,18,18,18
1,1,260320,0,0,0,0,0,0,0,0,0,0
1,1,260321,14,14,14,14,14,14,14,14,14,14
1,1,260322,5,5,5,5,5,5,5,5,5,5
1,1,260323,0,0,0,0,0,11,0,0,0,0
1,1,260324,0,0,0,0,0,0,0,0,0,0
2,1,260324,0,0,0,0,0,0,0,0,0,0
0,1,260325,27,27,27,27,27,27,27,27,27,27
1,1,260325,0,0,0,0,0,0,0,0,0,0
1,1,260326,0,0,0,0,0,0,0,0,0,0
2,1,260326,0,0,0,0,0,0,0,0,0,0
1,1,260327,21,21,21,21,21,21,21,21,21,21
1,1,260328,36,36,36,36,36,36,36,36,36,36
1,1,260329,0,0,0,0,0,0,0,0,0,0
2,1,260329,0,0,0,0,0,0,0,0,0,0
1,1,260330,0,0,0,0,0,0,0,0,0,0
2,1,260330,0,0,0,0,0,0,0,0,0,0
1,1,260331,14,14,14,14,14,14,14,14,14,14
1,1,260332,0,0,10,13,16,12,15,15,4,9
0,1,260333,19,18,0,29,17,18,0,8,23,0
1,1,260333,0,0,0,12,0,0,0,0,0,0
1,1,260334,22,22,22,22,22,22,22,22,22,22
2,1,260334,0,0,0,0,0,0,0,0,0,0
1,1,260335,18,20,14,16,15,10,15,0,14,13
0,1,260336,0,0,0,0,0,0,0,0,0,0
1,1,260336,0,0,0,0,0,0,0,0,0,0
0,1,260337,0,0,0,0,0,0,0,0,0,0
1,1,260337,0,0,0,0,0,0,0,0,0,0
0,1,260338,20,20,20,20,20,20,20,20,20,20
1,1,260338,4,4,4,4,4,4,4,4,4,4
1,1,260339,0,0,0,0,0,23,0,0,0,0
0,1,260340,0,0,0,0,0,0,0,0,0,0
1,1,260340,0,0,10,9,0,0,0,0,0,0
1,1,260341,0,0,0,0,0,0,0,0,0,0
2,1,260341,0,0,0,0,0,0,0,0,0,0
3,1,260341,1,1,1,1,1,1,1,1,1,1
1,1,260342,0,0,0,14,0,21,0,0,0,9
2,1,260342,0,0,0,0,0,0,0,0,0,0
1,1,260343,18,18,18,18,18,18,18,18,18,18
1,1,260344,22,22,22,22,22,22,22,22,22,22
1,1,260345,17,0,0,0,0,23,0,0,19,0
0,1,260346,0,0,0,0,0,0,0,0,0,0
0,2,260346,10,0,0,0,0,0,0,0,0,0
1,1,260346,19,19,19,19,19,19,19,19,19,19
1,1,260347,0,0,0,0,0,0,0,0,0,0
1,1,260348,8,16,17,9,17,4,4,0,17,10
1,1,260349,0,0,0,0,0,0,0,0,0,0
2,1,260349,0,0,0,0,0,0,6,0,0,0
1,1,260350,0,0,0,0,0,0,0,0,0,0
2,1,260350,0,0,0,0,0,0,0,0,0,0
1,1,260351,0,0,0,0,0,0,0,0,0,0
2,1,260351,0,0,0,0,0,0,0,0,0,0
1,1,260352,12,12,12,12,12,12,12,12,12,12
1,1,260353,30,30,30,30,30,30,30,30,30,30
1,1,260354,25,25,25,25,25,25,25,25,25,25
2,1,260354,0,0,0,0,0,0,0,0,0,0
1,1,260355,0,0,0,0,0,0,0,0,0,0
2,1,260355,22,22,22,22,22,22,22,22,22,22
1,1,260356,0,0,0,0,0,0,0,0,0,0
2,1,260356,0,0,0,0,0,0,0,0,0,0
1,1,260357,0,0,0,0,0,0,0,0,0,0
2,1,260357,0,0,0,0,0,0,0,0,0,0
1,1,260358,0,11,0,19,11,0,5,0,6,0
1,1,260359,0,0,0,0,0,0,0,0,0,0
1,1,260360,0,0,0,0,0,0,0,0,0,0
2,1,260360,0,0,0,0,0,0,0,0,0,0
0,1,260361,0,0,0,0,0,0,0,0,0,0
0,2,260361,0,0,0,19,0,0,0,0,0,0
1,1,260361,0,0,0,0,0,0,0,0,0,0
1,1,260362,0,0,16,0,12,0,0,0,0,0
1,1,260363,0,0,0,0,0,0,0,0,0,0
2,1,260363,0,0,0,0,0,0,0,0,0,0
1,1,260364,0,0,0,0,0,0,0,0,0,0
2,1,260364,0,0,0,0,0,0,0,0,0,0
3,1,260364,0,0,0,0,0,0,0,0,0,0
1,1,260365,14,14,14,14,14,14,14,14,14,14
2,1,260365,0,0,0,0,0,0,0,0,0,0
1,1,260366,0,0,0,0,0,0,0,0,0,0
1,1,260367,6,6,6,6,6,6,6,6,6,6
1,1,260368,0,0,0,0,0,0,0,0,0,0
2,1,260368,0,0,0,0,9,0,0,0,0,0
1,1,260370,20,20,20,20,20,20,20,20,20,20
1,1,260371,0,0,0,0,0,0,0,0,0,0
1,1,260372,0,0,0,0,0,0,0,0,0,0
1,1,260373,0,0,0,0,0,0,0,0,0,0
1,1,260374,0,0,0,0,0,0,0,0,0,0
2,1,260374,0,0,0,0,0,0,0,0,0,0
1,1,260375,25,25,25,25,25,25,25,25,25,25
1,1,260376,0,0,0,0,0,0,0,0,0,0
2,1,260376,0,0,0,0,0,0,0,0,0,0
1,1,260377,0,0,0,0,0,0,0,0,0,0
2,1,260377,0,0,0,0,0,0,0,0,0,0
1,1,260378,0,0,0,0,0,0,0,0,0,0
2,1,260378,0,0,0,0,0,0,0,0,0,0
0,1,260379,0,0,0,0,0,0,0,0,0,0
1,1,260379,0,0,0,0,0,0,0,0,0,0
1,1,260380,14,14,14,14,14,14,14,14,14,14
1,1,260381,5,5,5,5,5,5,5,5,5,5
1,1,260382,0,0,0,0,0,0,0,0,0,0
2,1,260382,0,0,0,0,0,0,0,0,0,0
0,1,260383,0,0,0,0,0,0,0,0,0,0
1,1,260383,0,0,0,0,0,0,0,0,0,0
1,1,260384,22,22,22,22,22,22,22,22,22,22
1,1,260385,0,0,0,0,0,0,0,0,0,0
2,1,260385,0,0,0,0,0,0,0,0,0,0
1,1,260386,0,0,0,0,0,9,0,0,13,0
1,1,260387,0,0,0,0,0,0,0,0,0,0
0,1,260388,0,0,0,0,0,0,0,0,0,0
1,1,260388,0,0,0,0,0,0,0,0,0,0
1,1,260389,0,0,0,0,0,0,0,0,0,0
2,1,260389,0,0,0,0,0,0,0,0,0,0
3,1,260389,0,0,0,0,0,0,0,0,0,0
4,1,260389,0,0,0,0,0,0,0,0,0,0
1,1,260390,3,3,3,3,3,3,3,3,3,3
1,1,260391,0,0,0,0,0,0,0,0,0,0
2,1,260391,0,0,0,0,0,0,0,0,0,0
3,1,260391,0,0,0,0,0,0,0,0,0,0
1,1,260392,0,0,0,0,0,0,0,0,0,0
2,1,260392,0,0,0,0,0,0,0,0,0,0
1,1,260393,0,0,0,0,0,0,0,0,0,0
2,1,260393,0,0,0,0,0,0,0,0,0,0
1,1,260394,0,0,6,0,11,0,0,0,0,0
1,1,260395,0,0,0,0,0,0,0,0,0,0
2,1,260395,0,0,0,0,0,0,0,0,0,0
1,1,260396,0,0,0,0,0,0,0,0,0,0
2,1,260396,0,0,0,0,0,0,0,0,0,0
1,1,260397,0,0,0,0,0,0,0,0,0,0
2,1,260397,0,0,0,0,0,0,0,0,0,0
1,1,260398,0,0,0,0,0,0,0,0,0,0
2,1,260398,0,0,0,0,0,0,0,0,0,0
1,1,260399,0,0,0,0,0,0,0,0,0,0
1,1,260400,0,0,0,0,0,0,0,0,0,0
2,1,260400,0,0,0,0,0,0,0,0,0,0
1,1,260401,0,0,0,0,0,0,0,0,0,0
1,1,260402,21,21,21,21,21,21,21,21,21,21
2,1,260402,0,0,0,0,0,0,12,2,0,0
1,1,260403,14,14,14,14,14,14,14,14,14,14
1,1,260404,0,0,0,0,11,0,0,0,0,0
1,1,260405,0,0,0,0,0,0,0,0,0,0
2,1,260405,0,0,0,0,0,0,0,0,0,0
1,1,260406,14,14,14,14,14,14,14,14,14,14
0,1,260407,18,0,0,0,0,0,0,0,0,0
1,1,260407,3,3,3,3,3,3,3,3,3,3
1,1,260408,20,20,20,20,20,20,20,20,20,20
2,1,260408,0,0,0,0,0,0,0,0,0,0
1,1,260409,0,0,0,0,0,0,0,0,0,0
2,1,260409,0,0,0,0,0,0,0,0,0,0
1,1,260410,0,0,0,0,0,0,0,0,0,0