VEH_NO,PER_NO,ST_CASE,P1,P2,P3,P4,P5,P6,P7,P8,P9,P10
2,1,260410,0,0,0,0,0,0,0,0,0,0
1,1,260411,0,0,0,0,0,0,0,0,0,0
2,1,260411,0,0,0,0,0,0,0,0,0,0
1,1,260412,23,32,8,24,12,32,7,23,13,2
1,1,260413,0,0,0,0,0,0,0,0,0,0
0,1,260414,0,0,0,0,0,0,0,0,0,0
1,1,260414,0,0,0,0,0,0,0,0,0,0
1,1,260415,0,0,0,0,0,0,0,0,0,0
1,1,260416,0,0,0,18,0,0,0,0,0,0
1,1,260417,8,0,16,21,13,4,18,19,4,0
1,1,260418,0,0,0,0,0,0,0,0,0,0
2,1,260418,0,0,0,0,0,0,0,0,0,0
1,1,260419,16,16,16,16,16,16,16,16,16,16
2,1,260419,0,0,0,0,0,0,0,0,0,0
1,1,260420,8,8,8,8,8,8,8,8,8,8
2,1,260420,0,0,0,0,0,0,0,0,0,0
1,1,260421,0,0,0,0,0,0,0,0,0,0
2,1,260421,0,0,0,0,0,0,0,0,0,0
1,1,260422,14,14,14,14,14,14,14,14,14,14
2,1,260422,0,0,0,0,0,0,0,0,0,0
1,1,260423,4,4,4,4,4,4,4,4,4,4
2,1,260423,0,0,0,0,0,0,0,0,0,0
3,1,260423,0,0,0,7,0,0,0,0,0,0
1,1,260424,0,0,0,0,0,0,0,0,0,0
2,1,260424,0,0,0,0,0,0,0,0,0,0
0,1,260425,0,0,0,0,0,0,0,0,0,0
1,1,260425,0,0,0,0,0,0,0,0,0,0
0,1,260426,0,0,0,0,0,0,0,0,0,0
1,1,260426,23,23,23,23,23,23,23,23,23,23
1,1,260427,18,16,32,23,11,31,23,18,35,25
2,1,260427,0,0,0,0,0,0,0,0,0,0
1,1,260428,20,35,22,28,15,29,20,10,32,14
1,1,260429,16,16,16,16,16,16,16,16,16,16
1,1,260430,15,15,15,15,15,15,15,15,15,15
1,1,260431,14,14,14,14,14,14,14,14,14,14
2,1,260431,20,20,20,20,20,20,20,20,20,20
0,1,260432,0,0,0,0,0,0,0,0,0,0
1,1,260432,0,0,0,0,0,0,0,0,0,0
1,1,260433,0,0,0,0,0,0,0,0,0,0
1,1,260434,16,16,16,16,16,16,16,16,16,16
1,1,260435,24,24,24,24,24,24,24,24,24,24
1,1,260436,0,0,0,0,0,0,0,0,0,0
1,1,260437,0,0,0,0,0,0,0,0,0,0
2,1,260437,0,0,0,0,0,0,0,0,0,0
1,1,260438,0,0,0,0,0,0,0,0,0,0
2,1,260438,0,0,0,0,0,0,0,0,0,0
0,1,260439,0,0,22,0,25,16,33,0,28,14
1,1,260439,0,0,0,0,0,0,0,0,0,0
1,1,260441,0,0,0,0,0,0,0,0,0,0
1,1,260442,0,0,0,0,0,0,0,0,0,0
2,1,260442,0,0,0,0,0,0,0,0,0,0
1,1,260443,0,0,0,0,0,0,0,0,0,0
2,1,260443,0,0,0,0,0,0,0,0,0,0
1,1,260444,0,0,11,0,0,0,15,0,0,0
1,1,260445,0,0,0,26,0,0,0,0,0,0
1,1,260446,0,0,0,0,0,0,0,0,0,0
2,1,260446,0,0,0,0,0,0,0,0,0,0
1,1,260447,13,13,13,13,13,13,13,13,13,13
2,1,260447,0,0,0,0,0,0,0,0,0,0
1,1,260448,0,0,0,0,0,0,0,0,0,0
2,1,260448,0,0,0,0,0,0,0,0,0,0
1,1,260449,0,0,0,0,0,8,0,0,0,0
1,1,260450,0,0,0,0,0,0,0,0,0,0
2,1,260450,0,0,0,0,0,0,0,0,0,0
1,1,260451,21,21,21,21,21,21,21,21,21,21
1,1,260452,0,3,31,0,0,0,0,0,27,15
1,1,260453,0,0,0,0,0,0,0,0,0,0
1,1,260454,0,0,0,0,0,0,0,0,0,0
0,1,260455,9,9,9,9,9,9,9,9,9,9
1,1,260455,15,15,15,15,15,15,15,15,15,15
1,1,260456,1,1,1,1,1,1,1,1,1,1
1,1,260457,17,17,17,17,17,17,17,17,17,17
2,1,260457,0,0,0,0,0,0,0,0,0,0
1,1,260458,0,0,0,0,0,0,0,0,0,0
2,1,260458,0,0,0,0,0,0,0,0,0,0
1,1,260459,27,27,27,27,27,27,27,27,27,27
1,1,260460,0,0,0,0,0,0,0,0,0,0
2,1,260460,0,0,0,0,0,0,0,0,0,0
0,1,260461,0,0,0,0,0,0,0,0,0,0
1,1,260461,0,0,0,0,0,0,0,0,0,0
1,1,260462,4,4,4,4,4,4,4,4,4,4
1,1,260463,20,20,20,20,20,20,20,20,20,20
1,1,260464,0,0,0,0,0,0,0,0,0,0
2,1,260464,0,0,0,0,0,0,0,0,0,0
1,1,260465,0,0,0,0,0,0,0,0,0,0
1,1,260466,0,0,0,0,0,0,0,0,0,0
2,1,260466,0,0,0,0,0,0,0,0,0,0
3,1,260466,0,0,0,0,0,0,0,0,0,0
0,1,260467,0,0,0,0,0,0,0,0,0,0
1,1,260467,0,0,0,0,0,0,0,0,0,0
1,1,260468,0,0,0,0,0,0,0,0,0,0
1,1,260469,0,0,0,0,0,0,0,0,0,0
2,1,260469,0,0,0,0,0,0,0,0,0,0
1,1,260470,0,0,0,0,0,0,0,0,0,0
2,1,260470,0,0,0,0,0,0,0,0,0,0
1,1,260471,0,0,0,0,0,0,0,0,0,0
2,1,260471,0,0,0,0,0,0,0,0,0,0
3,1,260471,0,0,0,0,0,0,0,0,0,0
1,1,260472,10,10,10,10,10,10,10,10,10,10
0,1,260473,22,22,22,22,22,22,22,22,22,22
1,1,260473,0,0,8,20,11,20,0,0,15,13
1,1,260474,17,17,17,17,17,17,17,17,17,17
1,1,260475,0,0,0,0,0,0,0,0,0,0
1,1,260476,17,17,17,17,17,17,17,17,17,17
1,1,260477,0,0,0,0,0,0,0,0,0,0
2,1,260477,0,0,0,0,0,0,0,0,0,0
1,1,260478,0,0,0,0,0,0,0,0,0,0
2,1,260478,21,21,21,21,21,21,21,21,21,21
1,1,260479,0,12,0,0,0,9,0,0,14,0
1,1,260480,25,25,25,25,25,25,25,25,25,25
1,1,260481,0,0,0,0,0,0,0,0,0,0
2,1,260481,0,0,0,0,0,0,0,0,0,0
3,1,260481,0,0,0,0,0,0,0,7,0,0
1,1,260482,0,7,0,0,0,0,0,0,0,0
2,1,260482,1,1,1,1,1,1,1,1,1,1
1,1,260483,0,0,0,0,0,0,0,0,0,0
2,1,260483,0,0,0,0,0,0,0,0,0,0
3,1,260483,0,0,0,0,0,0,0,0,0,0
4,1,260483,14,14,14,14,14,14,14,14,14,14
5,1,260483,0,0,0,0,0,0,0,0,0,0
6,1,260483,0,0,0,0,0,0,0,0,0,0
7,1,260483,0,0,0,0,0,0,0,0,0,0
8,1,260483,0,0,0,0,0,0,0,0,0,0
9,1,260483,0,0,0,0,0,0,0,0,0,0
10,1,260483,0,0,0,0,0,0,0,0,0,0
1,1,260484,0,0,0,0,0,0,0,0,0,0
2,1,260484,0,0,0,0,0,0,0,0,0,0
0,1,260485,0,0,0,0,0,0,0,0,0,0
1,1,260485,0,0,0,0,0,0,0,0,0,0
1,1,260486,0,0,0,0,0,0,0,0,0,0
2,1,260486,0,0,0,0,0,0,0,0,0,0
1,1,260487,0,0,0,0,0,0,0,0,0,0
2,1,260487,0,0,0,0,0,0,0,0,0,0
0,1,260488,0,0,0,0,0,0,0,0,0,0
1,1,260488,0,0,0,0,0,0,0,0,0,0
1,1,260489,10,10,10,10,10,10,10,10,10,10
1,1,260490,0,0,0,0,0,0,0,0,0,0
2,1,260490,0,0,0,0,0,0,0,0,0,0
1,1,260491,1,1,1,1,1,1,1,1,1,1
2,1,260491,4,7,14,0,0,6,8,0,12,0
0,1,260492,0,0,0,0,0,0,0,0,0,0
1,1,260492,0,0,0,0,0,0,0,0,0,15
0,1,260493,21,21,21,21,21,21,21,21,21,21
1,1,260493,0,0,0,11,0,0,0,13,0,0
1,1,260494,14,14,14,14,14,14,14,14,14,14
1,1,260495,6,6,6,6,6,6,6,6,6,6
1,1,260496,0,0,0,0,0,0,0,0,0,0
1,1,260497,0,0,0,0,0,0,0,0,0,0
1,1,260498,17,17,17,17,17,17,17,17,17,17
0,1,260499,0,0,0,0,0,0,0,0,0,0
1,1,260499,0,0,0,0,0,0,0,0,0,0
0,1,260500,14,14,14,14,14,14,14,14,14,14
1,1,260500,0,0,0,8,0,0,0,0,0,0
1,1,260501,27,3,16,13,10,0,25,0,28,14
2,1,260501,8,8,8,8,8,8,8,8,8,8
1,1,260502,0,0,0,0,0,4,0,0,0,0
2,1,260502,0,0,0,0,0,0,0,0,0,0
1,1,260503,0,0,0,0,0,0,0,0,0,0
1,1,260504,0,0,0,0,0,0,0,0,0,0
1,1,260505,17,27,8,28,38,18,0,21,17,29
1,1,260506,4,4,4,4,4,4,4,4,4,4
1,1,260507,0,0,0,0,0,0,0,0,0,0
1,1,260508,0,0,0,0,0,0,0,0,0,0
2,1,260508,0,0,0,0,0,0,0,0,0,0
1,1,260509,0,0,0,0,0,0,0,0,0,0
2,1,260509,0,0,0,0,0,0,0,0,0,0
1,1,260510,0,0,0,0,0,0,0,0,0,0
2,1,260510,0,0,0,0,0,0,0,0,0,0
1,1,260511,0,0,0,0,0,0,0,0,0,0
2,1,260511,0,0,0,0,0,0,0,0,0,0
1,1,260513,31,31,31,31,31,31,31,31,31,31
0,1,260514,28,28,28,28,28,28,28,28,28,28
1,1,260514,0,0,4,18,0,0,7,3,0,0
0,1,260515,0,0,0,0,0,0,0,0,0,0
1,1,260515,0,0,0,0,0,0,0,0,0,0
1,1,260516,0,0,0,0,0,0,0,0,0,0
1,1,260517,0,0,0,0,0,0,0,0,0,0
2,1,260517,0,0,0,0,0,0,0,0,0,0
1,1,260518,1,1,1,1,1,1,1,1,1,1
2,1,260518,0,0,0,0,0,0,0,0,0,0
3,1,260518,0,0,0,0,0,0,0,0,0,0
1,1,260519,25,9,25,32,20,22,23,18,21,18
1,1,260520,28,28,28,28,28,28,28,28,28,28
1,1,260521,0,0,0,0,0,0,0,0,0,0
2,1,260521,0,0,0,0,0,0,0,0,0,11
1,1,260522,27,27,27,27,27,27,27,27,27,27
1,1,260523,6,6,6,6,6,6,6,6,6,6
1,1,260524,12,12,12,12,12,12,12,12,12,12
1,1,260525,0,0,0,0,0,0,0,0,0,0
2,1,260525,0,0,0,0,0,0,0,0,0,0
1,1,260526,11,11,11,11,11,11,11,11,11,11
1,1,260528,3,3,3,3,3,3,3,3,3,3
1,1,260529,12,12,12,12,12,12,12,12,12,12
2,1,260529,0,0,0,0,0,0,0,0,0,0
1,1,260530,0,0,0,0,0,0,0,0,0,0
1,1,260532,25,25,25,25,25,25,25,25,25,25
1,1,260533,0,0,0,0,0,0,0,0,0,0
2,1,260533,0,0,0,0,0,0,0,0,0,0
1,1,260534,0,0,0,0,0,0,0,0,0,0
1,1,260535,0,0,0,0,0,0,0,0,0,0
2,1,260535,11,11,11,11,11,11,11,11,11,11
1,1,260536,8,8,8,8,8,8,8,8,8,8
1,1,260537,0,0,0,0,0,0,0,0,0,0
1,1,260538,0,0,0,0,0,0,0,0,0,0
2,1,260538,0,0,0,0,0,0,0,0,0,0
3,1,260538,0,0,0,0,0,0,0,0,0,0
1,1,260539,17,17,17,17,17,17,17,17,17,17
1,1,260540,0,0,0,0,0,0,0,0,0,0
2,1,260540,0,0,0,0,0,0,0,0,0,0
1,1,260542,18,18,18,18,18,18,18,18,18,18
1,1,260543,20,20,20,20,20,20,20,20,20,20
1,1,260544,15,15,15,15,15,15,15,15,15,15
1,1,260546,5,5,5,5,5,5,5,5,5,5
1,1,260547,25,25,25,25,25,25,25,25,25,25
1,1,260548,19,19,19,19,19,19,19,19,19,19
1,1,260549,0,0,0,0,0,0,0,0,0,0
2,1,260549,0,0,0,0,0,0,0,0,0,0
1,1,260550,0,0,0,0,0,0,0,0,0,0
2,1,260550,0,0,0,0,0,0,0,0,0,0
1,1,260551,0,0,0,0,0,0,0,0,0,0
2,1,260551,0,0,0,0,0,0,0,0,0,0
1,1,260552,27,27,27,27,27,27,27,27,27,27
2,1,260552,0,0,0,0,0,0,0,0,0,0
1,1,260553,0,0,0,0,0,0,0,0,0,0
1,1,260554,0,0,0,0,0,0,0,0,0,0
2,1,260554,0,0,0,0,0,0,0,0,0,0
1,1,260555,0,0,0,0,0,0,0,0,0,0
2,1,260555,0,0,0,0,0,0,0,0,0,0
1,1,260556,14,14,14,14,14,14,14,14,14,14
1,1,260557,20,20,20,20,20,20,20,20,20,20
1,1,260558,16,16,16,16,16,16,16,16,16,16
2,1,260558,0,0,0,0,0,0,0,0,0,0
1,1,260559,19,19,19,19,19,19,19,19,19,19
1,1,260560,12,12,12,12,12,12,12,12,12,12
1,1,260561,0,0,0,0,0,0,0,0,0,0
2,1,260561,0,0,0,0,0,0,0,0,0,0
3,1,260561,0,0,0,0,0,0,0,0,0,0
1,1,260562,0,30,0,0,0,0,0,0,0,0
2,1,260562,0,0,0,0,0,0,0,0,0,0
3,1,260562,0,0,0,0,0,0,0,0,0,0
4,1,260562,0,0,0,0,0,0,0,0,0,0
1,1,260563,0,0,10,0,0,0,0,18,0,0
1,1,260564,17,17,17,17,17,17,17,17,17,17
2,1,260564,0,0,0,0,0,0,0,0,0,0
1,1,260565,0,0,0,0,0,0,0,0,0,0
1,1,260566,21,21,21,21,21,21,21,21,21,21
1,1,260567,17,5,0,0,0,0,0,0,0,0
2,1,260567,0,0,0,0,0,0,0,0,0,0
1,1,260568,0,0,0,0,0,0,0,0,0,0
2,1,260568,0,0,0,0,0,0,0,0,0,0
1,1,260569,23,23,23,23,23,23,23,23,23,23
2,1,260569,0,0,0,0,0,0,0,0,0,0
1,1,260570,0,0,0,0,0,0,0,0,0,0
2,1,260570,0,0,0,0,0,0,0,0,0,0
1,1,260571,0,0,0,0,0,0,0,0,0,0
2,1,260571,0,0,0,0,0,0,0,0,0,0
0,1,260572,23,44,27,37,22,12,18,0,22,20
1,1,260572,9,9,9,9,9,9,9,9,9,9
1,1,260573,10,10,10,10,10,10,10,10,10,10
1,1,260574,13,13,13,13,13,13,13,13,13,13
1,1,260575,9,24,16,26,0,7,15,16,6,0
1,1,260576,0,0,0,0,0,0,0,0,0,0
1,1,260577,16,16,16,16,16,16,16,16,16,16
1,1,260578,0,0,0,0,0,0,0,0,0,0
2,1,260578,0,0,0,0,0,0,0,0,0,0
3,1,260578,0,0,0,19,0,0,0,0,0,0
1,1,260579,0,0,0,0,0,0,0,0,0,0
2,1,260579,0,0,0,0,0,0,0,0,0,0
1,1,260580,0,0,0,0,0,0,0,0,0,0
1,1,260581,0,0,0,0,0,0,0,0,0,0
1,1,260582,0,0,0,0,0,0,0,0,0,0
0,1,260583,0,14,0,10,25,0,0,0,14,0
1,1,260583,0,14,0,0,0,0,11,17,0,0
1,1,260584,0,0,0,0,0,0,0,0,13,0
1,1,260585,15,15,15,15,15,15,15,15,15,15
1,1,260586,0,0,0,0,0,0,0,0,0,6
1,1,260587,22,22,22,22,22,22,22,22,22,22
1,1,260588,0,0,0,0,0,0,0,0,0,0
1,1,260589,27,27,27,27,27,27,27,27,27,27
1,1,260590,0,0,0,0,0,8,0,0,0,0
1,1,260591,0,0,0,0,0,0,0,0,0,0
2,1,260591,0,0,0,0,0,0,0,0,0,0
0,1,260592,3,0,0,0,0,0,0,0,0,0
1,1,260592,0,0,0,0,0,0,0,0,0,0
1,1,260594,0,0,0,0,0,0,0,0,0,0
2,1,260594,0,0,0,0,0,0,0,0,0,0
1,1,260595,0,0,0,0,0,0,0,0,0,0
2,1,260595,21,21,21,21,21,21,21,21,21,21
1,1,260596,0,0,0,0,0,0,0,0,0,0
2,1,260596,0,0,0,0,0,0,0,0,0,0
1,1,260597,0,0,0,0,0,0,0,0,0,0
0,1,260598,0,0,0,0,0,0,0,0,0,0
1,1,260598,0,0,18,0,0,5,0,0,0,0
1,1,260599,0,0,0,0,0,0,0,0,0,0
2,1,260599,0,0,0,0,0,0,0,0,0,0
1,1,260600,0,0,0,0,0,0,0,0,0,0
1,1,260602,0,0,0,0,0,0,0,0,0,0
2,1,260602,0,0,0,0,0,0,0,0,0,0
1,1,260603,0,0,7,0,0,0,10,9,0,3
2,1,260603,0,0,0,0,0,0,0,0,0,0
1,1,260604,8,8,8,8,8,8,8,8,8,8
0,1,260605,0,0,0,0,0,0,0,0,0,0
1,1,260605,0,0,0,0,0,0,0,0,0,0
0,1,260606,0,0,0,0,0,0,0,0,0,0
1,1,260606,0,0,0,0,0,0,0,0,0,0
2,1,260606,0,0,0,0,0,0,0,0,0,0
0,1,260607,0,0,0,0,0,0,0,0,0,0
1,1,260607,0,0,0,0,0,0,0,0,0,0
1,1,260609,0,0,0,0,0,0,0,0,0,0
2,1,260609,0,0,0,0,0,0,0,0,0,0
1,1,260610,0,0,0,0,0,0,0,0,0,0
2,1,260610,0,0,0,0,0,0,0,0,0,0
1,1,260611,0,0,0,0,0,0,0,0,0,0
2,1,260611,0,0,0,0,0,0,0,0,0,0
1,1,260612,0,28,29,22,0,0,23,15,12,26
1,1,260613,19,19,19,19,19,19,19,19,19,19
0,1,260614,13,13,13,13,13,13,13,13,13,13
1,1,260614,0,0,0,0,0,0,0,0,0,0
2,1,260614,0,0,0,0,28,0,0,0,11,15
1,1,260615,28,20,0,0,12,16,29,12,15,15
1,1,260616,0,0,0,0,0,0,0,0,0,0
1,1,260617,17,17,17,17,17,17,17,17,17,17
1,1,260618,15,15,15,15,15,15,15,15,15,15
0,1,260619,0,0,0,0,0,0,0,0,0,0
1,1,260619,0,0,0,0,0,0,0,0,0,0
1,1,260620,0,0,0,0,0,0,0,0,0,0
2,1,260620,0,0,0,0,0,0,0,0,0,0
1,1,260621,13,13,13,13,13,13,13,13,13,13
1,1,260622,11,0,10,0,10,0,20,15,11,0
2,1,260622,0,0,0,0,0,0,0,0,0,0
3,1,260622,0,0,0,0,0,0,0,0,0,0
1,1,260623,0,0,0,0,0,0,0,0,0,0
2,1,260623,0,0,0,0,0,0,0,0,0,0
1,1,260624,0,0,0,0,0,0,0,0,0,0
0,1,260625,12,12,12,12,12,12,12,12,12,12
1,1,260625,3,3,3,3,3,3,3,3,3,3
1,1,260626,0,0,0,0,0,0,0,0,0,0
2,1,260626,0,0,0,0,0,0,0,0,0,0
1,1,260627,7,7,7,7,7,7,7,7,7,7
2,1,260627,0,0,0,0,0,0,0,0,0,0
1,1,260628,0,0,0,0,0,0,0,0,0,0
2,1,260628,0,0,0,0,0,0,0,0,0,0
1,1,260629,0,0,0,0,0,0,0,0,0,0
2,1,260629,0,3,19,19,16,18,29,0,4,12
0,1,260630,10,10,10,10,10,10,10,10,10,10
1,1,260630,0,0,0,0,0,0,0,0,0,0
1,1,260631,0,0,0,0,0,0,0,0,0,0
1,1,260632,25,25,25,25,25,25,25,25,25,25
2,1,260632,0,0,0,0,0,0,0,0,0,0
1,1,260633,32,32,32,32,32,32,32,32,32,32
1,1,260634,0,0,0,0,0,0,0,0,0,0
2,1,260634,0,0,0,0,0,0,0,0,0,0
1,1,260635,0,0,0,0,0,0,0,0,0,0
2,1,260635,0,0,0,0,0,0,0,0,0,0
1,1,260636,11,11,11,11,11,11,11,11,11,11
1,1,260637,0,0,0,0,0,0,0,0,0,0
1,1,260638,17,23,15,19,19,17,24,23,18,17
0,1,260639,24,24,24,24,24,24,24,24,24,24
1,1,260639,13,13,13,13,13,13,13,13,13,13
1,1,260640,0,0,0,0,0,0,0,0,0,0
2,1,260640,0,0,0,0,0,0,0,0,0,0
0,1,260641,3,0,0,0,0,0,0,0,0,0
1,1,260641,0,0,0,0,0,0,0,0,0,0
0,1,260642,3,27,12,25,26,16,40,26,28,14
1,1,260642,0,0,0,0,0,0,0,0,0,0
0,1,260643,21,9,39,11,16,16,16,14,17,8
1,1,260643,0,14,20,13,0,10,0,0,0,0
0,1,260644,0,0,0,0,0,0,0,0,0,0
1,1,260644,0,0,0,0,0,0,0,0,0,0
1,1,260645,0,0,0,0,0,0,0,0,0,0
2,1,260645,0,0,0,0,0,0,0,0,0,0
1,1,260646,0,0,0,0,0,0,0,0,0,0
1,1,260647,13,13,13,13,13,13,13,13,13,13
1,1,260648,28,28,28,28,28,28,28,28,28,28
1,1,260649,0,0,0,0,0,0,0,0,0,0
2,1,260649,0,0,0,0,0,0,0,0,0,0
1,1,260650,0,0,0,0,0,0,0,0,0,0
2,1,260650,23,23,23,23,23,23,23,23,23,23
1,1,260651,13,13,13,13,13,13,13,13,13,13
1,1,260652,6,0,0,0,14,0,19,0,7,0
0,1,260653,0,22,0,0,0,0,20,0,0,0
1,1,260653,0,0,0,0,0,0,0,0,0,0
0,1,260654,7,7,7,7,7,7,7,7,7,7
1,1,260654,0,0,0,0,0,0,0,0,0,0
2,1,260654,0,0,0,0,0,0,0,0,0,0
1,1,260655,17,17,17,17,17,17,17,17,17,17
0,1,260656,0,0,0,0,0,25,0,0,0,0
1,1,260656,15,11,0,21,0,0,5,9,0,0
0,1,260657,14,32,28,30,15,13,58,0,10,7
1,1,260657,0,0,0,0,0,0,0,0,0,0
1,1,260658,10,10,10,10,10,10,10,10,10,10
2,1,260658,0,0,0,0,0,0,0,0,0,0
1,1,260659,0,0,0,0,0,0,0,0,0,0
2,1,260659,0,0,0,0,0,0,0,0,0,0
3,1,260659,0,0,0,0,0,0,0,0,0,0
1,1,260660,17,17,17,17,17,17,17,17,17,17
0,1,260661,10,17,32,15,35,15,3,6,7,0
1,1,260661,0,0,0,0,0,0,0,0,0,0
1,1,260662,0,0,0,0,0,0,0,0,0,0
2,1,260662,0,0,0,0,0,0,0,0,0,0
1,1,260663,16,16,16,16,16,16,16,16,16,16
2,1,260663,0,0,0,0,0,0,0,0,0,0
0,1,260664,0,0,0,0,0,0,0,0,0,0
1,1,260664,0,0,0,0,0,0,0,0,0,0
0,1,260665,19,20,3,30,28,19,10,19,11,29
1,1,260665,0,0,0,0,0,0,0,0,0,0
0,1,260666,0,0,0,0,0,0,0,0,0,0
1,1,260666,0,0,0,0,0,0,0,0,0,0
1,1,260667,0,0,0,0,0,0,0,0,0,0
1,1,260669,0,0,11,0,0,0,0,0,0,10
1,1,260670,0,0,0,0,0,0,0,0,0,0
2,1,260670,0,0,0,0,0,0,0,0,0,0
1,1,260671,0,0,0,0,0,0,0,0,0,0
2,1,260671,0,0,0,0,0,0,0,0,0,0
0,1,260673,0,0,0,0,0,0,0,0,0,0
1,1,260673,0,0,0,0,0,0,0,0,0,0
1,1,260674,0,0,0,0,0,0,0,0,0,0
2,1,260674,0,0,0,0,0,0,0,0,0,0
1,1,260675,0,0,0,0,0,0,0,0,0,0
2,1,260675,0,0,0,0,0,0,0,0,0,0
3,1,260675,0,0,0,0,0,0,0,0,5,0
4,1,260675,10,0,4,0,0,0,0,0,0,0
0,1,260676,0,0,0,0,0,0,0,0,0,0
1,1,260676,0,0,0,0,0,0,0,0,0,0
1,1,260677,0,0,0,0,0,0,0,0,0,0
1,1,260678,0,0,0,0,0,0,0,0,0,0
2,1,260678,0,0,0,0,0,0,0,0,0,0
1,1,260679,0,0,0,0,0,0,0,0,0,0
2,1,260679,0,0,0,0,0,0,0,0,0,0
1,1,260680,0,0,0,0,0,0,0,0,0,0
1,1,260681,0,0,0,0,0,0,0,0,0,0
1,1,260682,0,0,0,0,0,0,0,0,0,0
2,1,260682,0,0,0,0,0,0,0,0,0,0
1,1,260683,0,0,0,0,0,0,0,0,0,0
2,1,260683,2,27,0,0,0,0,0,0,0,11
3,1,260683,0,0,0,0,0,0,0,0,0,0
1,1,260684,0,0,0,0,0,0,0,0,0,0
2,1,260684,0,0,0,0,0,0,0,0,0,0
3,1,260684,0,0,0,0,0,0,0,0,0,0
1,1,260685,1,1,1,1,1,1,1,1,1,1
2,1,260685,2,2,2,2,2,2,2,2,2,2
1,1,260687,4,4,4,4,4,4,4,4,4,4
0,1,260688,24,24,24,24,24,24,24,24,24,24
1,1,260688,0,0,0,0,0,0,0,0,0,0
1,1,260689,19,19,19,19,19,19,19,19,19,19
1,1,260690,0,0,0,0,0,0,0,0,0,0
1,1,260691,0,0,0,0,0,0,0,0,0,0
2,1,260691,0,0,0,0,0,0,0,0,0,0
3,1,260691,0,0,0,0,0,0,0,0,0,0
4,1,260691,0,0,0,0,0,0,0,0,0,0
0,1,260692,0,0,0,0,0,0,0,0,0,0
1,1,260692,0,0,0,0,0,0,0,0,0,0
1,1,260693,0,0,0,0,0,0,0,0,0,0
2,1,260693,0,0,0,0,0,0,0,0,0,0
1,1,260694,17,17,17,17,17,17,17,17,17,17
1,1,260695,0,0,0,0,0,0,0,0,0,0
1,1,260696,0,0,0,0,0,0,0,0,0,0
2,1,260696,0,0,0,0,0,0,0,0,0,0
0,1,260697,0,0,0,0,0,0,0,0,0,0
1,1,260697,0,0,0,0,0,0,0,0,0,0
1,1,260698,0,0,0,0,0,0,0,0,0,0
2,1,260698,0,0,0,0,0,0,0,0,0,0
3,1,260698,0,0,0,0,0,0,0,0,0,0
1,1,260699,0,0,0,0,0,0,0,0,0,0
2,1,260699,0,0,0,0,0,0,0,0,0,0
1,1,260700,0,0,0,0,0,0,0,0,0,0
2,1,260700,0,0,0,0,0,0,0,0,0,0
1,1,260701,0,0,0,0,0,0,0,0,0,0
1,1,260702,0,0,0,0,0,0,0,0,0,0
2,1,260702,5,0,0,0,0,0,0,0,0,0
3,1,260702,0,0,0,0,0,0,0,0,0,0
1,1,260703,25,25,25,25,25,25,25,25,25,25
1,1,260704,0,5,0,27,0,6,4,26,9,0
0,1,260705,26,26,26,26,26,26,26,26,26,26
1,1,260705,0,0,0,0,0,0,0,0,0,0
0,1,260706,0,0,0,0,0,0,0,0,0,0
1,1,260706,0,0,0,0,5,0,19,0,15,8
0,1,260707,0,0,0,0,0,0,0,0,0,0
1,1,260707,0,0,0,0,0,0,0,0,0,0
1,1,260708,0,0,0,0,0,0,0,0,0,0
2,1,260708,0,0,0,8,0,0,0,0,0,0
0,1,260709,13,13,13,13,13,13,13,13,13,13
1,1,260709,0,0,0,16,17,9,0,0,0,0
1,1,260710,0,0,0,0,0,0,0,0,0,0
1,1,260711,24,24,24,24,24,24,24,24,24,24
1,1,260712,0,0,0,0,0,0,0,0,0,0
2,1,260712,0,0,0,0,0,0,0,0,12,0
1,1,260713,0,0,0,0,0,0,0,0,0,0
2,1,260713,0,0,0,0,0,0,0,0,0,0
0,1,260714,26,26,26,26,26,26,26,26,26,26
1,1,260714,12,12,12,12,12,12,12,12,12,12
1,1,260715,0,0,0,0,0,0,0,0,0,0
2,1,260715,0,0,0,0,0,0,0,0,0,0
1,1,260716,0,0,0,0,0,0,0,0,0,0
2,1,260716,0,0,0,0,0,0,0,0,0,0
1,1,260717,0,0,0,0,0,0,0,18,0,0
1,1,260718,15,15,15,15,15,15,15,15,15,15
1,1,260719,15,15,15,15,15,15,15,15,15,15
2,1,260719,6,6,6,6,6,6,6,6,6,6
1,1,260720,37,37,37,37,37,37,37,37,37,37
1,1,260721,18,18,18,18,18,18,18,18,18,18
2,1,260721,0,0,0,0,0,0,0,0,0,0
1,1,260722,0,0,0,0,0,0,0,0,0,0
2,1,260722,0,0,0,0,0,0,0,0,0,0
1,1,260723,0,0,0,0,0,0,0,0,13,0
2,1,260723,0,0,0,0,0,0,0,0,0,0
1,1,260724,19,19,19,19,19,19,19,19,19,19
0,1,260725,0,0,0,0,0,0,0,0,0,0