VEH_NO,PER_NO,ST_CASE,P1,P2,P3,P4,P5,P6,P7,P8,P9,P10
1,1,260725,0,0,0,0,0,0,0,0,0,0
1,1,260726,0,0,0,0,0,0,0,0,0,0
2,1,260726,0,0,0,0,0,0,0,0,0,0
1,1,260727,17,17,17,17,17,17,17,17,17,17
1,1,260728,14,14,14,14,14,14,14,14,14,14
2,1,260728,0,0,0,0,0,0,0,0,0,0
1,1,260729,27,27,27,27,27,27,27,27,27,27
1,1,260730,27,27,27,27,27,27,27,27,27,27
1,1,260731,0,0,0,0,0,0,0,0,0,0
1,1,260732,5,5,5,5,5,5,5,5,5,5
2,1,260732,21,21,21,21,21,21,21,21,21,21
0,1,260733,0,0,0,0,0,0,0,0,0,0
1,1,260733,0,0,0,0,0,0,0,0,0,0
1,1,260734,0,0,0,0,0,0,0,0,0,0
2,1,260734,0,0,0,0,0,0,0,0,0,0
1,1,260735,0,0,0,0,0,0,0,0,0,0
2,1,260735,0,0,0,0,0,0,0,0,0,0
1,1,260736,0,0,0,0,0,0,0,0,0,0
2,1,260736,0,0,0,0,0,0,0,0,0,0
1,1,260737,15,8,17,13,9,0,0,10,0,0
1,1,260738,0,0,0,0,0,0,15,19,0,0
2,1,260738,0,0,0,0,0,0,0,0,0,0
1,1,260739,24,24,24,24,24,24,24,24,24,24
1,1,260740,0,0,0,0,0,0,0,0,0,0
2,1,260740,0,0,0,0,0,0,0,0,0,0
1,1,260741,18,18,18,18,18,18,18,18,18,18
1,1,260742,0,0,0,0,0,0,0,0,0,0
2,1,260742,0,18,0,0,7,0,0,0,0,0
0,1,260743,0,26,26,0,0,0,0,0,0,12
1,1,260743,0,0,0,0,0,0,0,0,0,0
1,1,260744,0,0,0,0,0,0,0,0,0,0
2,1,260744,0,0,0,0,0,0,0,0,0,0
1,1,260745,0,0,0,0,0,0,0,0,0,0
2,1,260745,0,0,0,0,0,0,0,0,0,0
1,1,260746,0,0,0,0,0,0,0,0,0,0
2,1,260746,0,0,0,0,0,0,0,0,0,0
1,1,260747,0,0,0,0,0,0,0,0,0,0
2,1,260747,0,0,0,0,0,0,0,0,0,0
1,1,260748,9,0,16,0,11,0,0,30,0,0
0,1,260749,19,15,18,16,7,13,20,26,34,19
1,1,260749,0,0,0,0,0,0,0,0,0,0
1,1,260750,0,0,0,0,0,0,0,0,0,0
1,1,260751,20,20,20,20,20,20,20,20,20,20
2,1,260751,0,0,0,0,0,0,0,0,0,0
0,1,260752,0,0,0,0,0,0,0,0,0,0
1,1,260752,0,0,0,0,0,0,0,0,0,0
1,1,260753,0,8,0,0,0,0,0,0,0,0
2,1,260753,0,0,0,0,0,0,0,0,0,0
1,1,260754,15,0,0,0,0,0,0,0,0,0
2,1,260754,0,0,0,0,0,0,0,0,0,0
0,1,260755,0,0,0,0,0,0,0,0,0,0
1,1,260755,0,0,0,0,0,0,0,0,0,0
1,1,260756,11,23,7,13,26,17,10,7,15,22
1,1,260757,20,20,20,20,20,20,20,20,20,20
2,1,260757,0,0,0,0,0,0,0,0,0,0
1,1,260758,0,0,0,0,0,0,0,0,0,0
0,1,260759,31,31,31,31,31,31,31,31,31,31
1,1,260759,0,0,0,0,0,0,0,0,0,0
1,1,260760,0,0,0,0,0,0,0,0,0,0
2,1,260760,0,0,0,0,0,0,0,0,0,0
1,1,260761,0,0,0,0,0,0,0,0,0,0
1,1,260762,17,17,17,17,17,17,17,17,17,17
1,1,260763,0,0,0,0,0,0,0,0,0,0
2,1,260763,0,0,0,0,0,0,0,0,0,0
1,1,260764,0,3,10,13,0,0,0,0,0,0
1,1,260765,0,0,0,0,0,0,0,0,0,0
2,1,260765,0,0,0,0,0,0,0,0,0,0
1,1,260766,0,0,0,0,0,0,0,0,0,0
2,1,260766,0,0,0,0,0,0,0,0,0,0
1,1,260767,18,18,18,18,18,18,18,18,18,18
1,1,260768,23,23,23,23,23,23,23,23,23,23
1,1,260769,0,0,0,0,0,0,0,0,0,0
2,1,260769,0,0,0,0,0,0,0,0,0,0
1,1,260770,7,7,7,7,7,7,7,7,7,7
1,1,260771,0,0,0,0,0,0,0,0,0,0
1,1,260772,11,11,11,11,11,11,11,11,11,11
1,1,260773,0,0,0,0,0,0,0,0,0,0
1,1,260774,22,26,22,0,5,24,18,25,15,11
2,1,260774,0,0,0,0,0,0,0,0,0,0
3,1,260774,12,0,12,0,0,0,0,0,0,0
1,1,260775,0,0,0,0,0,0,0,0,0,0
2,1,260775,0,0,0,0,0,0,0,0,0,0
3,1,260775,0,0,5,0,3,0,0,0,0,0
1,1,260776,25,25,25,25,25,25,25,25,25,25
1,1,260777,0,0,0,0,0,0,0,0,0,0
1,1,260778,0,0,0,0,0,0,0,0,0,0
2,1,260778,0,0,0,0,0,0,0,0,0,0
1,1,260779,0,0,0,0,0,0,0,0,0,0
1,1,260780,0,0,0,0,0,0,0,0,13,0
2,1,260780,0,6,0,0,0,0,0,0,0,0
3,1,260780,0,0,0,0,0,0,0,0,0,0
1,1,260781,0,0,0,0,15,14,0,11,12,0
1,1,260782,12,12,12,12,12,12,12,12,12,12
1,1,260783,0,0,0,0,0,0,0,0,20,0
0,1,260784,17,17,17,17,17,17,17,17,17,17
1,1,260784,0,0,0,0,0,0,0,0,0,0
1,1,260785,0,0,0,0,0,0,0,0,0,0
2,1,260785,0,0,0,0,0,0,0,0,0,0
1,1,260786,11,11,11,11,11,11,11,11,11,11
1,1,260787,11,11,11,11,11,11,11,11,11,11
1,1,260788,12,12,12,12,12,12,12,12,12,12
1,1,260789,0,0,0,0,0,0,0,0,0,0
2,1,260789,0,0,0,0,0,0,0,0,0,0
3,1,260789,0,0,0,0,0,0,0,0,0,0
1,1,260790,0,0,0,0,0,0,0,0,0,0
2,1,260790,0,0,0,0,0,0,0,0,0,0
1,1,260791,15,15,15,15,15,15,15,15,15,15
1,1,260792,0,0,0,0,0,0,0,0,0,0
2,1,260792,0,0,0,0,0,0,0,0,0,0
1,1,260793,0,0,0,0,0,0,0,0,0,0
2,1,260793,0,0,0,0,0,0,0,0,0,0
3,1,260793,0,0,0,0,0,0,0,0,0,0
1,1,260794,0,0,0,0,0,0,0,0,0,0
2,1,260794,0,0,0,0,0,0,0,0,0,0
1,1,260796,6,6,6,6,6,6,6,6,6,6
2,1,260796,0,0,0,0,0,0,0,0,0,0
1,1,260797,0,0,0,0,0,0,0,7,0,0
2,1,260797,0,0,0,0,0,0,0,0,0,0
1,1,260798,0,0,0,0,0,0,0,0,0,0
2,1,260798,0,0,0,0,0,0,0,0,0,0
1,1,260799,0,0,0,0,0,0,0,0,0,0
2,1,260799,0,0,0,0,0,0,0,0,0,0
1,1,260800,0,0,0,0,0,0,0,0,0,0
2,1,260800,0,0,0,0,0,0,0,0,0,0
1,1,260801,0,0,0,0,0,0,0,0,0,0
2,1,260801,0,0,0,0,0,0,15,0,0,0
0,1,260802,18,0,0,0,0,0,0,0,9,0
1,1,260802,8,0,0,0,0,0,0,0,0,0
1,1,260803,0,0,0,0,0,0,0,0,0,0
2,1,260803,4,4,4,4,4,4,4,4,4,4
1,1,260804,0,0,0,0,0,0,0,0,0,0
1,1,260805,12,12,12,12,12,12,12,12,12,12
1,1,260806,0,0,0,0,0,0,0,0,0,0
2,1,260806,0,8,0,0,0,0,0,0,0,0
1,1,260807,0,27,0,11,0,20,0,0,0,10
2,1,260807,0,0,0,0,0,0,0,0,0,0
1,1,260808,0,0,0,0,0,0,0,0,0,0
2,1,260808,0,0,0,0,0,0,0,0,0,0
0,1,260809,0,0,0,0,0,0,0,0,0,0
1,1,260809,0,0,0,0,0,0,0,0,0,0
1,1,260810,5,0,0,0,21,0,0,0,0,0
1,1,260811,0,0,0,0,0,0,0,0,0,0
2,1,260811,0,0,0,0,0,0,0,0,0,0
1,1,260812,0,0,0,0,0,0,0,0,0,0
2,1,260812,0,0,0,0,0,0,0,0,0,0
1,1,260813,0,0,0,0,0,0,0,0,0,0
0,1,260814,0,0,0,0,0,0,0,0,0,0
0,2,260814,0,0,0,0,0,0,0,0,0,0
1,1,260814,0,0,0,0,0,0,0,0,0,0
1,1,260815,0,0,0,0,0,0,0,0,0,0
2,1,260815,0,0,0,0,0,0,0,0,0,0
1,1,260816,7,0,9,11,18,4,20,0,23,19
1,1,260817,14,14,14,14,14,14,14,14,14,14
2,1,260817,0,0,0,0,0,0,0,0,0,0
3,1,260817,0,0,0,0,0,0,0,0,0,0
0,1,260818,18,18,18,18,18,18,18,18,18,18
1,1,260818,0,0,0,0,0,0,0,0,0,0
1,1,260819,19,19,19,19,19,19,19,19,19,19
1,1,260820,0,0,0,0,0,0,0,0,0,0
2,1,260820,0,0,0,0,0,0,0,0,0,0
1,1,260821,20,20,20,20,20,20,20,20,20,20
0,1,260822,17,17,17,17,17,17,17,17,17,17
1,1,260822,0,0,16,21,0,12,0,0,12,0
1,1,260823,7,7,7,7,7,7,7,7,7,7
1,1,260824,0,0,0,0,0,0,0,0,0,0
2,1,260824,0,0,0,0,0,0,0,0,0,0
0,1,260825,0,0,0,22,0,0,0,0,0,0
1,1,260825,0,0,0,0,0,0,0,0,0,0
1,1,260826,0,0,0,0,0,0,0,0,0,0
2,1,260826,0,0,0,0,0,0,0,0,0,0
0,1,260827,8,6,23,8,30,25,10,25,31,25
1,1,260827,0,0,0,0,0,0,0,0,0,0
1,1,260828,0,10,0,0,0,0,0,0,0,0
1,1,260829,0,0,0,0,0,0,0,0,0,0
1,1,260830,0,0,0,0,0,0,0,0,0,0
2,1,260830,0,0,0,0,0,0,0,0,0,0
3,1,260830,0,0,0,0,0,0,0,21,0,0
1,1,260831,0,0,0,0,0,0,0,0,0,0
2,1,260831,0,0,0,0,0,0,0,0,0,0
1,1,260832,12,12,12,12,12,12,12,12,12,12
2,1,260832,0,0,0,0,0,0,0,0,0,0
1,1,260833,0,0,0,0,0,0,0,0,0,0
2,1,260833,0,0,0,13,0,0,0,0,0,0
3,1,260833,0,0,0,0,0,0,0,0,0,0
1,1,260834,0,0,0,0,0,0,0,0,0,0
2,1,260834,0,0,0,0,15,0,0,0,0,0
1,1,260835,0,0,0,0,0,0,0,0,0,0
2,1,260835,0,0,0,0,0,0,0,0,0,0
1,1,260836,14,14,14,14,14,14,14,14,14,14
2,1,260836,0,0,0,0,0,0,0,0,0,0
1,1,260837,0,0,0,0,0,0,0,0,0,0
2,1,260837,0,0,0,0,0,0,0,0,0,0
1,1,260839,0,0,0,0,0,0,0,0,0,0
1,1,260840,0,0,0,0,0,0,0,0,0,0
2,1,260840,0,0,0,0,0,0,0,0,0,0
1,1,260841,0,0,0,0,0,0,0,0,0,0
2,1,260841,0,0,0,0,0,0,0,0,0,0
1,1,260842,0,0,0,0,6,0,0,0,0,0
2,1,260842,0,0,0,0,0,0,0,0,0,0
1,1,260843,0,0,0,0,0,0,0,0,0,0
2,1,260843,0,0,0,0,0,0,0,0,0,0
1,1,260844,0,0,0,0,0,0,0,0,0,0
1,1,260845,15,15,15,15,15,15,15,15,15,15
1,1,260846,18,18,18,18,18,18,18,18,18,18
1,1,260847,0,0,0,24,0,0,0,0,0,12
1,1,260848,0,0,0,0,0,0,0,0,0,0
2,1,260848,0,0,0,0,0,0,0,0,0,0
1,1,260849,27,27,27,27,27,27,27,27,27,27
2,1,260849,0,0,0,0,0,0,0,0,0,0
1,1,260850,0,0,0,0,0,0,0,0,0,0
2,1,260850,0,0,0,0,0,0,0,0,0,0
1,1,260851,0,0,0,0,0,0,0,0,0,0
0,1,260852,0,0,0,0,0,0,0,0,0,0
1,1,260852,0,0,0,0,0,0,0,0,0,0
0,1,260853,0,0,0,0,0,0,0,0,0,0
1,1,260853,0,0,0,0,0,0,0,0,0,0
1,1,260854,0,0,0,0,0,0,0,0,0,0
0,1,260855,0,0,0,0,0,0,0,0,0,0
1,1,260855,0,0,0,0,0,0,0,0,0,0
1,1,260856,24,24,24,24,24,24,24,24,24,24
2,1,260856,0,0,0,0,0,0,0,0,0,5
1,1,260857,0,27,0,0,12,0,11,15,0,0
2,1,260857,0,0,13,0,4,0,0,25,0,0
0,1,260858,18,18,18,18,18,18,18,18,18,18
1,1,260858,7,9,0,18,0,0,0,0,14,14
1,1,260859,15,15,15,15,15,15,15,15,15,15
2,1,260859,0,0,0,0,0,0,0,0,0,0
1,1,260860,0,0,0,0,0,0,0,0,0,0
2,1,260860,0,0,0,0,0,0,0,0,0,0
1,1,260861,21,21,21,21,21,21,21,21,21,21
2,1,260861,0,0,0,0,0,0,0,11,0,0
1,1,260862,0,0,5,14,0,0,0,0,11,17
1,1,260863,8,0,0,0,0,0,13,0,0,0
0,1,260864,0,0,0,0,0,0,0,0,0,0
1,1,260864,0,0,0,0,0,0,0,0,0,0
1,1,260865,0,5,14,9,0,20,2,11,22,0
1,1,260866,0,0,0,0,10,0,0,12,0,0
1,1,260867,0,0,0,0,0,0,0,0,0,0
2,1,260867,0,0,0,0,0,0,0,0,0,0
1,1,260868,0,0,0,0,0,0,0,0,0,0
1,1,260869,1,1,1,1,1,1,1,1,1,1
0,1,260870,0,0,0,10,20,0,20,0,0,0
1,1,260870,0,0,0,0,0,0,0,0,0,0
0,1,260871,0,0,0,0,0,0,0,0,0,0
1,1,260871,15,15,15,15,15,15,15,15,15,15
2,1,260871,0,0,0,0,0,0,0,0,0,0
3,1,260871,0,0,0,0,0,0,0,0,0,0
1,1,260872,18,18,18,18,18,18,18,18,18,18
1,1,260873,0,0,0,0,0,0,0,0,0,0
2,1,260873,0,0,0,0,0,0,0,0,0,0
1,1,260874,0,0,0,0,0,0,0,0,0,0
2,1,260874,0,0,0,0,0,11,0,0,0,0
3,1,260874,0,0,0,0,0,0,0,0,0,0
0,1,260875,38,38,38,38,38,38,38,38,38,38
1,1,260875,0,0,0,0,0,0,0,0,0,0
0,1,260876,0,0,0,0,0,0,0,0,0,0
1,1,260876,0,20,0,4,0,0,0,0,0,0
1,1,260877,0,0,0,0,0,9,0,0,0,0
2,1,260877,22,22,22,22,22,22,22,22,22,22
1,1,260878,28,28,28,28,28,28,28,28,28,28
1,1,260879,0,0,0,0,0,0,0,0,0,0
2,1,260879,0,0,0,0,0,0,0,0,0,0
1,1,260880,0,0,0,0,0,0,0,0,0,0
1,1,260881,0,0,0,0,0,0,0,0,0,0
2,1,260881,0,0,0,0,0,0,0,0,0,0
0,1,260882,24,24,24,24,24,24,24,24,24,24
0,2,260882,0,0,0,0,0,0,11,0,0,0
1,1,260882,0,0,0,0,0,0,0,0,0,0
0,1,260883,13,13,13,13,13,13,13,13,13,13
1,1,260883,13,14,21,22,11,0,20,12,0,0
1,1,260884,10,10,10,10,10,10,10,10,10,10
2,1,260884,0,0,0,0,0,0,0,0,0,0
1,1,260885,21,21,21,21,21,21,21,21,21,21
1,1,260886,0,0,0,0,0,0,0,0,0,0
2,1,260886,0,0,0,0,0,0,0,0,0,0
1,1,260887,26,26,26,26,26,26,26,26,26,26
1,1,260888,0,0,0,0,0,0,0,0,0,0
1,1,260889,0,0,0,0,0,0,0,0,0,0
2,1,260889,0,0,0,0,0,0,0,0,0,0
3,1,260889,0,0,0,0,0,0,0,0,0,0
4,1,260889,0,0,0,0,0,0,0,0,0,0
5,1,260889,0,0,0,0,0,0,0,0,0,0
1,1,260890,0,0,0,0,0,0,0,0,0,0
2,1,260890,0,0,0,0,0,0,0,0,0,0
1,1,260891,0,0,0,0,0,0,0,0,0,0
0,1,260892,0,0,0,0,0,0,0,0,0,0
1,1,260892,0,0,0,0,0,0,0,0,0,0
0,1,260893,34,34,34,34,34,34,34,34,34,34
1,1,260893,0,0,0,0,0,0,0,0,0,0
2,1,260893,0,0,0,11,0,0,0,0,0,0
1,1,260894,0,0,0,0,0,0,0,0,0,0
2,1,260894,0,0,0,0,8,0,0,0,0,0
1,1,260895,0,0,0,0,0,0,0,0,0,0
2,1,260895,0,0,0,0,0,0,0,0,0,0
3,1,260895,0,0,0,0,0,0,0,0,0,0
0,1,260896,0,0,0,0,0,0,0,0,0,0
1,1,260896,4,0,0,0,0,3,0,0,0,0
1,1,260897,14,14,14,14,14,14,14,14,14,14
1,1,260898,0,0,0,0,0,0,0,0,0,0
2,1,260898,0,0,0,0,0,0,0,0,0,0
1,1,260899,0,0,3,0,0,0,0,0,0,0
2,1,260899,0,0,0,0,0,0,0,0,0,0
1,1,260900,0,0,0,0,0,0,0,0,0,0
2,1,260900,0,0,0,0,0,0,0,0,0,0
3,1,260900,0,0,0,0,0,0,0,0,0,0
4,1,260900,0,0,0,0,0,0,0,0,0,0
1,2,260901,21,0,6,6,43,29,16,0,0,22
1,1,260902,0,0,0,0,0,0,0,0,0,0
2,1,260902,0,0,0,0,0,0,0,0,0,0
1,1,260903,15,15,15,15,15,15,15,15,15,15
2,1,260903,15,15,15,15,15,15,15,15,15,15
1,1,260904,16,13,0,0,0,0,0,32,6,0
2,1,260904,0,0,0,0,0,0,0,0,0,0
1,1,260905,0,0,0,0,0,0,0,0,0,0
1,1,260906,0,0,0,0,0,0,0,0,0,0
2,1,260906,0,0,0,0,0,0,0,0,0,0
1,1,260907,0,0,0,0,0,0,0,0,0,0
1,1,260908,0,0,0,0,0,0,0,0,0,0
2,1,260908,0,0,0,0,0,0,0,0,0,0
0,1,260909,21,25,0,0,10,27,11,0,0,0
1,1,260909,0,0,0,0,0,0,0,0,0,0
1,1,260910,4,0,26,0,0,29,0,0,0,0
1,1,260911,35,35,35,35,35,35,35,35,35,35
1,1,260912,0,0,0,0,0,0,0,0,0,0
2,1,260912,0,0,0,0,0,0,0,0,0,0
1,1,260913,22,22,22,22,22,22,22,22,22,22
2,1,260913,0,0,0,0,0,0,0,0,0,0
3,1,260913,0,0,0,0,0,0,0,0,0,0
1,1,260914,0,0,0,0,0,0,0,0,0,0
2,1,260914,0,0,0,0,0,0,0,0,0,0
1,1,260915,19,19,19,19,19,19,19,19,19,19
1,1,260916,4,4,4,4,4,4,4,4,4,4
1,1,260917,29,29,29,29,29,29,29,29,29,29
1,1,260918,0,0,0,0,0,0,0,0,0,0
2,1,260918,0,0,0,0,0,0,0,0,0,0
1,1,260919,0,0,0,0,0,0,0,0,0,0
2,1,260919,0,0,0,0,0,0,0,0,0,0
1,1,260920,9,0,0,0,0,14,0,0,0,0
2,1,260920,0,0,0,0,0,0,0,0,0,0
3,1,260920,0,0,0,0,0,0,0,0,0,0
0,1,260921,0,0,0,0,0,0,0,0,0,0
1,1,260921,0,0,0,0,0,0,15,0,0,0
1,1,260922,26,26,26,26,26,26,26,26,26,26
2,1,260922,0,0,0,0,0,0,0,0,0,0
1,1,260923,3,3,3,3,3,3,3,3,3,3
2,1,260923,0,0,0,0,0,0,0,0,0,0
1,1,260924,8,8,8,8,8,8,8,8,8,8
1,1,260925,16,16,16,16,16,16,16,16,16,16
0,1,260926,29,32,13,35,33,24,34,26,18,20
1,1,260926,24,0,0,0,0,0,0,0,0,0
0,1,260927,0,0,0,0,0,0,0,0,0,0
1,1,260927,0,0,0,0,0,0,0,0,0,0
1,1,260928,0,0,0,0,0,0,0,0,0,0
2,1,260928,0,0,0,0,0,0,0,0,0,0
1,1,260929,0,0,0,0,0,0,0,0,0,0
1,1,260930,0,0,0,15,0,0,0,0,0,0
1,1,260931,0,0,0,0,0,0,0,0,0,0
2,1,260931,0,0,0,0,0,0,0,0,0,0
0,1,260932,0,0,0,0,0,0,0,0,0,0
1,1,260932,0,0,0,0,0,0,0,0,0,0
1,1,260933,0,0,0,0,0,0,0,0,0,0
2,1,260933,0,0,0,0,0,0,0,0,0,0
1,1,260934,0,0,0,0,0,0,0,0,0,0
2,1,260934,0,0,0,0,0,0,0,0,0,0
0,1,260935,14,0,25,6,15,0,11,19,6,14
1,1,260935,14,14,14,14,14,14,14,14,14,14
1,1,260936,15,0,9,11,0,17,0,9,0,9
2,1,260936,0,0,0,0,0,0,0,0,0,0
1,1,260937,0,0,0,0,0,0,0,0,0,0
2,1,260937,18,13,8,23,6,0,14,10,22,0
1,1,270001,0,0,0,0,0,0,0,0,9,0
2,1,270001,19,19,19,19,19,19,19,19,19,19
1,1,270002,0,0,0,0,0,0,0,0,0,0
1,1,270003,0,0,0,0,0,0,0,0,0,0
2,1,270003,17,17,17,17,17,17,17,17,17,17
1,1,270004,12,12,12,12,12,12,12,12,12,12
1,1,270005,20,20,20,20,20,20,20,20,20,20
1,1,270007,0,0,0,0,0,0,0,0,0,0
2,1,270007,0,0,0,0,0,0,0,0,0,0
1,1,270008,0,0,0,0,0,0,0,0,0,0
1,1,270009,0,0,0,8,0,0,0,0,0,0
2,1,270009,0,0,0,0,0,0,0,0,0,0
1,1,270010,0,0,0,0,0,0,0,0,0,0
2,1,270010,0,0,0,0,0,0,0,0,0,0
1,1,270011,14,14,14,14,14,14,14,14,14,14
1,1,270012,0,0,0,0,0,0,0,0,0,0
1,1,270013,0,0,0,0,0,0,0,0,0,0
2,1,270013,0,0,0,0,0,0,0,0,0,0
0,1,270014,0,0,0,0,23,0,32,0,0,0
1,1,270014,0,0,0,0,0,0,0,0,0,0
2,1,270014,0,0,0,0,0,0,0,0,0,0
1,1,270016,0,0,0,0,0,0,0,0,0,0
2,1,270016,0,0,0,0,0,0,0,0,0,0
1,1,270017,17,17,17,17,17,17,17,17,17,17
1,1,270018,0,0,0,0,0,0,0,0,0,0
2,1,270018,0,0,0,0,0,0,0,0,0,0
1,1,270019,0,0,0,0,0,0,0,0,0,0
2,1,270019,0,0,0,0,0,0,0,0,0,0
1,1,270020,15,15,15,15,15,15,15,15,15,15
2,1,270020,0,0,0,0,0,0,0,0,0,0
1,1,270021,16,16,16,16,16,16,16,16,16,16
1,1,270022,25,25,25,25,25,25,25,25,25,25
2,1,270022,0,0,0,0,0,0,0,0,0,0
3,1,270022,0,0,0,0,0,0,0,0,0,0
1,1,270023,0,0,0,0,0,0,0,0,0,0
2,1,270023,0,0,0,0,0,0,0,0,0,0
1,1,270024,0,0,0,0,0,0,0,14,0,0
1,1,270025,0,0,0,0,0,0,0,0,0,0
2,1,270025,0,0,0,0,0,0,0,0,0,0
1,1,270026,0,0,0,0,0,0,0,0,0,0
2,1,270026,0,0,0,0,0,0,0,0,0,0
1,1,270027,0,0,0,0,0,0,0,0,0,0
2,1,270027,0,0,0,0,0,0,0,0,0,0
3,1,270027,0,0,0,0,0,0,0,0,0,0
1,1,270028,18,18,18,18,18,18,18,18,18,18
1,1,270029,0,0,0,0,0,0,0,0,0,0
2,1,270029,0,0,0,0,0,0,0,0,0,0
1,1,270030,0,0,0,0,0,0,0,0,0,0
2,1,270030,0,0,0,0,0,0,0,0,0,0
1,1,270031,26,26,26,26,26,26,26,26,26,26
1,1,270032,15,15,15,15,15,15,15,15,15,15
2,1,270032,0,0,0,0,0,0,0,0,0,0
1,1,270033,0,0,15,0,0,9,0,0,0,0
1,1,270034,0,0,19,0,0,0,0,4,0,16
2,1,270034,0,0,0,0,0,0,0,0,0,0
1,1,270035,0,0,0,0,0,0,0,0,0,0
1,1,270036,0,0,0,0,0,0,0,0,0,0
2,1,270036,0,0,0,0,0,0,0,0,0,0
1,1,270037,0,0,0,3,0,0,0,0,0,0
2,1,270037,0,0,0,0,0,0,16,0,0,0
3,1,270037,0,0,0,0,0,0,0,0,0,0
4,1,270037,0,0,0,0,0,0,0,0,0,0
5,1,270037,0,0,0,0,0,0,0,0,0,0
6,1,270037,0,0,0,0,0,0,0,8,0,0
7,1,270037,0,0,0,0,0,0,0,0,0,0
8,1,270037,10,0,0,0,0,0,0,9,0,0
9,1,270037,0,0,0,0,0,0,0,0,0,0
1,1,270038,0,0,0,0,0,0,0,0,0,0
2,1,270038,0,0,0,0,0,0,0,0,0,0
1,1,270039,3,3,3,3,3,3,3,3,3,3
1,1,270040,0,0,0,0,0,0,0,0,0,0
2,1,270040,0,0,0,0,0,0,0,0,0,0
1,1,270041,0,0,0,0,0,0,0,0,0,0
2,1,270041,0,0,0,0,0,0,0,0,0,0
1,1,270042,0,0,0,0,0,0,0,0,0,0
1,1,270043,0,0,0,0,0,0,0,0,0,0
2,1,270043,0,0,0,0,0,0,0,0,0,0
3,1,270043,0,0,0,0,0,0,0,0,0,0
0,1,270044,0,0,0,0,0,0,0,0,0,0
1,1,270044,0,0,0,0,0,0,0,0,0,0
1,1,270045,32,32,32,32,32,32,32,32,32,32
1,1,270046,0,0,0,0,0,0,0,0,0,0
2,1,270046,0,0,0,0,0,0,0,0,0,0
1,1,270047,0,0,0,0,0,0,0,0,0,0
2,1,270047,0,0,0,0,0,0,0,0,0,0
1,1,270048,0,0,18,0,11,0,0,0,0,0
2,1,270048,0,0,0,0,0,0,0,0,0,0
1,1,270049,0,0,0,0,0,0,0,0,0,0
2,1,270049,0,0,0,0,0,0,0,0,0,0
1,1,270050,0,0,0,0,0,0,0,0,0,0
2,1,270050,0,0,0,0,0,0,0,0,0,0
0,1,270051,0,0,0,0,0,0,0,0,0,0
1,1,270051,6,6,6,6,6,6,6,6,6,6
1,1,270052,0,0,0,0,0,0,0,0,0,0
1,1,270053,0,0,0,0,0,0,0,0,0,0
2,1,270053,0,0,0,0,0,0,0,0,0,0
1,1,270054,0,0,0,0,0,0,0,0,0,0
2,1,270054,26,26,26,26,26,26,26,26,26,26
1,1,270055,8,8,8,8,8,8,8,8,8,8
1,1,270056,18,0,0,0,20,0,0,0,0,0
1,1,270057,32,32,32,32,32,32,32,32,32,32
1,1,270058,0,0,0,0,0,0,0,0,0,0
2,1,270058,0,0,0,0,0,0,0,0,0,0
1,1,270059,0,0,0,0,0,0,0,0,0,0
2,1,270059,0,0,0,0,0,0,0,0,0,0
1,1,270060,29,29,29,29,29,29,29,29,29,29
1,1,270061,0,0,0,0,0,0,0,0,0,0
1,1,270062,0,0,0,0,0,0,0,0,0,0
2,1,270062,0,0,0,0,0,0,0,0,0,0
1,1,270063,22,22,22,22,22,22,22,22,22,22
1,1,270064,23,23,23,23,23,23,23,23,23,23
2,1,270064,0,0,0,0,0,0,0,0,0,0
1,1,270065,0,0,0,0,0,0,0,0,0,0
2,1,270065,0,0,0,0,0,0,0,0,0,0
1,1,270066,0,0,0,0,0,0,0,0,0,0
2,1,270066,0,0,0,0,0,0,0,0,0,0
3,1,270066,0,0,0,0,0,0,0,0,0,0
1,1,270067,0,0,0,0,0,0,0,0,0,0
1,1,270068,0,0,0,0,0,0,0,0,0,0
2,1,270068,0,13,0,0,0,0,0,0,0,0
3,1,270068,0,0,0,3,0,0,0,0,0,0
1,1,270069,0,0,0,0,0,0,0,0,0,0
2,1,270069,0,0,0,0,0,0,0,0,0,0
1,1,270070,0,0,0,0,0,0,0,0,0,0
2,1,270070,13,13,13,13,13,13,13,13,13,13
1,1,270071,0,0,0,0,0,0,0,0,0,0
1,1,270072,0,0,0,0,0,0,0,0,0,0
1,1,270073,0,0,0,0,0,0,0,0,0,0
2,1,270073,0,0,0,0,0,0,0,0,0,0
1,1,270074,0,0,0,0,0,0,0,0,0,0
1,1,270075,0,0,0,0,0,0,0,0,0,0
2,1,270075,0,0,0,0,0,0,0,0,0,0
1,1,270076,1,1,1,1,1,1,1,1,1,1
2,1,270076,0,0,0,0,0,0,0,0,0,0
1,1,270077,0,0,0,0,0,0,0,0,0,0
2,1,270077,0,0,0,0,0,0,0,0,0,0
1,1,270078,0,0,0,0,0,0,0,0,0,0
1,1,270079,21,21,21,21,21,21,21,21,21,21
0,1,270080,0,0,0,0,0,0,0,0,2,0
1,1,270080,0,0,0,0,0,0,0,0,0,0
0,1,270081,14,14,14,14,14,14,14,14,14,14
1,1,270081,0,0,0,0,0,0,0,0,0,0
1,1,270082,0,0,0,0,0,0,0,0,0,0
2,1,270082,0,7,0,0,0,0,0,0,0,0