VEH_NO,PER_NO,ST_CASE,P1,P2,P3,P4,P5,P6,P7,P8,P9,P10
1,1,270083,0,0,0,0,0,0,0,0,0,0
2,1,270083,0,0,0,0,0,0,0,0,0,0
1,1,270084,16,16,16,16,16,16,16,16,16,16
1,1,270085,0,0,0,0,0,0,0,0,0,0
1,1,270086,4,4,4,4,4,4,4,4,4,4
2,1,270086,0,0,0,0,0,0,0,0,0,0
1,1,270087,0,0,0,0,0,0,0,0,0,0
2,1,270087,0,0,0,0,0,0,0,0,0,0
1,1,270088,2,2,2,2,2,2,2,2,2,2
1,1,270089,0,0,0,0,0,0,0,0,0,0
2,1,270089,5,5,5,5,5,5,5,5,5,5
1,1,270090,0,0,0,0,0,0,0,0,0,0
1,1,270091,27,27,27,27,27,27,27,27,27,27
1,1,270092,0,0,0,0,0,0,0,0,0,0
2,1,270092,0,0,0,0,0,0,0,0,0,0
1,1,270093,0,0,0,0,0,0,0,0,0,0
2,1,270093,1,1,1,1,1,1,1,1,1,1
3,1,270093,0,0,0,0,0,0,0,0,0,0
1,1,270094,0,0,0,0,0,0,0,0,0,0
1,1,270095,0,0,0,0,0,0,0,0,0,0
1,1,270096,19,19,19,19,19,19,19,19,19,19
2,1,270096,7,7,7,7,7,7,7,7,7,7
1,1,270097,0,0,0,0,0,0,0,0,0,0
1,1,270098,0,0,0,0,0,0,0,0,0,0
1,1,270099,0,0,0,0,0,0,0,0,0,0
2,1,270099,0,0,0,0,0,0,0,0,0,0
3,1,270099,0,0,0,0,0,0,0,0,0,0
4,1,270099,0,0,0,0,0,0,0,0,0,0
5,1,270099,0,0,0,0,0,0,0,0,0,0
6,1,270099,0,6,0,0,0,0,0,0,0,0
1,1,270100,0,0,0,0,0,0,0,0,0,0
2,1,270100,0,0,0,0,0,0,0,0,0,0
1,1,270101,22,22,22,22,22,22,22,22,22,22
1,1,270102,25,25,25,25,25,25,25,25,25,25
1,1,270103,0,0,0,0,0,0,0,0,0,0
1,1,270104,8,8,8,8,8,8,8,8,8,8
1,1,270105,11,11,11,11,11,11,11,11,11,11
1,1,270106,0,0,0,0,0,0,0,0,0,0
1,1,270107,0,0,0,0,0,0,0,0,0,0
2,1,270107,0,0,0,0,0,0,0,0,0,0
0,1,270108,0,0,0,0,0,0,10,0,0,0
0,2,270108,0,0,0,0,0,0,0,0,0,0
1,1,270108,0,0,0,0,0,0,0,0,0,0
1,1,270109,0,0,0,0,0,0,0,0,0,0
2,1,270109,0,0,0,0,0,0,0,0,0,0
1,1,270110,20,20,20,20,20,20,20,20,20,20
1,1,270112,0,0,0,0,0,0,0,0,0,0
2,1,270112,0,0,0,0,0,0,0,0,0,0
1,1,270113,22,22,22,22,22,22,22,22,22,22
1,1,270114,0,0,0,0,0,0,0,0,0,0
2,1,270114,0,0,0,0,0,0,0,0,0,0
1,1,270115,0,0,0,0,0,0,0,0,0,0
2,1,270115,0,0,0,0,0,0,0,0,0,0
1,1,270116,0,0,0,0,0,0,0,0,0,0
1,1,270118,0,0,0,0,0,0,0,0,0,0
2,1,270118,0,0,0,0,0,0,0,0,0,0
3,1,270118,0,0,0,0,0,0,0,0,0,0
1,1,270119,0,0,0,0,0,0,0,0,0,0
1,1,270120,0,0,0,0,0,0,0,0,0,0
0,1,270121,0,0,0,0,0,0,0,0,0,0
1,1,270121,0,0,0,0,0,0,0,0,0,0
1,1,270122,2,2,2,2,2,2,2,2,2,2
1,1,270123,0,0,0,0,0,0,0,0,0,0
2,1,270123,0,0,0,0,0,0,0,0,0,0
1,1,270124,16,16,16,16,16,16,16,16,16,16
1,1,270125,20,20,20,20,20,20,20,20,20,20
1,1,270126,13,13,13,13,13,13,13,13,13,13
2,1,270126,17,17,17,17,17,17,17,17,17,17
1,1,270127,0,0,0,0,0,0,0,0,0,0
2,1,270127,3,3,3,3,3,3,3,3,3,3
1,1,270128,0,0,0,0,0,0,0,0,0,0
1,1,270129,4,4,4,4,4,4,4,4,4,4
1,1,270130,0,0,0,0,0,0,0,0,0,0
1,1,270131,24,24,24,24,24,24,24,24,24,24
1,1,270132,0,0,0,0,0,0,0,0,0,0
2,1,270132,0,0,0,0,0,0,0,0,0,0
1,1,270133,0,0,0,0,0,0,0,0,0,0
2,1,270133,0,0,0,0,0,0,0,0,0,0
1,1,270134,0,0,0,0,0,0,0,0,0,0
0,1,270135,0,0,0,0,0,0,0,0,0,0
1,1,270135,0,0,0,0,0,0,0,0,0,0
1,1,270136,0,0,0,0,0,0,0,0,0,0
2,1,270136,12,12,12,12,12,12,12,12,12,12
1,1,270137,0,0,0,0,0,0,0,0,0,0
2,1,270137,0,0,0,0,0,0,0,0,0,0
1,1,270138,0,0,0,0,0,0,0,0,0,0
1,1,270139,0,0,0,0,0,0,0,0,0,0
2,1,270139,0,0,0,0,0,0,0,0,0,0
1,1,270140,0,0,0,0,0,0,0,0,0,0
1,1,270141,13,13,13,13,13,13,13,13,13,13
2,1,270141,0,0,0,0,0,0,0,0,0,0
1,1,270142,0,0,0,0,0,0,0,0,0,0
0,1,270143,15,19,27,32,30,21,12,25,22,5
1,1,270143,13,13,13,13,13,13,13,13,13,13
1,1,270144,0,0,0,0,0,0,0,0,0,0
2,1,270144,0,0,0,0,0,0,0,0,0,0
0,1,270145,30,30,30,30,30,30,30,30,30,30
1,1,270145,0,0,0,0,0,0,0,0,0,0
1,1,270146,25,25,25,25,25,25,25,25,25,25
1,1,270147,0,0,0,0,0,0,0,0,0,0
1,1,270148,18,18,18,18,18,18,18,18,18,18
1,1,270149,0,0,0,0,0,0,0,0,0,0
2,1,270149,0,0,0,0,0,0,0,0,0,0
1,1,270150,0,0,0,0,0,0,0,0,0,0
2,1,270150,0,0,0,0,0,0,0,0,0,0
1,1,270151,13,13,13,13,13,13,13,13,13,13
1,1,270152,13,13,13,13,13,13,13,13,13,13
1,1,270153,0,0,0,0,0,0,6,18,4,8
1,1,270154,25,25,25,25,25,25,25,25,25,25
1,1,270155,0,0,0,0,0,0,0,0,0,0
2,1,270155,0,0,0,0,0,0,0,0,0,0
1,1,270156,0,0,0,0,0,0,0,0,0,0
2,1,270156,0,0,0,0,0,0,0,0,0,0
1,1,270157,0,0,0,0,0,0,0,0,0,0
2,1,270157,0,0,0,0,0,0,0,0,0,0
0,1,270158,34,34,34,34,34,34,34,34,34,34
1,1,270158,0,0,0,0,0,0,0,0,0,0
1,1,270159,0,0,0,0,0,0,0,0,0,0
2,1,270159,0,0,0,0,0,0,0,0,0,0
1,1,270160,0,0,0,0,0,0,0,0,0,0
2,1,270160,0,0,0,0,0,0,0,0,0,0
1,1,270161,18,18,18,18,18,18,18,18,18,18
2,1,270161,0,0,0,0,0,0,0,0,0,0
1,1,270162,0,0,0,0,0,0,0,0,0,0
2,1,270162,0,0,0,0,0,0,0,0,0,0
1,1,270163,0,0,0,0,0,0,0,0,0,0
1,1,270164,18,18,18,18,18,18,18,18,18,18
0,1,270165,0,0,0,0,0,0,0,0,0,0
1,1,270165,2,2,2,2,2,2,2,2,2,2
1,1,270166,13,13,13,13,13,13,13,13,13,13
1,1,270167,0,0,0,0,0,0,0,0,0,0
2,1,270167,0,0,0,0,0,0,0,0,0,0
1,1,270168,0,0,0,0,0,0,0,0,0,0
2,1,270168,0,0,0,0,0,0,0,0,0,0
1,1,270169,0,0,0,0,0,0,0,0,0,0
2,1,270169,0,0,0,0,0,0,0,0,0,0
1,1,270170,0,0,0,0,0,0,0,0,0,0
2,1,270170,0,0,0,0,0,0,0,0,0,0
1,1,270171,0,0,0,0,0,11,0,0,0,0
2,1,270171,0,0,0,0,0,0,0,4,0,0
1,1,270172,0,0,0,0,0,0,0,0,0,0
1,1,270173,11,10,0,0,9,0,6,0,23,0
2,1,270173,0,11,0,0,0,0,0,0,0,0
1,1,270174,0,0,0,0,0,0,0,0,0,0
2,1,270174,0,0,0,0,0,0,0,0,0,0
1,1,270175,19,19,19,19,19,19,19,19,19,19
2,1,270176,0,0,0,0,0,0,0,0,0,0
1,1,270177,5,5,5,5,5,5,5,5,5,5
1,1,270178,0,0,0,0,0,0,0,0,0,0
1,1,270179,0,0,0,0,0,0,0,0,0,0
2,1,270179,0,0,0,0,0,0,0,0,0,0
0,1,270180,27,27,27,27,27,27,27,27,27,27
1,1,270180,0,0,0,0,0,0,0,0,7,0
2,1,270180,23,23,23,23,23,23,23,23,23,23
1,1,270181,0,0,0,0,0,0,0,0,0,0
2,1,270181,0,0,0,0,0,0,0,0,0,0
3,1,270181,0,0,0,0,0,0,0,0,0,0
4,1,270181,0,0,0,0,0,0,0,0,0,0
1,1,270182,0,0,0,0,0,0,0,0,0,0
2,1,270182,15,15,15,15,15,15,15,15,15,15
1,1,270183,17,17,17,17,17,17,17,17,17,17
2,1,270183,0,18,0,0,0,0,0,0,0,0
1,1,270184,0,0,0,0,0,0,0,0,0,0
2,1,270184,0,0,0,0,0,0,0,0,0,0
1,1,270185,27,27,27,27,27,27,27,27,27,27
1,1,270186,0,0,0,0,0,0,0,0,0,0
1,1,270187,9,9,9,9,9,9,9,9,9,9
1,1,270188,0,0,0,0,0,0,0,0,0,0
2,1,270188,0,0,0,0,0,0,0,0,0,0
1,1,270189,0,0,0,0,0,0,0,0,0,0
2,1,270189,18,18,18,18,18,18,18,18,18,18
1,1,270190,0,0,0,0,0,0,0,0,0,0
2,1,270190,0,0,0,0,0,0,0,0,0,0
1,1,270191,0,0,0,0,0,0,0,0,0,0
1,1,270192,0,0,0,0,0,0,0,0,0,0
2,1,270192,0,0,0,0,0,0,0,0,0,0
1,1,270193,16,16,16,16,16,16,16,16,16,16
1,1,270194,16,16,16,16,16,16,16,16,16,16
1,1,270195,0,0,0,0,0,0,0,0,0,0
2,1,270195,0,0,0,0,0,0,0,0,0,0
1,1,270196,0,0,0,0,0,0,0,0,0,0
2,1,270196,0,0,0,0,0,0,0,0,0,0
1,1,270197,0,0,0,0,0,0,0,0,0,0
1,1,270198,0,0,0,0,0,0,0,0,0,0
2,1,270198,0,0,0,0,0,0,0,0,0,0
1,1,270199,0,0,0,0,0,0,0,0,0,0
2,1,270199,0,0,0,0,0,0,0,0,0,0
3,1,270199,0,0,0,0,0,0,0,0,0,0
1,1,270200,0,0,0,0,0,0,0,0,0,0
1,1,270201,0,0,0,0,0,0,0,0,0,0
2,1,270201,0,0,0,0,0,0,0,0,0,0
1,1,270202,12,12,12,12,12,12,12,12,12,12
1,1,270203,0,0,0,0,0,0,0,0,0,0
1,1,270204,0,0,0,0,0,0,0,0,0,0
1,1,270205,0,0,0,0,0,0,0,0,0,0
1,1,270206,18,18,18,18,18,18,18,18,18,18
1,1,270207,0,0,0,0,0,0,0,0,0,0
2,1,270207,0,0,0,0,0,0,0,0,0,0
1,1,270208,22,22,22,22,22,22,22,22,22,22
1,1,270209,0,0,0,0,0,0,0,0,0,0
2,1,270209,0,0,0,0,0,0,0,0,0,0
3,1,270209,0,0,0,0,0,0,0,0,0,0
1,1,270210,7,7,7,7,7,7,7,7,7,7
1,1,270211,10,10,10,10,10,10,10,10,10,10
2,1,270211,0,0,0,0,0,0,0,0,0,0
3,1,270211,0,0,0,0,0,0,0,0,0,0
1,1,270212,0,0,0,0,0,0,0,0,0,0
2,1,270212,0,0,0,0,0,0,0,0,0,0
2,1,270213,5,5,5,5,5,5,5,5,5,5
1,1,270214,22,22,22,22,22,22,22,22,22,22
1,1,270215,0,0,0,0,0,0,0,0,0,0
2,1,270215,0,0,0,0,0,0,0,0,0,0
1,1,270216,0,0,0,0,0,0,0,0,0,0
2,1,270216,0,0,0,0,0,0,0,0,0,0
1,1,270217,9,9,9,9,9,9,9,9,9,9
1,1,270218,0,0,0,0,0,0,0,0,0,0
1,1,270219,0,0,0,0,0,0,0,0,0,0
2,1,270219,0,0,0,0,0,0,0,0,0,0
1,1,270220,0,0,0,0,0,0,0,0,0,0
1,1,270221,0,0,0,0,0,0,0,0,0,0
2,1,270221,0,0,0,0,0,0,0,0,0,0
1,1,270222,15,15,15,15,15,15,15,15,15,15
1,1,270223,0,0,0,0,0,0,0,0,0,0
1,1,270224,0,0,0,0,0,0,0,0,0,0
2,1,270224,0,0,0,0,0,0,0,0,0,0
1,1,270225,18,18,18,18,18,18,18,18,18,18
1,1,270226,0,0,0,0,0,0,0,0,0,0
2,1,270226,0,0,0,0,0,0,0,0,0,0
1,1,270227,0,0,0,0,0,0,0,0,0,0
1,1,270228,24,24,24,24,24,24,24,24,24,24
1,1,270229,0,0,0,0,0,0,0,0,0,0
0,1,270230,0,0,0,0,13,0,22,0,0,0
0,2,270230,0,0,0,0,0,0,0,0,0,0
1,1,270230,0,0,0,0,0,0,0,0,0,0
1,1,270231,6,6,6,6,6,6,6,6,6,6
2,1,270231,8,8,8,8,8,8,8,8,8,8
1,1,270232,0,0,0,0,0,0,0,0,0,0
2,1,270232,0,0,0,0,0,0,0,0,0,0
1,1,270233,0,0,0,0,0,0,0,0,0,0
1,1,270234,0,0,0,0,0,0,0,0,0,0
2,1,270234,0,0,0,0,0,0,0,0,0,0
1,1,270235,0,0,0,0,0,0,0,0,0,0
0,1,270236,0,0,0,0,0,0,0,0,0,0
0,2,270236,32,0,0,0,0,0,0,0,0,0
1,1,270236,0,0,0,0,0,0,0,0,0,0
1,1,270237,11,11,11,11,11,11,11,11,11,11
1,1,270238,23,23,23,23,23,23,23,23,23,23
2,1,270238,17,17,17,17,17,17,17,17,17,17
1,1,270240,0,0,0,0,0,0,0,0,0,0
1,1,270241,0,0,0,0,0,0,0,0,0,0
1,1,270242,13,13,13,13,13,13,13,13,13,13
1,1,270243,0,0,0,0,0,0,0,0,0,0
1,1,270244,0,0,0,0,0,0,0,0,0,0
0,1,270245,0,0,0,0,0,0,0,0,0,0
1,1,270245,0,0,0,0,2,0,0,0,0,10
1,1,270246,0,0,0,0,0,0,0,0,0,0
2,1,270246,0,0,0,0,0,0,0,0,0,0
0,1,270247,0,0,0,0,0,0,0,0,0,0
1,1,270247,0,0,0,0,0,0,0,0,0,0
1,1,270248,0,0,0,0,0,0,0,0,0,0
1,1,270249,8,8,8,8,8,8,8,8,8,8
2,1,270249,0,0,0,0,0,0,0,0,0,0
0,1,270250,0,0,0,0,0,0,0,0,0,0
1,1,270250,7,7,7,7,7,7,7,7,7,7
1,1,270251,18,18,18,18,18,18,18,18,18,18
1,1,270252,23,23,23,23,23,23,23,23,23,23
2,1,270252,0,0,0,0,0,0,0,0,0,0
3,1,270252,0,0,0,0,0,0,0,0,0,0
1,1,270253,0,0,0,0,0,0,8,0,0,0
1,1,270254,0,0,0,0,0,0,0,0,0,0
1,1,270255,0,0,0,0,0,0,0,0,0,0
2,1,270255,0,0,0,0,0,0,0,0,0,0
1,1,270256,13,13,13,13,13,13,13,13,13,13
1,1,270257,0,0,0,0,0,0,0,0,0,0
0,1,270258,21,21,21,21,21,21,21,21,21,21
1,1,270258,36,22,17,6,6,4,14,25,7,13
1,1,270259,0,0,0,0,0,0,0,0,0,0
2,1,270259,0,0,0,0,0,0,0,0,0,0
1,1,270260,22,22,22,22,22,22,22,22,22,22
0,1,270261,18,18,18,18,18,18,18,18,18,18
0,2,270261,0,24,0,11,0,0,0,0,0,0
1,1,270261,7,7,7,7,7,7,7,7,7,7
1,1,270262,0,0,0,0,0,0,0,0,0,0
2,1,270262,0,0,0,0,0,0,0,0,0,0
1,1,270263,11,11,11,11,11,11,11,11,11,11
1,1,270264,21,0,0,19,7,0,0,0,9,0
0,1,270265,12,12,12,12,12,12,12,12,12,12
1,1,270265,0,0,0,0,0,0,0,0,0,0
1,1,270266,0,0,0,0,0,0,0,0,0,0
0,1,270267,0,0,0,0,0,0,0,0,0,0
1,1,270267,0,0,0,0,0,0,0,0,0,0
1,1,270269,0,0,0,0,0,0,0,0,0,0
2,1,270269,0,0,0,0,0,0,0,0,0,0
1,1,270271,17,17,17,17,17,17,17,17,17,17
2,1,270271,0,0,0,0,0,0,0,0,0,0
3,1,270271,0,0,0,0,0,0,0,0,0,0
1,1,270272,0,0,0,0,0,0,0,0,0,0
2,1,270272,0,0,0,0,0,0,0,0,0,0
0,1,270273,0,0,0,0,0,0,0,0,0,0
1,1,270273,0,0,0,0,0,0,0,0,0,0
1,1,270274,29,29,29,29,29,29,29,29,29,29
1,1,270275,0,0,0,0,0,0,0,0,0,0
2,1,270275,0,0,0,0,0,0,11,0,0,19
1,1,270276,12,12,12,12,12,12,12,12,12,12
2,1,270276,8,8,8,8,8,8,8,8,8,8
3,1,270276,0,0,0,0,0,0,0,0,0,0
1,1,270277,2,2,2,2,2,2,2,2,2,2
1,1,270278,25,25,25,25,25,25,25,25,25,25
0,1,270279,4,4,4,4,4,4,4,4,4,4
1,1,270279,0,0,0,0,0,0,0,0,0,0
1,1,270280,0,0,0,0,0,0,0,0,0,0
2,1,270280,0,0,0,0,0,0,0,0,0,0
1,1,270281,12,12,12,12,12,12,12,12,12,12
1,1,270282,0,0,0,0,0,0,0,0,0,0
2,1,270282,0,0,0,0,0,0,0,0,0,0
1,1,270283,0,0,0,0,0,0,0,0,0,0
1,1,270284,19,19,19,19,19,19,19,19,19,19
2,1,270284,0,0,0,0,0,0,0,0,0,0
1,1,270285,0,0,0,0,0,0,0,0,0,0
2,1,270285,0,0,0,0,0,0,0,0,0,0
1,1,270286,0,0,0,0,0,0,0,0,0,0
2,1,270286,0,0,0,0,0,0,0,0,0,0
1,1,270287,10,10,10,10,10,10,10,10,10,10
1,1,270288,5,5,5,5,5,5,5,5,5,5
2,1,270288,0,0,0,0,0,0,0,0,0,0
3,1,270288,0,0,0,0,0,0,0,0,0,0
4,1,270288,0,0,0,0,0,0,0,0,0,0
1,1,270290,23,23,23,23,23,23,23,23,23,23
1,1,270291,0,0,0,0,0,0,0,0,0,0
1,1,270292,0,0,0,0,0,0,0,0,0,0
1,1,270293,0,0,0,0,0,0,0,0,0,0
2,1,270293,0,0,0,0,0,0,0,0,0,0
1,1,270294,30,0,0,0,0,0,0,21,0,20
2,1,270294,0,0,0,0,0,0,0,0,0,0
1,1,270295,0,0,0,0,0,0,0,0,0,0
2,1,270295,0,0,0,0,0,0,0,0,0,0
1,1,270296,11,11,11,11,11,11,11,11,11,11
1,1,270297,20,20,20,20,20,20,20,20,20,20
1,1,270298,0,0,0,0,6,0,0,0,0,0
1,1,270299,0,0,0,0,0,0,0,0,0,0
1,1,270300,19,19,19,19,19,19,19,19,19,19
1,1,270301,28,28,28,28,28,28,28,28,28,28
1,1,270302,1,1,1,1,1,1,1,1,1,1
1,1,270303,0,0,0,0,0,0,0,0,0,0
2,1,270303,0,0,0,0,0,0,0,0,0,0
0,1,270304,0,0,0,0,0,0,0,0,0,0
1,1,270304,0,0,0,0,0,0,0,0,0,0
1,1,270305,30,30,30,30,30,30,30,30,30,30
1,1,270306,0,0,0,0,0,0,0,0,0,0
2,1,270306,0,0,0,0,0,0,0,0,0,0
1,1,270307,0,0,0,0,0,0,0,0,0,0
0,1,270308,0,0,0,0,0,0,0,0,0,0
1,1,270308,0,0,0,0,0,0,0,0,0,0
1,1,270309,19,19,19,19,19,19,19,19,19,19
1,1,270310,0,0,0,0,0,0,0,0,0,0
2,1,270310,0,0,0,0,0,0,0,0,0,0
1,1,270311,24,24,24,24,24,24,24,24,24,24
2,1,270311,0,0,0,0,0,0,0,0,0,0
0,1,270312,0,0,0,0,0,0,0,0,0,0
1,1,270312,0,0,0,0,0,0,0,0,0,0
1,1,270313,18,18,18,18,18,18,18,18,18,18
2,1,270313,0,0,0,0,0,0,0,0,0,0
1,1,270314,1,1,1,1,1,1,1,1,1,1
2,1,270314,0,0,0,0,0,0,0,0,0,0
1,1,270315,0,0,0,0,0,0,0,0,0,0
1,1,270316,0,0,0,0,0,0,0,0,0,0
2,1,270316,0,0,0,0,0,0,0,0,0,0
1,1,270317,0,0,0,0,0,0,0,0,0,0
0,1,270318,0,0,0,0,0,0,0,0,0,0
1,1,270318,0,0,0,0,0,0,0,0,0,0
1,1,270319,0,0,0,0,0,0,0,0,0,0
2,1,270319,6,6,6,6,6,6,6,6,6,6
1,1,270320,7,7,7,7,7,7,7,7,7,7
1,1,270321,0,0,0,0,0,0,0,0,0,0
2,1,270321,0,0,0,0,0,0,0,0,0,0
1,1,270322,0,0,0,0,0,0,0,0,0,0
2,1,270322,0,0,0,0,0,0,0,0,0,0
0,1,270323,0,0,0,0,0,0,0,0,0,0
1,1,270323,0,0,0,0,0,0,0,0,0,0
1,1,270324,0,0,0,0,0,0,0,0,0,0
2,1,270324,0,0,0,0,0,0,0,0,0,0
1,1,270325,0,0,0,0,0,0,0,0,0,0
2,1,270325,0,0,0,0,0,0,0,0,0,0
1,1,270326,0,0,0,0,0,0,6,0,0,0
1,1,270328,0,0,0,0,0,0,0,0,0,0
1,1,270329,0,0,0,0,0,0,0,0,0,0
2,1,270329,0,0,0,0,0,0,0,0,0,0
1,1,270330,17,17,17,17,17,17,17,17,17,17
1,1,270331,0,0,0,0,0,0,0,0,0,0
0,1,270332,24,24,24,24,24,24,24,24,24,24
1,1,270332,0,0,0,0,0,0,0,0,0,0
1,1,270333,0,0,4,0,0,0,4,0,9,0
1,1,270334,0,0,0,0,0,0,0,0,0,0
2,1,270334,0,0,0,0,0,0,0,0,0,0
1,1,270335,0,0,0,0,0,0,0,0,0,0
1,1,270336,0,0,0,0,0,0,0,0,0,0
2,1,270336,0,0,0,0,0,0,0,0,0,0
1,1,270337,0,0,0,0,0,0,0,0,0,0
2,1,270337,26,26,26,26,26,26,26,26,26,26
1,1,270338,0,0,0,0,0,0,0,0,0,0
2,1,270338,0,0,0,0,16,12,0,0,0,0
1,1,270339,19,19,19,19,19,19,19,19,19,19
1,1,270340,0,0,0,0,0,0,0,0,0,0
1,1,270341,9,9,9,9,9,9,9,9,9,9
1,1,270342,0,0,0,0,0,0,0,0,0,0
1,1,270343,0,0,0,0,0,0,0,0,0,0
2,1,270343,0,0,0,0,0,0,0,0,0,0
1,1,270344,14,14,14,14,14,14,14,14,14,14
2,1,270344,0,0,0,0,0,0,14,0,0,0
1,1,270345,23,23,23,23,23,23,23,23,23,23
1,1,270346,0,0,0,0,0,0,0,0,0,0
2,1,270346,0,0,0,0,0,0,0,0,0,0
3,1,270346,0,0,0,0,0,0,0,0,0,0
1,1,270347,23,23,23,23,23,23,23,23,23,23
0,1,270348,0,0,0,0,0,0,0,0,0,0
1,1,270348,0,0,0,0,0,0,0,0,0,0
0,1,270349,0,0,0,0,0,0,0,0,0,0
1,1,270349,0,0,0,0,0,0,0,0,0,0
1,1,270350,11,11,11,11,11,11,11,11,11,11
1,1,270351,2,2,2,2,2,2,2,2,2,2
1,1,270352,0,0,0,0,0,0,0,0,0,0
1,1,270353,25,25,25,25,25,25,25,25,25,25
0,1,270354,17,17,17,17,17,17,17,17,17,17
1,1,270354,0,0,0,0,0,0,0,0,0,0
1,1,270355,0,15,0,0,0,0,0,0,0,0
2,1,270355,34,34,34,34,34,34,34,34,34,34
1,1,270356,0,0,0,0,0,0,0,0,0,0
0,1,270357,0,19,0,0,26,11,0,12,0,0
1,1,270357,0,0,0,0,0,0,0,0,0,0
1,1,270358,24,24,24,24,24,24,24,24,24,24
1,1,270359,0,0,0,0,0,0,0,0,0,0
2,1,270359,0,0,0,0,0,0,0,0,0,0
1,1,270360,0,0,0,0,0,0,0,0,0,0
1,1,270361,20,20,20,20,20,20,20,20,20,20
1,1,270362,0,0,0,0,0,0,0,0,0,0
1,1,270363,17,17,17,17,17,17,17,17,17,17
1,1,270364,0,0,0,0,0,0,0,0,0,0
1,1,270365,0,0,0,0,0,0,0,0,0,0
0,1,270366,0,0,0,0,0,0,0,0,0,0
1,1,270366,0,0,0,0,0,0,0,0,0,0
0,1,270368,0,0,0,0,0,0,0,0,0,0
1,1,270368,0,0,0,0,0,0,0,0,6,15
1,1,270369,0,0,0,0,0,0,0,0,0,0
1,1,270370,7,7,7,7,7,7,7,7,7,7
1,1,270371,0,0,0,0,0,0,0,0,0,0
2,1,270371,0,0,0,0,0,0,0,0,0,0
1,1,270372,0,0,0,0,0,0,0,0,0,0
2,1,270372,0,0,0,0,0,0,0,0,0,0
1,1,270373,0,0,0,0,0,0,0,0,0,0
2,1,270373,0,0,0,0,0,0,0,0,0,0
0,1,270374,0,0,0,0,0,0,0,0,0,0
1,1,270374,0,0,0,0,0,0,0,0,0,0
1,1,270375,0,0,0,0,0,0,0,0,0,0
2,1,270375,0,0,0,0,0,0,0,0,0,0
1,1,270376,0,0,0,0,0,0,0,0,0,0
2,1,270376,0,0,0,0,0,0,0,0,0,0
1,1,270377,0,0,0,0,0,0,0,0,0,0
1,1,270378,0,0,0,0,0,0,0,0,0,0
2,1,270378,0,0,0,0,0,0,0,0,0,0
3,1,270378,0,0,0,0,0,0,0,0,0,0
1,1,270379,0,0,0,0,0,0,0,0,0,0
2,1,270379,23,23,23,23,23,23,23,23,23,23
1,1,270380,0,0,0,0,0,0,0,0,0,0
1,1,270381,21,0,15,0,0,19,14,29,0,20
1,1,270382,0,0,0,0,0,0,0,0,0,0
2,1,270382,0,0,0,0,0,0,0,0,0,0
1,1,270383,0,0,0,0,0,0,0,0,0,0
2,1,270383,0,0,0,0,0,0,0,0,0,0
1,1,270384,19,19,19,19,19,19,19,19,19,19
0,1,270385,0,0,0,0,0,0,0,0,0,0
1,1,270385,0,0,0,0,0,0,0,0,0,0
1,1,270386,0,0,0,0,0,0,0,0,0,0
1,1,270387,0,0,0,0,0,0,0,0,0,0
2,1,270387,0,0,0,0,0,0,0,0,0,0
1,1,270388,0,0,0,0,0,0,0,0,0,0
2,1,270388,0,0,0,0,0,0,0,0,0,0
1,1,270389,0,0,0,0,0,0,0,0,0,0
1,1,270390,0,0,0,0,0,0,0,0,0,0
2,1,270390,0,0,0,0,0,0,0,0,0,0
3,1,270390,0,0,0,0,0,0,0,0,0,0
4,1,270390,0,0,0,0,0,0,0,0,0,0
5,1,270390,36,36,36,36,36,36,36,36,36,36
1,1,270391,25,25,25,25,25,25,25,25,25,25
1,1,270392,19,19,19,19,19,19,19,19,19,19
1,1,270393,0,0,0,0,0,0,0,0,0,0
2,1,270393,0,0,0,0,0,0,0,0,0,0
1,1,270394,0,0,0,0,0,0,0,0,0,0
2,1,270394,0,0,0,0,0,0,0,0,0,0
1,1,270395,0,0,0,0,0,0,0,0,0,0
2,1,270395,0,0,0,0,0,0,0,0,0,0
1,1,270396,18,18,18,18,18,18,18,18,18,18
1,1,270397,19,19,19,19,19,19,19,19,19,19
1,1,270398,0,0,0,0,0,0,0,0,0,0
2,1,270398,0,0,0,0,0,0,0,0,0,0
1,1,270399,0,0,0,0,0,0,0,9,0,0
2,1,270399,0,0,0,0,0,0,0,0,0,0
1,1,270400,19,19,19,19,19,19,19,19,19,19
1,1,270401,0,0,0,0,0,0,0,0,0,0
2,1,270401,0,0,0,0,0,0,0,0,0,0
1,1,270402,0,0,0,0,0,0,0,15,0,0
1,1,270403,10,10,10,10,10,10,10,10,10,10
1,1,270404,0,0,0,0,5,0,0,0,0,8
2,1,270404,0,0,0,0,0,0,0,0,0,0
3,1,270405,0,0,0,0,0,0,0,0,0,0
1,1,270406,27,27,27,27,27,27,27,27,27,27
1,1,270407,0,0,0,0,0,0,0,0,0,0
1,1,270408,0,0,0,0,0,32,0,11,0,0
2,1,270408,0,0,0,0,0,0,0,0,0,0
1,1,270409,0,0,0,0,0,0,0,0,0,0
1,1,270410,12,12,12,12,12,12,12,12,12,12
0,1,270411,0,0,0,0,0,0,0,0,0,0
1,1,270411,0,0,0,0,0,0,0,0,0,0