VEH_NO,PER_NO,ST_CASE,P1,P2,P3,P4,P5,P6,P7,P8,P9,P10
1,1,280678,0,0,0,0,0,0,0,0,0,0
1,1,280679,0,0,0,0,0,0,0,0,0,0
1,1,280680,0,0,0,0,0,0,0,0,0,0
1,1,280681,30,19,0,0,10,0,0,0,0,0
2,1,280681,0,0,0,0,0,0,0,0,0,0
1,1,280682,0,0,0,0,0,0,0,0,0,0
1,1,280683,0,0,0,0,0,0,0,0,0,0
1,1,280684,25,25,25,25,25,25,25,25,25,25
1,1,280685,0,0,0,0,0,0,0,0,0,0
0,1,280686,0,0,0,0,0,0,0,0,0,0
1,1,280686,0,0,0,0,0,0,0,0,0,0
1,1,280687,0,12,0,35,15,24,22,20,15,11
1,1,280688,0,0,0,0,0,0,0,0,0,0
2,1,280688,0,0,0,0,0,0,0,0,0,0
1,1,280689,0,0,0,0,0,0,0,0,0,0
1,1,280690,0,3,13,0,0,0,0,0,0,0
2,1,280690,0,0,0,0,0,0,0,0,0,0
1,1,280691,7,7,7,7,7,7,7,7,7,7
1,1,280692,0,0,0,0,0,0,0,0,0,0
2,1,280692,13,0,9,5,7,10,14,7,4,9
1,1,280693,0,0,18,0,0,16,0,0,0,0
2,1,280693,7,7,7,7,7,7,7,7,7,7
1,1,280694,0,0,0,0,0,0,0,0,0,0
0,1,280695,0,0,0,0,0,0,0,0,0,0
1,1,280695,0,0,0,0,12,0,2,0,0,0
1,1,280696,0,0,0,0,0,0,0,0,0,12
0,1,280697,0,0,0,0,0,0,0,0,0,0
1,1,280697,0,0,0,0,0,0,0,0,0,0
0,1,280698,0,0,0,0,0,0,0,0,0,0
1,1,280698,0,0,0,13,0,0,0,16,0,0
0,1,280699,0,0,0,0,0,0,0,0,0,0
1,1,280699,0,0,0,0,0,0,0,0,0,0
1,1,280700,0,0,0,0,0,0,0,0,0,0
1,1,280701,0,0,0,0,4,0,0,0,0,0
1,1,280702,0,0,0,0,0,0,0,0,0,0
1,1,280703,0,0,0,0,0,0,0,0,0,0
2,1,280703,0,0,0,0,0,0,0,0,0,0
1,1,280704,0,0,0,0,0,0,0,0,0,0
2,1,280704,0,0,0,0,0,0,0,0,0,0
1,1,280705,0,0,0,0,0,0,0,0,0,0
2,1,280705,0,0,0,0,0,0,0,0,0,0
1,1,280706,0,0,0,0,0,0,0,0,0,0
2,1,280706,0,0,0,0,0,0,0,0,0,0
1,1,280707,0,0,0,0,0,0,0,0,0,0
2,1,280707,0,0,0,0,0,0,0,0,0,0
1,1,280708,0,0,0,0,0,0,0,0,0,0
2,1,280708,6,6,6,6,6,6,6,6,6,6
0,1,280709,12,0,30,41,0,0,0,30,23,21
1,1,280709,0,0,0,0,0,0,18,0,0,0
1,1,280710,15,15,15,15,15,15,15,15,15,15
2,1,280710,0,0,0,0,0,0,0,0,0,0
1,1,280711,0,0,0,0,0,0,0,0,0,0
1,1,280712,0,0,0,0,0,0,0,0,0,0
1,1,290001,14,14,14,14,14,14,14,14,14,14
0,1,290002,15,15,15,15,15,15,15,15,15,15
1,1,290002,0,0,0,0,0,0,0,0,0,8
1,1,290003,4,4,4,4,4,4,4,4,4,4
1,1,290004,13,13,13,13,13,13,13,13,13,13
1,1,290005,7,7,7,7,7,7,7,7,7,7
1,1,290006,25,25,25,25,25,25,25,25,25,25
1,1,290007,0,0,0,0,0,0,0,0,0,0
0,1,290008,16,16,16,16,16,16,16,16,16,16
1,1,290008,0,0,0,0,0,0,0,0,0,0
1,1,290009,0,0,0,0,0,0,0,0,0,0
1,1,290010,0,0,0,0,0,0,0,0,0,0
1,1,290011,0,0,0,0,0,0,0,0,0,0
2,1,290011,0,0,0,0,0,0,0,15,0,0
1,1,290012,0,0,0,0,0,0,0,0,0,0
1,1,290013,27,0,25,28,15,25,0,0,0,0
1,1,290014,0,0,0,0,0,0,0,0,0,18
2,1,290014,0,0,8,0,0,0,0,0,0,0
1,1,290015,24,24,24,24,24,24,24,24,24,24
1,1,290016,32,32,32,32,32,32,32,32,32,32
2,1,290016,0,0,0,13,0,0,0,0,0,0
1,1,290017,0,7,17,24,17,5,19,19,17,0
0,1,290018,0,0,0,0,0,0,0,0,0,0
0,2,290018,0,0,0,0,0,0,0,0,0,0
0,3,290018,0,0,0,0,0,0,0,0,0,0
0,4,290018,0,0,0,0,0,0,0,0,0,0
1,1,290018,0,0,0,0,0,0,0,0,0,0
1,1,290019,0,0,0,0,0,0,0,0,0,0
2,1,290019,3,0,0,0,0,0,0,0,0,2
1,1,290020,21,21,21,21,21,21,21,21,21,21
1,1,290021,0,0,0,0,0,0,0,0,0,0
2,1,290022,0,0,0,0,0,0,0,0,0,0
0,1,290023,31,31,31,31,31,31,31,31,31,31
1,1,290023,0,0,0,0,0,0,0,0,0,0
2,1,290023,0,0,0,0,0,0,0,0,0,0
1,1,290024,0,0,0,0,0,0,0,0,0,0
1,1,290025,0,0,0,0,0,0,0,0,0,0
2,1,290025,0,0,0,0,0,0,0,0,0,0
1,1,290026,14,14,14,14,14,14,14,14,14,14
1,1,290027,0,0,0,0,0,0,0,0,0,0
1,1,290028,0,0,0,0,0,0,0,0,0,0
2,1,290028,0,0,0,0,0,0,0,0,0,0
1,1,290029,0,0,0,0,0,0,0,0,0,0
1,1,290030,0,0,0,0,0,0,0,0,0,0
2,1,290030,0,0,0,0,0,0,0,0,0,0
1,1,290031,0,0,0,0,0,0,0,0,0,0
2,1,290031,0,0,0,0,0,0,0,0,0,0
1,1,290032,11,9,21,33,20,23,29,13,26,18
1,1,290033,22,22,22,22,22,22,22,22,22,22
1,1,290034,0,0,0,0,0,0,0,0,0,0
2,1,290034,22,22,22,22,22,22,22,22,22,22
1,1,290035,0,0,0,0,0,0,0,0,0,0
2,1,290035,0,0,0,0,0,0,0,0,0,0
1,1,290036,25,25,25,25,25,25,25,25,25,25
1,1,290037,0,0,0,0,0,0,0,0,0,0
2,1,290037,0,0,0,0,0,0,0,0,0,0
1,1,290038,0,0,0,26,0,26,26,0,21,0
1,1,290039,5,0,10,18,0,9,0,15,19,0
1,1,290040,0,0,0,0,3,0,0,3,0,0
2,1,290040,0,0,0,0,0,0,0,0,0,0
1,1,290041,11,11,11,11,11,11,11,11,11,11
1,1,290042,0,0,0,0,0,0,6,0,0,0
2,1,290042,0,0,0,0,0,0,0,0,0,0
1,1,290043,0,0,0,0,0,0,0,0,0,0
2,1,290043,0,0,0,0,0,0,0,0,0,0
1,1,290044,0,0,0,0,0,0,0,32,0,18
1,1,290045,0,0,0,0,0,0,0,0,0,0
2,1,290045,5,0,0,0,0,0,0,13,0,0
3,1,290045,0,0,0,0,0,0,0,0,0,0
1,1,290046,0,0,0,0,0,0,0,0,0,0
1,1,290047,32,0,15,21,7,13,19,11,0,0
1,1,290048,0,0,0,0,0,0,0,0,0,0
1,1,290049,0,0,0,0,0,0,0,0,0,0
1,1,290050,13,13,13,13,13,13,13,13,13,13
2,1,290050,0,0,0,0,0,0,0,0,0,0
1,1,290051,25,25,25,25,25,25,25,25,25,25
1,1,290052,28,17,12,22,15,25,24,13,39,3
1,1,290053,15,15,15,15,15,15,15,15,15,15
1,1,290054,0,0,0,0,0,0,0,0,0,0
1,1,290055,0,0,14,8,0,0,0,0,0,0
1,1,290056,0,26,0,0,0,0,0,0,0,0
1,1,290057,0,0,0,0,0,0,0,0,0,0
0,1,290058,23,21,0,24,0,0,0,0,19,0
1,1,290058,0,0,0,0,0,0,0,0,0,0
1,1,290059,0,0,0,0,0,0,0,0,0,0
2,1,290059,0,0,0,0,0,0,0,0,0,0
1,1,290060,0,0,0,0,0,12,0,0,0,0
2,1,290060,0,0,10,0,0,0,0,0,0,0
1,1,290061,11,11,11,11,11,11,11,11,11,11
1,1,290062,0,0,0,0,0,0,0,0,0,0
1,1,290063,8,8,8,8,8,8,8,8,8,8
1,1,290064,20,20,20,20,20,20,20,20,20,20
1,1,290065,0,0,0,0,0,0,0,0,0,0
2,1,290065,0,0,0,0,0,0,17,0,0,0
3,1,290065,0,0,0,0,0,5,0,0,0,0
1,1,290066,39,39,39,39,39,39,39,39,39,39
1,1,290067,0,0,0,0,0,0,0,0,0,0
2,1,290067,0,0,0,0,0,0,0,0,0,0
1,1,290068,0,0,0,0,0,0,0,0,0,0
2,1,290068,0,0,0,0,0,0,0,0,0,0
1,1,290069,0,0,0,0,0,0,0,0,0,0
2,1,290069,0,0,0,0,0,0,0,0,0,0
1,1,290070,15,10,27,17,24,13,35,21,12,16
1,1,290071,11,11,11,11,11,11,11,11,11,11
0,1,290072,15,15,15,15,15,15,15,15,15,15
1,1,290072,0,0,0,0,0,0,0,0,0,0
1,1,290073,13,13,13,13,13,13,13,13,13,13
2,1,290073,0,0,0,0,0,0,0,0,0,0
3,1,290073,0,0,0,0,0,0,0,0,0,0
1,1,290074,21,21,21,21,21,21,21,21,21,21
2,1,290074,19,19,19,19,19,19,19,19,19,19
1,1,290075,4,4,4,4,4,4,4,4,4,4
1,1,290076,0,0,0,0,4,0,0,0,0,0
1,1,290077,23,23,23,23,23,23,23,23,23,23
1,1,290078,23,23,23,23,23,23,23,23,23,23
1,1,290079,0,0,0,0,0,0,0,0,0,0
0,1,290080,20,20,20,20,20,20,20,20,20,20
1,1,290080,0,0,0,0,0,0,0,0,0,0
1,1,290081,0,0,0,0,0,0,0,0,0,0
2,1,290081,0,0,0,0,0,0,0,0,0,0
3,1,290081,0,0,0,0,0,0,0,12,0,21
1,1,290082,0,0,0,0,0,0,0,23,0,0
1,1,290083,0,0,0,0,0,0,0,0,0,0
2,1,290083,0,0,0,0,0,0,0,0,0,0
1,1,290084,0,0,0,0,0,0,0,0,0,0
2,1,290084,0,0,0,0,0,0,0,0,0,0
1,1,290085,0,11,0,0,0,0,0,10,0,0
2,1,290085,0,0,0,0,0,0,0,0,0,0
1,1,290086,24,24,24,24,24,24,24,24,24,24
1,1,290087,20,20,20,20,20,20,20,20,20,20
1,1,290088,0,0,0,9,0,0,0,0,0,0
1,1,290089,0,0,0,0,0,0,0,0,0,0
1,1,290090,0,0,0,0,0,0,0,0,0,0
1,1,290092,0,0,0,30,0,21,0,0,20,18
1,1,290093,19,10,0,0,0,19,0,0,0,16
1,1,290094,0,0,0,0,0,0,0,0,0,0
1,1,290095,0,0,0,0,0,0,0,0,0,0
0,1,290096,0,0,0,0,0,0,0,0,0,0
1,1,290096,0,0,0,0,0,0,0,0,0,18
1,1,290097,31,27,15,33,27,33,17,12,19,17
1,1,290099,0,0,0,0,0,0,0,0,0,0
1,1,290100,1,1,1,1,1,1,1,1,1,1
1,1,290101,0,0,0,0,0,0,0,13,0,0
2,1,290101,0,0,0,0,0,0,0,0,0,0
0,1,290102,20,0,0,26,40,20,0,0,25,0
0,2,290102,0,0,0,0,0,11,0,0,30,0
1,1,290102,0,0,0,0,0,0,0,0,0,0
1,1,290103,0,0,0,0,0,0,0,0,0,0
2,1,290103,0,0,0,0,0,0,0,0,0,0
1,1,290104,0,16,0,0,0,0,0,0,0,0
1,1,290105,0,0,0,0,0,0,0,9,0,0
1,1,290106,17,0,0,0,0,27,0,19,0,27
1,1,290107,0,0,0,0,0,0,0,0,0,0
1,1,290108,0,0,0,0,0,0,0,0,0,0
2,1,290108,0,0,0,0,0,0,0,0,0,0
1,1,290109,0,0,0,0,0,0,0,0,0,0
2,1,290109,0,0,0,0,0,0,0,0,0,0
1,1,290110,0,0,0,0,0,0,0,0,0,0
2,1,290110,0,0,0,0,0,0,0,0,0,0
1,1,290111,0,0,0,0,0,0,0,0,0,0
2,1,290111,0,0,0,0,0,0,0,0,0,0
0,1,290112,11,11,11,11,11,11,11,11,11,11
1,1,290112,12,18,18,16,9,14,6,6,14,8
1,1,290113,0,0,0,0,0,0,0,0,0,0
1,1,290114,21,21,21,21,21,21,21,21,21,21
1,1,290115,27,27,27,27,27,27,27,27,27,27
1,1,290116,0,0,0,0,0,0,0,0,0,0
1,1,290117,22,22,22,22,22,22,22,22,22,22
1,1,290118,0,0,0,0,0,0,0,0,0,0
1,1,290119,0,0,0,0,0,0,0,0,0,0
1,1,290121,0,0,0,0,0,0,0,0,0,0
2,1,290121,0,0,0,0,0,0,0,0,19,0
1,1,290122,0,0,0,0,0,0,0,0,0,0
2,1,290122,0,0,0,0,0,0,0,0,0,0
3,1,290122,0,0,0,0,22,0,0,0,0,0
1,1,290123,0,0,0,0,0,0,0,0,0,0
1,1,290124,0,0,0,0,0,0,0,0,0,0
1,1,290125,13,13,13,13,13,13,13,13,13,13
1,1,290126,19,19,19,19,19,19,19,19,19,19
2,1,290126,2,2,2,2,2,2,2,2,2,2
1,1,290127,29,29,29,29,29,29,29,29,29,29
2,1,290127,0,0,0,0,0,0,0,0,0,0
1,1,290128,0,0,0,0,0,0,0,0,0,0
2,1,290128,0,0,0,0,0,0,0,0,0,0
3,1,290128,0,0,0,0,0,0,0,0,0,0
1,1,290129,0,0,0,0,0,0,0,0,0,0
2,1,290129,0,0,0,0,0,0,0,0,0,0
1,1,290130,0,0,0,0,0,0,0,0,0,0
1,1,290131,0,0,0,0,0,0,0,0,0,0
2,1,290131,10,0,0,0,0,0,0,8,2,0
1,1,290132,13,13,13,13,13,13,13,13,13,13
1,1,290133,0,0,0,0,0,0,0,0,0,0
2,1,290133,0,0,0,0,5,0,0,0,19,0
1,1,290134,16,16,16,16,16,16,16,16,16,16
1,1,290135,27,27,27,27,27,27,27,27,27,27
1,1,290136,13,13,13,13,13,13,13,13,13,13
1,1,290137,0,0,0,0,0,0,0,0,0,0
1,1,290138,0,0,0,0,0,13,14,0,0,0
2,1,290138,0,0,0,0,0,0,0,0,0,0
1,1,290139,15,15,15,15,15,15,15,15,15,15
1,1,290140,0,0,0,0,0,0,0,0,0,0
1,1,290141,0,0,0,0,0,0,0,0,0,0
0,1,290142,0,0,0,0,0,0,0,0,0,0
1,1,290142,0,0,0,0,0,0,0,0,0,0
3,1,290142,0,0,0,0,0,0,0,0,0,0
1,1,290143,20,20,20,20,20,20,20,20,20,20
2,1,290143,6,0,0,0,0,0,0,0,0,0
1,1,290144,0,0,0,0,0,0,0,0,0,0
2,1,290144,0,0,0,0,0,0,0,0,0,0
1,1,290145,10,10,10,10,10,10,10,10,10,10
1,1,290146,0,0,0,0,0,0,0,0,0,0
2,1,290146,0,0,0,0,0,0,0,0,0,0
1,1,290147,14,0,0,0,0,0,0,0,0,0
1,1,290148,0,0,0,0,0,0,0,0,0,0
1,1,290149,0,0,0,0,0,0,0,0,0,0
1,1,290150,0,0,0,0,0,0,0,0,0,0
2,1,290150,0,0,0,0,0,0,0,0,0,0
3,1,290150,0,0,0,0,0,0,0,0,0,0
1,1,290151,0,0,0,0,0,0,0,0,0,0
2,1,290151,0,0,0,0,0,0,0,0,0,0
1,1,290152,12,12,12,12,12,12,12,12,12,12
2,1,290152,0,0,0,0,0,0,0,0,0,0
1,1,290153,0,0,0,0,0,0,0,0,0,0
2,1,290153,0,0,0,0,0,0,0,0,0,0
1,1,290154,30,30,30,30,30,30,30,30,30,30
1,1,290155,23,23,23,23,23,23,23,23,23,23
1,1,290156,0,0,0,0,0,0,0,0,0,0
2,1,290156,0,0,0,0,0,0,0,0,0,5
1,1,290157,0,0,0,0,0,0,0,0,0,0
2,1,290157,0,0,0,0,0,0,0,0,0,0
1,1,290158,0,0,0,0,0,0,0,0,0,0
2,1,290158,0,0,0,0,0,0,0,0,0,0
3,1,290158,0,0,0,0,0,0,0,0,0,0
1,1,290159,24,24,24,24,24,24,24,24,24,24
1,1,290160,0,0,0,0,5,0,0,0,0,0
2,1,290160,0,0,0,0,19,0,0,0,0,0
1,1,290161,0,0,0,0,0,0,0,0,0,0
2,1,290161,5,5,5,5,5,5,5,5,5,5
1,1,290162,0,0,0,0,0,0,0,0,0,0
2,1,290162,0,0,0,0,0,0,0,0,0,0
3,1,290162,0,0,0,0,0,0,0,0,0,0
1,1,290163,8,8,8,8,8,8,8,8,8,8
1,1,290164,17,17,17,17,17,17,17,17,17,17
2,1,290164,0,0,0,0,0,0,0,0,0,0
1,1,290165,0,0,0,0,0,0,0,0,0,0
2,1,290165,0,0,0,0,0,0,0,0,0,0
1,1,290166,37,37,37,37,37,37,37,37,37,37
0,1,290167,19,19,19,19,19,19,19,19,19,19
1,1,290167,0,0,0,0,0,0,0,0,0,0
1,1,290168,0,0,9,16,0,0,0,0,0,0
1,1,290169,0,0,0,0,0,0,0,0,0,0
1,1,290170,0,0,0,0,0,0,0,0,0,0
1,1,290171,12,16,20,16,24,27,14,12,25,9
1,1,290172,0,0,0,0,0,15,0,0,5,0
1,1,290173,0,0,0,0,0,0,0,0,0,0
1,1,290174,0,0,0,0,0,0,0,0,0,0
2,1,290174,0,0,0,0,0,0,0,0,0,0
1,1,290175,0,0,0,0,0,0,0,0,0,0
1,1,290176,18,18,18,18,18,18,18,18,18,18
1,1,290177,0,12,0,0,0,0,0,0,0,0
2,1,290177,0,0,0,0,0,0,0,0,0,0
1,1,290178,0,0,0,0,0,0,0,0,0,0
2,1,290178,15,15,15,15,15,15,15,15,15,15
1,1,290179,5,5,5,5,5,5,5,5,5,5
1,1,290180,16,16,16,16,16,16,16,16,16,16
1,1,290181,0,0,0,0,0,0,0,0,0,0
1,1,290182,22,22,22,22,22,22,22,22,22,22
2,1,290182,0,0,0,0,0,0,0,0,0,0
1,1,290183,0,14,17,0,22,18,19,45,0,22
1,1,290184,0,0,0,0,0,0,0,0,0,0
2,1,290184,0,0,0,0,0,0,0,0,0,0
1,1,290185,0,0,0,0,0,0,0,0,0,0
2,1,290185,0,0,0,0,0,0,0,0,0,0
1,1,290186,0,0,0,0,0,0,0,0,0,0
1,1,290187,0,0,0,0,0,0,0,0,0,0
2,1,290187,0,0,0,0,0,0,0,0,0,0
1,1,290188,0,0,0,0,0,0,0,0,0,0
1,1,290189,0,0,0,0,0,0,0,0,0,0
2,1,290189,0,0,0,0,0,0,0,0,0,0
1,1,290190,15,15,15,15,15,15,15,15,15,15
2,1,290190,8,9,11,8,23,13,16,13,15,12
1,1,290191,0,0,0,0,0,0,0,0,0,0
1,1,290192,0,0,0,0,0,0,0,0,0,0
0,1,290193,0,0,0,0,0,0,0,0,0,0
0,2,290193,0,0,0,0,0,0,0,0,0,0
1,1,290193,0,0,0,0,0,0,0,0,0,0
3,1,290193,0,0,0,0,0,0,0,0,0,0
1,1,290194,0,0,0,0,0,0,0,0,0,0
1,1,290195,0,0,0,0,0,0,0,0,8,0
1,1,290196,0,0,0,0,0,0,0,0,0,0
2,1,290196,9,9,9,9,9,9,9,9,9,9
1,1,290197,0,0,0,0,0,0,0,0,0,0
2,1,290197,0,0,0,0,0,0,0,0,0,0
1,1,290198,11,11,11,11,11,11,11,11,11,11
2,1,290198,0,0,0,0,0,0,0,0,0,0
1,1,290199,16,16,16,16,16,16,16,16,16,16
0,1,290200,0,0,0,0,0,0,0,0,0,0
1,1,290200,0,0,0,0,0,0,0,0,0,0
1,1,290201,0,0,0,14,8,0,0,0,0,0
2,1,290201,0,0,0,0,0,0,0,0,0,0
1,1,290202,0,0,0,0,0,0,0,0,0,0
2,1,290202,0,0,0,0,0,0,0,0,0,0
1,1,290203,22,22,22,22,22,22,22,22,22,22
1,1,290204,0,0,0,0,0,0,0,0,0,0
1,1,290205,0,0,19,0,0,0,0,0,0,0
1,1,290206,30,30,30,30,30,30,30,30,30,30
1,1,290207,0,0,0,0,0,0,0,0,0,0
2,1,290207,0,0,0,0,0,0,0,0,0,0
1,1,290208,0,0,0,0,0,0,0,0,0,0
1,1,290209,0,0,0,10,0,0,0,0,0,0
2,1,290209,4,0,0,0,0,0,0,0,0,0
1,1,290210,0,0,0,0,0,0,0,0,0,0
2,1,290210,0,0,0,0,0,0,0,0,0,0
1,1,290211,0,0,0,0,0,0,0,0,0,0
1,1,290212,19,19,19,19,19,19,19,19,19,19
0,1,290213,20,20,20,20,20,20,20,20,20,20
1,1,290213,3,3,3,3,3,3,3,3,3,3
1,1,290214,11,11,11,11,11,11,11,11,11,11
1,1,290215,0,0,0,0,0,0,0,0,0,0
2,1,290215,0,0,0,0,0,0,0,0,0,0
1,1,290216,0,0,0,0,0,0,0,0,0,0
2,1,290216,7,7,7,7,7,7,7,7,7,7
1,1,290217,10,10,10,10,10,10,10,10,10,10
1,1,290218,0,0,0,0,0,0,0,0,0,0
2,1,290218,0,0,0,0,0,0,0,0,0,0
1,1,290219,0,0,0,0,0,0,0,0,0,0
2,1,290219,0,0,0,0,0,0,0,0,0,0
1,1,290220,0,0,0,0,0,0,0,0,0,0
2,1,290220,0,0,0,0,0,0,0,0,0,0
1,1,290221,0,0,0,0,0,0,0,0,0,0
1,1,290222,0,0,0,0,0,0,0,0,0,0
2,1,290222,0,0,0,0,0,0,0,0,0,0
1,1,290223,0,0,0,0,0,0,0,0,0,0
1,1,290224,0,0,0,0,0,0,0,0,0,0
2,1,290224,0,0,0,0,0,0,0,0,0,0
1,1,290225,0,0,0,0,0,0,0,0,0,0
2,1,290225,0,0,0,0,0,0,0,0,0,0
0,1,290226,0,0,0,0,0,0,0,0,0,0
1,1,290226,0,0,0,0,0,0,0,0,0,0
1,1,290227,0,0,0,0,0,0,0,0,0,0
2,1,290227,0,0,0,0,0,0,0,0,0,0
1,1,290228,0,0,0,0,0,0,0,0,0,0
1,1,290229,9,15,14,8,12,6,19,17,7,16
1,1,290230,36,17,7,34,28,23,11,25,6,11
2,1,290230,0,0,0,0,0,0,0,0,0,0
1,1,290231,0,0,0,0,0,0,0,0,0,0
2,1,290231,0,0,0,0,0,0,0,0,0,0
3,1,290231,0,0,0,0,0,0,0,0,0,0
1,2,290232,0,0,0,0,0,0,19,0,0,0
0,1,290233,14,14,14,14,14,14,14,14,14,14
1,1,290233,0,0,0,0,0,0,0,0,0,0
1,1,290234,0,0,0,0,0,0,0,0,0,0
1,1,290235,0,0,0,0,0,0,0,0,0,0
2,1,290235,0,0,0,0,0,0,0,0,0,0
1,1,290236,0,0,0,0,0,0,0,0,0,0
2,1,290236,0,0,0,0,0,0,0,0,0,0
1,1,290237,21,21,21,21,21,21,21,21,21,21
1,1,290238,19,19,19,19,19,19,19,19,19,19
2,1,290238,0,0,0,0,0,0,0,0,0,0
1,1,290239,0,0,3,0,0,2,0,0,0,0
2,1,290239,0,0,0,0,0,0,0,0,0,0
1,1,290240,15,15,15,15,15,15,15,15,15,15
1,1,290241,7,7,7,7,7,7,7,7,7,7
1,1,290242,0,0,0,0,0,0,0,0,0,0
2,1,290242,0,0,0,0,0,0,0,0,0,0
3,1,290242,0,0,0,0,0,0,0,0,0,0
4,1,290242,0,0,0,0,0,0,0,0,0,0
1,1,290243,39,39,39,39,39,39,39,39,39,39
1,1,290244,0,0,0,0,0,0,0,0,0,0
1,1,290245,0,0,0,0,0,0,0,0,0,0
2,1,290245,0,0,0,0,0,0,0,0,0,0
1,1,290246,28,0,0,16,30,0,18,0,21,0
0,1,290247,0,27,31,0,0,0,46,0,21,0
0,2,290247,0,0,0,0,0,0,0,0,0,0
1,1,290247,0,0,0,0,0,0,0,0,0,0
2,1,290247,0,0,0,0,0,0,0,0,0,0
1,1,290248,0,0,0,0,0,0,0,0,0,0
2,1,290248,0,0,0,0,0,0,0,0,0,0
1,1,290249,4,4,4,4,4,4,4,4,4,4
1,1,290250,0,0,0,0,0,0,0,0,0,0
2,1,290250,0,0,0,0,0,0,0,0,0,0
1,1,290251,0,0,0,0,0,0,0,0,0,0
1,1,290252,0,0,10,0,0,25,0,0,6,0
1,1,290253,0,0,0,0,0,0,0,0,0,0
2,1,290253,0,0,0,0,0,0,0,0,0,0
3,1,290253,0,0,0,5,0,0,0,0,0,0
4,1,290253,0,0,0,0,0,0,0,0,0,0
0,1,290254,0,0,0,0,0,0,0,0,0,0
1,1,290254,0,0,0,0,0,0,0,0,0,0
1,1,290255,0,0,0,0,0,0,0,0,0,0
1,1,290256,0,0,0,0,0,0,0,0,0,0
1,1,290257,0,0,0,0,0,0,0,0,0,0
1,1,290258,0,0,0,0,0,0,0,0,0,0
1,1,290259,24,24,24,24,24,24,24,24,24,24
2,1,290259,0,0,0,0,0,0,0,0,0,0
1,1,290260,0,0,0,0,0,0,0,0,0,0
1,1,290261,20,20,20,20,20,20,20,20,20,20
1,1,290262,15,21,15,11,18,22,7,21,9,4
2,1,290262,8,8,8,8,8,8,8,8,8,8
1,1,290263,0,0,17,0,0,13,13,0,0,34
0,1,290264,0,0,0,0,0,0,0,0,0,0
1,1,290264,0,0,6,0,0,0,11,0,0,0
1,1,290265,0,0,0,0,0,0,0,0,0,0
2,1,290265,0,0,0,0,0,0,0,0,0,0
1,1,290266,0,0,0,0,0,0,0,0,0,0
2,1,290266,0,0,0,0,0,0,0,0,0,0
1,1,290267,0,0,0,0,0,0,0,0,0,0
2,1,290267,0,0,0,0,0,0,0,0,0,0
3,1,290267,0,0,0,0,0,0,0,0,0,0
1,1,290268,27,27,27,27,27,27,27,27,27,27
1,1,290269,1,1,1,1,1,1,1,1,1,1
1,1,290270,0,0,0,0,0,0,0,0,0,0
1,1,290271,0,0,0,0,0,0,0,0,0,0
2,1,290271,0,0,0,0,0,0,0,0,0,0
1,1,290272,19,19,19,19,19,19,19,19,19,19
2,1,290272,0,0,0,0,0,0,0,0,0,0
1,1,290273,0,0,0,0,0,0,0,0,0,0
2,1,290273,0,0,0,0,0,0,0,0,0,0
0,1,290274,0,0,0,0,0,0,0,0,0,0
1,1,290274,0,0,0,0,0,0,0,0,0,0
1,1,290275,5,5,5,5,5,5,5,5,5,5
1,1,290276,0,0,0,0,0,0,0,0,0,0
2,1,290276,0,0,0,0,0,0,0,0,0,0
3,1,290276,0,0,0,0,0,0,0,0,0,0
1,1,290277,0,0,0,0,0,0,0,0,0,0
2,1,290277,0,0,0,0,0,0,0,0,0,0
1,1,290278,0,0,0,0,0,0,0,0,0,0
2,1,290278,0,0,0,0,0,0,0,0,0,0
1,1,290279,0,0,0,0,0,0,0,0,0,0
1,1,290280,0,5,0,0,16,0,0,0,8,0
2,1,290280,0,0,0,0,0,0,0,0,0,0
1,1,290281,4,0,0,0,0,7,0,0,0,18
0,1,290282,26,26,26,26,26,26,26,26,26,26
1,1,290282,18,10,27,7,20,3,7,6,12,0
1,1,290283,0,0,0,0,0,0,0,0,0,0
2,1,290283,0,0,0,0,14,0,0,0,0,0
1,1,290284,0,0,0,0,0,0,0,0,0,0
2,1,290284,19,19,19,19,19,19,19,19,19,19
1,1,290285,0,0,0,0,0,0,0,0,0,5
2,1,290285,0,0,0,0,0,0,0,0,0,0
3,1,290285,0,0,0,2,0,0,0,0,0,0
1,1,290286,13,12,12,20,7,28,14,11,16,14
2,1,290286,7,7,7,7,7,7,7,7,7,7
1,1,290287,0,0,0,0,0,0,0,0,0,0
1,1,290288,0,0,0,0,0,0,0,0,0,0
2,1,290288,0,0,0,0,0,0,0,0,0,0
1,1,290289,0,0,0,0,0,0,0,0,0,0
2,1,290289,0,0,0,0,0,0,0,0,0,0
1,1,290290,0,0,0,0,0,0,0,0,0,0
2,1,290290,0,0,0,0,0,0,0,0,0,0
1,1,290291,19,19,19,19,19,19,19,19,19,19
1,1,290292,0,0,0,0,0,0,0,0,0,0
2,1,290292,0,0,0,0,0,0,0,0,0,0
1,1,290293,0,0,0,0,0,0,0,0,0,0
1,1,290294,0,0,0,0,0,0,0,0,0,0
2,1,290294,0,0,0,12,12,0,0,0,6,0
3,1,290294,0,0,0,0,0,0,0,0,0,0
1,1,290295,17,0,0,0,0,0,0,0,0,0
1,1,290296,9,9,9,9,9,9,9,9,9,9