VEH_NO,PER_NO,ST_CASE,P1,P2,P3,P4,P5,P6,P7,P8,P9,P10
1,1,290297,23,23,23,23,23,23,23,23,23,23
1,1,290298,14,0,0,8,15,4,11,15,8,0
1,1,290299,0,0,0,0,0,0,0,0,0,0
2,1,290299,0,0,0,0,0,0,0,0,0,0
1,1,290300,0,0,0,0,0,0,0,0,0,0
1,1,290301,0,0,0,0,0,0,13,0,0,0
2,1,290301,0,0,0,0,0,20,0,0,0,8
1,1,290302,0,0,0,9,0,0,0,0,0,0
1,1,290303,0,0,0,0,0,0,0,0,0,0
1,1,290304,0,0,0,0,0,0,0,0,0,0
2,1,290304,0,0,0,0,0,0,0,0,0,0
1,1,290305,21,21,21,21,21,21,21,21,21,21
1,1,290306,0,0,0,0,0,0,0,0,0,0
1,1,290307,6,6,6,6,6,6,6,6,6,6
1,1,290308,0,0,0,0,0,0,0,0,0,0
1,1,290309,0,0,0,0,0,0,0,0,0,0
2,1,290309,0,0,0,0,0,0,0,0,0,0
1,1,290310,0,0,0,0,0,0,0,0,0,0
2,1,290310,0,0,0,0,0,0,0,0,0,0
1,1,290311,0,0,0,0,0,0,0,0,0,0
1,1,290313,31,31,31,31,31,31,31,31,31,31
1,1,290314,0,0,0,0,0,0,0,0,0,0
1,1,290315,9,9,9,9,9,9,9,9,9,9
1,1,290316,0,0,0,0,0,0,0,0,0,0
1,1,290317,0,0,0,0,0,0,0,0,0,0
0,1,290318,0,0,0,0,0,0,0,0,0,0
0,2,290318,0,0,0,0,0,0,0,0,0,0
0,3,290318,0,0,0,0,0,0,0,0,0,0
0,4,290318,0,0,0,0,0,0,0,0,0,0
0,5,290318,0,0,0,0,0,0,0,0,0,0
1,1,290318,0,5,0,0,0,0,0,0,0,0
2,1,290318,0,0,0,0,0,0,0,0,0,0
1,1,290319,15,15,15,15,15,15,15,15,15,15
1,1,290320,17,17,17,17,17,17,17,17,17,17
2,1,290320,0,0,6,0,0,0,0,0,11,5
1,1,290321,17,17,17,17,17,17,17,17,17,17
2,1,290321,0,24,0,0,0,14,0,5,16,0
3,1,290321,10,0,7,0,0,0,0,0,14,21
1,1,290322,0,0,0,0,0,0,0,0,0,0
2,1,290322,0,0,0,0,0,0,0,0,0,0
1,1,290323,0,0,0,0,0,0,0,0,0,0
1,1,290324,0,0,0,0,0,0,0,0,0,0
2,1,290324,0,0,0,0,0,0,0,0,0,0
1,1,290325,22,22,22,22,22,22,22,22,22,22
1,1,290326,0,0,0,0,0,0,0,0,0,0
2,1,290326,0,0,0,0,0,0,0,0,0,0
1,1,290327,0,0,0,0,0,0,0,0,0,0
1,1,290328,9,13,12,13,0,18,10,2,8,14
1,1,290329,30,30,30,30,30,30,30,30,30,30
1,1,290330,0,0,0,0,0,0,0,0,0,0
1,1,290331,0,0,0,0,0,0,0,0,0,0
2,1,290331,0,0,0,0,0,0,0,0,0,0
1,1,290332,0,0,0,0,0,0,0,0,0,0
2,1,290332,0,0,0,0,0,0,0,0,0,0
1,1,290333,0,0,0,0,0,0,0,0,0,0
1,1,290334,0,0,0,0,0,0,0,0,0,0
1,1,290335,0,0,0,0,0,0,0,0,0,0
2,1,290335,26,26,26,26,26,26,26,26,26,26
1,1,290336,0,0,0,0,0,0,0,0,0,0
1,1,290337,0,0,0,0,11,24,0,0,0,0
2,1,290337,1,1,1,1,1,1,1,1,1,1
1,1,290338,17,20,25,20,9,33,29,0,14,22
1,1,290339,0,0,0,0,0,0,0,0,0,0
1,1,290340,0,0,0,0,0,0,0,0,0,0
1,1,290341,0,0,0,0,0,0,0,0,0,0
1,1,290342,13,13,13,13,13,13,13,13,13,13
1,1,290343,0,0,0,0,0,0,0,0,0,0
2,1,290343,0,0,0,0,0,0,0,0,0,0
1,1,290344,0,16,29,0,0,0,0,0,8,0
2,1,290344,0,0,19,0,0,17,0,0,0,0
3,1,290344,0,12,0,0,0,0,0,0,0,0
1,1,290345,0,0,0,0,0,0,0,0,0,0
0,1,290346,0,0,0,0,0,0,0,0,0,0
1,1,290346,7,7,7,7,7,7,7,7,7,7
1,1,290347,0,0,0,0,0,0,0,0,0,0
1,1,290348,0,0,0,0,0,0,0,0,0,0
2,1,290348,0,0,0,0,0,0,0,0,0,0
1,1,290349,0,0,0,0,0,0,0,0,0,0
2,1,290349,0,0,0,0,0,0,0,0,0,0
0,1,290350,0,0,0,0,0,0,0,0,0,0
1,1,290350,0,0,0,0,0,0,11,0,0,0
0,1,290351,0,0,0,0,0,0,0,0,0,0
1,1,290351,0,0,0,0,0,0,0,0,0,0
1,1,290352,0,0,0,0,0,0,0,0,0,0
2,1,290352,0,0,0,0,0,0,26,0,0,0
1,1,290353,0,0,0,0,0,0,0,0,0,0
2,1,290353,0,0,0,0,0,0,0,0,0,0
1,1,290354,10,10,10,10,10,10,10,10,10,10
2,1,290354,0,0,0,0,0,0,0,0,0,0
1,1,290355,0,12,33,0,0,27,0,0,12,0
1,1,290356,10,0,0,12,0,0,6,20,11,0
2,1,290356,0,0,0,0,0,0,0,0,0,0
1,1,290357,7,7,7,7,7,7,7,7,7,7
1,1,290358,0,0,0,0,0,0,0,0,0,0
2,1,290358,0,0,0,0,0,0,0,0,0,0
1,1,290359,19,19,19,19,19,19,19,19,19,19
0,1,290360,0,0,0,0,0,0,0,0,0,0
1,1,290360,0,0,0,0,0,0,0,0,0,0
1,1,290361,0,29,0,0,0,0,0,0,0,0
2,1,290361,0,0,0,0,0,0,0,0,0,0
3,1,290361,0,0,0,0,0,0,26,0,0,0
1,1,290362,0,0,0,0,0,0,0,0,0,0
2,1,290362,0,8,0,0,0,0,0,0,0,0
1,1,290363,13,13,13,13,13,13,13,13,13,13
2,1,290363,8,8,8,8,8,8,8,8,8,8
1,1,290364,0,0,0,0,0,0,0,0,0,0
2,1,290364,0,0,0,0,0,0,0,0,0,0
1,1,290365,0,0,0,0,0,0,0,0,0,0
2,1,290365,0,0,0,0,0,0,0,0,0,0
3,1,290365,0,0,0,0,0,0,0,0,0,0
1,1,290366,24,24,24,24,24,24,24,24,24,24
1,1,290367,0,0,0,0,0,0,0,0,0,0
1,1,290368,0,0,0,0,0,0,0,0,0,0
1,1,290369,0,0,0,0,0,0,0,0,0,0
1,1,290370,19,19,19,19,19,19,19,19,19,19
1,1,290371,0,0,0,0,0,0,0,0,0,0
2,1,290371,0,0,0,0,0,0,0,0,0,0
1,1,290372,18,18,18,18,18,18,18,18,18,18
2,1,290372,0,0,0,0,0,0,0,0,0,0
1,1,290373,24,24,24,24,24,24,24,24,24,24
1,1,290374,15,15,15,15,15,15,15,15,15,15
1,1,290375,0,0,0,0,0,0,0,0,0,0
2,1,290375,0,0,0,0,0,0,0,0,0,0
1,1,290376,0,0,0,0,0,0,0,0,0,0
1,1,290377,27,27,27,27,27,27,27,27,27,27
1,1,290378,0,0,0,0,0,0,0,0,0,0
1,1,290379,0,15,16,0,0,0,0,0,0,0
2,1,290379,0,0,0,17,0,0,0,10,0,0
0,1,290380,0,0,0,0,0,0,0,0,0,0
1,1,290380,0,0,0,0,0,0,0,0,0,0
0,1,290381,24,24,24,24,24,24,24,24,24,24
1,1,290381,9,23,12,13,9,17,15,13,12,4
1,1,290382,21,21,21,21,21,21,21,21,21,21
1,1,290383,0,0,0,0,0,0,0,0,0,0
2,1,290383,0,0,0,0,0,0,0,0,0,0
1,1,290384,17,13,0,0,0,0,26,0,8,9
1,1,290385,0,0,0,0,0,0,0,0,0,0
2,1,290385,0,0,0,0,0,0,0,0,0,0
1,1,290386,24,24,24,24,24,24,24,24,24,24
2,1,290386,0,0,0,0,0,0,0,0,0,0
1,1,290388,0,0,0,0,0,0,0,0,0,0
1,1,290389,0,0,0,0,0,0,0,0,0,0
2,1,290389,2,2,2,2,2,2,2,2,2,2
1,1,290390,0,0,7,0,0,0,4,0,0,10
2,1,290390,0,0,0,0,0,0,0,0,0,0
1,1,290391,0,0,0,0,0,0,0,0,0,0
1,1,290392,0,0,0,0,0,8,12,0,21,0
2,1,290392,0,0,0,0,0,0,0,0,0,0
1,1,290393,21,21,21,21,21,21,21,21,21,21
2,1,290393,0,0,0,0,0,0,0,0,0,0
1,1,290394,3,3,3,3,3,3,3,3,3,3
1,1,290395,0,0,0,0,0,0,0,0,0,0
2,1,290395,0,0,0,0,32,0,0,0,0,0
1,1,290396,27,27,27,27,27,27,27,27,27,27
2,1,290396,0,0,0,0,0,0,0,0,0,0
1,1,290397,0,0,0,0,0,0,0,0,0,0
1,1,290398,0,0,0,0,0,0,0,0,0,0
2,1,290398,0,0,0,0,0,0,0,0,0,0
1,1,290399,0,0,0,0,0,0,0,0,0,0
1,1,290400,28,28,28,28,28,28,28,28,28,28
1,1,290401,0,0,0,0,0,0,0,0,0,0
1,1,290402,0,0,0,0,0,17,0,8,8,0
1,1,290403,0,0,0,0,0,0,0,0,0,0
1,1,290404,0,0,0,0,0,0,0,0,0,0
2,1,290404,0,0,0,0,0,0,0,0,0,0
1,1,290405,0,0,0,0,0,0,0,0,0,0
2,1,290405,0,0,0,0,0,0,0,0,0,0
1,1,290406,6,6,6,6,6,6,6,6,6,6
1,1,290407,23,23,23,23,23,23,23,23,23,23
1,1,290408,11,11,11,11,11,11,11,11,11,11
1,1,290409,0,0,0,0,0,0,0,0,0,0
2,1,290409,0,0,0,0,0,0,0,0,0,0
1,1,290410,2,2,2,2,2,2,2,2,2,2
1,1,290411,0,0,26,20,20,13,0,0,20,10
0,1,290412,0,0,0,0,0,0,0,0,0,0
0,2,290412,0,16,0,0,11,27,12,19,0,43
1,1,290412,0,19,0,0,0,7,0,3,0,0
1,1,290413,13,13,13,13,13,13,13,13,13,13
1,1,290414,13,13,13,13,13,13,13,13,13,13
1,1,290415,0,0,0,0,0,0,0,0,0,0
2,1,290415,0,0,0,0,0,0,0,0,0,0
1,1,290416,0,0,0,0,0,0,0,0,0,0
2,1,290416,0,0,0,0,0,0,0,0,0,0
1,1,290417,0,0,0,0,0,0,0,0,0,0
2,1,290417,0,0,0,0,0,0,0,0,0,0
1,1,290418,20,20,20,20,20,20,20,20,20,20
1,1,290419,23,23,23,23,23,23,23,23,23,23
1,1,290420,0,0,0,0,0,0,0,0,0,0
2,1,290420,0,0,0,0,0,0,0,0,0,0
1,1,290421,0,0,39,0,0,5,0,0,0,26
1,1,290422,15,15,15,15,15,15,15,15,15,15
1,1,290423,15,15,15,15,15,15,15,15,15,15
2,1,290423,1,1,1,1,1,1,1,1,1,1
1,1,290424,0,0,8,0,24,0,16,5,11,20
1,1,290425,0,0,0,0,0,0,0,0,0,0
2,1,290425,0,0,0,0,0,0,0,0,0,0
1,1,290426,0,0,0,0,0,0,0,0,0,0
1,1,290427,10,0,0,0,0,0,0,0,0,0
1,1,290428,0,0,0,0,0,0,0,0,0,0
1,1,290429,0,0,0,0,0,0,0,0,0,0
2,1,290429,0,0,0,0,0,0,0,0,0,0
0,1,290430,30,30,30,30,30,30,30,30,30,30
1,1,290430,0,0,0,0,0,0,0,0,0,0
1,1,290431,0,0,0,0,0,0,0,0,0,0
2,1,290431,0,0,0,0,0,0,0,0,0,0
3,1,290431,0,0,0,0,0,0,0,0,0,0
4,1,290431,0,0,0,9,0,0,0,0,0,0
5,1,290431,0,0,0,0,0,0,0,0,0,0
6,1,290431,0,0,0,0,0,0,0,0,0,0
7,1,290431,0,0,0,0,0,0,0,0,0,0
8,1,290431,0,0,0,0,0,0,0,0,0,0
9,1,290431,0,0,0,0,0,0,0,0,0,0
10,1,290431,0,0,0,0,0,0,0,0,0,0
11,1,290431,0,0,0,0,0,0,0,0,0,0
1,1,290432,0,0,0,0,0,0,0,0,0,0
2,1,290432,0,0,0,0,0,0,0,0,0,0
1,1,290433,0,0,0,0,0,0,0,0,0,0
2,1,290433,15,15,15,15,15,15,15,15,15,15
1,1,290434,17,17,17,17,17,17,17,17,17,17
1,1,290435,8,8,8,8,8,8,8,8,8,8
1,1,290436,0,0,0,0,0,0,0,0,0,0
1,1,290437,0,0,0,0,0,0,0,0,0,0
2,1,290437,0,0,0,0,0,0,0,0,0,0
1,1,290438,37,12,19,17,22,7,30,25,23,23
1,1,290439,27,25,16,26,0,27,20,21,20,27
1,1,290441,12,12,12,12,12,12,12,12,12,12
1,1,290442,16,16,16,16,16,16,16,16,16,16
1,1,290443,20,19,23,23,0,20,0,19,0,29
1,1,290444,0,0,0,0,0,0,0,0,0,0
1,1,290445,0,0,0,0,0,0,0,0,0,0
2,1,290445,0,0,0,0,0,0,0,0,0,0
1,1,290446,12,23,12,30,21,14,19,29,8,10
0,1,290447,0,0,15,0,0,0,19,11,23,0
1,1,290447,6,6,6,6,6,6,6,6,6,6
1,1,290448,33,33,33,33,33,33,33,33,33,33
1,1,290449,0,0,0,0,0,0,0,0,0,0
1,1,290450,14,14,14,14,14,14,14,14,14,14
1,1,290451,16,16,16,16,16,16,16,16,16,16
1,1,290452,0,0,0,0,0,0,0,0,0,0
2,1,290452,0,0,0,0,0,0,0,0,0,0
3,1,290452,0,0,0,0,0,0,0,0,0,0
1,1,290453,0,0,14,0,0,0,0,9,0,0
1,1,290454,0,0,0,0,0,0,0,0,0,0
2,1,290454,0,0,0,0,0,0,0,0,0,0
1,1,290455,0,0,0,0,0,0,0,0,0,0
2,1,290455,0,0,0,0,0,0,0,0,0,0
1,1,290456,30,19,26,21,19,20,14,11,18,15
1,1,290457,0,0,0,0,0,0,0,0,0,0
0,1,290458,0,0,0,0,0,0,0,0,0,0
0,2,290458,0,0,0,0,0,0,0,0,0,0
1,1,290458,0,0,0,0,0,0,0,0,0,0
1,1,290459,16,16,16,16,16,16,16,16,16,16
1,1,290460,14,14,14,14,14,14,14,14,14,14
1,1,290461,0,0,0,0,0,0,0,0,0,0
2,1,290461,0,0,0,0,0,11,0,0,0,8
1,1,290462,0,0,0,0,0,0,0,0,0,0
2,1,290462,8,8,8,8,8,8,8,8,8,8
1,1,290463,19,19,19,19,19,19,19,19,19,19
2,1,290463,0,0,0,0,0,0,0,0,0,0
1,1,290464,30,30,30,30,30,30,30,30,30,30
1,1,290465,21,21,21,21,21,21,21,21,21,21
1,1,290466,0,0,0,0,0,0,0,0,0,0
2,1,290466,0,0,0,0,0,0,0,0,0,0
1,1,290468,10,10,10,10,10,10,10,10,10,10
2,1,290468,0,14,0,13,0,0,0,0,0,0
1,1,290469,8,8,8,0,0,0,8,12,23,20
0,1,290470,0,0,0,0,0,0,0,0,0,0
1,1,290470,0,0,20,0,0,0,0,0,0,12
1,1,290471,0,0,0,0,0,0,0,0,0,0
2,1,290471,0,0,0,0,0,0,0,0,0,0
1,1,290472,0,0,0,0,0,0,0,0,0,0
2,1,290472,0,0,0,0,0,0,0,0,0,0
1,1,290473,0,0,0,0,0,0,0,0,0,0
2,1,290473,0,0,0,0,0,0,0,0,0,0
1,1,290474,0,0,0,0,0,0,0,0,0,0
2,1,290474,0,0,0,0,0,0,0,0,0,0
1,1,290475,0,0,0,0,0,0,0,0,0,0
1,1,290476,0,0,0,0,0,0,0,0,0,0
1,1,290477,0,0,0,0,0,0,0,0,0,0
1,1,290478,12,10,20,8,14,33,15,19,17,28
1,1,290479,31,31,31,31,31,31,31,31,31,31
2,1,290479,0,0,0,0,0,0,0,0,0,0
1,1,290480,20,20,20,20,20,20,20,20,20,20
1,1,290481,0,0,0,0,0,0,0,0,0,0
1,1,290482,0,0,0,0,0,0,0,0,0,0
2,1,290482,0,0,0,0,0,0,0,0,0,0
1,1,290483,0,6,0,0,0,10,0,0,0,17
1,1,290484,29,29,29,29,29,29,29,29,29,29
1,1,290485,0,0,0,0,0,0,0,0,0,0
1,1,290486,0,0,0,0,0,0,0,0,0,0
1,1,290487,1,1,1,1,1,1,1,1,1,1
2,1,290487,0,0,0,9,0,0,0,0,0,0
1,1,290488,0,0,0,0,0,0,0,0,0,0
1,1,290489,29,16,31,17,26,17,14,16,24,25
1,1,290490,0,0,0,0,0,0,0,0,0,0
1,1,290491,0,0,0,0,0,0,0,0,0,0
3,1,290491,4,4,4,4,4,4,4,4,4,4
1,1,290492,14,14,14,14,14,14,14,14,14,14
1,1,290493,0,0,0,0,0,0,0,0,0,0
1,1,290494,13,8,0,2,0,0,12,0,0,0
1,1,290495,25,25,25,25,25,25,25,25,25,25
2,1,290495,12,12,12,12,12,12,12,12,12,12
1,1,290496,0,0,0,0,0,0,0,0,0,0
2,1,290496,6,0,35,0,0,0,19,0,11,6
3,1,290496,0,0,0,0,0,0,0,0,0,0
1,1,290497,22,22,22,22,22,22,22,22,22,22
1,1,290498,0,0,0,0,0,0,0,0,0,0
1,1,290499,0,0,0,0,0,0,0,0,0,0
1,1,290500,0,0,0,0,0,0,0,0,0,0
1,1,290501,26,0,14,13,12,0,10,11,16,19
1,1,290503,0,0,0,0,0,0,0,0,0,0
2,1,290503,0,0,0,0,0,0,0,0,0,0
1,1,290504,0,0,0,0,0,0,0,0,0,0
2,1,290504,0,0,0,0,0,0,0,0,0,0
1,1,290505,0,0,0,0,0,0,0,0,0,0
2,1,290505,0,0,0,0,0,0,0,0,0,0
1,1,290506,0,0,0,0,0,0,0,0,0,0
0,1,290507,0,0,0,19,21,0,0,25,10,0
0,2,290507,15,15,15,15,15,15,15,15,15,15
1,1,290507,18,18,18,18,18,18,18,18,18,18
2,1,290507,0,0,0,0,0,0,0,0,0,0
1,1,290508,1,1,1,1,1,1,1,1,1,1
1,1,290509,0,0,0,0,0,0,0,0,0,0
1,1,290510,0,0,0,0,0,0,0,0,0,0
1,1,290511,27,27,27,27,27,27,27,27,27,27
2,1,290511,0,0,0,0,0,0,0,0,0,0
1,1,290512,9,9,9,9,9,9,9,9,9,9
1,1,290513,52,6,22,20,25,37,47,16,18,12
1,1,290514,0,0,0,0,0,0,0,0,0,0
2,1,290514,0,0,0,0,0,0,0,0,0,0
1,1,290515,4,4,4,4,4,4,4,4,4,4
1,1,290516,0,0,0,0,0,0,0,0,0,0
2,1,290516,1,1,1,1,1,1,1,1,1,1
1,1,290517,0,0,0,0,0,0,0,0,0,0
2,1,290517,0,0,0,0,0,0,0,0,0,0
1,1,290518,0,0,0,0,0,0,0,0,0,0
2,1,290518,0,0,0,0,0,0,0,0,22,9
1,1,290519,25,25,25,25,25,25,25,25,25,25
1,1,290520,0,0,0,0,0,0,0,0,0,0
1,1,290521,0,0,0,0,0,0,0,0,0,0
2,1,290521,0,0,9,0,0,14,0,0,20,7
1,1,290522,0,0,0,0,0,0,0,0,0,0
2,1,290522,0,0,0,0,0,0,0,0,0,0
1,1,290523,0,0,0,0,0,0,0,0,0,0
1,1,290524,0,0,0,0,0,0,0,0,0,0
0,1,290525,36,0,18,0,0,24,21,0,23,20
1,1,290525,9,18,11,21,0,5,0,0,0,0
1,1,290526,12,12,12,12,12,12,12,12,12,12
2,1,290526,0,0,0,0,0,0,0,0,0,0
1,1,290527,21,21,21,21,21,21,21,21,21,21
1,1,290528,0,0,0,0,0,0,0,0,0,0
1,1,290529,0,0,0,0,0,0,0,0,0,0
2,1,290529,0,0,0,8,14,8,0,0,0,0
3,1,290529,0,0,0,0,0,0,0,0,0,0
4,1,290529,11,0,6,15,0,0,0,0,7,9
0,1,290530,0,7,16,0,0,20,0,0,0,0
1,1,290530,0,0,0,0,0,0,0,0,0,18
1,1,290531,0,0,0,0,0,0,0,0,0,0
2,1,290531,0,0,0,0,0,0,0,0,0,0
1,1,290532,12,12,12,12,12,12,12,12,12,12
1,1,290533,0,0,0,0,0,0,0,0,0,0
1,1,290534,0,0,0,0,0,0,0,0,0,0
1,1,290535,0,0,0,0,0,0,0,0,0,0
1,1,290536,0,0,0,0,0,0,0,0,0,0
2,1,290536,0,0,0,0,0,0,0,0,0,0
1,1,290537,20,20,20,20,20,20,20,20,20,20
1,1,290538,14,13,0,0,0,0,0,14,0,0
0,1,290539,0,0,0,0,0,0,0,0,0,0
1,1,290539,0,0,0,0,0,0,25,0,0,0
1,1,290540,0,0,0,0,0,0,0,0,0,0
2,1,290540,0,0,0,0,0,0,0,0,0,0
1,1,290541,21,21,21,21,21,21,21,21,21,21
1,1,290542,0,0,0,0,0,0,0,0,0,0
1,1,290543,0,0,0,0,0,0,0,0,0,0
2,1,290543,0,0,0,0,0,19,0,0,0,0
1,1,290544,10,10,10,10,10,10,10,10,10,10
1,1,290545,0,0,0,0,0,0,0,0,0,0
2,1,290545,0,0,0,0,0,0,0,0,5,0
1,1,290546,0,9,0,21,0,16,12,11,20,0
1,1,290547,17,17,17,17,17,17,17,17,17,17
2,1,290547,13,13,13,13,13,13,13,13,13,13
1,1,290548,0,0,0,0,0,0,0,0,0,0
0,1,290549,23,23,23,23,23,23,23,23,23,23
1,1,290549,0,0,6,0,10,0,10,0,0,17
1,1,290550,22,22,22,22,22,22,22,22,22,22
1,1,290551,14,14,14,14,14,14,14,14,14,14
1,1,290552,0,0,0,0,14,0,0,0,0,0
1,1,290553,0,0,0,0,0,0,26,12,0,0
2,1,290553,0,0,0,0,0,0,0,0,0,0
1,1,290554,6,6,6,6,6,6,6,6,6,6
2,1,290554,5,0,0,0,0,0,0,0,0,0
1,1,290555,23,23,23,23,23,23,23,23,23,23
1,1,290556,0,0,0,0,0,0,0,0,0,0
2,1,290556,0,0,0,0,0,0,0,0,0,0
1,1,290557,28,28,28,28,28,28,28,28,28,28
1,1,290558,21,0,20,0,0,0,0,0,0,0
2,1,290558,0,0,0,0,0,0,0,0,0,0
3,1,290558,3,22,22,15,15,17,16,11,33,15
1,1,290559,18,18,18,18,18,18,18,18,18,18
1,1,290560,0,0,0,0,0,0,0,0,0,0
2,1,290560,0,0,0,0,0,0,0,0,0,0
1,1,290561,19,19,19,19,19,19,19,19,19,19
1,1,290562,4,4,4,4,4,4,4,4,4,4
1,1,290563,0,0,0,0,0,0,0,0,0,0
2,1,290563,0,0,0,0,0,0,0,0,0,0
1,1,290564,0,0,0,0,0,0,0,0,0,0
2,1,290564,0,0,0,0,0,0,0,0,0,0
1,1,290565,0,0,0,0,0,0,0,0,0,0
2,1,290565,0,0,0,0,0,0,0,0,0,0
0,1,290566,0,0,0,0,0,0,0,0,0,0
1,1,290566,0,0,0,0,0,0,0,0,0,0
1,1,290567,28,28,28,28,28,28,28,28,28,28
2,1,290567,0,0,0,0,0,0,0,0,0,0
3,1,290567,0,0,5,0,0,19,14,0,0,0
1,1,290568,19,19,19,19,19,19,19,19,19,19
1,1,290569,0,0,0,0,0,0,0,0,0,0
1,1,290570,0,0,0,0,0,0,0,0,0,0
2,1,290570,0,0,0,0,0,0,0,0,0,0
1,1,290571,0,0,0,0,0,0,0,0,0,0
1,1,290572,0,0,0,0,0,0,0,0,0,0
2,1,290572,0,0,0,0,0,0,0,0,0,0
1,1,290573,0,0,0,0,0,0,17,0,17,0
1,1,290574,13,14,12,0,10,24,18,11,9,25
1,1,290575,0,0,0,0,0,0,0,0,0,0
0,1,290576,0,0,0,0,0,0,0,0,0,0
1,1,290576,1,1,1,1,1,1,1,1,1,1
1,1,290577,14,14,14,14,14,14,14,14,14,14
1,1,290578,0,0,0,0,0,0,0,0,0,0
2,1,290578,0,5,0,0,0,0,0,0,0,0
3,1,290578,0,0,0,0,8,0,2,0,30,0
1,1,290579,0,10,0,0,13,0,17,9,0,0
2,1,290579,0,0,0,0,0,0,0,0,0,0
1,1,290580,12,12,12,12,12,12,12,12,12,12
2,1,290580,0,0,0,0,0,0,0,0,0,0
1,1,290581,10,10,10,10,10,10,10,10,10,10
1,1,290582,0,0,0,0,0,0,0,0,0,0
2,1,290582,0,0,0,0,0,0,0,0,0,0
1,1,290583,0,0,0,0,0,0,0,0,0,0
1,1,290584,13,13,13,13,13,13,13,13,13,13
1,1,290585,0,0,0,0,0,0,0,0,3,0
2,1,290585,0,0,0,0,0,5,0,0,0,0
1,1,290586,0,0,0,0,0,0,0,0,0,0
1,1,290587,9,9,9,9,9,9,9,9,9,9
1,1,290588,5,5,5,5,5,5,5,5,5,5
1,1,290589,0,0,0,0,0,0,0,0,0,0
2,1,290589,0,0,0,0,0,0,0,0,0,0
1,1,290590,0,0,0,0,0,0,0,0,0,0
1,1,290591,0,0,0,0,0,0,0,0,0,0
2,1,290591,0,0,0,0,0,0,0,0,0,0
1,1,290592,0,0,0,0,0,0,0,0,0,0
2,1,290592,0,0,0,0,0,0,0,0,0,0
1,1,290593,1,1,1,1,1,1,1,1,1,1
1,1,290594,0,0,0,0,0,0,0,0,0,0
2,1,290594,0,0,0,0,0,0,0,0,0,0
0,1,290595,0,0,0,0,0,0,0,0,0,0
1,1,290595,11,24,16,0,0,25,0,24,25,0
0,1,290596,0,0,0,0,0,0,0,0,0,0
1,1,290596,0,10,11,18,17,0,0,10,0,0
1,1,290597,1,1,1,1,1,1,1,1,1,1
1,1,290598,24,24,24,24,24,24,24,24,24,24
1,1,290599,22,22,22,22,22,22,22,22,22,22
1,1,290600,0,0,0,0,0,0,0,0,0,0
2,1,290600,0,0,0,0,0,0,0,0,0,0
1,1,290601,17,0,0,0,0,0,17,0,0,0
2,1,290601,3,3,3,3,3,3,3,3,3,3
1,1,290602,0,0,0,0,0,0,0,0,0,0
2,1,290602,20,20,20,20,20,20,20,20,20,20
1,1,290603,0,0,0,0,18,0,0,0,0,0
2,1,290603,0,0,0,0,0,0,0,0,0,0
1,1,290604,16,16,16,16,16,16,16,16,16,16
1,1,290605,31,31,31,31,31,31,31,31,31,31
1,1,290606,0,0,0,0,0,0,0,0,0,0
0,1,290607,0,0,16,26,29,0,0,0,0,40
1,1,290607,0,0,0,0,0,0,0,0,0,0
2,1,290607,0,0,0,0,0,0,0,0,0,0
1,1,290608,11,19,23,34,16,24,30,23,17,23
1,1,290609,13,13,13,13,13,13,13,13,13,13
1,1,290610,0,0,0,0,0,0,0,0,0,0
1,1,290611,0,0,0,0,0,0,0,0,0,13
1,1,290612,0,0,0,0,0,0,0,0,0,0
1,1,290613,0,0,0,0,0,0,0,0,0,0
1,1,290614,3,3,3,3,3,3,3,3,3,3
2,1,290614,0,0,0,6,0,0,0,0,0,0
1,1,290615,0,4,0,0,0,0,0,0,0,0
1,1,290616,25,25,25,25,25,25,25,25,25,25
2,1,290616,0,0,0,0,0,0,0,0,0,0
0,1,290617,31,31,31,31,31,31,31,31,31,31
1,1,290617,0,0,0,6,0,0,0,0,21,0
1,1,290618,0,0,0,0,0,0,0,0,0,0
2,1,290618,0,0,0,0,0,0,0,0,0,0
1,1,290619,0,0,0,0,0,16,0,11,7,17
0,1,290620,0,0,19,32,0,19,0,12,24,0
1,1,290620,19,19,19,19,19,19,19,19,19,19
1,1,290621,19,19,19,19,19,19,19,19,19,19
1,1,290622,0,0,11,7,0,9,0,36,0,0
2,1,290622,0,0,0,0,0,0,0,0,0,0
1,1,290623,24,24,24,24,24,24,24,24,24,24
1,1,290624,0,0,0,0,0,0,0,0,0,0
1,1,290625,0,0,0,0,0,0,0,0,0,0
2,1,290625,0,0,0,0,0,0,0,0,0,0
1,1,290626,0,0,0,0,0,0,0,0,0,0
1,1,290627,31,31,31,31,31,31,31,31,31,31
1,1,290628,13,34,18,20,13,15,24,15,17,25
1,1,290629,41,0,21,19,30,0,26,19,11,17
2,1,290629,0,0,0,0,0,0,0,0,0,0
1,1,290630,0,0,0,0,0,0,0,0,10,0