VEH_NO,PER_NO,ST_CASE,P1,P2,P3,P4,P5,P6,P7,P8,P9,P10
2,1,290630,0,0,0,0,0,35,0,0,12,0
1,1,290631,0,0,0,0,0,0,0,0,0,0
2,1,290631,0,0,0,0,0,0,0,0,0,0
1,1,290632,0,0,0,0,0,0,0,0,0,0
2,1,290632,0,0,0,0,0,0,0,0,0,0
1,1,290633,0,0,0,0,0,0,0,0,0,0
1,1,290634,17,17,17,17,17,17,17,17,17,17
1,1,290635,0,0,0,0,0,0,0,0,0,0
2,1,290635,0,0,0,0,0,0,0,0,0,0
1,1,290636,0,0,0,0,0,0,0,0,0,0
2,1,290636,0,0,0,0,0,0,0,0,0,0
1,1,290637,0,0,0,0,0,0,0,0,0,0
1,1,290638,0,0,0,0,0,0,0,0,0,0
2,1,290638,0,0,0,0,0,0,0,0,0,0
3,1,290638,7,25,20,0,0,0,0,0,0,0
4,1,290638,0,0,0,5,0,0,0,11,17,0
5,1,290638,0,0,0,0,0,0,0,0,0,0
6,1,290638,0,0,0,0,0,0,0,0,0,0
7,1,290638,0,0,0,0,0,0,0,0,0,0
8,1,290638,0,0,0,0,0,0,0,0,0,0
9,1,290638,0,0,0,0,0,0,0,0,0,0
10,1,290638,0,0,0,0,0,0,0,0,0,0
1,1,290639,20,20,20,20,20,20,20,20,20,20
1,1,290640,0,0,0,0,0,0,0,0,0,0
1,1,290641,22,22,22,22,22,22,22,22,22,22
1,1,290642,26,26,26,26,26,26,26,26,26,26
1,1,290643,15,15,15,15,15,15,15,15,15,15
1,1,290644,17,17,17,17,17,17,17,17,17,17
2,1,290644,0,0,0,0,0,0,0,0,0,0
1,1,290645,0,0,0,0,0,0,0,0,0,0
2,1,290645,0,0,0,0,0,0,0,0,0,0
1,1,290646,0,0,0,0,0,0,0,0,0,0
2,1,290646,0,0,0,0,0,0,0,0,0,0
3,1,290646,0,0,0,0,0,0,0,0,0,0
4,1,290646,0,0,0,0,0,0,0,0,0,0
1,1,290647,0,0,0,0,0,0,0,0,0,0
1,1,290648,0,0,0,0,0,0,0,0,0,0
1,1,290649,0,0,0,0,0,0,0,0,0,0
2,1,290649,0,0,0,0,0,0,0,0,0,0
1,1,290650,5,0,0,0,0,0,0,16,0,0
2,1,290650,0,0,0,0,0,0,10,0,0,0
1,1,290651,0,0,0,0,0,0,0,0,0,0
2,1,290651,0,0,0,0,0,0,0,0,0,0
1,1,290652,21,21,21,21,21,21,21,21,21,21
1,1,290653,0,0,0,0,0,0,0,0,0,14
2,1,290653,0,0,0,0,0,0,0,0,0,0
1,1,290654,27,27,27,27,27,27,27,27,27,27
1,1,290655,10,0,0,0,0,0,5,0,16,0
0,1,290656,33,33,33,33,33,33,33,33,33,33
1,1,290656,0,0,0,0,0,0,0,0,0,0
0,1,290657,0,0,0,0,0,0,0,0,0,0
0,2,290657,0,18,0,16,0,0,0,32,0,0
1,1,290657,19,35,8,8,24,0,16,13,25,12
1,1,290658,15,10,0,0,17,0,7,0,21,0
1,1,290659,0,0,0,0,0,0,0,0,0,0
2,1,290659,0,0,0,0,0,0,0,0,0,0
0,1,290660,1,1,1,1,1,1,1,1,1,1
1,1,290660,0,0,0,0,0,0,0,0,0,0
0,1,290661,4,4,4,4,4,4,4,4,4,4
1,1,290661,0,0,0,0,0,0,0,0,0,0
1,1,290662,0,18,13,20,22,21,17,0,27,20
1,1,290663,13,13,13,13,13,13,13,13,13,13
0,1,290664,17,0,0,0,0,0,0,0,0,0
1,1,290664,0,0,0,0,0,0,0,0,0,0
2,1,290664,0,0,0,0,0,0,0,0,0,0
1,1,290665,0,0,0,0,0,0,0,0,0,0
2,1,290665,0,0,0,0,8,0,0,0,0,0
1,1,290666,0,0,0,0,0,0,0,0,0,0
1,1,290667,13,13,13,13,13,13,13,13,13,13
1,1,290668,7,7,7,7,7,7,7,7,7,7
2,1,290668,0,0,0,0,0,0,0,0,0,0
1,1,290669,0,0,0,0,0,0,0,0,0,0
1,1,290670,23,0,0,0,0,0,0,0,0,0
1,1,290671,16,0,13,0,17,7,19,0,3,0
2,1,290671,0,0,0,0,0,0,0,0,0,0
1,1,290672,0,0,0,0,0,0,0,0,0,0
1,1,290673,0,0,0,0,0,13,9,10,0,11
1,1,290674,19,19,19,19,19,19,19,19,19,19
1,1,290675,0,0,0,0,0,0,0,0,0,0
2,1,290675,0,0,0,0,0,0,0,0,0,0
1,1,290676,0,0,0,0,0,0,0,0,0,0
2,1,290676,0,0,0,0,0,0,0,0,0,0
3,1,290676,0,0,0,0,0,0,0,0,0,0
1,1,290677,0,0,0,0,0,0,0,0,0,0
2,1,290677,0,0,0,0,0,0,0,0,0,0
1,1,290678,21,21,21,21,21,21,21,21,21,21
2,1,290678,0,0,0,0,0,0,0,0,0,0
3,1,290678,0,13,0,19,0,0,0,0,0,0
1,1,290679,0,0,0,0,0,0,0,0,0,0
2,1,290679,0,0,0,0,0,0,0,0,0,0
1,1,290680,0,0,0,0,0,0,0,0,0,0
2,1,290680,0,0,0,0,0,2,0,0,0,0
1,1,290681,2,2,2,2,2,2,2,2,2,2
2,1,290681,0,0,0,0,0,0,0,0,0,0
1,1,290682,0,0,0,0,0,0,0,0,0,0
2,1,290682,0,0,0,0,0,0,0,0,0,0
1,1,290683,19,19,19,19,19,19,19,19,19,19
1,1,290684,0,0,0,0,0,0,0,0,0,0
2,1,290684,0,0,0,0,0,0,0,0,0,0
1,1,290685,0,0,0,0,0,0,0,0,0,0
2,1,290685,0,0,0,0,0,0,0,0,0,0
1,1,290686,19,19,19,19,19,19,19,19,19,19
0,1,290687,0,0,0,0,0,0,0,0,0,0
0,2,290687,0,0,0,0,0,0,0,0,0,0
1,1,290687,0,0,0,0,0,0,0,0,0,0
3,1,290687,0,0,0,0,0,0,0,0,0,0
1,1,290688,0,0,0,0,0,0,0,0,0,0
1,1,290689,18,18,18,18,18,18,18,18,18,18
1,1,290690,9,9,9,9,9,9,9,9,9,9
1,1,290691,0,0,0,0,0,0,0,0,0,0
1,1,290692,27,27,27,27,27,27,27,27,27,27
0,1,290693,23,23,23,23,23,23,23,23,23,23
1,1,290693,0,0,0,0,0,0,0,0,0,0
1,1,290694,0,0,0,0,0,0,0,0,0,0
1,1,290695,0,0,0,0,0,0,0,0,0,0
2,1,290695,0,0,0,0,0,0,0,0,0,0
1,1,290696,14,14,14,14,14,14,14,14,14,14
1,1,290697,24,24,24,24,24,24,24,24,24,24
1,1,290698,0,0,0,0,0,0,0,0,0,0
2,1,290698,0,0,0,0,0,0,0,0,0,0
1,1,290699,12,12,12,12,12,12,12,12,12,12
1,1,290700,3,0,5,11,0,0,15,9,17,23
1,1,290701,0,0,0,0,0,0,0,0,0,0
1,1,290702,0,0,0,0,0,0,0,0,0,0
1,1,290703,0,0,0,0,0,0,0,0,0,0
1,1,290704,0,0,0,0,0,0,0,0,0,0
2,1,290704,0,0,0,0,0,0,0,0,0,0
3,1,290704,0,0,0,0,0,0,0,0,0,0
1,1,290705,0,0,0,16,0,13,9,0,0,0
1,1,290706,0,0,0,0,0,0,0,0,0,0
0,1,290707,30,0,22,0,0,19,0,0,17,0
1,1,290707,9,6,0,12,0,21,8,6,7,0
1,1,290708,0,0,0,13,0,0,0,0,25,0
2,1,290708,25,25,25,25,25,25,25,25,25,25
1,1,290709,0,0,0,0,0,0,0,0,0,0
2,1,290709,0,0,0,0,0,0,12,0,0,0
3,1,290709,0,0,0,0,0,0,0,0,0,0
1,1,290710,0,0,0,0,0,0,0,0,0,0
2,1,290710,0,0,0,0,0,0,0,0,0,16
1,1,290711,27,27,27,27,27,27,27,27,27,27
1,1,290712,0,0,0,0,0,0,0,0,0,0
2,1,290712,0,0,0,0,0,0,0,0,0,0
1,1,290713,0,0,0,0,0,0,0,0,0,12
1,1,290714,13,13,13,13,13,13,13,13,13,13
2,1,290714,0,0,0,0,0,0,0,0,0,0
1,1,290715,15,15,15,15,15,15,15,15,15,15
2,1,290715,0,0,0,0,0,0,0,0,0,0
1,1,290716,0,0,0,0,0,0,0,0,0,0
0,1,290717,10,10,10,10,10,10,10,10,10,10
1,1,290717,0,0,0,0,0,0,0,0,0,0
1,1,290718,0,0,0,0,0,0,0,0,0,0
2,1,290718,0,0,0,0,0,0,0,0,0,0
0,1,290719,0,0,0,0,0,0,0,0,0,0
1,1,290719,0,0,0,0,0,0,0,0,0,0
1,1,290720,0,0,0,0,0,0,0,0,0,0
2,1,290720,23,23,23,23,23,23,23,23,23,23
3,1,290720,0,0,0,0,0,0,0,0,0,0
1,1,290721,0,0,0,0,0,0,0,0,0,0
2,1,290721,0,0,0,0,0,0,0,0,0,0
1,1,290722,0,0,0,0,0,0,0,0,0,0
1,1,290723,0,0,0,0,0,0,0,0,0,0
1,1,290724,2,2,2,2,2,2,2,2,2,2
0,1,290725,0,0,8,0,0,0,0,0,0,0
1,1,290725,14,0,0,0,0,0,0,0,0,0
1,1,290726,14,14,14,14,14,14,14,14,14,14
1,1,290727,21,21,21,21,21,21,21,21,21,21
0,1,290728,7,0,26,24,18,21,40,16,0,36
1,1,290728,0,0,0,0,0,0,0,0,0,0
2,1,290728,0,0,0,0,0,0,0,0,0,0
3,1,290728,0,0,0,0,0,0,0,0,0,0
1,1,290729,15,0,0,17,0,0,0,4,0,16
1,1,290730,0,0,0,0,0,0,0,0,0,0
1,1,290731,8,8,8,8,8,8,8,8,8,8
1,1,290732,10,10,10,10,10,10,10,10,10,10
1,1,290733,0,0,0,0,0,0,0,0,0,0
1,1,290734,0,0,0,0,0,0,0,0,0,0
2,1,290734,0,0,0,0,0,0,0,0,0,0
3,1,290734,0,12,0,0,0,0,0,0,0,0
1,1,290735,25,25,25,25,25,25,25,25,25,25
0,1,290736,0,0,0,0,0,0,0,0,0,0
1,1,290736,0,0,0,0,0,0,0,0,0,0
1,1,290737,0,0,0,0,0,0,0,0,0,0
2,1,290737,0,0,0,0,0,0,0,0,0,0
1,1,290738,0,0,0,0,0,0,0,0,0,0
0,1,290739,5,5,5,5,5,5,5,5,5,5
1,1,290739,15,13,8,8,0,14,13,16,12,12
1,1,290740,0,0,0,0,0,0,0,0,0,0
1,1,290741,0,0,0,0,0,0,0,0,0,0
2,1,290741,0,0,0,0,0,0,0,0,0,0
3,1,290741,0,0,0,0,0,2,0,0,0,0
1,1,290742,0,0,0,0,0,0,0,0,0,0
1,1,290743,0,0,0,0,0,0,0,0,0,0
1,1,290744,12,12,12,12,12,12,12,12,12,12
1,1,290745,22,22,22,22,22,22,22,22,22,22
1,1,290746,0,0,0,0,0,0,0,0,0,0
2,1,290746,0,0,0,0,0,0,0,0,0,0
1,1,290747,31,21,17,26,16,22,40,32,36,8
0,1,290748,0,0,0,0,0,0,0,0,0,0
1,1,290748,0,0,0,0,0,0,0,0,0,0
1,1,290749,0,0,0,0,0,0,0,0,0,0
1,1,290750,0,0,0,0,0,0,0,0,12,0
1,1,290751,26,0,0,0,23,0,0,0,0,0
1,1,290752,23,23,23,23,23,23,23,23,23,23
2,1,290752,0,0,0,0,0,0,0,0,0,0
1,1,290753,0,0,0,0,0,0,0,0,0,0
1,1,290754,0,0,0,0,0,0,0,0,0,0
2,1,290754,0,0,0,0,0,0,0,0,0,0
1,1,290755,23,23,23,23,23,23,23,23,23,23
1,1,290756,0,0,0,0,0,0,0,0,0,0
2,1,290756,0,0,0,0,0,0,0,0,0,0
1,1,290757,0,0,0,0,0,0,0,0,0,0
2,1,290757,0,0,0,0,0,0,0,0,0,0
1,1,290758,0,0,0,0,0,0,0,0,0,0
1,1,290759,0,0,0,0,13,0,0,0,0,0
1,1,290760,8,8,8,8,8,8,8,8,8,8
2,1,290760,0,0,0,0,0,0,0,0,0,0
3,1,290760,0,0,0,0,0,0,0,0,0,0
1,1,290761,0,0,0,0,0,0,0,0,0,0
2,1,290761,0,0,13,0,0,0,0,0,0,0
1,1,290762,20,20,20,20,20,20,20,20,20,20
1,1,290763,13,13,13,13,13,13,13,13,13,13
1,1,290764,0,0,0,0,0,0,0,0,0,0
1,1,290765,0,0,0,0,0,0,0,0,0,0
1,1,290766,0,0,0,0,0,0,0,0,0,0
2,1,290766,0,0,0,0,0,0,0,0,0,0
1,1,290767,0,0,0,0,0,0,0,0,0,0
1,1,290768,18,18,18,18,18,18,18,18,18,18
2,1,290768,0,0,0,0,0,0,0,0,0,0
1,1,290769,0,0,0,0,0,0,0,0,0,0
2,1,290769,0,0,0,0,0,0,0,0,0,0
1,1,290770,0,0,0,0,0,0,0,0,0,0
2,1,290770,0,0,0,0,0,0,0,0,0,0
1,1,290771,26,26,26,26,26,26,26,26,26,26
1,1,290772,0,11,0,13,6,24,9,0,0,0
1,1,290773,0,0,0,0,0,0,0,0,0,0
1,1,290774,32,0,0,0,0,0,18,0,0,0
1,1,290775,30,30,30,30,30,30,30,30,30,30
1,1,290776,13,0,0,0,0,0,15,0,26,32
1,1,290777,0,0,0,8,0,0,0,24,0,0
2,1,290777,0,0,0,0,0,0,0,0,0,0
1,1,290778,0,0,0,0,0,0,0,0,0,0
1,1,290779,0,0,0,0,0,0,0,0,0,0
1,1,290780,19,0,0,35,0,6,13,11,20,0
2,1,290780,0,0,0,0,0,0,0,0,0,0
1,1,290781,19,19,19,19,19,19,19,19,19,19
1,1,290782,0,0,0,0,0,0,0,0,0,0
2,1,290782,0,0,0,0,0,0,0,0,0,0
1,1,290783,0,0,0,0,0,0,0,0,0,0
2,1,290783,0,0,0,0,0,0,0,0,0,0
3,1,290783,0,0,0,0,0,0,0,0,0,0
1,1,290784,0,0,0,0,0,0,0,0,0,0
1,1,290785,0,0,0,31,0,0,0,0,0,17
1,1,290786,0,0,0,0,0,0,0,0,0,0
1,1,290787,0,0,0,0,0,0,0,0,0,0
2,1,290787,0,0,0,0,0,0,11,0,0,0
1,1,290788,0,0,16,0,0,8,29,18,0,0
1,1,290789,22,22,22,22,22,22,22,22,22,22
1,1,290790,0,0,0,0,0,0,0,0,0,0
1,1,290791,32,45,19,41,0,11,14,27,16,0
1,1,290792,0,0,0,0,0,0,0,0,0,0
2,1,290792,0,0,0,0,0,0,0,0,0,0
1,1,290793,0,0,0,0,0,0,0,0,0,0
2,1,290793,0,0,0,0,0,0,0,0,0,0
3,1,290793,0,0,0,0,0,0,0,0,0,0
0,1,290794,0,0,0,0,0,0,0,0,0,0
0,2,290794,0,0,0,0,0,0,0,0,0,0
1,1,290794,0,0,0,0,0,0,0,0,0,0
1,1,290795,0,0,0,0,0,0,0,0,0,0
1,1,290797,0,0,0,0,0,0,0,0,0,0
1,1,290798,10,10,10,10,10,10,10,10,10,10
1,1,290799,0,0,0,0,0,0,0,0,0,0
2,1,290799,0,0,0,0,0,3,0,0,0,0
1,1,290800,0,0,0,0,0,0,0,0,0,0
2,1,290800,0,0,0,0,0,0,0,0,0,0
3,1,290800,0,0,0,0,0,0,0,0,0,0
1,1,290801,0,0,0,0,0,0,0,0,0,0
2,1,290801,0,0,0,0,0,0,0,0,0,0
3,1,290801,0,0,0,0,0,0,0,0,0,0
1,1,290802,0,0,0,0,0,0,0,0,0,0
2,1,290802,0,0,0,0,0,0,0,0,0,0
1,1,290803,0,0,0,0,0,0,5,11,0,0
2,1,290803,0,5,13,0,0,0,0,0,0,0
1,1,290804,0,0,0,0,0,0,0,0,0,0
2,1,290804,0,0,0,12,0,0,0,0,0,0
1,1,290805,0,0,0,0,0,0,0,0,0,0
2,1,290805,0,0,0,0,0,0,0,0,0,0
1,1,290806,0,0,0,0,0,0,0,3,0,0
1,1,290807,0,0,0,0,0,0,0,0,0,15
2,1,290807,0,0,16,0,0,0,0,0,0,0
0,1,290808,0,0,26,0,26,25,29,0,31,0
1,1,290808,0,0,0,0,0,0,0,0,0,0
1,1,290809,22,22,22,22,22,22,22,22,22,22
2,1,290809,11,11,11,11,11,11,11,11,11,11
0,1,290810,0,0,0,0,0,0,0,0,0,0
1,1,290810,0,0,0,0,0,0,0,0,0,0
1,1,290811,0,17,0,0,0,0,0,0,21,0
2,1,290811,15,0,0,0,0,11,0,0,0,0
3,1,290811,14,0,7,5,0,0,0,0,0,0
1,1,290812,0,0,0,0,0,0,0,0,0,0
1,1,290813,29,29,29,29,29,29,29,29,29,29
1,1,290814,0,0,0,0,0,0,0,0,0,0
1,1,290815,9,0,0,0,0,0,0,0,0,0
2,1,290815,0,0,0,0,0,0,0,0,0,0
1,1,290816,14,14,14,14,14,14,14,14,14,14
1,1,290817,9,19,16,13,30,24,17,16,23,15
1,1,290818,6,6,6,6,6,6,6,6,6,6
1,1,290819,13,0,25,0,0,0,10,0,9,15
1,1,290820,9,9,9,9,9,9,9,9,9,9
1,1,290821,0,0,26,0,0,0,0,0,0,0
2,1,290821,0,0,0,0,0,0,0,0,0,0
1,1,290822,0,0,0,0,0,0,0,0,0,0
2,1,290822,0,0,0,0,0,0,0,0,0,0
1,1,290823,0,0,0,0,0,0,0,0,0,0
2,1,290823,0,0,0,0,0,0,0,0,0,0
1,1,290824,0,0,0,0,0,0,0,0,0,0
0,1,290825,0,0,0,0,0,0,0,0,0,0
1,1,290825,0,0,0,0,0,0,0,0,0,0
1,1,290826,0,0,0,0,0,0,0,0,0,0
1,1,290827,14,0,0,17,17,0,20,10,28,0
1,1,290828,0,0,0,0,0,0,0,0,0,0
2,1,290828,0,0,0,0,0,0,0,0,0,0
1,1,290829,27,27,27,27,27,27,27,27,27,27
2,1,290829,0,0,0,0,0,0,0,0,0,0
1,1,290830,11,11,11,11,11,11,11,11,11,11
1,1,290831,17,17,17,17,17,17,17,17,17,17
1,1,290832,0,0,0,0,0,0,0,0,0,0
2,1,290832,0,0,0,0,0,0,0,0,0,0
1,1,290833,0,0,0,25,0,9,0,0,0,0
1,1,290834,0,0,0,0,0,0,0,0,0,0
2,1,290834,0,0,0,0,0,15,0,0,0,0
1,1,290835,0,0,0,0,0,0,0,0,0,0
2,1,290835,0,0,0,0,0,0,0,0,0,0
0,1,290836,0,0,0,0,0,0,0,0,0,0
1,1,290836,0,0,4,0,0,0,0,0,0,0
2,1,290836,0,0,0,0,0,0,0,0,0,0
1,1,290837,0,5,0,0,0,0,18,0,25,0
1,1,290838,0,0,0,0,0,0,0,0,0,0
2,1,290838,0,0,0,0,0,0,0,0,0,0
3,1,290838,0,0,0,0,0,0,0,0,0,0
1,1,290839,0,0,0,0,0,0,0,0,0,0
2,1,290839,0,0,0,0,0,0,0,0,0,0
1,1,290840,0,0,0,0,0,0,0,0,0,0
2,1,290840,0,0,0,0,0,0,0,0,0,0
1,1,290841,0,0,0,0,0,0,0,0,0,0
2,1,290841,0,0,0,0,0,0,0,0,0,0
1,1,290842,0,0,0,0,0,0,0,0,0,0
0,1,290843,20,28,0,0,26,0,0,0,0,5
1,1,290843,0,10,0,0,0,0,9,0,0,0
1,1,290844,9,9,9,9,9,9,9,9,9,9
1,1,290845,28,28,28,28,28,28,28,28,28,28
2,1,290845,0,0,0,0,0,0,0,0,0,0
1,1,290846,0,0,0,20,5,0,0,16,0,0
2,1,290846,0,0,0,0,0,0,0,0,0,0
1,1,290847,0,0,0,0,0,0,0,0,0,0
2,1,290847,0,0,0,0,0,0,0,0,0,0
1,1,290848,26,26,26,26,26,26,26,26,26,26
1,1,290849,0,0,0,13,0,0,0,0,0,0
0,1,290850,0,0,0,0,0,0,0,0,0,0
1,1,290850,0,0,0,0,0,0,6,0,0,0
1,1,290851,0,0,0,0,0,0,0,0,0,0
2,1,290851,0,0,0,0,0,0,0,0,0,0
1,1,290852,15,15,15,15,15,15,15,15,15,15
1,1,290853,0,0,0,0,0,0,0,0,17,0
2,1,290853,0,0,0,0,0,0,0,0,0,0
1,1,290854,17,17,17,17,17,17,17,17,17,17
2,1,290854,0,0,0,0,0,0,0,0,0,0
3,1,290854,0,0,0,0,0,0,0,0,0,0
1,1,300001,19,19,19,19,19,19,19,19,19,19
0,1,300002,0,0,0,0,0,0,0,0,0,0
1,1,300002,0,0,0,0,0,0,7,0,0,0
1,1,300003,0,0,0,0,0,0,0,0,0,0
1,1,300004,0,0,0,0,0,0,0,0,0,0
2,1,300004,0,0,0,0,0,0,0,0,0,0
1,1,300005,0,0,0,0,0,0,0,0,0,0
1,1,300006,30,30,30,30,30,30,30,30,30,30
1,1,300007,0,0,0,0,0,0,0,0,0,0
1,1,300008,0,0,0,0,0,0,0,0,0,0
2,1,300008,0,0,0,0,0,0,0,0,0,0
1,1,300009,0,0,0,0,0,0,0,0,0,0
2,1,300009,0,0,0,0,0,0,0,0,0,0
1,1,300010,32,32,32,32,32,32,32,32,32,32
2,1,300010,0,0,0,0,0,2,5,20,0,0
0,1,300011,0,0,0,0,0,7,0,0,0,0
0,2,300011,0,34,0,0,0,0,0,0,0,0
1,1,300011,0,0,0,0,0,0,0,0,0,0
1,1,300012,22,22,22,22,22,22,22,22,22,22
2,1,300012,0,0,0,0,0,0,0,0,0,0
1,1,300013,0,0,0,0,0,0,0,0,0,0
2,1,300013,0,0,0,0,0,0,0,0,0,0
1,1,300014,0,0,0,0,0,0,0,8,0,0
1,1,300015,17,17,17,17,17,17,17,17,17,17
1,1,300016,0,0,0,0,0,0,0,0,0,0
1,1,300017,0,0,0,0,0,0,0,0,0,0
2,1,300017,0,0,0,0,0,0,0,0,0,0
1,1,300018,11,11,11,11,11,11,11,11,11,11
1,1,300019,0,0,0,0,0,0,0,0,0,0
1,1,300020,8,8,8,8,8,8,8,8,8,8
2,1,300020,0,0,0,0,0,0,0,0,0,0
1,1,300021,0,0,0,0,0,0,0,0,0,0
1,1,300022,0,0,0,0,0,0,0,0,0,0
2,1,300022,0,0,0,0,0,0,0,0,0,0
1,1,300023,29,29,29,29,29,29,29,29,29,29
1,1,300024,0,0,0,0,0,0,0,0,0,0
2,1,300024,0,0,0,0,0,0,0,0,0,0
3,1,300024,0,0,0,0,0,0,0,0,0,0
1,1,300025,0,0,0,0,0,0,0,0,0,0
1,1,300026,0,0,0,0,0,0,0,0,0,0
2,1,300026,0,0,0,0,0,0,0,0,0,0
1,1,300027,22,22,22,22,22,22,22,22,22,22
1,1,300028,0,0,0,0,0,0,0,0,0,0
2,1,300028,0,0,0,0,0,0,0,0,0,0
3,1,300028,0,0,0,0,0,0,0,0,0,0
1,1,300029,26,26,26,26,26,26,26,26,26,26
1,1,300030,0,0,0,0,0,0,0,0,3,0
2,1,300030,0,0,0,0,0,0,0,0,0,0
1,1,300031,17,17,17,17,17,17,17,17,17,17
0,1,300032,11,11,11,11,11,11,11,11,11,11
1,1,300032,0,0,0,0,0,0,0,0,0,0
0,1,300033,0,0,0,0,0,0,0,0,0,0
1,1,300033,0,0,0,0,0,0,0,0,0,0
1,1,300034,11,11,11,11,11,11,11,11,11,11
1,1,300035,0,0,0,0,15,0,3,0,0,0
1,1,300036,15,0,0,24,9,21,0,13,0,0
1,1,300037,0,20,0,14,0,12,12,0,0,7
1,1,300038,0,0,0,0,0,0,0,0,0,0
1,1,300039,21,21,21,21,21,21,21,21,21,21
2,1,300039,0,0,0,0,0,0,0,0,0,0
1,1,300040,0,0,0,0,0,0,0,0,0,0
2,1,300040,0,0,0,0,0,0,7,0,0,0
1,1,300041,24,24,24,24,24,24,24,24,24,24
1,1,300042,0,0,0,0,0,0,0,0,0,0
2,1,300042,0,0,0,0,0,0,0,0,0,0
1,1,300043,12,12,12,12,12,12,12,12,12,12
2,1,300043,0,0,0,0,0,0,0,0,0,0
1,1,300044,14,14,14,14,14,14,14,14,14,14
1,1,300045,15,15,15,15,15,15,15,15,15,15
1,1,300046,0,0,0,0,0,0,0,0,0,0
1,1,300047,0,0,0,0,0,0,0,0,0,0
1,1,300048,13,13,13,13,13,13,13,13,13,13
2,1,300048,0,0,0,0,0,0,0,0,0,0
1,1,300049,15,15,15,15,15,15,15,15,15,15
1,1,300050,6,6,6,6,6,6,6,6,6,6
1,1,300051,25,25,25,25,25,25,25,25,25,25
1,1,300052,9,9,9,9,9,9,9,9,9,9
1,1,300053,8,9,14,0,0,16,22,5,0,11
2,1,300053,0,0,0,0,0,0,0,0,0,0
0,1,300054,0,0,0,0,0,0,0,0,0,0
1,1,300054,0,0,0,0,0,0,0,0,0,0
1,1,300055,21,21,21,21,21,21,21,21,21,21
1,1,300056,0,0,0,0,0,0,0,0,0,0
2,1,300056,18,10,18,18,27,15,5,20,18,9
0,1,300057,17,0,0,0,0,0,0,0,0,0
1,1,300057,0,0,0,0,0,0,0,0,0,0
1,1,300058,28,28,28,28,28,28,28,28,28,28
1,1,300059,36,36,36,36,36,36,36,36,36,36
2,1,300059,0,0,0,0,0,0,0,0,0,0
1,1,300060,0,8,0,0,0,0,17,0,13,0
1,1,300061,0,0,0,0,0,0,0,0,0,0
2,1,300061,0,0,0,0,0,0,0,0,0,0
3,1,300061,0,0,0,0,0,0,0,0,0,0
1,1,300062,0,0,0,0,0,0,0,0,0,0
1,1,300063,0,0,0,0,0,0,0,0,0,0
1,1,300064,33,33,33,33,33,33,33,33,33,33
1,1,300065,0,0,0,0,0,0,0,0,0,0
2,1,300065,0,0,0,0,0,0,0,0,0,0
1,1,300066,11,11,11,11,11,11,11,11,11,11
2,1,300066,0,0,0,0,0,0,0,0,0,0
1,1,300067,23,23,23,23,23,23,23,23,23,23
1,1,300068,14,14,14,14,14,14,14,14,14,14
1,1,300069,20,20,20,20,20,20,20,20,20,20
1,1,300070,0,0,0,0,0,0,0,0,0,0
1,1,300071,13,13,13,13,13,13,13,13,13,13
1,1,300072,0,0,0,0,0,0,0,0,0,0
1,1,300073,16,16,16,16,16,16,16,16,16,16
1,1,300074,0,0,0,0,0,0,0,0,0,0
2,1,300074,0,0,0,0,0,0,0,0,0,0
1,1,300075,6,6,6,6,6,6,6,6,6,6
1,1,300076,0,0,0,0,0,0,0,0,0,0
1,1,300077,26,26,26,26,26,26,26,26,26,26
1,1,300078,0,0,0,0,0,0,0,0,0,0
1,1,300079,19,19,19,19,19,19,19,19,19,19
1,1,300080,0,0,0,0,0,0,0,0,0,0
1,1,300081,0,0,0,0,0,0,0,0,0,0
2,1,300081,0,0,0,0,0,0,0,0,0,0
0,1,300082,0,0,0,0,0,0,0,0,0,0
1,1,300082,0,0,0,0,0,0,0,0,0,0
1,1,300083,0,0,0,0,0,0,0,0,0,0
2,1,300083,0,0,0,0,0,0,0,0,0,0
1,1,300084,0,0,0,0,0,0,0,0,0,0
2,1,300084,0,0,0,0,0,0,0,0,0,0
1,1,300085,0,0,0,0,0,0,0,0,0,0
1,1,300086,0,0,0,0,0,0,0,0,0,0
2,1,300086,0,0,0,0,0,0,0,0,0,0
1,1,300087,0,0,0,0,0,0,0,0,0,0
2,1,300087,0,0,0,0,0,0,0,0,0,0
1,1,300088,0,0,0,0,0,0,0,0,0,0
2,1,300088,0,0,0,0,0,0,0,0,0,0
1,1,300089,0,0,0,0,0,0,0,0,0,0
2,1,300089,0,0,0,0,0,0,0,0,0,0
1,1,300090,7,7,7,7,7,7,7,7,7,7
1,1,300091,5,5,5,5,5,5,5,5,5,5
1,1,300092,0,0,0,0,0,0,0,0,0,0
2,1,300092,0,0,0,0,0,0,0,0,0,0
1,1,300093,10,10,10,10,10,10,10,10,10,10
1,1,300094,40,40,40,40,40,40,40,40,40,40
1,1,300095,0,0,0,0,0,0,0,0,0,0
1,1,300096,0,0,0,0,0,0,0,12,0,0
1,1,300097,11,11,11,11,11,11,11,11,11,11
1,1,300098,30,30,30,30,30,30,30,30,30,30