VEH_NO,PER_NO,ST_CASE,P1,P2,P3,P4,P5,P6,P7,P8,P9,P10
1,1,300099,10,23,9,32,17,24,30,16,27,18
1,1,300100,8,8,8,8,8,8,8,8,8,8
1,1,300101,17,17,17,17,17,17,17,17,17,17
1,1,300102,0,0,0,0,0,0,0,0,0,0
1,1,300103,0,0,0,0,0,0,0,0,0,0
2,1,300103,0,0,0,0,0,0,0,0,0,0
1,1,300104,0,0,0,0,0,0,0,0,0,0
1,1,300105,0,0,0,0,0,0,0,0,0,0
1,1,300106,0,0,20,3,0,0,0,0,0,0
1,1,300107,0,0,0,0,0,0,0,0,0,0
2,1,300107,0,0,0,0,0,0,0,0,0,0
1,1,300108,0,0,0,0,0,0,0,0,0,0
0,1,300109,25,25,25,25,25,25,25,25,25,25
1,1,300109,0,0,0,0,0,0,0,0,0,0
1,1,300110,23,23,23,23,23,23,23,23,23,23
1,1,300111,0,0,0,0,0,0,0,0,0,0
1,1,300112,0,0,0,0,0,0,0,0,0,0
2,1,300112,8,0,0,0,0,0,0,0,0,0
1,1,300113,4,4,4,4,4,4,4,4,4,4
2,1,300113,0,0,0,0,0,0,0,0,0,0
1,1,300114,0,0,0,0,0,0,0,0,0,0
2,1,300114,0,0,0,0,0,0,0,0,0,0
1,1,300115,0,0,0,0,0,0,0,0,0,0
1,1,300116,0,0,0,0,0,0,0,0,0,0
1,1,300117,0,0,0,0,0,0,0,0,0,0
2,1,300117,0,0,0,0,0,0,0,0,0,0
1,1,300118,0,0,0,0,0,0,0,0,0,0
1,1,300119,0,0,0,0,0,0,0,0,0,0
1,1,300120,32,32,32,32,32,32,32,32,32,32
2,1,300120,0,0,0,0,0,0,0,0,0,0
1,1,300121,21,21,21,21,21,21,21,21,21,21
1,1,300122,0,0,0,0,0,0,0,0,0,0
1,1,300123,0,0,0,0,0,0,0,0,0,0
2,1,300123,0,0,0,0,0,0,0,0,0,0
1,1,300124,0,0,0,0,0,0,0,0,0,0
0,1,300125,0,0,0,0,0,0,0,0,0,0
1,1,300125,0,0,0,0,0,0,0,0,0,0
0,1,300126,0,0,0,0,0,0,0,0,0,0
1,1,300126,0,0,0,0,0,0,0,0,0,0
1,1,300127,0,0,0,0,0,0,0,0,0,0
1,1,300128,18,18,18,18,18,18,18,18,18,18
1,1,300129,0,0,0,0,0,0,0,0,0,0
1,1,300130,0,0,0,0,0,0,0,0,0,0
1,1,300131,0,0,0,0,0,0,0,0,0,0
1,1,300132,19,19,19,19,19,19,19,19,19,19
1,1,300133,11,11,11,11,11,11,11,11,11,11
1,1,300134,0,0,0,0,0,0,13,7,0,0
1,1,300135,18,18,18,18,18,18,18,18,18,18
1,1,300136,0,0,0,0,0,0,0,0,0,0
2,1,300136,0,0,0,0,0,0,0,0,0,0
1,3,300137,0,0,0,0,0,0,0,0,0,0
1,1,300138,0,0,0,0,0,0,0,0,0,0
2,1,300138,0,0,0,0,0,0,0,0,0,0
1,1,300139,22,22,22,22,22,22,22,22,22,22
1,1,300140,0,0,0,0,0,0,0,0,0,0
2,1,300140,0,0,0,0,0,0,0,0,0,0
1,1,300141,16,16,16,16,16,16,16,16,16,16
2,1,300141,0,0,0,0,0,0,0,0,0,0
1,1,300142,0,0,0,0,0,0,0,0,0,0
1,1,300144,27,17,31,0,15,0,0,7,0,0
1,1,300145,0,8,16,5,0,0,0,8,10,0
2,1,300145,19,19,19,19,19,19,19,19,19,19
1,1,300146,0,0,0,0,0,0,0,0,0,0
1,1,300147,0,0,0,0,0,0,0,0,0,0
1,1,300148,0,0,0,0,0,0,0,0,0,0
1,1,300149,2,2,2,2,2,2,2,2,2,2
1,1,300150,0,0,0,0,0,0,0,0,0,0
0,1,300151,22,22,22,22,22,22,22,22,22,22
1,1,300151,0,0,0,0,0,0,0,0,0,0
1,1,300152,17,17,17,17,17,17,17,17,17,17
1,1,300153,0,0,0,0,0,0,0,0,0,0
1,1,300154,0,0,0,0,0,0,0,0,0,0
2,1,300154,0,0,0,0,0,0,0,0,0,0
1,1,300156,23,23,23,23,23,23,23,23,23,23
1,1,300157,0,0,0,0,0,0,0,0,0,0
1,1,300158,14,14,14,14,14,14,14,14,14,14
2,1,300158,0,0,0,0,0,0,0,0,0,0
1,1,300159,0,0,0,0,0,0,0,0,0,0
0,1,300160,0,0,0,0,0,0,0,0,0,0
1,1,300160,0,0,0,0,0,0,0,0,0,0
1,1,300161,0,0,0,0,0,0,0,0,0,0
1,1,300162,6,6,6,6,6,6,6,6,6,6
2,1,300162,0,0,0,0,0,0,0,0,0,0
1,1,300163,17,17,17,17,17,17,17,17,17,17
1,1,300164,0,0,0,0,0,0,0,0,0,0
0,1,300165,0,0,0,0,0,0,0,0,0,0
1,1,300165,0,0,0,0,0,0,0,0,0,0
1,1,300166,8,8,8,8,8,8,8,8,8,8
1,1,300167,16,16,16,16,16,16,16,16,16,16
1,1,300168,15,15,15,15,15,15,15,15,15,15
1,1,300169,0,0,0,0,0,0,0,0,0,0
2,1,300169,0,0,0,0,0,0,0,0,0,0
3,1,300169,0,0,0,0,0,0,0,0,0,0
4,1,300169,0,0,0,0,0,0,0,0,0,0
2,1,300170,0,0,0,0,0,0,0,0,0,0
1,1,300171,34,34,34,34,34,34,34,34,34,34
1,1,300172,0,0,0,0,0,0,0,0,0,0
1,1,300173,32,32,32,32,32,32,32,32,32,32
1,1,300174,13,13,13,13,13,13,13,13,13,13
1,1,300175,21,21,21,21,21,21,21,21,21,21
1,1,300176,0,0,0,0,0,0,0,0,0,0
2,1,300176,0,0,0,0,0,0,0,0,0,0
1,1,300177,0,0,0,0,0,0,0,0,0,0
2,1,300177,0,0,0,0,0,0,0,0,0,0
1,1,300178,13,13,13,13,13,13,13,13,13,13
1,1,300179,16,16,16,16,16,16,16,16,16,16
1,1,300180,18,6,10,5,12,23,14,21,22,21
1,1,300181,2,2,2,2,2,2,2,2,2,2
1,1,300182,20,20,20,20,20,20,20,20,20,20
1,1,300183,11,11,11,11,11,11,11,11,11,11
2,1,300183,0,0,0,0,0,0,0,0,0,0
1,1,300184,20,20,20,20,20,20,20,20,20,20
1,1,300185,0,0,0,0,0,0,0,0,0,0
2,1,300185,0,0,0,0,0,0,0,0,0,0
1,1,300186,0,0,0,0,0,0,0,0,0,7
2,1,300186,0,0,0,0,0,0,0,0,0,0
1,1,300187,16,16,16,16,16,16,16,16,16,16
0,1,300188,0,0,0,0,0,0,0,0,0,0
1,1,300188,14,14,14,14,14,14,14,14,14,14
1,1,300189,7,7,7,7,7,7,7,7,7,7
1,1,300190,20,20,20,20,20,20,20,20,20,20
1,1,300191,0,0,0,0,0,0,0,0,0,0
2,1,300191,0,0,0,0,0,0,0,0,0,0
1,1,300192,20,20,20,20,20,20,20,20,20,20
1,1,300193,0,0,0,0,0,0,0,0,0,0
2,1,300193,17,17,17,17,17,17,17,17,17,17
1,1,300194,0,3,0,0,0,0,0,0,10,0
1,1,300195,0,0,0,0,0,0,0,0,0,0
1,1,300196,0,0,0,0,0,0,0,0,0,0
1,1,300197,21,21,21,21,21,21,21,21,21,21
1,1,300198,17,17,17,17,17,17,17,17,17,17
1,1,300199,0,0,0,0,0,0,0,0,0,0
2,1,300199,0,0,0,0,0,0,0,0,0,0
1,1,300200,0,0,0,0,0,0,0,0,0,0
2,1,300200,0,0,0,0,0,0,0,0,0,0
1,1,300201,0,0,0,0,0,0,0,0,0,0
2,1,300201,0,0,0,0,0,0,0,0,0,0
1,1,300202,8,8,8,8,8,8,8,8,8,8
2,1,300202,0,0,0,0,0,0,0,0,0,0
1,1,300203,21,21,21,21,21,21,21,21,21,21
2,1,300203,0,0,0,0,0,0,0,0,0,0
1,1,300204,0,0,0,0,0,0,0,0,0,0
2,1,300204,0,0,0,0,0,0,0,0,0,0
1,1,300205,14,14,14,14,14,14,14,14,14,14
2,1,300205,0,0,0,0,0,0,0,0,0,0
1,1,300206,0,0,0,10,0,0,0,0,0,0
2,1,300206,0,0,0,0,0,0,0,0,0,0
1,1,300207,0,0,0,0,0,0,0,0,0,0
2,1,300207,0,0,0,0,0,0,0,0,0,0
1,1,300208,4,4,4,4,4,4,4,4,4,4
1,1,300209,0,0,0,0,0,0,0,0,0,0
2,1,300209,0,0,0,0,0,0,0,0,0,0
3,1,300209,0,0,0,0,0,0,0,0,0,0
4,1,300209,0,0,0,0,0,0,0,0,0,0
5,1,300209,0,0,0,0,0,0,0,0,0,0
6,1,300209,0,0,0,0,0,0,0,0,0,0
1,1,300210,0,0,0,0,0,0,0,0,0,0
2,1,300210,0,0,0,0,0,0,0,0,0,0
1,1,310001,0,0,0,0,0,0,0,0,0,0
1,1,310002,8,8,8,8,8,8,8,8,8,8
2,1,310002,0,0,0,0,0,0,0,0,0,0
1,1,310003,0,0,0,0,0,0,0,0,0,0
2,1,310003,0,0,0,0,0,0,0,0,0,0
1,1,310004,0,0,0,0,0,0,0,0,0,0
2,1,310004,0,0,0,0,0,0,0,0,0,0
1,1,310005,17,17,17,17,17,17,17,17,17,17
1,1,310006,0,0,0,0,0,0,0,0,0,0
2,1,310006,0,0,0,0,0,0,0,0,0,0
3,1,310006,0,0,0,0,0,0,0,0,0,0
0,1,310007,0,0,0,0,24,0,0,0,17,0
1,1,310007,0,0,0,0,0,0,0,0,0,0
1,1,310008,0,0,0,0,0,0,0,0,0,0
2,1,310008,0,0,0,0,0,0,0,0,0,0
1,1,310009,0,0,0,0,0,0,0,0,0,0
2,1,310009,22,22,22,22,22,22,22,22,22,22
1,1,310010,39,39,39,39,39,39,39,39,39,39
1,1,310011,1,1,1,1,1,1,1,1,1,1
2,1,310011,0,0,0,0,0,0,0,0,0,0
1,1,310012,0,0,0,0,0,0,0,0,0,0
2,1,310012,0,0,0,0,0,0,0,0,0,0
1,1,310013,17,17,17,17,17,17,17,17,17,17
1,1,310014,1,1,1,1,1,1,1,1,1,1
1,1,310015,24,23,11,8,0,17,22,20,19,29
1,1,310016,1,1,1,1,1,1,1,1,1,1
2,1,310016,0,0,0,0,0,0,0,0,0,0
3,1,310016,0,0,0,0,0,0,0,0,0,0
1,1,310017,0,0,0,0,0,0,0,0,0,0
2,1,310017,0,0,0,0,0,0,0,0,0,0
1,1,310018,13,13,13,13,13,13,13,13,13,13
1,1,310019,0,0,0,0,0,0,0,0,0,0
2,1,310019,0,0,0,0,0,0,0,0,0,0
1,1,310020,0,0,0,0,0,0,0,0,0,0
2,1,310020,0,0,0,0,0,0,0,0,0,0
0,1,310021,0,0,0,0,0,0,0,4,0,0
1,1,310021,0,0,0,0,0,0,0,0,0,0
1,1,310022,0,0,0,0,0,0,0,0,0,0
1,1,310023,0,0,0,0,0,0,0,0,0,0
2,1,310023,0,0,0,0,0,0,0,0,0,0
1,1,310024,0,0,0,0,0,0,0,0,0,0
2,1,310024,0,0,0,0,0,0,0,0,0,0
1,1,310025,0,0,0,0,0,0,0,0,0,0
1,1,310026,0,0,0,0,0,0,0,0,0,0
2,1,310026,0,0,0,0,0,0,0,0,0,0
1,1,310027,18,18,18,18,18,18,18,18,18,18
1,1,310028,0,0,0,0,0,0,0,0,0,0
1,1,310029,0,0,0,0,0,0,0,0,0,0
1,1,310030,0,0,0,0,0,0,0,11,0,0
2,1,310030,0,0,0,0,0,0,0,0,0,0
1,1,310031,0,0,0,0,0,0,0,0,0,0
2,1,310031,0,0,0,0,0,0,0,0,0,0
1,1,310032,0,0,0,0,0,0,0,0,0,0
1,1,310033,0,0,0,0,0,0,0,0,0,0
2,1,310033,0,0,0,0,0,0,0,0,0,0
1,1,310034,2,2,2,2,2,2,2,2,2,2
1,1,310035,12,12,12,12,12,12,12,12,12,12
1,1,310036,25,25,25,25,25,25,25,25,25,25
1,1,310037,17,17,17,17,17,17,17,17,17,17
1,1,310038,0,0,0,0,0,0,0,0,0,0
2,1,310038,0,0,0,0,0,0,0,0,0,0
1,1,310039,6,6,6,6,6,6,6,6,6,6
2,1,310039,1,1,1,1,1,1,1,1,1,1
1,1,310040,10,10,10,10,10,10,10,10,10,10
1,1,310041,0,0,0,0,0,0,0,0,0,0
2,1,310041,0,0,0,0,0,0,0,0,0,0
1,1,310042,0,0,0,0,0,0,0,0,0,0
2,1,310042,0,0,0,0,0,0,0,0,0,0
3,1,310042,0,0,0,0,0,0,0,0,0,0
1,1,310043,0,0,0,0,0,0,0,0,0,0
1,1,310044,0,0,0,0,0,0,0,0,0,0
1,1,310045,0,0,0,0,0,0,0,0,0,0
2,1,310045,0,0,0,0,0,0,0,0,0,0
1,1,310046,0,0,0,0,0,0,0,0,0,0
1,1,310047,9,9,9,9,9,9,9,9,9,9
1,1,310048,0,0,0,0,0,0,0,0,0,0
2,1,310048,0,0,0,0,0,0,0,0,0,0
1,1,310049,0,0,0,0,0,0,0,0,0,0
2,1,310049,0,0,0,0,0,0,0,0,0,0
1,1,310050,12,12,12,12,12,12,12,12,12,12
2,1,310050,0,0,0,0,0,0,0,0,0,0
1,1,310051,14,14,14,14,14,14,14,14,14,14
1,1,310052,0,0,0,0,0,0,0,0,0,0
1,1,310053,14,14,14,14,14,14,14,14,14,14
1,1,310054,0,0,0,0,0,0,0,0,0,0
2,1,310054,0,0,0,0,0,0,0,0,0,0
1,1,310055,9,9,9,9,9,9,9,9,9,9
1,1,310056,0,0,0,0,0,0,0,0,0,0
2,1,310056,0,0,0,0,0,0,0,0,0,0
1,1,310057,1,1,1,1,1,1,1,1,1,1
2,1,310057,0,0,0,0,0,0,0,0,0,0
1,1,310058,21,21,21,21,21,21,21,21,21,21
1,1,310059,0,0,0,0,0,0,0,0,0,0
1,1,310060,0,0,0,0,0,0,0,0,0,0
2,1,310060,15,15,15,15,15,15,15,15,15,15
1,1,310061,0,0,0,0,0,0,0,0,0,0
1,1,310062,0,0,0,0,0,0,0,0,0,0
1,1,310063,0,0,0,0,0,0,0,0,0,0
1,1,310064,0,0,0,0,0,0,0,0,0,0
1,1,310065,19,19,19,19,19,19,19,19,19,19
1,1,310066,0,0,0,0,0,0,0,0,0,0
2,1,310066,0,0,0,0,0,0,0,0,0,0
1,1,310067,0,0,0,0,0,0,0,0,0,0
2,1,310067,0,0,0,0,0,0,0,0,0,0
1,1,310068,0,0,0,0,0,0,0,0,0,0
2,1,310068,1,1,1,1,1,1,1,1,1,1
1,1,310069,0,0,0,0,0,0,0,0,0,0
2,1,310069,0,0,0,0,0,0,0,0,0,0
1,1,310070,0,0,0,0,0,0,0,0,0,0
1,1,310071,0,0,0,0,0,0,0,0,0,0
1,1,310072,15,0,0,0,0,0,0,0,0,0
2,1,310072,0,0,4,0,4,0,0,0,0,0
1,1,310073,0,0,0,0,0,0,0,0,0,0
1,1,310074,0,0,0,0,0,0,0,0,0,0
2,1,310074,0,0,0,0,0,0,0,0,0,0
1,1,310075,0,0,0,0,0,0,0,0,0,0
1,1,310076,22,22,22,22,22,22,22,22,22,22
1,1,310077,7,7,7,7,7,7,7,7,7,7
1,1,310078,0,0,0,0,0,0,0,0,0,0
1,1,310079,18,18,18,18,18,18,18,18,18,18
1,1,310080,18,18,18,18,18,18,18,18,18,18
1,1,310081,0,0,0,0,0,0,0,0,0,0
2,1,310081,0,0,0,0,0,0,0,0,0,0
1,1,310082,7,7,7,7,7,7,7,7,7,7
1,1,310083,0,0,0,0,0,0,0,0,0,0
1,1,310084,0,0,0,0,0,0,0,0,0,0
2,1,310084,0,0,0,0,0,0,0,0,0,0
1,1,310085,0,0,0,0,0,0,0,0,0,0
1,1,310086,0,0,0,0,0,24,0,0,0,0
1,1,310087,0,0,0,0,0,0,0,0,0,0
2,1,310087,0,0,0,0,0,0,0,0,0,0
1,1,310088,0,0,0,0,0,0,0,0,0,0
0,1,310089,14,14,14,14,14,14,14,14,14,14
1,1,310089,0,0,0,0,0,0,0,0,0,0
1,1,310090,0,0,0,0,0,0,0,0,0,0
1,1,310091,1,1,1,1,1,1,1,1,1,1
2,1,310091,0,0,0,0,0,0,0,0,0,0
0,1,310092,8,8,8,8,8,8,8,8,8,8
1,1,310092,10,10,10,10,10,10,10,10,10,10
1,1,310093,16,16,16,16,16,16,16,16,16,16
1,1,310094,4,4,4,4,4,4,4,4,4,4
2,1,310094,0,0,0,0,0,0,0,0,0,0
1,1,310095,24,24,24,24,24,24,24,24,24,24
1,1,310096,0,0,0,0,0,0,0,0,0,0
1,1,310097,16,16,16,16,16,16,16,16,16,16
1,1,310098,0,0,0,0,0,0,0,0,0,0
2,1,310098,0,0,0,0,0,0,0,0,0,0
3,1,310098,0,0,0,0,0,0,0,0,0,0
1,1,310099,0,0,0,0,0,0,0,0,0,0
1,1,310100,0,0,0,0,0,0,0,0,0,0
1,1,310101,0,0,0,0,0,0,0,0,0,0
2,1,310101,0,0,0,0,0,0,0,0,0,0
1,1,310102,29,29,29,29,29,29,29,29,29,29
1,1,310103,18,18,18,18,18,18,18,18,18,18
1,1,310104,0,0,0,0,0,0,0,0,0,0
2,1,310104,0,0,0,0,0,0,0,0,0,0
1,1,310105,13,20,33,15,13,5,5,15,11,30
1,1,310106,0,0,0,0,0,0,0,0,0,0
2,1,310106,0,0,0,0,0,0,0,0,0,0
1,1,310107,0,0,0,0,0,0,0,0,0,0
2,1,310107,0,0,0,0,0,0,0,0,0,0
1,1,310108,0,0,0,0,0,0,0,0,0,0
2,1,310108,0,0,0,0,0,0,0,0,0,0
1,1,310109,0,0,0,0,0,0,0,0,0,0
2,1,310109,0,0,0,0,0,0,0,0,0,0
1,1,310110,0,0,0,0,0,0,0,0,0,0
2,1,310110,0,0,0,0,0,0,0,0,0,0
1,1,310111,0,0,0,0,0,0,0,0,0,0
1,1,310112,0,0,0,0,0,0,0,0,0,0
1,1,310113,12,20,11,0,11,0,0,0,8,13
1,1,310114,10,10,10,10,10,10,10,10,10,10
1,1,310115,0,0,0,0,0,0,0,0,0,0
2,1,310115,0,0,0,0,0,0,0,7,0,0
1,1,310116,0,0,0,0,0,0,0,0,0,0
1,1,310117,0,0,0,0,0,0,0,0,0,0
2,1,310117,1,1,1,1,1,1,1,1,1,1
1,1,310118,0,0,0,0,0,0,0,0,0,0
2,1,310118,0,0,0,0,0,0,0,0,0,0
1,1,310119,0,0,0,0,0,0,0,0,0,0
2,1,310119,0,0,0,0,0,0,0,0,0,0
1,1,310120,0,0,0,0,0,0,0,0,0,0
2,1,310120,0,0,0,0,0,0,0,0,0,0
1,1,310121,14,14,14,14,14,14,14,14,14,14
1,1,310122,0,0,0,0,0,0,0,0,0,0
1,1,310123,17,17,17,17,17,17,17,17,17,17
1,1,310124,19,0,0,27,17,18,10,33,25,14
2,1,310125,0,0,0,0,0,0,0,0,0,0
1,1,310126,16,16,16,16,16,16,16,16,16,16
1,1,310127,0,0,0,0,0,0,0,0,0,0
2,1,310127,0,0,0,0,0,0,0,0,0,0
1,1,310128,0,0,0,0,0,0,0,0,0,0
2,1,310128,0,0,0,0,0,0,0,0,0,0
3,1,310128,0,0,0,0,0,0,0,0,0,0
1,1,310129,0,0,0,0,0,0,0,0,0,0
2,1,310129,0,0,0,23,0,0,0,0,0,0
1,1,310130,0,0,0,0,0,0,0,0,0,0
2,1,310130,0,0,0,0,0,0,0,0,0,0
1,1,310131,16,16,16,16,16,16,16,16,16,16
1,1,310132,0,0,0,0,0,0,0,0,0,0
2,1,310132,0,0,0,0,0,0,0,0,0,0
1,1,310133,24,24,24,24,24,24,24,24,24,24
1,1,310134,0,0,0,0,0,0,0,0,0,0
1,1,310135,0,0,0,0,0,0,0,0,0,0
2,1,310135,0,0,0,0,0,0,0,0,0,0
1,1,310136,0,0,0,0,0,0,0,0,0,0
2,1,310136,0,0,0,0,0,0,0,0,0,0
1,1,310137,0,0,0,0,0,0,0,0,0,0
2,1,310137,0,0,0,0,0,0,0,0,0,0
1,1,310138,0,0,0,0,0,0,0,0,0,0
2,1,310138,0,0,0,0,0,0,0,0,0,0
1,1,310139,0,0,0,0,0,0,0,0,0,0
2,1,310139,0,0,0,0,0,0,0,0,0,0
1,1,310140,0,0,0,0,0,0,0,0,0,0
1,1,310141,0,0,0,0,0,0,0,0,0,0
1,1,310142,0,0,0,0,0,0,0,0,0,0
2,1,310142,0,0,0,0,0,0,0,0,0,0
1,1,310143,16,16,16,16,16,16,16,16,16,16
2,1,310143,0,0,0,0,0,0,0,0,0,0
1,1,310144,0,0,0,0,0,0,0,0,0,0
1,1,310145,25,25,25,25,25,25,25,25,25,25
1,1,310146,16,16,16,16,16,16,16,16,16,16
1,1,310147,2,2,2,2,2,2,2,2,2,2
2,1,310147,0,0,0,0,0,0,0,0,0,0
1,1,310148,0,0,0,0,0,0,0,0,0,0
2,1,310148,0,0,0,0,0,0,0,0,0,0
1,1,310149,0,0,0,0,0,0,0,0,0,0
1,1,310150,0,0,0,0,0,0,0,0,0,0
2,1,310150,0,0,0,0,0,0,0,0,0,0
1,1,310151,0,0,0,0,0,0,0,0,0,0
2,1,310151,4,4,4,4,4,4,4,4,4,4
1,1,310152,0,0,0,0,0,0,0,0,0,0
2,1,310152,0,0,0,0,0,0,0,0,0,0
3,1,310152,0,0,0,0,0,0,0,0,0,0
1,1,310153,0,0,0,0,0,0,0,0,14,0
1,1,310154,0,0,0,0,0,0,0,0,0,0
1,1,310155,12,12,12,12,12,12,12,12,12,12
1,1,310156,0,0,0,0,0,0,0,0,0,0
2,1,310156,0,0,0,0,0,0,0,0,0,0
1,1,310157,24,24,24,24,24,24,24,24,24,24
2,1,310157,0,0,0,0,0,0,0,0,0,0
1,1,310158,23,23,23,23,23,23,23,23,23,23
1,1,310159,0,7,0,0,0,0,0,0,0,0
1,1,310160,0,0,0,0,0,0,0,0,0,0
2,1,310160,0,0,0,0,0,0,0,0,0,0
1,1,310161,0,0,0,0,0,0,0,0,0,0
2,1,310161,0,0,0,0,0,0,0,0,0,0
1,1,310162,0,0,0,0,0,0,0,0,0,0
1,1,310163,0,0,0,0,0,0,0,0,0,0
2,1,310163,0,0,0,0,0,0,0,0,0,0
1,1,310164,0,0,0,0,0,0,13,0,0,0
2,1,310164,0,0,0,0,0,0,0,0,0,0
1,1,310165,24,24,24,24,24,24,24,24,24,24
1,1,310166,0,0,0,0,0,0,0,0,0,0
2,1,310166,0,0,0,0,0,0,0,0,0,0
3,1,310166,0,0,0,0,0,0,0,0,0,0
1,1,310167,21,21,21,21,21,21,21,21,21,21
1,1,310168,0,0,0,0,0,0,0,0,0,0
1,1,310169,0,0,0,0,0,0,0,0,0,0
1,1,310170,0,0,0,0,0,0,0,0,0,0
1,1,310171,18,18,18,18,18,18,18,18,18,18
1,1,310172,0,0,0,0,0,0,0,0,0,0
2,1,310172,0,0,0,0,0,0,0,0,0,0
1,1,310173,16,16,16,16,16,16,16,16,16,16
1,1,310174,1,1,1,1,1,1,1,1,1,1
1,1,310175,21,21,21,21,21,21,21,21,21,21
1,1,310176,0,0,0,0,0,0,0,0,0,0
2,1,310176,0,0,0,0,0,0,0,0,0,0
1,1,310177,0,0,0,0,0,0,0,0,0,0
2,1,310177,0,0,0,0,0,0,0,0,0,0
1,1,310178,21,21,21,21,21,21,21,21,21,21
1,1,310179,0,0,0,0,0,0,0,0,0,0
0,1,310180,0,0,0,0,0,0,0,0,0,0
1,1,310181,0,0,0,0,0,0,0,0,0,0
2,1,310181,0,0,0,0,0,0,0,0,0,0
1,1,310182,0,0,0,0,0,0,0,0,0,0
2,1,310182,0,0,0,0,0,0,0,0,0,0
1,1,310183,28,28,28,28,28,28,28,28,28,28
1,1,310184,0,0,0,0,0,0,0,0,0,0
2,1,310184,0,0,0,0,0,0,0,0,0,0
1,1,310185,0,0,0,0,0,0,0,0,0,0
2,1,310185,0,0,0,0,0,0,0,0,0,0
1,1,310186,0,0,0,0,0,0,0,0,0,0
2,1,310186,0,0,0,0,0,0,0,0,0,0
1,1,310187,0,0,0,0,0,0,0,0,0,0
2,1,310187,0,0,0,0,0,0,0,0,0,0
1,1,310188,0,0,0,0,0,0,0,0,0,0
2,1,310188,0,0,0,0,0,0,0,0,0,0
1,1,320001,20,20,20,20,20,20,20,20,20,20
1,1,320002,0,0,0,0,0,0,0,0,0,0
1,1,320003,19,19,19,19,19,19,19,19,19,19
1,1,320004,0,0,0,0,0,0,0,0,0,0
1,1,320005,0,0,0,0,0,0,0,0,0,0
0,1,320006,0,0,0,0,0,0,0,0,0,0
1,1,320006,0,0,0,0,0,0,0,0,0,0
1,1,320007,0,0,0,0,0,0,0,0,0,0
1,1,320008,15,15,15,15,15,15,15,15,15,15
1,1,320009,0,0,0,0,0,0,0,0,0,0
0,1,320010,9,9,9,9,9,9,9,9,9,9
1,1,320010,0,0,0,0,0,0,0,0,0,0
0,1,320011,30,30,30,30,30,30,30,30,30,30
1,1,320011,15,0,0,0,0,0,0,0,0,0
1,1,320012,26,26,26,26,26,26,26,26,26,26
1,1,320013,23,23,23,23,23,23,23,23,23,23
1,1,320014,0,0,0,0,0,0,0,0,0,0
2,1,320014,0,0,0,0,0,0,0,0,0,0
1,1,320015,0,0,0,0,0,0,0,0,0,0
1,1,320016,0,0,0,0,0,0,0,0,0,0
2,1,320016,0,0,0,0,0,0,0,0,0,0
0,1,320017,0,0,0,0,0,0,0,0,0,0
1,1,320017,0,0,0,0,0,0,0,0,0,0
1,1,320018,0,0,0,0,0,0,0,0,0,0
2,1,320018,0,0,0,0,0,0,0,0,0,0
3,1,320018,0,0,0,0,0,0,0,0,0,0
4,1,320018,0,0,0,0,0,0,0,0,0,0
1,1,320019,0,0,0,0,0,0,0,0,0,0
2,1,320019,0,0,0,0,0,0,0,0,0,0
1,1,320020,0,0,0,0,0,0,0,0,0,0
2,1,320020,0,0,0,0,0,0,0,0,0,0
1,1,320021,0,0,0,0,0,0,0,0,0,0
2,1,320021,0,0,0,0,0,0,0,0,0,0
1,1,320022,0,0,0,0,0,0,0,0,0,0
2,1,320022,0,0,0,0,0,0,0,0,0,0
1,1,320023,0,0,0,0,0,0,0,0,0,0
2,1,320023,0,0,0,0,0,0,0,0,0,0
3,1,320023,0,0,0,0,0,0,0,0,0,0
4,1,320023,0,0,0,0,0,0,0,0,0,0
5,1,320023,0,0,0,0,0,0,0,0,0,0
1,1,320024,0,0,0,0,0,0,0,0,0,0
0,1,320025,25,25,25,25,25,25,25,25,25,25
1,1,320025,8,0,4,0,0,0,0,0,0,0
1,1,320027,0,0,0,0,0,0,0,0,0,0
0,1,320028,0,0,0,0,0,0,0,0,0,0
1,1,320028,4,4,4,4,4,4,4,4,4,4
1,1,320029,16,16,16,16,16,16,16,16,16,16
0,1,320030,0,0,0,0,0,0,0,0,0,0
1,1,320030,0,0,0,0,0,17,0,2,11,0
0,1,320031,26,26,26,26,26,26,26,26,26,26
1,1,320031,0,0,0,0,0,0,0,0,0,0
1,1,320032,21,21,21,21,21,21,21,21,21,21
2,1,320032,0,0,0,0,0,0,0,0,0,0
0,1,320033,0,0,0,0,0,0,0,0,0,0
1,1,320033,0,0,0,0,0,0,5,0,0,0
2,1,320033,0,0,0,14,0,0,0,0,0,4
1,1,320034,0,0,0,0,0,0,0,0,0,0
2,1,320034,0,0,0,0,0,0,0,0,0,0
1,1,320035,0,0,0,0,0,0,0,0,0,0
2,1,320035,0,0,0,0,0,0,0,0,0,0
1,1,320036,18,18,18,18,18,18,18,18,18,18
0,1,320037,37,37,37,37,37,37,37,37,37,37
1,1,320037,22,8,0,13,0,0,16,0,8,0
1,1,320038,23,23,23,23,23,23,23,23,23,23
1,1,320039,0,0,0,0,0,0,0,0,0,0
1,1,320040,0,0,0,0,0,0,0,0,0,0
2,1,320040,0,0,0,0,0,0,0,0,0,0