VEH_NO,PER_NO,ST_CASE,P1,P2,P3,P4,P5,P6,P7,P8,P9,P10
1,1,320041,21,21,21,21,21,21,21,21,21,21
1,1,320042,0,0,0,0,0,0,0,0,0,0
1,1,320043,20,20,20,20,20,20,20,20,20,20
1,1,320044,0,0,0,0,0,0,0,0,0,0
2,1,320044,0,0,0,0,0,0,0,0,0,0
1,1,320045,0,0,0,0,0,0,0,0,0,0
2,1,320045,0,0,0,0,0,0,0,0,0,0
1,1,320046,0,0,0,0,0,0,0,0,0,0
2,1,320046,0,0,0,0,0,0,0,0,0,0
1,1,320047,0,14,0,0,0,0,0,0,0,0
1,1,320048,0,0,0,0,0,0,0,0,0,0
1,1,320049,30,30,30,30,30,30,30,30,30,30
1,1,320050,0,0,0,0,0,0,0,0,0,0
1,1,320051,0,0,0,0,0,0,0,0,0,0
1,1,320052,0,0,0,0,0,0,0,0,0,0
2,1,320052,0,0,0,0,0,0,0,0,0,0
0,1,320053,0,0,0,0,0,0,0,0,0,0
1,1,320053,0,0,0,0,0,0,0,0,0,0
0,1,320054,0,0,0,0,0,0,0,0,0,0
1,1,320054,12,0,14,0,23,0,0,4,0,0
1,1,320055,0,0,0,0,0,0,0,0,0,0
2,1,320055,0,0,0,0,0,0,0,0,0,0
1,1,320056,0,0,0,0,0,0,0,0,0,0
2,1,320056,0,0,0,0,0,0,0,0,0,0
3,1,320056,0,0,0,0,0,0,0,0,0,0
1,1,320057,0,0,0,0,0,0,0,0,0,0
2,1,320057,0,0,0,0,0,0,0,0,0,0
0,1,320058,24,0,0,20,0,0,0,30,0,3
0,2,320058,27,8,22,31,0,15,0,16,13,13
1,1,320058,0,0,0,0,0,0,0,0,0,0
2,1,320058,0,11,0,0,0,0,0,0,0,0
1,1,320059,0,0,0,0,0,0,0,0,0,0
2,1,320059,0,0,0,0,0,0,0,0,0,0
1,1,320060,0,0,0,0,0,0,0,0,0,0
2,1,320060,0,0,0,0,0,0,0,0,0,0
1,1,320061,18,18,18,18,18,18,18,18,18,18
1,1,320062,0,0,0,0,0,0,0,0,0,0
1,1,320063,27,27,27,27,27,27,27,27,27,27
0,1,320064,0,0,0,0,0,0,0,0,0,0
1,1,320064,0,0,0,0,0,0,0,0,0,0
0,1,320065,0,0,0,0,0,0,0,0,0,0
0,2,320065,0,0,0,0,0,0,0,0,0,0
1,1,320065,0,0,0,0,0,0,0,0,0,0
1,1,320066,0,0,0,0,0,0,0,0,0,0
2,1,320066,0,0,0,0,0,0,0,0,0,0
1,1,320067,9,9,9,9,9,9,9,9,9,9
1,1,320068,0,0,0,0,0,0,0,0,0,0
0,1,320069,0,0,0,0,0,0,0,0,0,0
1,1,320069,14,14,14,14,14,14,14,14,14,14
1,1,320070,0,0,0,0,0,0,0,0,0,0
1,1,320071,0,0,0,0,0,0,0,0,0,0
2,1,320071,0,0,0,0,19,0,0,0,0,0
1,1,320072,23,23,23,23,23,23,23,23,23,23
1,1,320073,0,0,0,0,0,0,0,0,0,0
0,1,320074,0,0,0,0,0,0,0,0,0,0
1,1,320074,0,0,0,0,0,0,0,0,0,12
1,1,320075,12,12,12,12,12,12,12,12,12,12
1,1,320076,27,27,27,27,27,27,27,27,27,27
1,1,320077,0,0,0,6,0,0,0,0,0,0
2,1,320077,0,0,0,0,0,0,0,0,0,0
1,1,320078,17,17,17,17,17,17,17,17,17,17
1,1,320079,0,0,0,0,0,0,0,0,0,0
1,1,320080,9,9,9,9,9,9,9,9,9,9
1,1,320081,0,0,0,0,0,0,0,0,0,0
2,1,320081,0,0,0,0,4,0,0,0,0,0
0,1,320082,0,0,0,0,0,0,0,0,0,0
1,1,320082,0,0,0,0,0,0,0,0,0,0
1,1,320083,0,0,0,0,0,0,0,0,0,0
1,1,320084,0,0,0,0,0,0,0,0,0,0
1,1,320085,39,39,39,39,39,39,39,39,39,39
1,1,320086,0,0,0,0,0,0,0,0,0,0
2,1,320086,0,0,0,0,0,0,0,0,0,0
1,1,320087,0,0,12,0,0,0,0,0,0,0
2,1,320087,0,0,0,0,0,0,0,0,0,0
3,1,320087,0,0,0,0,0,0,0,0,0,0
1,1,320088,18,18,18,18,18,18,18,18,18,18
1,1,320089,12,12,12,12,12,12,12,12,12,12
1,1,320090,2,0,0,0,0,18,0,0,0,0
0,1,320091,0,0,0,0,0,0,0,0,0,0
1,1,320091,0,0,0,0,0,0,0,0,0,0
1,1,320092,25,25,25,25,25,25,25,25,25,25
1,1,320093,5,5,5,5,5,5,5,5,5,5
2,1,320093,0,0,0,0,0,0,0,0,0,0
1,1,320094,24,24,24,24,24,24,24,24,24,24
2,1,320094,0,0,0,0,0,0,0,0,0,0
1,1,320095,0,0,0,0,0,0,0,0,0,0
1,1,320096,0,0,0,0,0,0,0,0,0,0
0,1,320097,0,0,0,0,0,0,0,0,0,0
1,1,320097,0,0,0,0,0,0,9,0,0,0
1,1,320099,0,0,0,0,0,0,0,0,0,0
2,1,320099,4,4,4,4,4,4,4,4,4,4
1,1,320100,17,17,17,17,17,17,17,17,17,17
1,1,320101,24,24,24,24,24,24,24,24,24,24
1,1,320102,0,7,0,0,0,0,0,0,0,0
2,1,320102,18,18,18,18,18,18,18,18,18,18
1,1,320103,0,0,0,0,0,0,0,0,0,0
2,1,320103,13,13,13,13,13,13,13,13,13,13
0,1,320104,17,17,17,17,17,17,17,17,17,17
1,1,320104,0,0,0,0,0,0,0,0,0,0
1,1,320105,0,0,0,0,0,0,0,0,0,0
2,1,320105,0,0,0,0,0,0,0,0,0,0
1,1,320106,0,0,0,0,0,0,0,0,0,0
2,1,320106,0,0,0,0,0,0,0,0,0,0
1,1,320107,0,0,0,0,0,0,0,0,0,0
2,1,320107,0,0,0,0,0,0,0,0,0,0
1,1,320108,0,0,0,0,0,0,0,0,0,0
1,1,320109,0,0,0,0,0,0,0,0,0,0
1,1,320110,0,0,0,0,0,0,0,0,0,0
1,1,320111,0,0,0,0,0,0,0,0,0,0
2,1,320111,0,0,0,0,0,0,0,0,0,0
1,1,320112,0,0,0,0,0,0,0,0,0,0
2,1,320112,0,0,0,0,0,0,0,0,9,0
1,1,320113,19,19,19,19,19,19,19,19,19,19
1,1,320114,15,15,15,15,15,15,15,15,15,15
1,1,320115,0,0,0,0,0,0,0,0,0,0
1,1,320116,0,0,0,0,0,0,0,0,0,0
2,1,320116,0,0,0,0,0,0,0,0,0,0
0,1,320117,0,0,0,0,0,0,0,0,0,0
1,1,320117,20,20,20,20,20,20,20,20,20,20
2,1,320117,0,0,0,0,0,0,0,0,0,0
1,1,320118,0,0,0,0,0,0,0,0,0,0
2,1,320118,0,0,0,0,0,0,0,0,0,0
1,1,320119,12,12,12,12,12,12,12,12,12,12
2,1,320119,0,0,0,0,0,0,0,0,0,0
1,1,320120,27,27,27,27,27,27,27,27,27,27
2,1,320120,0,0,0,9,0,0,0,0,0,0
1,1,320121,0,0,0,0,0,0,0,0,0,0
2,1,320121,7,7,7,7,7,7,7,7,7,7
1,1,320122,0,0,0,0,0,0,0,0,0,0
2,1,320122,0,0,0,0,0,0,0,0,0,0
1,1,320123,0,0,0,0,0,0,0,0,0,0
1,1,320124,0,0,0,0,0,0,0,0,0,0
1,1,320125,0,0,0,0,0,0,0,0,0,0
1,1,320126,0,0,0,0,0,0,0,0,0,0
1,1,320127,0,0,0,0,0,0,0,0,0,0
2,1,320127,0,0,0,0,0,0,0,0,0,0
1,1,320128,18,18,18,18,18,18,18,18,18,18
2,1,320128,0,0,0,0,0,0,0,0,0,3
1,1,320129,7,7,7,7,7,7,7,7,7,7
1,1,320130,0,0,0,0,0,0,0,0,0,0
1,1,320131,13,13,13,13,13,13,13,13,13,13
2,1,320131,0,0,0,0,0,0,0,0,0,0
1,1,320132,0,0,0,0,0,0,0,0,0,0
2,1,320132,0,0,0,0,0,5,0,0,0,0
1,1,320133,0,0,0,0,0,0,0,0,0,0
0,1,320134,0,0,0,0,0,0,0,0,0,0
1,1,320134,0,0,0,0,0,0,0,0,0,0
2,1,320134,0,0,0,0,0,0,0,0,0,0
1,1,320135,14,0,18,0,0,0,0,29,0,0
1,1,320136,0,0,0,0,0,0,0,0,0,0
2,1,320136,0,0,0,0,0,0,0,0,0,0
1,1,320137,23,23,23,23,23,23,23,23,23,23
2,1,320137,0,0,0,0,0,0,0,0,0,0
0,1,320138,0,0,0,0,0,0,0,0,0,0
1,1,320138,0,0,0,0,0,0,0,0,0,0
0,1,320139,20,20,20,20,20,20,20,20,20,20
1,1,320139,0,0,0,0,0,7,0,0,0,0
2,1,320139,0,0,0,0,0,0,0,0,0,0
0,1,320140,0,0,0,0,0,0,0,0,0,0
1,1,320140,0,0,0,0,0,0,0,0,0,0
1,1,320141,0,0,0,0,0,0,0,0,0,0
2,1,320141,0,0,0,0,0,0,0,0,0,0
0,1,320142,19,19,19,19,19,19,19,19,19,19
1,1,320142,0,0,0,0,0,0,0,0,0,0
1,1,320143,0,0,0,0,0,0,0,0,0,0
0,1,320144,0,0,0,0,0,0,0,0,0,0
1,1,320144,0,2,0,0,2,0,0,0,0,0
1,1,320145,0,0,0,0,0,0,0,0,0,0
2,1,320145,0,0,0,0,0,0,0,0,0,0
1,1,320146,0,0,0,0,0,0,0,0,0,0
1,1,320147,0,0,0,0,0,0,0,0,0,0
2,1,320147,0,0,0,0,0,0,0,0,0,0
1,1,320148,0,0,0,0,0,0,0,0,0,0
0,1,320149,0,0,0,0,0,0,0,0,0,0
1,1,320149,0,0,0,0,0,0,0,0,0,0
1,1,320150,0,0,0,0,0,0,0,0,0,0
2,1,320150,0,0,0,0,0,0,0,0,0,0
1,1,320151,5,5,5,5,5,5,5,5,5,5
1,1,320152,0,0,0,0,0,0,0,0,0,0
1,1,320153,0,0,0,0,0,0,0,0,0,0
0,1,320154,0,0,0,0,0,0,0,0,0,0
1,1,320154,13,13,13,13,13,13,13,13,13,13
1,1,320155,0,0,0,0,0,0,0,0,0,0
1,1,320156,6,6,6,6,6,6,6,6,6,6
2,1,320156,0,0,0,0,0,0,0,0,0,0
1,1,320157,0,0,0,0,0,0,0,0,0,0
2,1,320157,0,0,0,0,8,0,0,0,0,0
1,1,320158,0,0,0,0,0,0,0,0,0,0
1,1,320159,23,23,23,23,23,23,23,23,23,23
1,1,320160,16,16,16,16,16,16,16,16,16,16
2,1,320160,0,0,0,0,0,0,0,0,0,0
1,1,320161,0,0,0,0,0,0,0,0,0,0
1,1,320162,18,18,18,18,18,18,18,18,18,18
1,1,320163,8,0,0,0,0,0,0,0,0,17
0,1,320164,0,0,0,0,0,0,0,0,0,0
1,1,320164,11,0,0,0,0,0,0,0,0,0
0,1,320165,0,0,0,0,0,0,0,0,0,0
0,2,320165,0,0,0,0,0,0,0,0,0,0
1,1,320165,0,0,0,0,0,0,0,0,0,0
1,1,320166,0,0,0,0,0,0,0,0,0,0
2,1,320166,0,0,0,0,0,0,0,0,0,0
3,1,320166,0,0,0,0,0,0,0,0,0,0
1,1,320167,0,0,0,0,0,0,0,0,0,0
2,1,320167,0,0,0,0,0,0,0,0,0,0
1,1,320168,0,0,0,0,0,0,0,0,0,0
1,1,320169,25,25,25,25,25,25,25,25,25,25
2,1,320169,0,0,0,0,0,0,0,0,0,13
1,1,320170,20,20,20,20,20,20,20,20,20,20
1,1,320171,0,0,0,0,0,0,0,0,0,0
1,1,320172,23,23,23,23,23,23,23,23,23,23
1,1,320174,0,0,0,0,0,0,0,0,0,0
1,1,320175,0,0,0,0,0,0,0,0,0,5
0,1,320176,0,0,0,0,0,0,0,0,0,0
1,1,320176,0,0,0,0,0,0,0,0,0,0
0,1,320177,30,30,30,30,30,30,30,30,30,30
1,1,320177,0,0,8,0,0,11,5,0,0,0
0,1,320178,9,9,9,9,9,9,9,9,9,9
1,1,320178,0,0,0,6,0,0,0,0,0,0
1,1,320179,0,0,0,0,0,0,0,0,0,0
2,1,320179,0,0,0,0,0,0,0,0,0,0
1,1,320180,23,23,23,23,23,23,23,23,23,23
2,1,320180,0,0,0,0,0,0,0,0,0,0
1,1,320181,22,22,22,22,22,22,22,22,22,22
1,1,320182,0,0,0,0,0,0,0,0,0,0
2,1,320182,0,0,0,0,0,0,0,0,0,0
3,1,320182,0,0,0,0,0,0,0,0,0,0
1,1,320183,0,0,0,0,0,0,0,0,0,0
1,1,320184,0,0,0,0,0,0,0,0,0,0
0,1,320185,0,0,0,0,0,0,0,0,0,0
1,1,320185,0,0,0,0,3,0,2,0,0,0
0,1,320186,0,0,0,0,0,0,0,0,0,0
1,1,320186,0,0,0,0,0,0,0,0,0,0
1,1,320187,0,0,0,0,0,0,0,0,0,0
1,1,320188,0,0,0,0,0,0,0,0,0,0
1,1,320189,24,24,24,24,24,24,24,24,24,24
1,1,320190,22,22,22,22,22,22,22,22,22,22
0,1,320191,0,0,0,0,0,0,0,0,0,0
1,1,320191,0,0,0,0,0,0,0,0,0,0
1,1,320192,0,0,0,0,0,0,0,0,0,0
0,1,320193,0,0,0,0,0,0,0,0,0,0
1,1,320193,0,0,0,0,0,0,0,0,9,0
1,1,320194,0,0,0,0,0,0,0,0,0,0
2,1,320194,0,0,0,0,0,0,0,0,0,0
3,1,320194,0,0,0,0,0,0,0,0,0,0
1,1,320195,29,29,29,29,29,29,29,29,29,29
2,1,320195,0,0,0,0,0,0,0,0,0,0
1,1,320196,0,0,0,0,0,0,0,0,0,0
2,1,320196,0,24,0,0,0,0,0,0,0,0
1,1,320197,0,0,0,0,0,0,0,0,0,0
1,1,320198,0,0,0,0,0,0,0,0,0,0
2,1,320198,0,0,0,0,0,0,0,0,0,0
1,1,320199,18,18,18,18,18,18,18,18,18,18
2,1,320199,25,25,25,25,25,25,25,25,25,25
1,1,320200,0,0,0,0,0,0,0,0,0,0
2,1,320200,0,0,0,0,0,0,0,0,0,0
1,1,320201,13,13,13,13,13,13,13,13,13,13
2,1,320201,0,0,0,0,0,0,0,0,0,0
1,1,320202,0,0,0,0,0,0,0,0,0,0
2,1,320202,0,0,0,0,0,0,0,0,0,0
1,1,320203,0,0,0,0,0,0,0,0,0,0
2,1,320203,0,0,0,0,0,0,0,0,0,0
3,1,320203,0,0,0,0,0,0,0,0,0,0
1,1,320204,0,0,0,0,0,0,0,19,0,0
1,1,320205,0,0,0,0,0,0,0,0,0,0
2,1,320205,0,0,0,0,0,0,0,0,0,0
1,1,320206,0,0,0,0,0,0,0,0,0,0
1,1,320207,9,9,9,9,9,9,9,9,9,9
1,1,320208,14,14,14,14,14,14,14,14,14,14
1,1,320209,2,2,2,2,2,2,2,2,2,2
2,1,320209,0,0,0,0,0,0,0,0,0,0
1,1,320210,14,14,14,14,14,14,14,14,14,14
1,1,320211,22,22,22,22,22,22,22,22,22,22
2,1,320211,0,0,0,0,0,0,0,0,0,0
1,1,320212,11,11,11,11,11,11,11,11,11,11
1,1,320213,22,22,22,22,22,22,22,22,22,22
1,1,320214,0,0,0,0,0,0,0,0,0,0
1,1,320215,26,26,26,26,26,26,26,26,26,26
0,1,320216,0,0,0,0,0,0,0,0,0,0
1,1,320216,0,0,13,0,0,0,0,0,0,0
0,1,320217,0,0,0,0,0,0,0,0,0,0
1,1,320217,0,0,0,0,0,0,0,0,0,0
1,1,320218,27,27,27,27,27,27,27,27,27,27
1,1,320219,26,26,26,26,26,26,26,26,26,26
1,1,320220,0,0,0,0,0,0,0,0,0,0
2,1,320220,0,0,0,0,0,0,0,0,0,0
3,1,320220,0,0,0,0,0,0,0,0,0,0
1,1,320221,4,4,4,4,4,4,4,4,4,4
2,1,320221,0,0,0,4,0,0,0,0,0,0
1,1,320222,0,0,0,0,0,0,0,0,0,0
2,1,320222,7,7,7,7,7,7,7,7,7,7
1,1,320223,16,16,16,16,16,16,16,16,16,16
1,1,320224,0,0,0,0,0,0,0,0,0,0
2,1,320224,0,0,0,0,0,0,0,0,0,0
1,1,320225,0,0,0,0,0,0,0,0,0,0
2,1,320225,0,0,0,0,0,0,0,0,0,0
1,1,320226,19,19,19,19,19,19,19,19,19,19
2,1,320226,0,0,0,0,0,0,0,0,0,0
1,1,320227,13,13,13,13,13,13,13,13,13,13
2,1,320227,0,0,0,0,0,0,14,0,0,0
1,1,320228,10,10,10,10,10,10,10,10,10,10
2,1,320228,10,10,10,10,10,10,10,10,10,10
1,1,320229,3,3,3,3,3,3,3,3,3,3
1,1,320230,0,0,0,0,0,0,0,0,0,0
2,1,320230,0,0,0,0,0,0,0,0,0,0
1,1,320231,6,6,6,6,6,6,6,6,6,6
2,1,320231,0,0,0,0,0,0,0,0,0,0
1,1,320232,0,0,0,0,0,0,0,0,0,0
2,1,320232,0,0,0,0,0,0,0,0,0,0
1,1,320233,0,0,0,0,0,0,0,0,0,0
2,1,320233,0,0,0,0,0,0,0,0,0,0
1,1,320234,0,0,0,0,0,0,0,0,0,0
2,1,320234,10,0,0,0,0,0,31,5,0,27
1,1,320235,0,0,0,0,0,0,0,0,0,0
2,1,320235,0,0,0,0,0,0,0,0,0,0
1,1,320236,19,19,19,19,19,19,19,19,19,19
1,1,320237,0,0,0,0,0,0,0,0,0,0
0,1,320238,0,0,0,0,0,0,0,0,0,0
1,1,320238,0,0,0,0,0,0,0,0,0,0
0,1,320239,0,0,0,0,0,0,0,0,0,0
0,2,320239,0,0,16,0,0,0,0,0,13,0
0,3,320239,0,0,22,0,0,22,0,0,0,0
0,4,320239,0,0,0,0,0,0,0,0,0,0
0,5,320239,0,0,0,0,0,0,7,0,0,0
0,6,320239,0,0,0,0,0,0,0,0,0,0
1,1,320239,0,0,0,0,0,0,0,0,0,0
0,1,320240,0,0,0,0,0,0,0,0,0,0
1,1,320240,0,0,0,0,0,0,0,0,0,0
1,1,320241,12,12,12,12,12,12,12,12,12,12
1,1,320242,0,0,0,0,0,0,0,0,0,0
0,1,320243,0,0,0,0,0,0,0,0,0,0
1,1,320243,0,0,0,0,0,0,0,0,0,0
0,1,320244,5,5,5,5,5,5,5,5,5,5
1,1,320244,0,0,0,0,0,0,0,0,0,0
1,1,320245,0,0,0,0,0,0,0,0,0,0
1,1,320246,0,0,0,0,0,0,0,0,0,0
1,1,320247,15,15,15,15,15,15,15,15,15,15
1,1,320248,12,12,12,12,12,12,12,12,12,12
0,1,320249,0,0,0,0,0,0,0,0,0,0
1,1,320249,0,0,0,0,0,0,0,0,0,0
1,1,320250,0,0,0,0,0,0,0,0,0,0
2,1,320250,0,0,0,0,0,0,0,0,0,0
1,1,320251,10,10,10,10,10,10,10,10,10,10
2,1,320251,3,3,3,3,3,3,3,3,3,3
1,1,320252,21,21,21,21,21,21,21,21,21,21
1,1,320253,0,0,0,0,0,0,0,0,0,0
1,1,320254,26,26,26,26,26,26,26,26,26,26
2,1,320254,0,0,0,0,0,0,0,0,0,0
1,1,320255,0,0,0,0,0,0,0,0,0,0
2,1,320255,0,0,0,0,0,0,0,0,0,0
1,1,320256,22,22,22,22,22,22,22,22,22,22
2,1,320256,0,0,0,0,0,0,0,0,0,0
3,1,320256,0,0,0,0,0,0,0,0,0,0
4,1,320256,0,0,0,12,0,0,0,0,0,0
6,1,320256,0,0,0,0,0,0,0,0,0,0
0,1,320257,19,19,19,19,19,19,19,19,19,19
1,1,320257,12,12,12,12,12,12,12,12,12,12
0,1,320258,0,0,0,0,0,0,0,0,0,0
1,1,320258,0,0,0,0,0,0,0,0,0,0
0,1,320259,14,14,14,14,14,14,14,14,14,14
1,1,320259,0,0,0,0,0,0,0,0,0,0
1,1,320260,28,28,28,28,28,28,28,28,28,28
0,1,320261,0,0,0,0,0,0,0,0,0,0
1,1,320261,0,0,0,6,0,0,0,0,0,0
0,1,320262,25,25,25,25,25,25,25,25,25,25
1,1,320262,0,0,0,0,0,0,0,0,0,0
0,1,320263,0,0,0,0,0,0,0,0,0,0
1,1,320263,0,0,0,0,0,0,0,0,0,0
1,1,320264,17,17,17,17,17,17,17,17,17,17
0,1,320265,28,28,28,28,28,28,28,28,28,28
1,1,320265,0,0,0,0,0,0,0,0,0,0
0,1,320266,41,41,41,41,41,41,41,41,41,41
1,1,320266,0,0,9,0,0,0,0,20,0,0
1,1,320267,21,21,21,21,21,21,21,21,21,21
1,1,320268,26,26,26,26,26,26,26,26,26,26
1,1,320269,26,26,26,26,26,26,26,26,26,26
2,1,320269,0,0,0,0,0,0,0,0,0,0
1,1,320270,32,32,32,32,32,32,32,32,32,32
2,1,320270,0,0,0,0,0,0,0,0,0,0
3,1,320270,0,0,0,0,0,6,0,0,0,8
1,1,320271,0,0,0,0,0,0,0,0,0,0
2,1,320271,0,0,0,0,0,0,0,0,0,0
3,1,320271,0,0,0,0,0,0,0,0,0,0
1,1,320272,23,23,23,23,23,23,23,23,23,23
2,1,320272,0,0,0,0,0,0,0,0,0,0
1,1,320273,0,0,12,0,0,0,0,0,0,0
2,1,320273,0,0,0,0,0,0,0,0,0,0
1,1,320274,16,16,16,16,16,16,16,16,16,16
2,1,320274,0,0,6,0,0,0,0,0,0,0
1,1,320275,0,0,0,0,0,0,0,0,0,0
2,1,320275,0,0,0,0,0,0,0,0,0,0
0,1,320276,0,0,0,0,0,0,0,0,0,0
1,1,320276,0,0,0,0,0,0,0,0,0,0
2,1,320276,0,0,0,0,0,0,0,0,0,0
1,1,320277,0,0,0,0,0,0,0,0,0,0
2,1,320277,0,0,0,0,0,0,0,0,0,0
1,1,320278,16,16,16,16,16,16,16,16,16,16
2,1,320278,0,0,0,0,0,0,0,0,0,0
0,1,320279,0,0,0,0,0,0,0,0,0,0
1,1,320279,0,0,0,0,0,0,0,0,0,0
1,1,320280,0,0,0,0,0,0,0,0,0,0
0,1,320281,0,0,0,0,0,0,0,0,0,0
1,1,320281,0,0,0,0,0,0,0,0,0,0
1,1,320282,0,0,0,0,0,0,0,0,0,0
1,1,320283,24,24,24,24,24,24,24,24,24,24
1,1,320284,0,0,0,0,0,0,0,0,0,0
0,1,320285,0,0,0,0,0,0,0,0,0,0
1,1,320285,0,0,0,0,0,0,0,0,0,0
1,1,320286,0,0,0,0,0,0,0,0,0,0
0,1,320287,0,0,0,0,0,0,0,0,0,0
1,1,320287,0,0,0,0,0,0,0,0,0,0
1,1,320288,25,25,25,25,25,25,25,25,25,25
1,1,320289,38,38,38,38,38,38,38,38,38,38
1,1,320290,0,0,0,0,0,0,0,0,0,0
2,1,320290,0,0,0,0,0,0,0,0,0,0
3,1,320290,0,0,0,0,0,0,0,0,0,0
0,1,320291,0,0,0,0,0,0,0,0,0,0
1,1,320291,0,0,0,0,0,0,0,17,0,0
1,1,320292,0,0,0,0,0,0,0,0,0,0
1,1,320293,14,14,14,14,14,14,14,14,14,14
2,1,320293,0,0,0,0,0,0,0,0,0,0
3,1,320293,15,0,0,0,0,0,0,0,0,0
1,1,320294,0,0,0,0,0,0,0,0,0,0
1,1,320295,16,16,16,16,16,16,16,16,16,16
2,1,320295,0,0,0,0,0,0,0,0,0,0
1,1,320296,16,16,16,16,16,16,16,16,16,16
2,1,320296,0,0,0,0,0,0,0,0,0,0
1,1,320297,26,26,26,26,26,26,26,26,26,26
2,1,320297,0,0,3,0,0,0,12,0,0,0
1,1,320298,0,0,0,0,0,0,0,0,0,0
2,1,320298,0,0,0,0,0,0,0,0,0,0
1,1,320299,27,27,27,27,27,27,27,27,27,27
2,1,320299,0,0,0,0,0,0,0,0,0,0
0,1,320300,2,2,2,2,2,2,2,2,2,2
1,1,320300,0,8,0,0,28,0,0,0,0,0
0,1,320301,0,7,0,0,0,0,0,0,0,0
1,1,320301,0,0,0,0,0,0,0,0,0,0
2,1,320301,0,0,0,0,0,0,0,0,0,0
1,1,320302,28,28,28,28,28,28,28,28,28,28
1,1,320303,0,0,0,0,0,0,0,0,0,0
2,1,320303,0,0,0,0,0,0,0,0,0,0
1,1,320304,0,0,0,0,0,0,0,0,0,0
2,1,320304,0,0,0,0,0,0,0,0,0,0
0,1,320305,0,0,0,0,0,0,0,0,0,0
1,1,320305,14,14,14,14,14,14,14,14,14,14
1,1,320306,31,31,31,31,31,31,31,31,31,31
2,1,320306,0,0,0,0,0,0,0,0,0,0
1,1,320307,0,0,0,0,0,0,0,0,0,0
2,1,320307,0,0,0,0,0,0,0,0,0,0
3,1,320307,0,0,0,0,0,0,0,0,0,0
1,1,330001,13,13,13,13,13,13,13,13,13,13
1,1,330002,0,0,0,0,0,0,0,0,0,0
2,1,330002,0,0,0,0,0,0,0,0,0,0
1,1,330003,0,0,0,0,0,0,0,0,0,0
2,1,330003,0,0,7,0,0,0,0,0,0,14
0,1,330004,0,0,0,0,0,0,0,0,0,0
1,1,330004,0,0,0,0,0,0,0,0,0,0
1,1,330005,0,0,0,0,0,0,0,0,0,0
2,1,330005,8,0,0,0,0,0,0,0,0,0
1,1,330006,0,0,0,0,0,0,0,0,0,0
2,1,330006,0,0,0,0,0,0,0,0,0,0
1,1,330007,0,0,0,0,0,0,0,0,0,0
2,1,330007,0,0,0,0,0,0,0,0,0,0
1,1,330008,0,0,0,0,0,0,0,0,0,0
1,1,330009,16,0,0,15,0,0,19,0,23,0
2,1,330009,0,0,0,0,0,0,0,0,0,0
1,1,330010,0,0,23,0,22,0,4,0,0,13
0,1,330011,2,2,2,2,2,2,2,2,2,2
1,1,330011,0,0,0,0,0,0,0,0,0,0
1,1,330012,0,0,0,0,0,0,0,0,0,0
2,1,330012,0,0,0,0,0,0,0,0,0,0
1,1,330013,0,0,0,0,0,0,0,0,0,0
2,1,330013,0,0,0,0,0,0,0,0,0,0
3,1,330013,0,0,0,0,0,0,0,0,0,0
4,1,330013,0,0,0,0,0,0,7,0,0,0
1,1,330014,0,0,0,0,0,0,0,0,0,0
2,1,330014,14,0,0,0,0,0,0,0,0,0
1,1,330015,12,12,12,12,12,12,12,12,12,12
1,1,330016,0,0,0,0,0,0,0,0,0,0
2,1,330016,0,0,0,0,0,0,0,0,0,0
1,1,330017,0,0,0,0,0,0,0,0,0,0
2,1,330017,0,0,0,0,0,0,0,0,0,0
1,1,330018,0,0,0,0,0,0,0,0,0,0
2,1,330018,0,0,0,0,0,0,0,0,0,8
1,1,330019,0,0,0,0,0,0,0,0,0,0
2,1,330019,0,0,0,0,0,0,0,0,0,0
3,1,330019,0,0,13,13,0,0,0,0,0,0
0,1,330020,0,0,0,0,0,0,0,0,0,0
1,1,330020,0,0,0,0,0,0,0,0,0,0
1,1,330021,0,0,0,15,0,0,0,0,0,0
2,1,330021,0,0,0,0,0,0,0,0,0,0
1,1,330022,22,22,22,22,22,22,22,22,22,22
2,1,330022,0,0,0,0,0,0,0,0,0,0
1,1,330023,0,0,0,0,0,0,0,0,0,0
2,1,330023,0,0,0,6,0,0,12,11,0,0
1,1,330024,0,0,0,0,0,0,0,0,0,0
2,1,330024,0,0,0,0,0,18,0,0,0,0
0,1,330025,0,0,0,0,0,0,0,0,0,0
1,1,330025,0,0,0,0,0,0,0,0,9,0
1,1,330026,0,0,0,0,0,0,0,0,0,0
0,1,330027,0,0,0,0,0,0,8,0,11,0
0,2,330027,0,0,0,0,0,0,0,0,16,24
1,1,330027,16,16,16,16,16,16,16,16,16,16
1,1,330029,15,15,15,15,15,15,15,15,15,15
1,1,330030,25,25,25,25,25,25,25,25,25,25
1,1,330031,0,0,0,0,0,0,0,0,0,0
2,1,330031,0,9,10,0,0,0,0,0,0,0
1,1,330032,0,0,0,0,0,0,0,0,0,0
2,1,330032,0,0,0,0,0,0,0,0,0,0
3,1,330032,0,0,0,0,0,0,0,0,0,0
1,1,330033,0,0,0,0,0,0,0,0,0,0