VEH_NO,PER_NO,ST_CASE,P1,P2,P3,P4,P5,P6,P7,P8,P9,P10
2,1,330033,0,0,0,0,0,0,0,0,0,0
1,1,330034,0,0,0,0,0,0,0,0,0,0
2,1,330034,0,0,0,0,5,0,0,0,0,0
1,1,330035,16,16,16,16,16,16,16,16,16,16
1,1,330036,0,0,0,0,0,0,0,0,0,0
1,1,330037,0,0,0,0,0,0,0,0,0,0
1,1,330038,12,12,12,12,12,12,12,12,12,12
1,1,330039,0,0,0,0,0,0,0,0,0,0
1,1,330040,17,17,17,17,17,17,17,17,17,17
1,1,330041,0,0,0,0,0,0,0,0,0,0
1,1,330042,25,25,25,25,25,25,25,25,25,25
1,1,330043,0,0,0,0,0,0,0,0,0,0
1,1,330044,31,31,31,31,31,31,31,31,31,31
2,1,330044,5,5,5,5,5,5,5,5,5,5
1,1,330045,15,15,15,15,15,15,15,15,15,15
1,1,330046,18,18,18,18,18,18,18,18,18,18
2,1,330046,0,0,0,0,0,0,0,0,0,0
1,1,330047,0,0,0,0,0,0,0,0,0,0
2,1,330047,0,0,0,0,0,0,0,0,0,0
1,1,330048,31,31,31,31,31,31,31,31,31,31
1,1,330049,14,14,14,14,14,14,14,14,14,14
2,1,330049,4,4,4,4,4,4,4,4,4,4
3,1,330049,9,14,0,0,3,0,13,0,0,16
1,1,330050,24,24,24,24,24,24,24,24,24,24
1,1,330051,0,3,0,0,0,0,0,0,0,0
2,1,330051,0,0,0,0,0,0,0,0,0,0
0,1,330052,0,0,0,16,0,0,0,0,15,6
1,1,330052,0,0,0,0,0,0,0,0,0,0
1,1,330053,0,0,0,0,0,0,0,0,0,0
1,1,330054,0,0,0,0,0,0,0,0,0,0
2,1,330054,0,0,0,0,0,8,0,0,0,0
1,1,330056,0,0,0,0,0,0,0,0,0,0
2,1,330056,0,0,0,0,0,0,0,0,0,0
3,1,330056,0,0,0,0,0,0,0,0,0,0
1,1,330058,20,20,20,20,20,20,20,20,20,20
1,1,330059,0,9,0,27,0,14,0,0,0,0
2,1,330059,34,34,34,34,34,34,34,34,34,34
1,1,330060,34,34,34,34,34,34,34,34,34,34
1,1,330061,0,0,0,0,0,0,0,0,0,0
1,1,330062,0,0,0,0,0,0,0,0,23,0
2,1,330062,0,0,17,0,0,0,0,0,0,0
3,1,330062,0,0,0,0,0,0,0,17,0,14
1,1,330063,23,23,23,23,23,23,23,23,23,23
1,1,330064,20,0,0,11,11,32,11,30,11,0
1,1,330065,0,0,0,0,0,0,0,0,0,0
2,1,330065,0,0,0,0,0,0,0,0,0,0
3,1,330065,0,0,0,0,0,0,0,0,0,0
0,1,330066,0,0,0,0,0,0,0,0,0,0
1,1,330066,0,13,0,0,0,0,0,0,0,0
1,1,330067,22,12,0,16,0,8,0,24,12,0
2,1,330067,10,10,10,10,10,10,10,10,10,10
1,1,330068,0,0,0,0,0,0,0,0,0,0
1,1,330069,1,1,1,1,1,1,1,1,1,1
2,1,330069,0,0,0,0,0,0,0,0,0,0
1,1,330070,0,0,0,0,0,0,0,0,0,0
1,1,330071,5,5,5,5,5,5,5,5,5,5
1,1,330072,0,0,0,0,0,0,0,0,0,0
2,1,330072,0,0,0,0,0,0,0,0,0,7
1,1,330073,0,0,0,0,0,0,0,0,0,0
2,1,330073,0,0,0,0,0,0,0,0,0,0
1,1,330074,14,14,14,14,14,14,14,14,14,14
1,1,330075,1,1,1,1,1,1,1,1,1,1
1,1,330076,0,0,0,0,0,0,0,0,0,0
1,1,330077,16,16,16,16,16,16,16,16,16,16
1,1,330078,14,14,14,14,14,14,14,14,14,14
0,1,330079,25,25,25,25,25,25,25,25,25,25
1,1,330079,0,0,0,0,0,0,0,0,0,0
1,1,330080,0,0,0,0,0,0,0,0,0,0
1,1,330081,17,17,17,17,17,17,17,17,17,17
1,1,330082,0,0,0,0,0,0,0,0,0,0
1,1,330083,10,10,10,10,10,10,10,10,10,10
1,1,330084,0,0,0,0,0,0,0,0,0,0
2,1,330084,0,0,0,0,0,0,0,0,0,0
1,1,330085,5,5,5,5,5,5,5,5,5,5
2,1,330085,0,0,0,0,0,0,0,0,0,0
1,1,330086,0,0,0,0,0,0,0,0,0,0
2,1,330086,0,0,0,0,0,0,0,0,0,0
1,1,330087,0,0,0,0,8,0,0,0,0,0
0,1,330088,0,0,0,0,0,0,0,0,0,0
1,1,330088,0,0,0,0,0,0,0,0,0,0
1,1,330089,0,0,0,0,0,0,0,0,0,0
2,1,330089,0,0,0,0,0,0,0,4,0,0
3,1,330089,0,0,0,0,0,0,0,0,0,0
1,1,330090,0,0,0,0,0,0,0,0,0,0
1,1,330091,0,0,0,0,0,0,0,0,0,0
2,1,330091,0,0,0,0,0,0,0,0,0,0
1,1,330092,0,0,0,0,0,0,0,0,0,0
2,1,330092,0,0,0,0,0,0,0,0,0,0
1,1,330093,0,0,0,0,0,0,0,0,0,0
2,1,330093,0,0,0,0,0,0,0,0,0,0
1,1,330094,16,16,16,16,16,16,16,16,16,16
1,1,330095,0,0,0,0,0,0,0,0,0,0
2,1,330095,0,0,0,0,0,0,0,0,0,0
0,1,330096,7,0,0,0,0,0,0,0,0,0
1,1,330096,0,0,0,0,0,0,0,0,0,0
1,1,330097,0,0,0,0,0,0,0,0,0,0
1,1,330098,19,19,19,19,19,19,19,19,19,19
1,1,330099,0,0,0,0,0,0,0,0,0,0
1,1,330100,0,0,0,0,0,0,0,0,0,0
1,1,330101,0,18,0,14,0,0,17,21,0,23
1,1,330102,11,11,11,11,11,11,11,11,11,11
1,1,330103,0,7,13,9,8,14,0,0,18,0
1,1,330104,19,19,19,19,19,19,19,19,19,19
1,1,330105,0,0,0,0,0,0,0,0,0,0
1,1,330106,15,15,15,15,15,15,15,15,15,15
2,1,330106,0,0,0,0,0,0,0,0,0,0
1,1,330107,0,0,0,0,0,0,0,0,0,0
2,1,330107,0,0,0,0,0,0,0,0,0,0
1,1,330108,0,0,0,0,0,0,0,0,0,0
1,1,330109,0,0,0,0,0,0,0,0,0,0
2,1,330109,0,0,0,24,0,10,0,13,14,0
1,1,330110,0,0,0,0,0,0,0,0,0,0
1,1,330111,0,0,0,0,0,0,0,0,0,0
1,1,330112,0,0,0,0,0,0,0,0,0,0
2,1,330112,0,0,0,0,0,0,0,0,0,0
1,1,330113,0,0,0,0,0,0,0,0,0,0
2,1,330113,5,5,5,5,5,5,5,5,5,5
1,1,330114,0,0,0,0,0,0,0,0,0,0
2,1,330114,0,0,0,0,0,0,0,0,0,0
1,1,330115,16,13,13,0,0,0,16,15,18,18
2,1,330115,23,23,23,23,23,23,23,23,23,23
1,1,330116,10,10,10,10,10,10,10,10,10,10
1,1,330117,0,0,0,0,0,0,0,0,0,0
2,1,330117,0,0,0,0,0,0,0,0,0,0
1,1,330118,0,0,0,0,0,0,0,0,0,0
2,1,330118,0,0,0,0,0,0,0,0,0,0
1,1,330119,0,0,0,0,0,0,0,0,0,0
2,1,330119,0,0,0,0,0,0,0,0,0,0
1,1,330120,0,0,0,0,0,0,0,0,0,0
1,1,330121,32,32,32,32,32,32,32,32,32,32
2,1,330121,0,0,0,0,0,0,0,0,0,0
1,1,330122,19,19,19,19,19,19,19,19,19,19
1,1,330123,5,5,5,5,5,5,5,5,5,5
1,1,330124,0,0,0,0,0,0,0,0,0,0
2,1,330124,0,0,0,0,0,0,0,0,0,0
3,1,330124,0,0,0,0,0,0,0,0,0,0
1,1,330125,0,0,0,0,0,0,0,0,0,0
1,1,330126,0,0,0,0,0,0,0,0,0,0
2,1,330126,0,0,0,0,0,0,0,0,0,0
1,1,330127,21,21,21,21,21,21,21,21,21,21
0,1,330128,0,0,0,0,0,0,0,0,0,33
1,1,330128,0,0,0,0,0,0,0,0,0,0
1,1,330129,0,0,0,0,0,0,0,0,0,0
2,1,330129,0,0,4,0,0,0,0,0,0,0
1,1,330130,0,0,0,0,0,0,0,0,0,0
1,1,340001,13,13,13,13,13,13,13,13,13,13
0,1,340002,0,0,0,0,0,0,0,0,0,0
1,1,340002,0,0,0,0,0,0,0,0,0,0
1,1,340003,12,12,12,12,12,12,12,12,12,12
0,1,340004,0,0,0,0,0,0,0,0,13,0
1,1,340004,0,0,0,0,0,0,0,0,0,0
1,1,340005,0,0,0,0,0,0,0,0,11,0
2,1,340005,17,17,17,17,17,17,17,17,17,17
1,1,340006,17,17,17,17,17,17,17,17,17,17
0,1,340007,0,0,0,12,0,0,0,0,0,0
1,1,340007,0,0,0,0,0,0,0,0,0,0
1,1,340008,23,23,23,23,23,23,23,23,23,23
0,1,340009,0,0,0,0,0,0,0,0,0,0
1,1,340009,0,0,0,0,0,0,0,0,0,0
1,1,340010,0,0,0,0,0,0,0,0,0,0
2,1,340010,0,0,0,0,0,0,0,0,0,0
0,1,340011,0,0,0,0,0,0,0,0,0,0
1,1,340011,0,0,10,0,0,0,0,0,0,11
1,1,340012,0,0,0,0,0,0,0,0,0,0
1,1,340013,22,22,22,22,22,22,22,22,22,22
0,1,340014,0,0,0,0,0,0,0,0,0,0
1,1,340014,0,0,14,0,0,2,11,13,4,0
1,1,340015,0,0,0,0,0,0,0,0,0,0
2,1,340015,0,0,0,0,0,0,0,0,0,0
1,1,340016,0,0,0,0,0,0,0,0,0,0
2,1,340016,0,0,0,0,0,0,0,0,0,0
1,1,340017,13,13,13,13,13,13,13,13,13,13
1,1,340018,22,22,22,22,22,22,22,22,22,22
0,1,340021,0,0,0,0,0,0,0,0,0,0
1,1,340021,12,0,16,0,8,31,0,26,0,0
0,1,340022,28,28,28,28,28,28,28,28,28,28
1,1,340022,4,4,4,4,4,4,4,4,4,4
1,1,340023,29,29,29,29,29,29,29,29,29,29
2,1,340023,0,0,0,0,0,0,0,0,0,0
1,1,340024,0,0,0,0,0,0,0,0,0,0
1,1,340025,20,20,20,20,20,20,20,20,20,20
0,1,340026,0,0,0,0,0,0,0,0,0,0
1,1,340026,0,0,0,0,0,0,0,0,0,0
1,1,340027,0,0,0,0,0,0,0,0,0,0
2,1,340027,0,0,0,0,0,0,0,0,0,0
1,1,340028,0,0,0,0,0,0,0,0,0,0
2,1,340028,0,0,0,0,0,0,0,0,0,0
3,1,340028,0,0,0,0,0,0,7,0,0,0
4,1,340028,0,0,0,0,0,0,0,0,0,0
5,1,340028,0,0,0,0,0,0,0,0,0,10
1,1,340029,0,0,0,0,0,0,0,0,0,0
2,1,340029,0,0,0,0,0,0,0,11,0,0
1,1,340031,0,0,0,0,0,0,0,0,0,0
2,1,340031,0,0,0,0,0,0,0,0,0,0
1,1,340032,5,5,5,5,5,5,5,5,5,5
2,1,340032,0,0,0,0,0,0,0,8,0,0
1,1,340033,0,0,0,0,0,0,0,0,0,0
1,1,340034,0,0,0,0,0,0,0,0,0,0
1,1,340035,0,0,0,0,0,0,0,0,0,0
1,1,340037,0,0,0,0,0,0,0,0,0,0
2,1,340037,0,0,0,0,0,0,0,0,0,0
0,1,340038,28,28,28,28,28,28,28,28,28,28
1,1,340038,0,0,0,0,0,18,0,0,33,0
1,1,340039,34,34,34,34,34,34,34,34,34,34
1,1,340040,0,0,0,0,0,0,0,0,0,0
0,1,340041,25,25,25,25,25,25,25,25,25,25
1,1,340041,0,0,0,0,0,0,0,0,0,0
0,1,340042,20,20,20,20,20,20,20,20,20,20
1,1,340042,19,0,0,0,0,0,7,0,0,0
1,1,340043,0,0,0,0,0,0,0,0,0,0
2,1,340043,0,0,0,0,17,0,0,0,0,0
0,1,340044,0,0,0,0,0,0,0,0,0,0
1,1,340044,0,7,0,0,0,0,12,0,0,0
1,1,340045,29,29,29,29,29,29,29,29,29,29
0,1,340046,0,0,0,0,0,0,0,0,0,0
1,1,340046,9,0,14,10,9,18,0,6,0,16
1,1,340047,0,12,0,0,0,0,0,0,0,0
2,1,340047,0,0,0,0,0,0,0,0,0,0
1,1,340048,17,17,17,17,17,17,17,17,17,17
1,1,340049,21,21,21,21,21,21,21,21,21,21
1,1,340050,0,0,0,0,0,0,0,0,0,0
2,1,340050,0,0,0,0,0,0,0,0,0,0
1,1,340051,0,0,0,0,0,0,0,0,0,0
2,1,340051,0,0,0,0,0,0,0,0,0,0
0,1,340052,0,0,0,0,0,0,0,0,0,0
1,1,340052,0,0,0,0,0,12,0,0,0,0
0,1,340053,19,19,19,19,19,19,19,19,19,19
1,1,340053,17,0,15,17,0,0,0,0,7,0
1,1,340054,19,19,19,19,19,19,19,19,19,19
1,1,340055,0,0,0,0,0,0,0,18,0,0
2,1,340055,0,0,0,0,0,0,0,0,0,0
1,1,340056,0,0,0,0,0,0,0,0,0,0
2,1,340056,0,0,0,0,0,0,14,0,0,0
1,1,340057,0,0,0,0,0,0,0,0,0,0
2,1,340057,0,0,0,0,0,0,0,0,0,0
1,1,340058,0,0,0,0,0,20,0,0,0,0
2,1,340058,0,0,0,0,0,6,0,0,0,0
1,1,340060,12,12,12,12,12,12,12,12,12,12
0,1,340061,0,0,17,0,12,0,0,26,0,0
1,1,340061,0,0,0,0,0,0,0,0,0,0
1,1,340062,0,0,0,0,0,0,0,0,0,0
1,1,340063,0,0,0,0,0,0,0,0,0,0
2,1,340063,0,0,0,0,0,0,0,0,0,0
3,1,340063,0,0,0,0,0,0,0,0,0,0
1,1,340064,27,27,27,27,27,27,27,27,27,27
2,1,340064,6,0,0,16,0,12,3,0,18,0
1,1,340065,0,0,0,0,0,0,0,0,0,0
2,1,340065,0,0,0,0,0,0,0,0,0,0
1,1,340066,0,0,0,0,0,0,0,0,0,0
1,1,340067,0,0,0,0,0,0,0,0,0,0
2,1,340067,0,0,0,0,0,0,0,0,0,0
1,1,340068,0,0,0,0,0,0,0,0,0,0
0,1,340069,0,0,0,0,0,0,0,0,0,0
1,1,340069,0,0,0,0,0,0,0,0,0,0
2,1,340069,0,0,0,23,0,0,0,0,0,0
1,1,340070,0,0,0,0,0,0,0,0,0,0
1,1,340071,0,0,0,0,0,0,0,0,0,0
2,1,340071,0,0,0,0,0,0,0,0,0,0
3,1,340071,0,0,0,0,0,0,0,0,0,0
1,1,340072,0,0,0,0,0,0,0,0,0,0
1,1,340073,0,0,0,0,0,0,0,0,0,0
1,1,340074,0,0,0,0,0,0,0,0,0,0
0,1,340075,34,34,34,34,34,34,34,34,34,34
1,1,340075,0,0,0,0,0,0,0,0,0,0
1,1,340076,33,33,33,33,33,33,33,33,33,33
1,1,340077,0,0,0,0,0,0,0,0,0,0
1,1,340078,0,0,0,0,0,0,0,0,0,0
2,1,340078,0,0,0,0,0,27,0,0,0,18
1,1,340079,0,0,0,0,0,0,0,0,0,0
0,1,340080,0,0,0,0,0,0,0,0,0,9
1,1,340080,14,0,0,0,0,0,0,0,0,0
1,1,340081,0,9,0,0,0,0,10,0,7,0
2,1,340081,0,0,15,0,0,15,0,0,0,0
0,1,340082,0,0,0,0,0,0,0,0,0,0
1,1,340082,6,0,0,0,0,0,9,17,0,0
0,1,340085,0,0,0,0,0,0,0,0,0,0
1,1,340085,0,0,0,0,0,0,0,0,0,0
1,1,340086,28,28,28,28,28,28,28,28,28,28
0,1,340087,0,0,0,0,0,0,0,0,0,0
1,1,340087,0,0,0,0,0,0,0,0,0,0
2,1,340087,0,0,0,0,0,0,0,0,0,0
0,1,340088,19,19,19,19,19,19,19,19,19,19
1,1,340088,14,14,14,14,14,14,14,14,14,14
1,1,340089,19,19,19,19,19,19,19,19,19,19
0,1,340091,21,21,21,21,21,21,21,21,21,21
1,1,340091,0,0,0,0,0,0,0,0,0,0
0,1,340092,0,0,0,0,0,0,0,0,0,0
0,2,340092,0,0,0,0,0,0,0,0,0,0
1,1,340092,0,0,0,0,0,0,0,0,0,0
1,1,340093,0,0,0,0,0,0,0,0,0,0
2,1,340093,0,0,0,0,0,0,0,0,0,0
1,1,340095,0,0,0,0,0,0,0,0,0,0
2,1,340095,0,0,0,0,0,0,0,0,0,0
0,1,340096,0,0,0,0,0,0,0,0,0,0
1,1,340096,0,0,0,0,0,0,0,0,0,0
1,1,340097,0,0,0,0,0,0,0,0,0,0
1,1,340098,16,7,0,0,0,0,0,0,0,30
1,1,340099,13,13,13,13,13,13,13,13,13,13
2,1,340099,0,0,0,0,0,0,0,0,0,0
0,1,340100,0,0,0,0,0,0,0,0,0,0
1,1,340100,0,0,0,0,0,0,0,0,0,0
1,1,340101,17,0,0,0,0,0,0,0,0,0
1,1,340102,22,22,22,22,22,22,22,22,22,22
1,1,340103,1,1,1,1,1,1,1,1,1,1
0,1,340104,28,28,28,28,28,28,28,28,28,28
0,2,340104,14,0,0,19,11,15,0,0,21,25
1,1,340104,0,0,0,0,30,9,23,4,0,0
1,1,340105,21,21,21,21,21,21,21,21,21,21
2,1,340105,0,0,0,0,0,0,0,0,0,0
3,1,340105,0,20,17,10,0,13,0,0,0,0
1,1,340106,13,13,13,13,13,13,13,13,13,13
0,1,340107,0,0,0,0,0,0,0,0,0,0
0,2,340107,15,18,0,15,0,0,26,28,0,0
1,1,340107,0,0,0,0,0,0,0,0,0,0
1,1,340108,21,21,21,21,21,21,21,21,21,21
1,1,340110,0,0,0,0,0,0,0,0,0,0
1,1,340111,0,10,0,0,0,0,0,0,11,0
2,1,340111,3,3,3,3,3,3,3,3,3,3
1,1,340112,0,0,0,0,0,0,0,0,0,0
1,1,340113,15,15,15,15,15,15,15,15,15,15
1,1,340114,0,0,0,0,0,0,0,0,0,0
2,1,340114,0,0,0,0,0,0,0,0,0,0
1,1,340115,0,0,0,0,0,0,0,0,0,0
2,1,340115,0,0,0,0,0,0,0,0,0,0
3,1,340115,0,0,0,0,0,0,0,0,0,0
0,1,340116,0,0,0,0,0,0,0,0,0,0
1,1,340116,0,9,0,0,0,0,14,0,0,0
1,1,340117,25,0,16,0,0,0,0,9,0,0
2,1,340117,0,0,0,0,0,0,0,0,0,0
0,1,340118,22,22,22,22,22,22,22,22,22,22
1,1,340118,0,0,0,0,0,0,0,0,0,21
0,1,340119,0,0,0,0,0,0,0,0,0,0
1,1,340119,0,13,4,11,8,6,0,0,0,0
1,1,340120,0,0,0,0,0,0,0,0,0,0
4,1,340120,0,0,12,7,0,0,0,0,0,0
1,1,340121,0,0,0,0,0,0,0,0,0,0
1,1,340122,25,25,25,25,25,25,25,25,25,25
1,1,340123,0,0,0,0,0,0,0,0,0,0
2,1,340123,0,0,0,0,0,0,0,0,0,0
1,1,340124,0,0,0,0,0,0,0,0,0,0
1,1,340125,21,21,21,21,21,21,21,21,21,21
1,1,340126,15,0,0,0,0,0,0,0,20,8
2,1,340126,13,13,13,13,13,13,13,13,13,13
1,1,340128,30,30,30,30,30,30,30,30,30,30
2,1,340128,0,0,0,0,0,0,0,0,0,0
1,1,340129,0,0,0,0,0,0,0,0,0,0
1,1,340130,3,0,0,0,0,0,0,0,0,0
2,1,340130,0,0,0,0,0,0,0,0,0,0
1,1,340131,0,0,0,0,0,0,15,0,0,0
2,1,340131,0,0,0,0,0,0,0,0,0,0
0,1,340132,19,19,19,19,19,19,19,19,19,19
1,1,340132,0,0,0,0,20,23,0,0,0,15
2,1,340132,0,0,3,0,0,0,0,0,0,3
1,1,340133,0,0,0,0,0,0,0,0,0,0
2,1,340133,0,0,0,0,0,0,19,0,20,13
1,1,340135,0,0,0,0,0,0,0,0,0,0
2,1,340135,0,0,0,0,0,0,0,0,0,0
0,1,340136,0,0,0,29,0,0,0,8,0,0
1,1,340136,0,0,0,0,0,0,0,0,0,0
1,1,340138,0,0,0,0,0,0,0,0,0,0
1,1,340139,0,0,0,0,0,0,0,0,0,0
2,1,340139,0,0,0,0,0,0,0,0,0,0
3,1,340139,0,0,0,0,0,0,0,0,0,0
4,1,340139,0,0,0,0,0,0,0,0,0,0
0,1,340140,0,0,0,0,0,0,0,0,0,0
0,2,340140,0,0,0,0,0,0,3,0,0,0
1,1,340140,0,0,0,0,0,0,0,0,0,0
1,1,340141,2,2,2,2,2,2,2,2,2,2
0,1,340142,21,21,21,21,21,21,21,21,21,21
1,1,340142,0,0,0,0,0,0,0,0,0,0
1,1,340143,0,0,0,0,0,0,0,0,0,0
2,1,340143,13,13,13,13,13,13,13,13,13,13
3,1,340143,10,10,10,10,10,10,10,10,10,10
4,1,340143,17,17,17,17,17,17,17,17,17,17
5,1,340143,8,8,8,8,8,8,8,8,8,8
1,1,340144,0,0,0,0,0,0,0,0,0,0
1,1,340145,29,29,29,29,29,29,29,29,29,29
1,1,340146,0,0,0,0,0,0,0,0,0,0
2,1,340146,0,0,0,0,0,0,0,0,0,0
0,1,340147,25,25,25,25,25,25,25,25,25,25
1,1,340147,16,0,19,0,0,0,0,0,0,0
1,1,340148,37,37,37,37,37,37,37,37,37,37
1,1,340149,9,9,9,9,9,9,9,9,9,9
1,1,340150,0,0,0,0,0,0,0,0,0,0
2,1,340150,0,0,0,0,0,0,0,0,0,0
1,1,340152,0,0,0,0,0,0,0,0,0,0
2,1,340152,0,0,0,0,0,0,0,0,0,0
1,1,340153,0,0,0,0,0,0,0,0,0,0
2,1,340153,0,0,0,0,0,0,0,0,0,0
3,1,340153,0,0,0,0,0,0,0,5,0,0
1,1,340154,10,10,10,10,10,10,10,10,10,10
2,1,340154,21,0,0,0,0,0,13,0,25,0
0,1,340155,7,7,7,7,7,7,7,7,7,7
1,1,340155,13,13,13,13,13,13,13,13,13,13
0,1,340156,0,0,0,0,0,0,0,0,0,0
1,1,340156,0,0,0,0,0,0,0,0,0,0
2,1,340156,0,0,0,0,15,20,0,18,0,0
1,1,340157,0,0,0,0,0,0,0,0,0,0
1,1,340158,0,0,0,0,0,0,0,0,0,0
2,1,340158,0,0,0,0,0,0,0,0,0,0
3,1,340158,0,0,0,0,0,0,0,0,0,0
1,1,340159,21,21,21,21,21,21,21,21,21,21
1,1,340160,0,0,0,0,0,0,0,0,0,0
2,1,340160,1,1,1,1,1,1,1,1,1,1
1,1,340161,0,0,0,0,14,0,0,0,21,10
2,1,340161,0,0,0,0,0,0,0,0,0,0
0,1,340163,0,0,0,0,0,0,0,0,0,0
1,1,340163,0,0,0,0,0,7,0,9,0,0
1,1,340164,0,0,0,0,0,0,0,0,0,0
1,1,340165,0,0,0,0,0,0,0,0,0,0
0,1,340166,0,0,0,0,0,0,0,0,0,0
1,1,340166,0,0,0,0,0,0,0,0,0,0
1,1,340167,6,6,6,6,6,6,6,6,6,6
0,1,340168,0,0,0,0,0,0,0,0,0,0
1,1,340168,0,0,0,0,0,0,10,0,0,0
2,1,340168,0,4,0,11,0,0,0,0,0,7
1,1,340169,0,0,0,0,0,0,0,0,0,0
2,1,340169,0,0,0,0,0,0,0,15,0,0
1,1,340170,0,0,0,0,0,0,0,0,0,0
2,1,340170,20,20,20,20,20,20,20,20,20,20
1,1,340171,0,0,0,0,0,0,0,0,0,0
1,1,340172,0,0,0,0,0,0,0,0,0,0
2,1,340172,0,0,0,0,0,3,0,0,0,0
1,1,340173,25,25,25,25,25,25,25,25,25,25
0,1,340174,0,0,0,0,0,0,0,0,0,0
1,1,340174,0,0,0,0,0,0,0,0,0,0
1,1,340175,0,0,0,0,0,0,0,0,0,25
1,1,340177,2,2,2,2,2,2,2,2,2,2
1,1,340178,0,0,0,0,0,0,0,0,0,0
1,1,340179,0,0,0,0,0,0,0,0,0,0
0,1,340180,0,0,0,0,0,0,0,0,0,0
1,1,340180,5,0,0,6,0,0,0,0,17,0
0,1,340182,0,0,0,0,0,0,0,0,0,0
1,1,340182,12,0,0,0,0,0,0,0,0,0
2,1,340183,0,0,0,0,0,0,0,0,0,0
3,1,340183,0,0,0,0,0,0,0,0,0,0
4,1,340183,0,0,0,0,0,0,0,0,0,0
5,1,340183,0,0,9,8,16,0,0,3,0,0
0,1,340184,0,14,0,17,0,0,12,0,0,0
2,1,340184,0,0,0,0,0,0,0,0,0,0
1,1,340185,0,0,0,0,0,0,0,0,0,0
1,1,340186,0,0,0,0,0,0,0,0,0,0
1,1,340187,0,0,0,0,0,0,0,0,0,0
2,1,340187,0,0,0,0,0,0,0,0,0,0
0,1,340188,0,0,0,0,0,0,0,0,0,0
1,1,340188,0,0,0,0,0,0,0,0,0,0
0,1,340189,0,0,0,0,0,0,0,0,0,0
1,1,340189,0,0,10,0,0,0,0,0,0,0
1,1,340190,0,0,0,0,0,0,0,0,0,0
2,1,340190,0,0,0,0,0,0,0,0,0,0
1,1,340191,0,0,0,0,0,0,0,0,0,0
2,1,340191,0,0,0,0,0,0,0,0,0,0
1,1,340192,18,18,18,18,18,18,18,18,18,18
1,1,340193,27,27,27,27,27,27,27,27,27,27
2,1,340193,0,0,24,0,0,0,0,0,14,0
1,1,340194,0,0,0,0,0,0,0,0,0,0
2,1,340194,0,0,0,0,0,0,0,0,0,0
1,1,340195,14,0,0,10,0,0,0,0,0,0
2,1,340195,0,0,0,0,0,0,0,0,0,0
1,1,340196,0,0,0,0,0,0,0,0,0,0
2,1,340196,0,0,0,0,0,0,0,0,0,0
1,1,340197,0,0,0,0,0,0,0,0,0,17
1,1,340198,0,0,0,0,0,0,0,0,0,0
2,1,340198,7,7,7,7,7,7,7,7,7,7
3,1,340198,0,0,0,0,0,0,0,0,0,0
1,1,340199,0,0,0,0,0,0,0,0,0,0
2,1,340199,0,0,0,0,0,0,0,0,0,4
0,1,340200,0,0,0,0,0,0,0,0,0,0
1,1,340200,0,0,0,0,0,15,0,0,0,0
1,1,340201,21,21,21,21,21,21,21,21,21,21
1,1,340202,0,14,0,13,0,0,0,0,0,0
2,1,340202,0,0,0,0,0,0,0,0,0,0
1,1,340203,0,0,0,0,0,0,0,11,0,0
2,1,340203,0,0,0,0,0,0,8,0,0,0
1,1,340204,1,1,1,1,1,1,1,1,1,1
2,1,340204,0,0,0,0,0,0,0,0,0,0
0,1,340205,0,0,0,0,0,0,0,0,0,0
1,1,340205,0,0,0,0,0,0,0,0,0,0
1,1,340206,9,9,9,9,9,9,9,9,9,9
0,1,340207,0,0,0,0,0,0,0,0,0,0
1,1,340207,0,12,0,0,0,0,0,0,18,0
1,1,340208,11,11,11,11,11,11,11,11,11,11
0,1,340209,0,0,0,0,0,0,0,0,0,0
1,1,340209,0,0,0,0,20,0,0,0,0,0
1,1,340210,0,0,0,0,0,0,0,0,0,0
2,1,340210,0,0,0,0,0,0,0,0,0,0
1,1,340211,0,0,0,0,0,0,0,0,0,0
1,1,340212,0,0,0,0,0,3,16,0,0,0
1,1,340213,0,0,0,0,0,0,0,0,0,0
1,1,340214,0,0,0,0,0,0,0,0,0,0
2,1,340214,0,0,0,0,0,0,0,0,0,0
1,1,340215,0,0,0,0,0,0,0,0,0,0
1,1,340216,0,0,0,0,0,0,0,0,0,0
2,1,340216,0,0,0,0,0,0,0,0,0,0
3,1,340216,0,0,0,0,39,0,0,0,0,0
0,1,340217,0,0,0,0,0,0,0,0,0,0
1,1,340217,0,0,0,0,0,0,0,0,0,0
1,1,340218,19,19,19,19,19,19,19,19,19,19
2,1,340218,0,0,0,0,0,0,0,0,0,0
0,1,340219,0,0,0,0,0,0,0,0,0,0
1,1,340219,0,0,0,0,0,0,0,0,0,0
0,1,340220,36,36,36,36,36,36,36,36,36,36
1,1,340220,0,0,0,0,0,0,0,0,0,14
2,1,340220,0,0,15,0,0,0,0,17,0,0
0,1,340221,7,7,7,7,7,7,7,7,7,7
1,1,340221,7,0,15,0,0,13,20,0,7,10
1,1,340222,1,1,1,1,1,1,1,1,1,1
1,1,340223,10,10,10,10,10,10,10,10,10,10
1,1,340224,16,16,16,16,16,16,16,16,16,16