VEH_NO,PER_NO,ST_CASE,P1,P2,P3,P4,P5,P6,P7,P8,P9,P10
1,1,360251,6,6,6,6,6,6,6,6,6,6
0,1,360252,0,0,0,0,0,0,0,0,0,0
1,1,360252,0,0,0,0,0,0,0,0,0,0
1,1,360253,25,25,25,25,25,25,25,25,25,25
0,1,360254,0,0,0,0,0,0,0,0,0,0
1,1,360254,0,0,0,5,0,0,0,0,0,0
1,1,360255,0,0,0,0,0,0,0,0,0,0
2,1,360255,0,0,0,0,0,0,0,0,0,0
1,1,360256,3,3,3,3,3,3,3,3,3,3
1,1,360257,2,2,2,2,2,2,2,2,2,2
1,1,360258,27,27,27,27,27,27,27,27,27,27
0,1,360259,0,0,0,0,0,0,0,0,0,0
1,1,360259,0,0,0,0,0,0,0,0,0,0
2,1,360259,0,0,0,0,0,0,0,0,0,0
1,1,360260,39,39,39,39,39,39,39,39,39,39
1,1,360261,7,5,15,8,8,32,18,14,15,14
1,1,360262,0,0,0,0,0,0,0,0,0,0
2,1,360262,0,0,0,0,0,0,0,0,0,0
0,1,360264,0,0,0,0,0,0,0,0,0,0
1,1,360264,0,0,11,0,0,16,22,0,12,13
0,1,360265,29,29,29,29,29,29,29,29,29,29
1,1,360265,18,0,4,0,0,12,0,0,14,7
0,1,360266,0,0,0,0,0,0,0,0,0,0
1,1,360266,0,0,0,0,0,0,0,0,0,0
1,1,360267,0,20,0,0,0,0,0,0,0,0
2,1,360267,0,0,0,0,0,0,0,0,0,0
1,1,360268,0,0,0,0,0,0,0,0,0,0
2,1,360268,25,15,28,20,5,14,18,10,13,6
1,1,360269,0,0,0,0,0,0,0,0,0,0
2,1,360269,11,0,31,0,8,24,0,0,20,0
1,1,360270,0,0,0,0,0,0,0,0,0,0
2,1,360270,0,0,0,0,0,0,0,0,0,0
1,1,360271,0,0,0,0,0,0,0,0,0,0
2,1,360271,0,0,0,0,0,0,0,0,0,0
1,1,360272,0,0,0,0,0,0,0,0,0,0
1,1,360273,0,0,0,0,0,0,0,0,0,0
2,1,360273,0,0,0,0,0,0,0,0,0,0
1,1,360274,0,0,0,0,0,0,0,0,0,0
2,1,360274,0,0,0,0,0,0,0,0,0,0
1,1,360275,0,0,0,0,0,0,0,0,0,0
2,1,360275,0,0,0,0,0,0,0,0,0,0
1,1,360276,0,0,0,0,0,0,0,0,0,0
1,1,360277,0,17,15,38,4,0,0,0,0,8
1,1,360278,0,0,0,0,0,0,0,0,0,0
2,1,360278,11,11,11,11,11,11,11,11,11,11
0,1,360279,0,0,0,0,0,0,0,0,0,0
1,1,360279,0,0,0,0,0,12,0,24,0,12
0,1,360280,0,0,0,0,0,0,0,0,0,0
1,1,360280,0,0,0,0,0,0,0,0,0,0
1,1,360281,0,0,0,0,0,0,0,0,0,0
2,1,360281,0,0,0,0,0,0,0,0,0,0
1,1,360282,0,0,21,14,0,0,9,0,0,0
2,1,360282,0,0,0,0,0,0,0,0,0,0
1,1,360283,8,8,8,8,8,8,8,8,8,8
1,1,360284,0,0,0,0,0,0,0,0,0,0
2,1,360284,0,0,0,0,0,0,0,0,0,0
1,1,360285,0,0,0,0,0,0,0,0,0,0
1,1,360286,0,0,0,0,0,0,0,0,0,0
0,1,360287,0,0,0,0,0,0,0,0,0,0
1,1,360287,0,0,0,0,0,13,0,0,14,0
1,1,360288,0,0,0,0,0,0,0,0,0,0
1,1,360289,15,15,15,15,15,15,15,15,15,15
1,1,360290,10,0,0,0,0,0,0,0,0,0
2,1,360290,0,0,15,0,0,0,0,0,0,0
3,1,360290,0,0,0,0,0,5,0,0,0,0
1,1,360291,23,23,23,23,23,23,23,23,23,23
1,1,360292,0,0,0,0,0,0,0,0,0,0
2,1,360292,0,0,0,0,0,0,0,0,7,0
3,1,360292,0,0,0,0,0,0,0,12,0,0
4,1,360292,0,23,0,0,0,0,0,0,0,0
0,1,360293,1,1,1,1,1,1,1,1,1,1
1,1,360293,14,12,12,18,21,19,3,21,10,15
0,1,360294,34,19,17,27,22,19,20,31,25,0
1,1,360294,0,0,0,0,0,0,0,0,0,0
0,1,360295,0,0,21,0,18,21,9,0,0,27
1,1,360295,0,0,0,0,0,0,0,0,0,13
1,1,360296,0,0,0,0,0,0,0,0,0,10
1,1,360297,15,15,15,15,15,15,15,15,15,15
1,1,360298,0,0,0,0,0,0,0,0,0,0
1,1,360299,0,0,0,0,0,0,0,0,0,0
1,1,360300,0,0,0,0,0,0,0,0,0,0
2,1,360300,0,0,0,0,6,0,0,0,0,0
3,1,360300,0,0,0,0,0,0,0,0,0,0
0,1,360301,4,0,0,23,30,0,0,11,0,0
1,1,360301,32,0,3,0,8,0,0,0,0,0
1,1,360302,31,23,32,12,21,15,22,13,17,24
1,1,360303,0,0,0,0,0,0,0,0,0,0
2,1,360303,0,0,17,0,0,0,0,0,0,0
1,1,360304,0,0,0,7,0,0,0,0,0,0
2,1,360304,16,0,0,0,0,0,0,0,0,0
0,1,360305,0,0,0,0,0,0,0,0,0,0
1,1,360305,2,0,0,17,0,10,0,0,0,32
1,1,360306,12,4,0,7,0,0,0,0,0,0
2,1,360306,0,0,8,8,4,0,0,0,0,0
1,1,360307,0,20,6,15,3,10,0,0,12,0
1,1,360308,25,25,25,25,25,25,25,25,25,25
1,1,360309,0,0,0,0,0,11,0,0,9,0
2,1,360309,0,0,0,0,0,0,0,0,0,0
1,1,360310,24,24,24,24,24,24,24,24,24,24
1,1,360311,0,0,0,0,0,0,0,0,0,0
0,1,360312,15,15,15,15,15,15,15,15,15,15
1,1,360312,0,0,16,18,6,12,11,0,23,20
1,1,360313,0,0,0,0,0,0,0,0,0,0
1,1,360314,8,8,8,8,8,8,8,8,8,8
0,1,360315,0,0,0,0,0,0,0,0,0,0
1,1,360315,0,0,0,0,0,0,0,0,0,0
1,1,360316,0,0,0,0,0,0,0,0,0,0
2,1,360316,17,0,0,0,0,0,0,0,0,0
3,1,360316,0,0,0,0,0,0,9,0,0,0
1,1,360317,0,0,0,0,0,0,0,0,0,8
2,1,360317,0,0,0,0,0,0,0,0,0,0
1,1,360319,0,0,0,0,0,0,0,0,0,0
2,1,360319,0,0,0,0,0,0,0,0,0,0
1,1,360320,0,0,0,0,0,0,0,0,0,0
1,1,360321,21,21,21,21,21,21,21,21,21,21
1,1,360322,27,36,18,30,14,9,9,16,25,21
1,1,360323,25,25,17,14,18,15,16,11,20,18
1,1,360324,1,1,1,1,1,1,1,1,1,1
2,1,360324,0,0,0,0,0,0,0,28,0,0
1,1,360325,0,0,0,0,0,0,0,0,0,0
0,1,360326,1,1,1,1,1,1,1,1,1,1
1,1,360326,0,0,0,0,0,0,0,0,9,0
1,1,360327,0,0,0,0,0,0,0,0,0,8
1,1,360329,0,7,0,0,0,0,0,0,0,12
2,1,360329,0,10,0,0,0,0,0,0,0,21
0,1,360330,0,0,0,0,0,0,0,0,0,0
1,1,360330,0,0,0,0,0,0,0,0,0,0
0,1,360331,8,8,8,8,8,8,8,8,8,8
1,1,360331,27,0,0,0,9,0,12,0,0,0
1,1,360332,0,0,0,0,0,0,0,0,0,0
2,1,360332,0,0,0,0,0,0,0,0,0,0
1,1,360333,0,0,0,0,0,0,0,0,0,0
2,1,360333,0,0,0,0,0,0,0,0,0,0
1,1,360334,19,19,19,19,19,19,19,19,19,19
1,1,360335,0,0,0,0,0,0,0,0,0,0
0,1,360336,0,0,0,0,0,0,0,0,0,0
1,1,360336,0,0,0,0,0,0,0,0,0,10
1,1,360337,0,0,0,0,0,0,0,0,0,0
2,1,360337,0,0,0,0,0,0,0,0,0,0
1,1,360338,0,0,0,0,0,0,0,0,0,0
2,1,360338,0,0,0,0,0,0,0,0,0,0
1,1,360339,0,0,0,0,0,0,0,0,0,0
2,1,360339,0,0,0,0,0,0,0,0,0,0
1,1,360340,38,38,38,38,38,38,38,38,38,38
0,1,360341,15,15,15,15,15,15,15,15,15,15
1,1,360341,0,0,0,0,0,0,21,0,0,0
1,1,360342,0,0,0,0,0,0,0,0,0,0
2,1,360342,0,0,0,0,0,0,0,0,0,0
1,1,360343,0,0,0,0,0,0,0,0,0,0
0,1,360344,0,0,0,0,0,0,0,0,0,0
1,1,360344,0,0,0,0,0,0,0,0,0,0
1,1,360345,0,0,0,0,0,0,0,0,0,0
2,1,360345,0,0,0,0,0,0,0,0,0,0
1,1,360346,0,0,0,0,0,0,0,0,0,0
1,1,360347,0,0,0,0,0,0,0,0,0,0
2,1,360347,0,0,0,0,0,14,0,0,0,0
0,1,360348,0,0,0,0,0,0,0,0,0,0
1,1,360348,0,0,0,0,0,0,0,0,0,0
1,1,360349,0,0,0,0,0,0,0,0,0,0
2,1,360349,0,0,0,12,0,0,8,7,0,0
0,1,360350,0,26,0,0,23,0,24,27,22,0
1,1,360350,4,0,0,0,6,0,0,0,0,0
1,1,360351,13,7,13,18,13,0,22,21,12,10
1,1,360352,0,0,0,0,0,0,0,0,0,0
0,1,360353,0,0,0,0,0,22,0,0,5,0
1,1,360353,0,0,0,0,0,0,0,0,0,0
1,1,360354,14,14,14,14,14,14,14,14,14,14
1,1,360355,0,0,0,0,0,0,0,0,0,0
1,1,360356,0,0,0,0,19,12,7,0,0,5
2,1,360356,0,0,0,0,0,0,0,0,0,0
1,1,360357,0,0,0,0,0,0,0,0,0,0
1,1,360358,22,22,22,22,22,22,22,22,22,22
2,1,360358,0,7,0,0,2,14,0,15,0,0
3,1,360358,0,0,0,0,0,0,0,0,0,0
0,1,360359,0,0,0,0,0,0,0,0,0,0
1,1,360359,0,0,0,0,0,0,0,0,0,0
1,1,360360,8,8,8,8,8,8,8,8,8,8
1,1,360361,0,0,0,0,0,0,0,0,0,0
2,1,360361,0,0,0,0,0,0,0,0,0,0
1,1,360362,23,23,23,23,23,23,23,23,23,23
2,1,360362,0,0,0,0,0,0,0,0,0,0
1,1,360363,12,12,12,12,12,12,12,12,12,12
1,1,360364,0,0,0,0,0,0,0,0,0,0
2,1,360364,0,0,0,0,0,7,0,0,6,0
1,1,360365,0,0,8,30,0,8,0,14,16,0
1,1,360366,17,22,20,9,26,19,0,0,13,25
1,1,360367,0,0,0,0,0,0,0,0,0,0
1,1,360368,0,0,0,0,0,0,0,0,0,0
1,1,360369,0,0,0,0,0,0,0,0,0,0
2,1,360369,0,0,0,0,0,0,0,0,0,0
1,1,360370,0,0,0,0,0,0,0,0,0,0
0,1,360371,0,0,0,0,0,0,0,0,0,0
1,1,360371,0,0,0,0,0,0,0,0,0,0
1,1,360372,0,0,0,0,0,0,0,0,0,0
2,1,360372,0,0,0,0,0,0,0,0,0,0
1,1,360373,0,0,0,0,0,0,0,0,0,0
2,1,360373,0,0,0,0,0,0,0,0,0,0
0,1,360374,12,0,20,16,26,9,31,6,27,0
0,2,360374,0,0,0,0,0,0,0,0,0,0
1,1,360374,0,0,0,0,0,0,0,0,0,0
0,1,360375,0,0,0,0,0,0,0,0,0,0
1,1,360375,0,0,0,0,0,0,0,0,0,0
0,1,360376,0,0,0,0,0,0,0,0,0,0
1,1,360376,0,0,0,0,0,0,0,0,0,0
0,1,360377,0,0,0,0,0,0,0,0,0,0
1,1,360377,0,0,0,0,0,0,0,0,0,0
1,1,360378,20,15,21,15,15,23,13,5,21,23
0,1,360379,21,21,21,21,21,21,21,21,21,21
1,1,360379,0,11,0,0,21,0,20,0,0,11
0,1,360380,0,0,0,0,0,0,0,0,0,0
1,1,360380,0,0,0,0,0,0,0,0,0,25
1,1,360381,0,0,0,0,0,0,0,0,0,0
1,1,360382,0,0,8,26,15,0,0,0,0,0
1,1,360383,23,23,23,23,23,23,23,23,23,23
1,1,360384,0,0,0,0,0,0,0,0,0,0
2,1,360384,0,0,0,0,0,0,0,0,0,0
3,1,360384,0,0,0,0,8,0,0,0,0,0
1,1,360385,0,0,0,0,0,0,0,0,17,0
1,1,360386,19,2,15,13,11,7,0,0,0,10
2,1,360386,0,0,10,0,0,0,0,0,0,0
3,1,360386,0,0,0,0,0,0,0,0,0,0
0,1,360387,0,0,0,0,0,0,0,0,0,0
1,1,360387,11,0,4,0,0,0,0,0,0,0
1,1,360388,5,0,0,0,0,0,0,0,0,0
2,1,360388,0,0,0,0,0,0,0,0,0,0
1,1,360389,21,11,9,24,14,16,21,13,19,5
2,1,360389,0,0,0,0,0,0,0,0,0,0
1,1,360390,0,0,0,0,0,0,0,0,0,0
2,1,360390,0,0,0,0,0,0,0,15,9,0
3,1,360390,0,0,0,0,0,21,13,0,0,0
4,1,360390,0,0,0,0,0,0,0,0,0,0
0,1,360391,0,0,0,0,0,0,0,0,0,0
1,1,360391,0,0,0,0,0,0,0,0,0,0
1,1,360392,0,0,0,0,0,0,0,0,0,0
2,1,360392,0,0,0,0,0,0,0,0,0,0
1,1,360393,23,23,23,23,23,23,23,23,23,23
1,1,360394,0,0,0,0,0,0,0,0,0,0
1,1,360395,4,25,6,12,19,13,0,28,19,0
1,1,360396,0,0,8,0,0,9,0,0,0,0
1,1,360397,12,12,12,12,12,12,12,12,12,12
1,1,360398,0,5,0,0,0,0,0,0,0,0
2,1,360398,0,0,0,0,0,0,0,0,0,0
1,1,360399,10,10,0,6,6,17,25,16,0,6
2,1,360399,0,0,0,0,0,0,0,0,0,0
1,1,360400,0,0,0,0,0,0,0,0,0,0
2,1,360400,0,0,0,0,0,0,0,0,0,0
1,1,360401,0,0,0,0,0,0,0,0,0,0
1,1,360402,0,0,0,0,0,0,0,0,0,0
2,1,360402,0,0,0,0,0,0,0,10,0,0
1,1,360403,0,0,0,0,0,0,0,0,0,0
2,1,360403,0,0,0,0,10,0,0,0,0,0
1,1,360404,13,13,13,13,13,13,13,13,13,13
1,1,360405,22,22,22,22,22,22,22,22,22,22
1,1,360406,0,0,0,0,0,0,0,0,0,0
1,1,360407,0,0,0,0,0,0,0,0,0,0
2,1,360407,0,0,0,0,0,0,0,0,0,0
1,1,360408,0,0,0,0,5,0,0,10,0,0
2,1,360408,0,0,0,0,0,0,0,0,0,0
1,1,360409,0,0,0,0,0,0,0,0,0,0
1,1,360410,0,0,0,0,0,0,0,0,0,0
0,1,360411,0,0,0,0,0,0,0,0,0,0
1,1,360411,0,0,0,0,0,0,0,0,0,0
1,1,360412,1,1,1,1,1,1,1,1,1,1
0,1,360413,0,0,0,0,0,0,0,0,0,0
1,1,360413,0,0,0,0,0,0,0,0,0,0
0,1,360414,27,27,27,27,27,27,27,27,27,27
1,1,360414,0,0,0,13,0,13,0,0,0,0
1,1,360415,0,0,0,0,0,0,0,0,0,0
2,1,360415,0,0,0,0,0,0,0,0,0,0
0,1,360416,16,29,15,18,19,0,7,13,0,10
1,1,360416,0,0,0,0,0,0,0,0,3,6
2,1,360416,0,0,0,14,0,8,0,0,0,0
1,1,360417,37,37,37,37,37,37,37,37,37,37
1,1,360418,0,0,0,0,0,0,0,0,0,0
0,1,360419,0,0,0,0,0,0,0,0,0,0
1,1,360419,0,0,0,4,0,0,0,0,0,0
1,1,360420,0,0,0,0,0,0,0,0,0,0
2,1,360420,0,0,0,0,0,0,0,0,0,0
1,1,360421,19,19,19,19,19,19,19,19,19,19
2,1,360421,5,0,4,0,0,0,4,0,0,0
0,1,360422,0,0,12,0,0,0,0,0,0,10
0,2,360422,19,0,0,0,4,0,0,8,0,0
1,1,360422,0,0,0,17,0,0,0,0,0,0
2,1,360422,0,0,0,0,0,0,0,0,0,0
1,1,360423,0,0,0,0,0,0,0,0,0,0
1,1,360424,0,0,0,24,15,0,25,0,5,0
1,1,360425,0,0,0,0,0,0,0,0,0,0
1,1,360426,0,8,0,6,0,11,14,0,0,0
1,1,360427,22,22,22,22,22,22,22,22,22,22
1,1,360428,0,0,0,0,0,0,0,0,0,0
2,1,360428,0,0,0,0,0,0,0,0,0,0
1,1,360430,8,8,8,8,8,8,8,8,8,8
0,1,360431,0,0,0,0,0,0,0,0,0,0
1,1,360431,0,5,0,0,0,0,0,0,0,0
1,1,360432,13,13,13,13,13,13,13,13,13,13
0,1,360433,0,0,0,0,0,0,0,0,0,0
1,1,360433,0,28,0,0,0,0,0,0,0,0
1,1,360434,0,0,0,0,0,0,0,0,0,0
2,1,360434,0,0,0,0,0,0,0,0,0,0
1,1,360435,17,17,17,17,17,17,17,17,17,17
1,1,360436,0,0,0,0,0,0,0,0,0,0
1,1,360437,15,15,15,15,15,15,15,15,15,15
2,1,360437,6,6,6,6,6,6,6,6,6,6
1,1,360438,0,0,0,0,0,0,0,0,0,0
2,1,360438,0,0,0,0,0,0,0,0,0,0
1,1,360439,0,0,0,0,0,0,0,0,0,0
2,1,360439,0,0,0,0,0,0,0,0,0,0
1,1,360440,0,0,0,0,0,0,0,0,0,0
2,1,360440,0,0,0,0,14,0,0,0,8,6
1,1,360441,0,0,0,0,0,0,0,0,0,0
1,1,360442,0,18,0,0,20,18,12,0,24,16
1,1,360443,0,0,0,0,0,0,0,0,0,0
1,1,360445,0,12,8,0,20,11,0,16,15,0
0,1,360446,0,0,0,0,0,0,0,0,0,0
1,1,360446,0,0,0,0,0,0,0,0,0,0
0,1,360447,0,0,0,0,0,0,0,0,0,0
1,1,360447,9,5,0,0,0,12,0,0,10,9
0,1,360449,0,0,0,0,0,0,0,0,0,0
1,1,360449,0,0,0,0,20,0,0,0,0,0
1,1,360450,0,0,0,0,0,0,0,0,0,0
2,1,360450,0,0,0,0,0,0,0,0,0,0
0,1,360451,23,23,23,23,23,23,23,23,23,23
1,1,360451,12,0,0,2,2,0,0,0,12,15
1,1,360452,0,0,0,0,0,0,0,0,0,0
2,1,360452,0,0,0,0,0,0,0,0,0,24
0,1,360453,0,0,0,0,0,0,0,0,0,0
1,1,360453,0,0,0,0,0,0,0,13,0,0
1,1,360454,21,23,7,12,17,10,16,12,21,16
0,1,360455,0,0,0,0,0,0,0,0,0,0
1,1,360455,0,0,0,0,0,0,12,9,0,0
0,1,360456,3,3,3,3,3,3,3,3,3,3
1,1,360456,0,0,0,7,0,19,0,19,0,0
1,1,360457,0,0,0,0,0,0,0,0,0,0
2,1,360457,0,0,0,0,0,0,0,0,0,0
1,1,360458,0,0,0,0,0,0,0,0,0,0
1,1,360459,0,0,0,0,0,11,0,0,0,0
2,1,360459,0,0,0,0,0,0,0,0,0,0
1,1,360461,0,0,0,0,0,0,0,0,0,0
2,1,360461,4,0,12,0,0,0,0,0,0,0
1,1,360462,12,12,12,12,12,12,12,12,12,12
2,1,360462,13,0,0,0,0,0,0,0,0,0
1,1,360463,12,13,0,16,9,18,16,0,6,0
2,1,360463,0,0,0,4,0,0,0,0,0,0
1,1,360464,0,0,0,0,0,0,0,0,0,0
1,1,360465,16,16,16,16,16,16,16,16,16,16
0,1,360466,0,0,0,0,0,0,0,0,0,0
1,1,360466,0,0,0,0,0,0,0,0,0,0
2,1,360466,0,0,0,0,0,9,0,0,0,0
3,1,360466,0,0,0,0,0,0,0,0,9,0
4,1,360466,0,0,0,0,0,0,0,0,0,0
1,1,360467,0,0,4,0,0,0,0,0,0,9
2,1,360467,0,9,0,0,0,0,0,0,0,0
1,1,360468,10,10,10,10,10,10,10,10,10,10
1,1,360469,0,0,0,0,0,0,0,0,0,0
2,1,360469,0,0,0,0,4,16,0,0,0,0
1,1,360470,0,0,0,0,0,0,0,0,0,0
2,1,360470,0,0,0,0,0,0,0,0,0,0
1,1,360471,0,0,0,0,0,0,0,0,0,0
0,1,360472,1,1,1,1,1,1,1,1,1,1
1,1,360472,0,0,0,0,0,4,0,0,0,0
1,1,360473,0,0,0,0,0,0,0,0,0,0
2,1,360473,10,0,0,0,0,0,0,0,0,0
0,1,360474,0,0,0,0,0,0,0,0,0,0
1,1,360474,0,0,0,0,0,0,0,0,0,0
1,1,360475,0,0,0,0,0,0,0,0,0,0
0,1,360476,0,0,0,0,0,0,0,0,0,0
1,1,360476,0,0,0,0,0,0,0,0,0,0
1,1,360477,7,7,7,7,7,7,7,7,7,7
1,1,360478,19,19,19,19,19,19,19,19,19,19
1,1,360479,0,0,0,0,0,0,0,0,0,0
2,1,360479,0,0,0,0,0,0,0,0,0,0
3,1,360479,0,0,0,0,0,0,0,0,0,0
0,1,360480,1,1,1,1,1,1,1,1,1,1
1,1,360480,0,4,0,12,0,0,0,0,6,0
0,1,360481,0,0,0,0,0,0,0,0,0,0
1,1,360481,0,11,0,0,0,0,0,0,0,0
0,1,360482,15,15,15,15,15,15,15,15,15,15
1,1,360482,0,0,0,0,0,0,0,0,0,0
0,1,360483,0,0,0,0,0,0,0,0,0,0
1,1,360483,19,0,0,0,0,0,13,0,0,0
1,1,360484,2,2,2,2,2,2,2,2,2,2
1,1,360485,0,0,0,0,0,0,0,0,0,0
2,1,360485,0,0,0,0,0,0,0,0,0,0
1,1,360486,0,0,0,0,0,0,0,0,0,0
2,1,360486,0,0,0,0,0,0,0,0,0,0
1,1,360487,0,0,0,0,0,0,0,0,0,0
2,1,360487,0,0,0,0,0,8,0,0,0,0
3,1,360487,0,0,0,0,0,0,0,0,0,0
1,1,360488,0,0,0,0,0,0,0,0,0,0
2,1,360488,0,0,0,0,0,0,0,0,0,0
0,1,360489,0,0,0,0,0,0,0,0,0,0
1,1,360489,0,0,0,8,0,0,0,0,0,0
0,1,360490,0,0,0,0,0,0,0,0,0,0
1,1,360490,0,0,0,0,0,0,0,0,0,0
1,1,360491,0,0,0,0,11,0,0,0,0,0
2,1,360491,0,0,0,0,0,0,0,0,0,0
3,1,360491,0,0,0,0,0,0,0,0,0,0
1,1,360492,0,0,0,0,0,0,0,0,0,0
2,1,360492,0,0,3,0,0,27,0,0,0,14
1,1,360493,28,0,18,0,7,23,31,0,14,22
1,1,360494,0,7,0,0,0,0,0,12,0,0
2,1,360494,0,0,0,0,0,0,0,0,0,0
1,1,360495,0,0,0,0,0,0,0,0,0,0
2,1,360495,0,0,0,0,0,0,0,0,0,0
3,1,360495,0,0,0,0,0,0,0,0,0,0
4,1,360495,0,6,0,9,0,0,0,0,0,0
1,1,360496,21,21,21,21,21,21,21,21,21,21
1,1,360498,2,0,10,27,0,0,15,0,0,0
2,1,360498,10,0,0,0,0,0,0,0,0,0
1,1,360499,0,0,0,0,0,0,0,0,0,0
1,1,360500,30,30,30,30,30,30,30,30,30,30
1,1,360501,25,25,25,25,25,25,25,25,25,25
1,1,360502,0,0,0,0,0,0,0,0,0,0
1,1,360503,23,23,23,23,23,23,23,23,23,23
1,1,360504,0,0,15,0,0,0,0,0,0,0
2,1,360504,0,0,4,16,0,6,3,0,0,16
1,1,360505,0,0,0,0,0,0,0,0,0,0
1,1,360506,27,27,27,27,27,27,27,27,27,27
1,1,360507,14,14,14,14,14,14,14,14,14,14
1,1,360508,8,8,8,8,8,8,8,8,8,8
1,1,360509,0,0,0,0,0,0,0,0,0,0
1,1,360510,0,0,0,0,0,0,0,0,0,0
2,1,360510,0,0,0,0,0,0,0,0,0,0
1,1,360511,0,0,0,0,0,0,0,0,0,0
2,1,360511,0,0,0,0,0,0,0,0,0,0
3,1,360511,0,0,0,0,0,0,0,0,0,0
1,1,360512,0,0,0,0,0,0,0,0,0,0
2,1,360512,0,0,0,0,0,0,0,0,0,0
1,1,360513,0,0,0,0,0,0,0,0,0,0
2,1,360513,17,22,16,10,20,13,13,11,33,21
1,1,360514,0,0,0,0,0,0,0,0,0,0
2,1,360514,0,0,0,0,0,0,0,0,0,0
1,1,360515,20,20,20,20,20,20,20,20,20,20
1,1,360516,0,0,0,0,0,0,0,0,0,0
2,1,360516,0,0,0,0,0,0,9,0,0,0
0,1,360517,0,0,0,0,0,0,0,0,0,0
1,1,360517,0,0,0,0,0,0,0,0,0,0
0,1,360518,11,3,0,14,0,17,16,22,0,17
1,1,360518,37,37,37,37,37,37,37,37,37,37
2,1,360518,0,33,0,0,0,10,0,11,16,0
1,1,360519,0,0,0,0,0,0,0,0,0,0
1,1,360520,0,0,0,0,0,0,0,0,0,0
1,1,360521,7,0,0,0,15,0,0,0,0,0
1,1,360522,0,0,0,0,0,0,0,0,0,0
2,1,360522,0,0,0,10,0,0,0,0,2,0
0,1,360523,0,0,0,0,0,0,0,0,0,0
1,1,360523,16,14,25,15,12,22,21,12,21,19
1,1,360525,0,0,0,0,0,0,0,0,0,0
2,1,360525,0,0,0,0,0,0,0,0,0,0
0,1,360526,0,0,0,0,8,0,0,13,0,0
1,1,360526,0,0,11,0,0,7,0,17,0,10
0,1,360527,0,0,0,0,0,0,0,0,0,0
1,1,360527,0,0,0,0,0,0,21,0,0,0
0,1,360528,0,0,0,0,0,0,0,0,0,0
1,1,360528,0,0,0,0,0,0,0,0,0,0
2,1,360528,0,0,0,0,0,0,0,0,0,0
1,1,360529,0,0,6,8,23,0,0,0,16,35
1,1,360530,17,17,17,17,17,17,17,17,17,17
0,1,360531,0,0,0,0,0,0,0,0,0,0
0,2,360531,0,0,0,0,0,0,0,23,0,0
0,3,360531,0,0,0,0,0,0,0,0,0,0
1,1,360531,2,4,10,0,0,0,0,0,0,8
0,1,360532,0,0,0,0,0,0,0,0,0,0
1,1,360532,0,0,0,0,0,0,0,0,0,0
2,1,360532,0,0,0,0,0,0,0,0,0,0
1,1,360533,0,0,0,0,0,0,0,0,0,0
2,1,360533,0,0,0,0,0,0,0,0,0,0
1,1,360534,19,19,19,19,19,19,19,19,19,19
0,1,360535,25,25,25,25,25,25,25,25,25,25
1,1,360535,0,0,3,0,0,0,0,0,0,0
0,1,360536,0,0,0,0,0,0,0,0,0,0
1,1,360536,0,0,0,16,0,0,0,0,0,0
0,1,360537,0,0,0,0,0,0,0,0,0,0
1,1,360537,0,0,0,0,0,8,0,0,0,8
0,1,360538,0,0,19,0,0,0,0,0,23,0
1,1,360538,0,3,0,0,0,0,0,0,0,0
0,1,360539,0,0,0,0,0,0,0,0,0,0
0,2,360539,0,0,0,0,0,0,0,20,3,0
1,1,360539,0,0,0,0,0,0,0,0,0,0
2,1,360539,0,0,0,0,0,0,0,0,0,0
4,1,360539,0,0,0,0,0,0,0,0,0,0
5,1,360539,0,0,0,0,0,0,0,0,0,0
6,1,360539,0,0,0,0,0,0,0,0,0,0
1,1,360540,0,0,0,0,0,0,0,0,0,0
2,1,360540,0,0,0,0,0,0,0,0,0,0
1,1,360541,0,0,0,0,0,0,0,0,0,0
2,1,360541,9,9,9,9,9,9,9,9,9,9
1,1,360542,0,0,0,0,0,0,0,0,0,0
2,1,360542,0,0,0,0,0,0,0,0,0,0
1,1,360543,10,10,10,10,10,10,10,10,10,10
1,1,360544,0,0,0,0,0,0,0,0,0,0
2,1,360544,0,0,20,0,0,0,0,0,0,0
3,1,360544,0,0,0,0,0,0,0,0,0,0
4,1,360544,0,4,0,0,0,0,0,0,0,0
1,1,360545,0,0,0,0,0,0,0,0,0,0
1,1,360546,10,10,10,10,10,10,10,10,10,10
2,1,360546,0,0,0,0,0,0,0,0,0,0
1,1,360547,0,0,0,0,0,0,0,0,0,0
2,1,360547,0,0,0,0,0,0,0,0,0,0
1,1,360548,18,30,14,21,16,19,22,18,13,20
1,1,360549,1,1,1,1,1,1,1,1,1,1
2,1,360549,0,0,0,0,0,0,0,0,0,0
1,1,360550,23,23,23,23,23,23,23,23,23,23
1,1,360551,31,31,31,31,31,31,31,31,31,31
1,1,360552,0,0,0,0,0,0,0,0,0,0
1,1,360553,0,0,0,0,0,0,0,5,0,5
1,1,360554,0,0,0,0,0,0,0,0,0,0
1,1,360555,0,0,26,0,0,0,0,0,0,0
1,1,360556,0,0,0,0,0,0,0,0,0,0
0,1,360557,1,1,1,1,1,1,1,1,1,1
1,1,360557,7,0,0,0,0,0,0,0,0,0
1,1,360558,0,0,0,0,0,0,0,0,0,0
2,1,360558,0,0,0,0,0,0,0,0,0,0
0,1,360559,0,0,0,0,0,0,0,0,0,0
1,1,360559,0,0,0,0,0,0,0,0,0,0
0,1,360560,0,0,0,0,0,0,0,0,0,0