VEH_NO,PER_NO,ST_CASE,P1,P2,P3,P4,P5,P6,P7,P8,P9,P10
1,1,360560,0,0,0,0,0,0,0,0,0,0
1,1,360561,0,0,0,0,0,0,0,0,0,0
2,1,360561,0,0,0,0,0,0,0,0,0,0
1,1,360562,0,0,0,0,0,0,0,0,0,0
2,1,360562,0,0,0,0,0,0,0,0,0,0
3,1,360562,0,0,0,0,0,0,0,0,0,0
1,1,360563,23,23,23,23,23,23,23,23,23,23
1,1,360564,0,14,0,6,0,0,0,0,0,0
0,1,360565,0,0,0,0,0,0,0,0,0,0
1,1,360565,0,0,0,0,0,0,0,0,7,0
1,1,360566,26,26,26,26,26,26,26,26,26,26
1,1,360567,20,20,20,20,20,20,20,20,20,20
2,1,360567,0,0,0,0,0,0,6,0,14,0
1,1,360568,0,0,0,0,0,0,0,0,0,0
2,1,360568,0,7,0,0,9,0,0,0,10,0
2,1,360569,32,32,32,32,32,32,32,32,32,32
1,1,360570,0,0,0,0,0,0,0,0,0,0
0,1,360571,0,11,0,11,0,0,0,0,0,0
1,1,360571,0,0,0,0,0,0,0,0,0,0
1,1,360572,21,21,21,21,21,21,21,21,21,21
1,1,360573,0,0,0,0,0,0,0,0,0,0
1,1,360574,20,20,20,20,20,20,20,20,20,20
0,1,360575,0,0,0,0,0,0,0,0,0,0
1,1,360575,0,0,0,0,11,0,0,0,0,0
1,1,360576,8,8,8,8,8,8,8,8,8,8
1,1,360577,0,0,0,0,0,0,0,0,0,0
2,1,360577,0,0,0,0,0,0,0,0,0,0
1,1,360578,0,0,0,0,0,0,0,0,0,0
2,1,360578,0,0,0,0,0,0,0,0,0,0
1,1,360579,1,1,1,1,1,1,1,1,1,1
1,1,360580,0,0,0,0,0,0,0,0,0,0
2,1,360580,0,0,0,0,0,0,0,0,0,0
3,1,360580,0,0,0,0,0,0,0,0,0,0
4,1,360580,0,0,0,0,0,0,0,0,0,0
1,1,360581,0,0,0,0,0,0,0,0,0,0
2,1,360581,0,0,0,0,0,0,0,0,0,0
1,1,360582,1,1,1,1,1,1,1,1,1,1
2,1,360582,0,0,0,0,0,0,0,0,0,0
1,1,360583,0,0,0,0,0,0,0,0,0,0
2,1,360583,0,0,22,0,0,0,0,5,0,0
0,1,360584,0,0,0,0,0,0,0,0,0,0
1,1,360584,0,0,0,0,0,0,0,0,15,0
1,1,360585,0,0,0,0,0,0,0,0,0,0
2,1,360585,0,0,0,0,0,0,0,0,0,0
3,1,360585,0,0,0,0,0,0,0,0,0,0
4,1,360585,12,0,0,0,0,18,0,0,22,0
5,1,360585,0,0,0,0,0,0,0,0,0,0
1,1,360586,17,17,17,17,17,17,17,17,17,17
1,1,360587,0,0,0,0,0,0,0,0,0,0
1,1,360588,24,24,24,24,24,24,24,24,24,24
0,1,360589,0,0,0,0,0,0,0,0,0,0
1,1,360589,0,0,0,0,0,0,0,0,0,0
1,1,360590,9,0,18,21,0,15,28,0,29,0
0,1,360591,34,34,34,34,34,34,34,34,34,34
1,1,360591,0,0,0,0,0,0,0,0,0,0
1,1,360592,0,0,27,0,0,17,0,0,0,0
2,1,360592,0,0,0,0,0,0,0,0,0,0
1,1,360593,0,0,0,0,0,0,0,0,0,0
2,1,360593,0,0,0,13,7,0,0,0,0,0
1,1,360594,0,0,5,10,11,0,0,29,0,16
1,1,360595,16,16,16,16,16,16,16,16,16,16
0,1,360596,0,0,0,0,0,0,0,0,0,0
1,1,360596,0,23,0,0,0,18,0,13,0,20
1,1,360597,23,23,23,23,23,23,23,23,23,23
2,1,360597,0,0,0,0,0,0,0,0,0,0
1,1,360598,0,0,0,0,0,0,0,0,0,0
1,1,360599,0,0,0,0,0,0,0,0,3,0
2,1,360599,0,0,0,0,12,12,18,0,0,0
0,1,360600,0,0,0,0,0,0,0,0,0,0
1,1,360600,0,17,2,14,4,5,1,0,15,11
1,1,360601,2,7,9,15,11,9,10,16,2,12
0,1,360602,0,0,0,0,0,0,0,0,0,0
1,1,360602,0,0,12,0,0,0,11,0,0,0
1,1,360603,0,0,0,0,0,0,0,0,0,0
1,1,360604,14,23,22,18,25,0,27,23,0,0
1,1,360605,25,18,38,13,12,13,12,0,20,7
1,1,360606,0,0,0,0,0,0,14,0,15,0
2,1,360606,0,9,0,0,0,0,0,0,0,0
1,1,360607,0,0,0,0,0,0,16,0,0,0
2,1,360607,0,0,0,0,0,0,0,0,0,0
0,1,360608,0,0,0,0,0,0,0,0,0,0
1,1,360608,0,0,0,0,6,0,0,0,0,0
1,1,360609,2,2,2,2,2,2,2,2,2,2
2,1,360609,0,0,0,0,0,0,0,0,0,0
3,1,360609,0,0,0,0,0,0,0,0,0,0
1,1,360610,0,0,0,0,0,0,0,0,0,0
2,1,360610,0,0,0,19,0,0,0,0,0,0
1,1,360611,22,22,22,22,22,22,22,22,22,22
1,1,360612,0,0,0,0,0,0,0,0,0,0
0,1,360613,0,0,0,0,0,0,0,0,0,0
1,1,360613,0,0,0,0,0,0,0,0,0,0
1,1,360614,17,17,17,17,17,17,17,17,17,17
1,1,360615,0,0,0,0,0,0,0,0,0,0
2,1,360615,0,0,0,0,0,0,0,0,0,0
3,1,360615,0,0,0,0,0,0,0,0,0,0
1,1,360616,18,18,18,18,18,18,18,18,18,18
1,1,360617,0,0,0,0,0,0,0,0,0,0
1,1,360618,18,18,18,18,18,18,18,18,18,18
0,1,360619,23,18,0,20,0,20,22,0,0,0
1,1,360619,0,0,0,0,0,0,0,0,0,0
1,1,360620,19,19,19,19,19,19,19,19,19,19
1,1,360621,0,0,0,0,0,0,0,0,0,0
1,1,360622,0,0,0,0,0,0,0,0,0,0
0,1,360623,0,0,0,0,0,0,0,0,0,0
1,1,360623,24,0,0,0,0,13,0,0,0,0
0,1,360624,0,0,0,24,0,0,0,0,0,0
1,1,360624,0,0,0,0,0,20,0,0,0,0
1,1,360625,0,0,0,0,0,0,0,0,0,0
1,1,360626,2,2,2,2,2,2,2,2,2,2
0,1,360627,0,0,0,0,0,0,0,0,0,0
1,1,360627,0,0,0,12,0,0,0,0,0,0
0,1,360628,0,0,0,0,0,0,0,0,0,0
1,1,360628,0,23,0,0,0,0,0,0,0,0
1,1,360629,0,0,0,0,0,0,0,0,0,0
2,1,360629,0,0,0,0,0,0,0,0,0,0
1,1,360630,0,0,0,0,0,0,0,0,0,0
2,1,360630,0,0,0,0,0,0,0,0,0,0
1,1,360631,11,0,0,0,0,0,0,0,0,0
1,1,360632,0,0,0,0,0,0,0,0,0,0
0,1,360633,6,6,6,6,6,6,6,6,6,6
0,2,360633,0,0,22,0,17,22,36,0,0,0
0,3,360633,7,33,0,0,0,0,0,0,0,0
1,1,360633,16,19,5,10,2,3,7,0,18,7
0,1,360634,0,0,0,0,0,0,0,0,0,0
1,1,360634,0,0,6,0,0,25,0,0,0,8
1,1,360635,0,0,0,0,0,0,0,0,0,16
2,1,360635,0,0,0,0,13,0,0,0,0,0
1,1,360636,0,0,0,0,0,0,0,0,0,0
2,1,360636,0,0,0,0,0,0,0,0,0,0
3,1,360636,0,0,0,0,0,0,0,0,0,0
1,1,360637,11,11,11,11,11,11,11,11,11,11
1,1,360638,0,0,0,0,0,0,0,0,0,0
2,1,360638,0,0,0,0,0,0,0,0,0,0
1,1,360639,0,0,7,0,0,0,10,0,23,0
2,1,360639,29,7,9,19,15,11,9,17,23,10
0,1,360640,0,0,0,0,0,0,0,0,0,14
1,1,360640,0,0,13,0,0,0,0,0,0,20
0,1,360641,0,0,0,0,0,0,0,0,0,0
1,1,360641,0,0,0,0,0,0,0,0,0,0
1,1,360642,0,0,0,0,0,0,0,0,0,0
1,1,360643,4,4,4,4,4,4,4,4,4,4
1,1,360644,0,0,0,0,0,0,0,0,0,0
1,1,360645,0,0,0,0,0,0,0,0,0,0
2,1,360645,0,0,0,0,0,0,0,0,0,0
0,1,360646,0,0,0,0,0,0,0,0,0,0
1,1,360646,0,0,0,0,5,0,0,0,0,0
1,1,360647,15,3,0,13,0,0,0,0,0,0
2,1,360647,0,0,0,0,0,0,0,0,0,18
3,1,360647,0,0,11,0,0,19,0,0,0,0
1,1,360648,23,23,23,23,23,23,23,23,23,23
0,1,360649,24,24,24,24,24,24,24,24,24,24
1,1,360649,23,0,0,0,0,0,0,0,13,0
1,1,360650,0,0,13,22,25,15,22,2,6,37
0,1,360651,0,0,0,0,0,0,0,0,0,0
1,1,360651,0,11,21,8,0,0,0,0,0,0
1,1,360652,0,0,0,0,0,0,0,0,0,0
1,1,360653,16,16,16,16,16,16,16,16,16,16
0,1,360654,0,0,0,0,0,0,0,0,0,0
1,1,360654,0,27,8,18,16,16,33,0,31,0
1,1,360655,7,7,7,7,7,7,7,7,7,7
1,1,360656,0,0,0,0,0,0,0,0,0,0
0,1,360657,0,0,0,10,0,0,0,0,0,2
1,1,360657,0,0,0,0,0,0,0,0,0,0
1,1,360658,0,0,0,0,0,0,0,0,0,0
2,1,360658,0,0,0,0,0,0,0,0,0,0
3,1,360658,0,0,0,0,0,0,0,4,0,0
0,1,360659,22,22,22,22,22,22,22,22,22,22
1,1,360659,3,11,20,28,2,10,14,0,11,4
0,1,360660,0,0,0,0,0,0,0,0,0,0
1,1,360660,0,0,0,0,0,19,0,0,0,0
0,1,360661,28,28,28,28,28,28,28,28,28,28
1,1,360661,7,22,0,0,0,24,7,5,15,21
1,1,360662,0,0,0,9,8,0,0,0,0,0
2,1,360662,0,0,0,0,0,0,0,0,0,0
1,1,360663,0,0,0,0,0,0,4,0,0,0
2,1,360663,4,4,4,4,4,4,4,4,4,4
1,1,360664,0,0,0,0,0,34,0,0,0,0
2,1,360664,0,0,0,0,0,0,0,0,0,0
1,1,360665,18,18,18,18,18,18,18,18,18,18
0,1,360666,22,22,22,22,22,22,22,22,22,22
1,1,360666,0,0,0,0,0,0,12,0,17,0
1,1,360667,0,0,0,0,0,0,0,0,0,0
2,1,360667,0,0,0,0,0,0,0,0,0,0
1,1,360668,0,0,0,0,0,0,0,0,0,0
2,1,360668,0,0,0,0,0,0,0,0,0,0
1,1,360670,10,16,0,17,0,13,9,0,11,21
2,1,360670,0,0,0,0,0,0,36,0,0,0
3,1,360670,0,0,0,0,0,0,0,0,0,0
4,1,360670,0,0,0,0,0,18,0,0,0,0
1,1,360671,20,20,20,20,20,20,20,20,20,20
1,1,360672,4,4,4,4,4,4,4,4,4,4
2,1,360672,0,0,0,0,0,0,0,0,0,0
1,1,360673,0,0,0,0,0,6,0,11,0,0
2,1,360673,0,0,3,0,0,0,0,0,0,0
1,1,360674,0,0,0,0,0,0,0,0,0,0
2,1,360674,0,0,0,7,0,0,0,0,0,0
1,1,360675,0,0,0,0,0,0,0,0,0,0
2,1,360675,0,0,0,0,0,0,0,0,0,0
1,1,360676,9,9,9,9,9,9,9,9,9,9
1,1,360677,0,0,0,0,0,0,0,0,0,0
0,1,360678,4,4,4,4,4,4,4,4,4,4
1,1,360678,0,0,0,0,0,0,11,0,0,0
0,1,360679,0,0,0,0,0,0,0,0,0,0
1,1,360679,21,21,15,8,15,28,14,19,12,18
1,1,360680,0,0,0,0,0,0,0,0,0,0
0,1,360681,0,0,0,0,0,0,0,0,0,0
1,1,360681,8,8,8,8,8,8,8,8,8,8
1,1,360682,14,14,14,14,14,14,14,14,14,14
1,1,360683,11,11,11,11,11,11,11,11,11,11
1,1,360684,0,0,0,0,0,0,0,0,0,0
2,1,360684,0,0,0,0,0,0,0,0,0,0
0,1,360685,0,0,0,0,0,0,0,0,0,0
1,1,360685,0,0,0,0,0,0,0,18,0,0
1,1,360686,18,8,33,9,0,4,0,5,8,10
2,1,360686,0,0,0,0,0,0,0,0,0,0
1,1,360687,0,0,0,0,0,0,0,0,0,0
1,1,360688,0,10,0,6,0,0,15,0,0,0
2,1,360688,6,0,0,0,0,0,22,0,0,0
3,1,360688,15,13,0,0,13,9,0,0,31,23
1,1,360689,0,10,18,0,0,0,0,7,10,0
2,1,360689,15,0,10,12,7,0,0,8,0,0
1,1,360691,0,0,0,0,0,0,0,0,0,0
2,1,360691,8,8,8,8,8,8,8,8,8,8
0,1,360692,0,0,0,0,0,0,0,0,0,0
1,1,360692,0,0,0,0,0,29,10,0,0,21
1,1,360693,0,0,0,0,0,0,0,0,0,0
2,1,360693,0,0,0,0,0,0,0,8,0,8
1,1,360694,12,12,12,12,12,12,12,12,12,12
1,1,360695,15,15,15,15,15,15,15,15,15,15
1,1,360696,11,11,11,11,11,11,11,11,11,11
1,1,360697,26,26,26,26,26,26,26,26,26,26
1,1,360698,2,2,2,2,2,2,2,2,2,2
2,1,360698,0,0,0,0,0,0,0,0,0,0
0,1,360699,0,0,17,18,0,0,0,0,0,0
1,1,360699,0,0,0,0,0,0,0,0,0,0
1,1,360700,9,12,11,17,6,9,5,18,18,5
0,1,360701,0,0,0,0,0,0,0,0,0,0
1,1,360701,19,0,0,0,0,0,0,0,0,0
1,1,360702,0,0,0,0,0,0,0,0,0,0
1,1,360703,4,4,4,4,4,4,4,4,4,4
1,1,360704,0,0,0,0,0,0,2,0,0,0
2,1,360704,0,0,0,0,0,0,0,0,0,0
1,1,360705,18,0,0,0,0,11,0,21,5,20
1,1,360706,0,0,22,34,0,10,0,0,0,19
1,1,360707,8,14,8,0,23,10,14,22,0,0
1,1,360708,0,0,0,0,0,0,0,0,0,0
0,1,360709,0,0,0,0,0,0,0,0,0,0
1,1,360709,7,0,0,0,0,0,0,0,0,0
1,1,360710,0,0,0,0,0,0,0,5,0,0
2,1,360710,0,0,0,0,0,0,0,0,0,0
1,1,360711,0,0,0,0,0,0,0,0,0,0
1,1,360712,0,0,0,0,0,0,0,0,0,0
2,1,360712,0,0,0,0,0,0,0,0,0,0
1,1,360713,33,33,33,33,33,33,33,33,33,33
1,1,360714,0,0,0,0,0,0,0,0,0,0
2,1,360714,0,0,0,0,0,0,0,0,0,0
1,1,360715,16,16,16,16,16,16,16,16,16,16
1,1,360716,0,0,0,0,0,0,0,0,0,0
2,1,360716,0,0,0,0,0,0,0,14,0,0
1,1,360717,10,10,10,10,10,10,10,10,10,10
1,1,360718,0,0,0,0,0,0,0,0,0,0
2,1,360718,0,0,0,0,0,0,0,0,0,0
1,1,360719,0,0,0,0,0,0,0,0,0,0
2,1,360719,11,0,0,0,0,0,0,0,0,0
0,1,360720,0,0,0,0,0,0,0,0,0,0
1,1,360720,0,0,0,15,0,14,0,0,20,0
1,1,360721,0,0,0,0,0,0,0,0,0,0
2,1,360721,0,0,0,0,0,0,0,0,0,0
1,1,360722,0,20,19,18,3,0,6,10,0,0
2,1,360722,0,0,0,0,0,0,0,0,0,0
1,1,360723,20,12,14,3,24,14,14,19,10,14
0,1,360724,0,0,0,0,0,0,0,0,0,0
1,1,360724,0,0,0,0,0,0,0,0,0,0
0,1,360725,0,0,0,0,0,0,0,0,0,0
1,1,360725,0,0,0,0,0,29,0,0,0,0
0,1,360726,15,18,14,16,34,0,0,0,0,0
1,1,360726,0,0,0,0,0,18,0,0,0,0
1,1,360727,0,0,0,0,0,0,0,0,0,0
0,1,360728,0,0,0,0,0,0,0,0,0,0
1,1,360728,0,0,0,0,0,0,0,0,0,0
0,1,360729,0,0,0,0,0,0,0,0,0,0
1,1,360729,0,0,13,0,0,0,0,0,0,0
1,1,360730,22,0,7,0,0,0,0,0,0,0
2,1,360730,0,0,0,0,0,0,0,0,0,0
3,1,360730,0,0,0,0,0,0,0,0,0,0
1,1,360731,0,0,0,0,0,0,0,0,0,0
0,1,360732,0,0,0,0,0,0,0,0,0,0
1,1,360732,21,0,0,0,0,0,0,11,0,0
1,1,360733,15,11,4,9,20,27,23,4,16,19
0,1,360734,0,0,0,0,0,0,0,0,0,0
1,1,360734,0,9,0,4,5,0,19,0,0,0
0,1,360735,0,0,0,0,0,0,0,0,0,0
1,1,360735,0,0,0,0,0,15,20,0,0,0
0,1,360736,0,0,0,0,0,0,0,0,0,0
1,1,360736,0,0,0,0,0,0,12,0,0,0
0,1,360737,25,25,25,25,25,25,25,25,25,25
1,1,360737,0,0,0,10,0,0,0,30,21,0
0,1,360738,0,0,0,0,0,0,5,0,0,0
1,1,360738,0,0,0,0,0,0,0,0,0,0
0,1,360739,23,23,23,23,23,23,23,23,23,23
1,1,360739,10,0,9,0,4,0,0,0,0,0
1,1,360740,0,6,0,0,0,0,0,0,4,0
2,1,360740,8,0,0,8,0,0,0,0,0,0
3,1,360740,24,0,0,14,0,0,0,0,0,0
0,1,360741,19,19,19,19,19,19,19,19,19,19
1,1,360741,0,0,0,0,0,0,7,0,0,0
1,1,360742,0,0,0,0,0,0,0,0,15,0
2,1,360742,0,11,0,0,0,23,0,0,0,0
1,1,360743,0,0,0,0,0,0,0,0,0,0
2,1,360743,0,0,0,0,0,9,0,0,0,0
1,1,360744,0,0,0,0,0,0,0,0,0,0
2,1,360744,0,0,0,0,0,0,0,0,15,0
1,1,360745,0,0,0,0,0,9,0,0,0,0
2,1,360745,0,0,0,0,0,0,9,0,0,0
1,1,360746,15,15,15,15,15,15,15,15,15,15
1,1,360747,0,0,0,0,0,0,0,0,0,0
2,1,360747,0,0,0,0,0,0,7,11,0,0
1,1,360748,0,0,0,0,0,0,0,0,0,0
2,1,360748,0,0,0,0,0,0,0,0,0,0
1,1,360749,0,0,0,0,0,0,0,0,0,0
2,1,360749,0,0,0,0,0,0,0,0,0,0
1,1,360750,0,7,0,0,0,0,0,0,0,0
2,1,360750,0,0,0,0,0,0,0,0,0,0
1,1,360751,0,0,0,0,0,0,0,0,0,0
2,1,360751,0,0,0,0,0,0,0,0,0,0
1,1,360752,0,0,0,0,0,0,0,0,0,0
2,1,360752,27,27,27,27,27,27,27,27,27,27
1,1,360754,15,15,15,15,15,15,15,15,15,15
1,1,360755,14,14,14,14,14,14,14,14,14,14
1,1,360756,0,33,19,0,0,10,0,17,0,9
1,1,360757,15,13,13,29,13,13,27,16,9,17
1,1,360758,0,11,0,0,0,16,0,0,0,0
2,1,360758,0,0,0,0,0,0,0,0,0,0
0,1,360760,1,1,1,1,1,1,1,1,1,1
1,1,360760,0,0,0,0,0,0,17,0,0,0
1,1,360761,0,16,0,18,7,0,0,0,13,0
1,1,360762,0,0,0,0,0,0,0,0,0,0
2,1,360762,0,0,0,0,0,0,0,0,0,0
0,1,360763,0,0,0,0,0,0,0,0,0,0
1,1,360763,0,0,0,0,0,0,0,0,0,0
0,1,360764,15,15,15,15,15,15,15,15,15,15
1,1,360764,0,0,0,0,0,11,0,0,0,0
1,1,360765,21,21,21,21,21,21,21,21,21,21
0,1,360766,0,0,0,0,0,0,0,0,0,0
1,1,360766,0,0,0,0,0,0,0,0,0,0
1,1,360767,8,0,8,0,0,0,0,0,0,22
2,1,360767,0,0,0,0,0,0,0,0,0,0
0,1,360768,0,0,0,0,0,0,0,0,0,0
1,1,360768,0,0,0,0,0,0,0,0,0,0
1,1,360769,0,0,0,0,0,0,0,0,0,0
2,1,360769,0,15,0,0,0,0,0,0,0,0
1,1,360770,0,0,0,0,0,0,0,0,0,0
1,1,360771,0,0,0,0,0,0,0,0,0,0
2,1,360771,0,0,0,10,0,0,0,0,0,0
1,1,360772,0,8,0,8,0,7,0,0,0,0
2,1,360772,0,0,26,0,10,0,0,0,8,0
1,1,360773,0,0,0,0,0,0,0,0,0,0
1,1,360774,0,0,0,0,0,0,0,0,0,10
0,1,360775,17,0,0,0,24,10,0,0,16,23
1,1,360775,0,0,0,0,0,0,0,0,0,0
0,1,360776,0,0,0,0,0,0,0,0,0,0
1,1,360776,0,0,0,0,0,0,0,0,0,5
0,1,360777,0,0,0,0,0,0,0,0,0,0
1,1,360777,0,0,0,0,0,0,0,0,0,0
1,1,360778,0,0,0,0,0,0,0,0,0,0
2,1,360778,0,0,0,0,0,0,0,0,0,0
1,1,360779,8,8,8,8,8,8,8,8,8,8
1,1,360780,21,21,21,21,21,21,21,21,21,21
1,1,360781,0,0,0,0,0,0,0,0,0,0
2,1,360781,14,10,0,0,20,0,0,0,0,0
1,1,360782,0,0,0,0,0,0,0,0,0,0
2,1,360782,0,0,0,0,0,0,8,0,0,0
1,1,360783,0,0,0,0,0,0,0,0,0,0
2,1,360783,4,0,0,0,0,13,0,0,8,0
3,1,360783,0,0,0,0,0,0,0,0,0,0
1,1,360784,0,0,0,0,0,0,0,0,0,0
1,1,360785,0,0,0,0,0,0,0,0,0,0
1,1,360786,1,1,1,1,1,1,1,1,1,1
0,1,360787,0,0,0,0,0,0,0,0,0,0
1,1,360787,0,0,0,0,0,6,0,0,0,0
1,1,360788,0,0,0,0,0,0,0,0,0,0
2,1,360788,0,0,0,0,0,0,0,0,7,0
3,1,360788,0,17,0,0,19,0,0,0,0,0
1,1,360789,32,32,32,32,32,32,32,32,32,32
0,1,360790,0,0,0,0,0,0,0,0,0,0
1,1,360790,0,0,0,0,0,0,15,0,34,0
1,1,360791,0,0,0,0,0,0,0,0,0,0
1,1,360792,13,13,13,13,13,13,13,13,13,13
2,1,360792,0,0,0,0,0,0,0,0,0,0
1,1,360793,25,25,25,25,25,25,25,25,25,25
2,1,360793,0,0,0,0,0,0,0,0,0,0
3,1,360793,0,0,10,0,18,0,0,0,0,0
4,1,360793,0,0,0,0,8,5,0,0,3,0
5,1,360793,0,0,0,14,0,0,0,0,13,0
6,1,360793,17,0,13,19,0,0,0,0,7,18
1,1,360794,3,3,3,3,3,3,3,3,3,3
0,1,360795,0,0,0,0,0,0,0,0,0,0
1,1,360795,0,0,0,0,0,9,0,0,0,0
0,1,360796,1,1,1,1,1,1,1,1,1,1
1,1,360796,0,8,13,0,11,0,0,0,0,0
2,1,360796,17,0,0,0,0,0,11,0,0,12
0,1,360797,0,0,0,0,0,0,0,0,0,0
1,1,360797,17,0,0,0,0,0,0,0,0,0
1,1,360798,26,26,26,26,26,26,26,26,26,26
1,1,360799,0,0,0,0,0,0,0,0,0,0
2,1,360799,12,14,13,9,10,17,10,0,17,13
1,1,360800,0,0,0,0,0,0,0,0,0,0
1,1,360801,0,0,0,0,0,0,0,0,0,0
2,1,360801,0,0,0,0,0,0,10,0,0,0
0,1,360802,0,0,0,0,0,0,0,0,0,0
1,1,360802,0,11,0,0,19,0,0,14,0,0
1,1,360803,0,0,0,0,0,0,0,0,0,0
0,1,360804,0,0,0,0,0,0,0,0,0,0
2,1,360804,0,0,0,0,0,0,0,0,0,0
0,1,360805,0,0,0,0,0,0,0,0,0,0
1,1,360805,0,31,0,0,10,16,0,0,0,0
1,1,360806,0,0,0,0,0,0,0,0,0,0
1,1,360807,18,14,17,7,4,25,18,27,16,29
1,1,360808,19,24,0,0,14,8,15,11,7,11
0,1,360809,19,19,19,19,19,19,19,19,19,19
1,1,360809,0,0,0,0,20,0,11,0,0,0
0,1,360810,0,0,0,0,0,0,0,0,0,0
1,1,360810,0,0,0,0,0,0,0,0,0,18
0,1,360811,0,0,0,0,0,0,0,0,0,0
1,1,360811,0,0,0,0,0,0,0,0,0,0
1,1,360812,10,17,16,16,20,30,4,20,11,19
0,1,360813,0,0,0,0,0,0,0,25,0,0
1,1,360813,0,0,0,0,9,0,0,0,15,0
1,1,360814,0,0,0,0,0,0,0,0,0,0
2,1,360814,0,0,0,0,0,0,0,0,0,0
0,1,360815,0,0,0,0,0,0,0,0,0,0
1,1,360815,0,0,0,0,0,0,0,0,0,0
0,1,360816,0,0,0,0,0,0,0,0,0,0
1,1,360816,0,0,0,0,0,0,0,0,0,0
1,1,360817,0,0,0,0,0,0,0,0,0,0
2,1,360817,0,0,0,0,0,0,0,0,0,0
3,1,360817,0,0,0,0,0,0,0,0,0,0
1,1,360818,8,8,8,8,8,8,8,8,8,8
2,1,360818,0,0,0,0,0,0,0,0,0,0
0,1,360819,1,1,1,1,1,1,1,1,1,1
1,1,360819,20,16,16,22,11,16,4,6,14,16
1,1,360820,0,0,0,0,0,0,0,0,0,0
2,1,360820,0,0,0,0,0,0,0,0,0,0
1,1,360821,0,0,18,21,16,0,21,0,26,0
0,1,360822,0,0,0,0,0,0,0,0,0,0
1,1,360822,0,0,0,0,0,0,0,0,0,0
1,1,360823,0,0,0,0,0,0,0,0,0,0
2,1,360823,0,0,0,0,0,0,0,0,0,0
0,1,360824,0,0,0,0,0,0,0,0,0,0
1,1,360824,0,0,0,15,0,0,0,6,0,0
1,1,360825,22,22,22,22,22,22,22,22,22,22
1,1,360826,0,0,0,0,0,0,0,13,0,0
1,1,360827,3,3,3,3,3,3,3,3,3,3
1,1,360828,0,0,0,0,0,0,0,0,0,0
1,1,360829,0,0,0,0,0,0,0,0,0,0
1,1,360830,0,0,0,0,0,0,0,0,0,0
1,1,360831,0,0,0,0,0,0,0,0,0,0
2,1,360831,0,0,0,0,0,0,0,0,0,0
3,1,360831,0,0,0,0,0,0,0,0,0,0
1,1,360832,16,16,16,16,16,16,16,16,16,16
1,1,360833,0,0,0,0,0,0,0,0,0,0
2,1,360833,0,0,0,0,22,0,0,17,18,0
3,1,360833,0,0,0,7,0,18,0,9,0,11
4,1,360833,0,0,0,16,0,0,14,0,11,0
1,1,360834,0,0,0,0,0,0,0,0,0,0
1,1,360835,0,0,0,0,0,0,0,0,0,0
2,1,360835,0,0,0,0,0,0,0,0,0,0
0,1,360836,0,0,0,0,0,0,0,0,0,0
1,1,360836,0,0,11,0,0,0,0,0,0,0
1,1,360837,0,0,0,0,0,0,0,0,0,0
2,1,360837,0,0,0,0,0,0,0,0,0,0
3,1,360837,0,0,0,0,0,0,0,0,0,0
1,1,360838,8,9,3,5,9,12,7,9,22,7
2,1,360838,0,0,0,0,0,0,17,0,21,5
1,1,360839,0,0,0,0,0,0,0,0,0,0
1,1,360840,0,0,0,0,0,0,0,0,0,0
2,1,360840,18,7,3,15,16,13,5,21,0,14
1,1,360841,11,0,3,0,0,0,0,0,0,0
0,1,360842,0,0,0,0,0,0,0,0,0,0
1,1,360842,13,13,10,18,23,17,21,15,27,11
1,1,360843,26,10,0,4,0,0,0,0,0,8
2,1,360843,0,0,0,0,0,0,0,0,0,0
0,1,360844,28,28,28,28,28,28,28,28,28,28
1,1,360844,0,0,0,0,0,31,0,0,0,17
1,1,360845,0,0,10,0,0,27,23,11,0,0
2,1,360845,0,0,0,0,0,0,0,6,0,5
1,1,360846,2,0,0,0,0,0,8,0,0,23
1,1,360847,0,0,0,0,0,0,0,0,0,0
1,1,360848,0,0,0,0,0,0,0,0,0,0
1,1,360849,8,0,0,0,0,0,0,0,9,0
0,1,360850,1,1,1,1,1,1,1,1,1,1
1,1,360850,8,12,24,8,21,19,10,18,9,7
0,1,360851,0,0,0,0,0,0,0,0,0,0
1,1,360851,10,0,0,0,0,5,0,1,0,0
1,1,360852,0,0,0,0,0,0,0,0,0,0
2,1,360852,0,0,0,0,0,0,0,0,0,0
1,1,360853,0,8,0,0,0,27,0,18,11,16
1,1,360854,0,0,0,0,0,0,0,0,0,0
2,1,360854,0,12,0,0,0,0,0,0,0,0
1,1,360855,0,0,0,0,0,0,0,0,0,0
2,1,360855,0,0,0,0,0,0,0,0,0,0
1,1,360856,0,0,0,0,0,0,0,0,0,0
2,1,360856,0,0,0,0,0,0,0,0,0,0
0,1,360857,27,29,41,0,0,9,24,41,14,22
0,2,360857,21,19,0,0,20,15,21,35,0,22
1,1,360857,15,0,10,8,0,13,9,11,4,0
0,1,360858,0,0,0,0,0,0,0,0,0,0
1,1,360858,0,0,0,0,0,0,0,0,0,0
1,1,360859,18,23,37,28,0,20,11,20,41,0
1,1,360860,9,12,16,8,27,16,16,10,15,23
0,1,360861,0,0,18,0,0,0,0,0,0,0
1,1,360861,0,0,0,0,0,0,0,0,0,0
1,1,360862,0,0,0,0,0,0,0,0,0,0
1,1,360863,0,0,0,0,0,0,0,0,0,0