VEH_NO,PER_NO,ST_CASE,P1,P2,P3,P4,P5,P6,P7,P8,P9,P10
2,1,360863,0,0,0,0,0,0,0,0,0,0
1,1,360864,0,0,0,0,0,0,0,0,0,0
2,1,360864,0,0,0,0,0,0,0,0,0,0
3,1,360864,0,0,0,0,0,0,0,0,0,0
1,1,360865,14,14,14,14,14,14,14,14,14,14
1,1,360866,0,0,0,0,0,0,0,0,0,0
0,1,360867,0,0,0,0,0,0,0,0,0,0
1,1,360867,0,0,11,0,0,0,0,0,0,0
1,1,360868,0,0,0,0,0,0,0,0,0,0
2,1,360868,0,6,0,0,0,0,0,0,0,0
1,1,360869,0,0,0,0,0,0,0,0,0,0
2,1,360869,0,0,0,0,0,0,0,0,0,0
1,1,360870,0,0,2,21,17,0,0,0,0,7
2,1,360870,0,0,0,0,0,0,0,0,0,0
1,1,360871,0,0,0,0,0,0,0,0,0,0
2,1,360871,0,0,0,0,0,0,0,0,0,0
0,1,360872,0,0,0,0,0,0,13,0,0,0
1,1,360872,0,0,0,0,0,0,0,0,0,0
1,1,360873,0,0,0,0,0,0,0,0,0,0
1,1,360874,0,0,0,0,0,0,0,0,0,0
1,1,360875,0,0,0,0,0,0,0,0,0,0
1,1,360876,0,0,14,31,0,0,0,0,15,0
0,1,360877,29,29,29,29,29,29,29,29,29,29
1,1,360877,9,17,9,18,13,14,19,23,22,4
0,1,360879,0,0,0,0,0,0,0,0,0,0
1,1,360879,0,0,0,0,0,0,0,0,0,0
2,1,360879,0,0,0,0,0,0,0,0,0,0
1,1,360880,0,0,0,0,0,0,0,0,0,0
1,1,360881,0,0,0,0,0,0,0,0,0,0
2,1,360881,0,0,0,0,0,0,0,0,0,0
0,1,360882,0,37,30,0,21,37,0,0,31,23
1,1,360882,0,0,0,27,0,0,5,0,0,0
2,1,360882,0,0,0,0,0,0,9,0,0,0
1,1,360883,11,11,11,11,11,11,11,11,11,11
0,1,360884,0,0,0,0,0,0,0,0,0,0
1,1,360884,4,0,0,0,0,0,0,0,0,0
1,1,360885,0,0,0,0,0,0,0,0,0,0
2,1,360885,29,29,29,29,29,29,29,29,29,29
0,1,360886,18,18,18,18,18,18,18,18,18,18
1,1,360886,0,0,8,0,0,0,0,0,0,0
2,1,360886,0,0,0,0,0,0,0,0,0,0
0,1,360887,0,0,0,0,0,0,0,15,12,0
1,1,360887,0,0,0,0,18,0,0,0,0,0
1,1,360888,0,0,0,0,0,0,0,0,0,0
2,1,360888,0,0,0,0,0,14,0,0,0,0
1,1,360889,11,11,11,11,11,11,11,11,11,11
2,1,360889,0,0,0,0,0,0,0,0,0,0
0,1,360890,0,0,0,0,0,0,0,0,0,0
1,1,360890,0,0,0,0,0,0,0,0,0,0
1,1,360891,0,0,0,0,0,0,0,0,0,0
2,1,360891,0,0,0,0,0,0,0,0,0,0
0,1,360892,16,14,17,0,21,29,11,30,24,0
1,1,360892,0,0,0,14,0,17,0,0,0,0
2,1,360892,0,0,0,0,9,0,0,0,0,39
1,1,360893,0,0,0,16,0,0,18,16,0,0
2,1,360893,0,0,0,0,0,0,0,0,0,0
1,1,360894,0,0,0,10,0,0,0,0,0,23
2,1,360894,0,0,0,0,0,0,0,0,0,0
0,1,360895,0,0,0,0,0,0,0,0,0,0
1,1,360895,0,11,0,0,0,0,0,0,10,0
1,1,360896,8,8,8,8,8,8,8,8,8,8
1,1,360897,0,0,0,0,0,0,0,0,0,0
2,1,360897,0,0,0,0,0,0,0,5,0,0
1,1,360898,8,0,31,14,12,17,10,11,16,0
2,1,360898,9,9,9,9,9,9,9,9,9,9
1,1,360899,13,7,10,6,13,4,6,30,9,16
1,1,360900,0,0,0,0,0,0,0,0,0,0
0,1,360901,9,0,27,16,11,25,16,0,9,26
1,1,360901,14,0,0,11,0,19,0,0,0,8
0,1,360902,0,0,0,0,0,18,0,0,0,0
1,1,360902,0,0,0,0,0,0,0,11,0,0
0,1,360903,0,0,0,0,0,0,0,0,0,0
0,2,360903,0,0,25,0,0,0,0,14,0,0
1,1,360903,0,0,0,0,0,0,0,0,0,0
1,1,360905,13,13,13,13,13,13,13,13,13,13
1,1,360906,0,0,0,0,0,0,0,0,0,0
2,1,360906,0,0,0,0,0,0,0,0,0,0
0,1,360907,0,0,0,0,0,0,0,0,0,0
1,1,360907,0,0,0,0,0,0,0,0,0,0
0,1,360908,0,0,0,0,0,0,0,0,0,0
1,1,360908,14,19,0,0,0,0,0,0,0,0
0,1,360909,36,36,36,36,36,36,36,36,36,36
1,1,360909,23,12,19,9,26,14,9,26,9,19
0,1,360910,0,0,0,0,0,0,0,0,0,0
3,1,360910,0,0,0,0,0,0,0,0,0,0
1,1,360911,0,0,0,0,0,0,0,0,0,0
2,1,360911,0,0,0,0,0,0,0,0,0,0
3,1,360911,0,0,0,22,0,0,0,0,0,0
1,1,360912,0,0,0,0,0,0,0,0,0,0
2,1,360912,0,0,0,0,0,0,0,0,0,0
1,1,360913,0,0,0,0,0,0,0,0,0,0
2,1,360913,0,0,0,0,0,0,0,0,0,0
0,1,360914,0,0,0,0,0,0,0,0,0,0
1,1,360914,0,21,0,0,6,11,0,0,0,0
1,1,360915,0,0,0,0,0,0,0,0,0,0
1,1,360916,0,0,0,0,0,0,0,0,0,0
2,1,360916,0,0,0,0,0,0,0,0,0,0
1,1,360917,0,0,0,0,0,0,0,0,0,0
2,1,360917,0,6,0,0,0,0,0,0,0,0
1,1,360918,0,0,0,0,0,0,0,0,0,0
1,1,360919,0,0,0,0,0,0,0,0,0,0
1,1,360920,0,0,0,0,0,0,0,0,0,0
0,1,360921,0,0,0,0,0,0,0,0,0,0
1,1,360921,0,0,0,13,0,10,4,0,0,0
0,1,360922,12,12,12,12,12,12,12,12,12,12
0,2,360922,3,3,3,3,3,3,3,3,3,3
1,1,360922,8,0,8,18,27,3,0,12,0,0
1,1,360923,0,0,0,0,0,0,0,0,0,0
2,1,360923,0,0,0,0,0,0,0,0,0,0
3,1,360923,0,0,0,0,0,0,0,0,0,0
4,1,360923,14,0,0,0,0,0,7,0,0,0
1,1,360924,0,0,0,0,0,0,0,0,0,0
2,1,360924,0,0,0,0,0,0,0,0,0,0
3,1,360924,0,0,0,0,0,0,0,0,0,0
1,1,360925,20,20,20,20,20,20,20,20,20,20
0,1,360926,27,0,12,0,0,37,4,0,0,0
1,1,360926,0,21,0,0,0,0,0,0,0,0
1,1,360927,20,20,20,20,20,20,20,20,20,20
1,1,360928,0,0,0,0,0,0,0,0,0,0
1,1,360929,9,9,9,9,9,9,9,9,9,9
0,1,360931,8,8,8,8,8,8,8,8,8,8
1,1,360931,0,0,12,16,12,0,0,14,0,0
1,1,360932,17,17,17,17,17,17,17,17,17,17
2,1,360932,0,0,0,0,0,0,0,0,0,0
1,1,360933,0,0,0,14,0,0,0,0,0,0
2,1,360933,0,0,0,0,0,0,0,0,0,0
1,1,360934,0,0,0,0,0,0,0,0,0,0
2,1,360934,18,28,3,10,11,22,0,0,0,21
1,1,360935,0,10,0,14,0,0,0,16,0,6
2,1,360935,0,0,0,0,18,0,0,9,0,0
1,1,360936,0,13,0,0,0,0,0,0,0,0
0,1,360937,0,0,0,0,0,0,0,0,0,0
1,1,360938,0,0,0,0,0,0,0,0,0,0
2,1,360938,0,19,0,0,0,0,0,0,0,0
1,1,360939,0,0,0,0,0,0,0,0,0,0
2,1,360939,0,0,0,0,0,0,0,0,0,0
1,1,360940,0,9,0,0,0,0,0,0,0,0
2,1,360940,4,4,4,4,4,4,4,4,4,4
1,1,360941,13,13,13,13,13,13,13,13,13,13
1,1,360942,0,0,0,0,0,0,0,0,0,0
1,1,360943,0,0,0,0,0,0,0,0,0,0
2,1,360943,0,14,0,0,0,0,0,0,12,0
1,1,360945,0,0,0,0,0,0,0,0,0,0
2,1,360945,0,0,0,0,0,0,0,0,0,0
0,1,360946,0,0,0,0,0,0,0,0,0,0
1,1,360946,0,0,0,0,13,0,0,0,0,0
0,1,360947,0,0,0,0,0,15,0,0,0,0
1,1,360947,0,0,0,23,0,0,15,0,9,0
1,1,360948,8,8,8,8,8,8,8,8,8,8
0,1,360949,0,0,0,0,0,0,0,0,0,0
1,1,360949,0,0,0,0,0,0,0,0,0,0
1,1,360950,14,0,0,0,0,20,0,0,0,0
1,1,360951,0,0,0,0,0,0,0,0,0,0
2,1,360951,0,0,0,0,0,0,0,0,0,0
0,1,360952,0,0,0,0,0,0,0,0,0,0
1,1,360952,7,0,0,0,9,11,0,16,0,0
1,1,360953,0,0,0,0,0,0,0,0,0,0
1,1,360954,0,0,0,0,0,0,0,0,0,0
1,1,360955,19,19,19,19,19,19,19,19,19,19
2,1,360955,0,0,0,26,0,0,0,0,0,0
3,1,360955,0,0,0,0,0,0,0,0,0,22
0,1,360956,0,0,0,0,0,0,0,0,0,0
1,1,360956,0,0,18,16,0,7,0,0,7,0
0,1,360957,0,0,0,0,0,0,0,0,0,0
1,1,360957,0,0,0,0,0,0,0,0,0,0
1,1,360958,0,0,0,0,0,0,0,0,0,0
2,1,360958,0,0,0,0,0,0,0,0,0,0
1,1,360959,0,0,0,0,0,0,0,0,0,0
2,1,360959,0,0,0,0,0,0,0,0,0,0
1,1,360960,17,17,17,17,17,17,17,17,17,17
1,1,360961,8,8,8,8,8,8,8,8,8,8
0,1,360962,0,0,0,0,0,0,0,0,0,0
1,1,360962,0,0,0,0,0,0,0,0,0,0
0,1,360963,0,0,0,0,0,0,0,0,0,0
1,1,360963,16,20,15,25,16,4,10,5,15,14
1,1,360964,0,0,0,0,0,0,0,0,0,0
2,1,360964,0,0,0,0,0,0,0,0,0,0
1,1,360965,0,0,0,0,0,0,0,0,0,0
2,1,360965,1,1,1,1,1,1,1,1,1,1
1,1,360966,0,0,0,0,0,0,0,0,0,0
2,1,360966,0,0,0,0,0,0,0,0,0,0
3,1,360966,0,0,0,0,0,0,0,0,0,0
1,1,360967,0,0,0,0,0,0,0,0,0,0
2,1,360967,0,0,0,0,0,0,0,0,0,0
1,1,360968,17,17,17,17,17,17,17,17,17,17
0,1,360969,23,23,23,23,23,23,23,23,23,23
1,1,360969,10,8,0,0,0,18,0,6,0,0
0,1,360970,0,0,0,0,0,0,0,0,0,0
1,1,360970,0,0,0,0,0,0,0,0,0,0
0,1,360971,22,22,22,22,22,22,22,22,22,22
1,1,360971,0,0,0,0,8,11,0,5,0,10
1,1,360972,20,20,20,20,20,20,20,20,20,20
1,1,360973,14,0,0,0,13,15,0,0,0,0
1,1,360974,0,0,0,0,0,0,0,0,0,0
0,1,360975,24,24,24,24,24,24,24,24,24,24
1,1,360975,0,0,0,0,0,0,0,0,0,0
0,1,360977,0,0,0,0,0,0,0,0,0,0
1,1,360977,0,0,0,0,10,0,0,0,0,0
0,1,360978,0,0,0,0,0,18,29,0,0,0
1,1,360978,0,0,24,5,0,0,0,0,15,0
1,1,360979,11,11,11,11,11,11,11,11,11,11
0,1,360980,0,0,0,0,0,0,0,0,0,0
1,1,360980,0,0,0,0,0,0,0,0,0,0
0,1,360981,0,0,0,0,0,0,0,0,0,0
1,1,360981,0,0,0,0,0,0,0,0,0,0
1,1,360982,0,0,0,0,0,0,0,0,0,0
2,1,360982,0,0,0,0,0,0,0,0,0,0
0,1,360983,0,0,0,0,0,0,0,0,0,0
0,2,360983,0,0,0,0,0,0,0,17,25,10
1,1,360983,0,0,0,0,0,0,0,0,0,0
0,1,360984,0,0,0,0,0,0,0,0,0,0
1,1,360984,0,0,0,0,0,15,0,0,0,8
0,1,360985,0,0,0,0,0,0,0,0,0,0
1,1,360985,0,0,0,0,0,0,0,14,0,0
0,1,360986,0,0,0,0,0,0,0,0,0,0
1,1,360986,0,0,7,0,0,0,0,0,0,0
0,1,360987,0,0,0,0,0,0,0,0,0,0
1,1,360987,0,0,0,0,0,0,0,0,0,0
1,1,360988,0,0,0,0,0,0,0,16,0,0
2,1,360988,0,0,0,0,0,0,0,0,0,0
1,1,360989,12,30,14,12,13,11,15,11,0,27
2,1,360989,0,0,0,0,0,0,0,0,0,0
1,1,360990,0,0,0,0,0,4,0,0,0,0
2,1,360990,0,0,0,0,0,0,0,0,0,0
1,1,360991,0,0,0,3,0,4,0,0,0,0
2,1,360991,1,1,1,1,1,1,1,1,1,1
3,1,360991,0,0,0,0,0,0,0,0,0,0
1,1,360992,0,0,0,0,0,0,0,0,0,0
0,1,360993,1,1,1,1,1,1,1,1,1,1
1,1,360993,0,0,0,0,0,0,0,0,0,0
1,1,360994,12,12,12,12,12,12,12,12,12,12
1,1,360995,20,20,20,20,20,20,20,20,20,20
1,1,360996,0,0,0,0,16,0,0,0,0,21
2,1,360996,0,0,0,0,0,0,0,0,0,0
0,1,360997,0,0,0,0,0,0,0,0,0,0
1,1,360997,0,15,0,0,0,0,0,0,0,0
1,1,360998,0,0,0,0,0,0,0,0,0,0
1,1,360999,0,0,0,0,0,0,0,0,0,0
2,1,360999,0,0,0,0,0,0,0,0,0,0
1,1,361000,0,0,0,0,0,0,0,0,0,0
2,1,361000,0,0,0,0,0,0,0,0,0,0
1,1,361001,0,0,7,24,9,17,0,0,0,0
2,1,361001,0,0,0,0,0,0,0,0,0,0
1,1,361002,0,0,0,0,0,0,0,0,0,0
2,1,361002,0,0,0,0,0,0,14,0,0,0
1,1,361003,0,0,0,0,0,0,0,0,0,0
0,1,361004,0,0,0,0,0,0,0,0,0,0
1,1,361004,0,0,0,0,0,0,0,0,0,0
0,1,361005,0,0,0,0,0,0,0,0,0,0
1,1,361005,20,0,9,13,11,16,9,13,11,18
1,1,361006,0,0,0,0,0,0,0,0,0,0
2,1,361006,0,0,0,0,0,0,0,0,12,0
3,1,361006,0,0,0,0,0,8,0,0,18,0
4,1,361006,0,0,0,0,0,0,0,7,0,0
0,1,361007,26,26,26,26,26,26,26,26,26,26
1,1,361007,11,0,0,0,0,3,19,0,12,12
2,1,361007,0,0,0,0,0,9,0,0,0,6
1,1,361008,0,0,0,0,0,0,0,0,0,0
0,1,361009,25,25,25,25,25,25,25,25,25,25
1,1,361009,0,0,3,0,6,0,0,8,0,0
0,1,361010,7,7,7,7,7,7,7,7,7,7
1,1,361010,0,14,0,0,0,19,0,0,0,0
1,1,361011,0,0,0,0,0,0,0,0,0,0
0,1,361012,0,0,0,0,0,0,0,0,0,0
1,1,361012,0,0,0,0,0,0,0,0,0,0
1,1,361013,0,0,0,0,6,0,0,0,0,0
2,1,361013,0,0,0,0,0,0,0,0,0,0
3,1,361013,0,0,0,0,15,0,0,0,0,0
4,1,361013,0,0,0,0,0,0,0,0,0,10
1,1,361014,19,19,19,19,19,19,19,19,19,19
1,1,361015,9,9,9,9,9,9,9,9,9,9
0,1,361016,0,0,0,0,0,0,0,0,0,0
1,1,361016,0,12,0,0,0,0,0,0,17,0
0,1,361017,0,0,0,0,0,0,0,0,0,0
1,1,361017,0,0,30,0,16,0,18,0,0,12
1,1,361018,0,0,0,0,0,0,0,0,0,0
2,1,361018,0,0,0,0,0,0,0,0,0,0
1,1,361019,0,25,18,0,0,0,0,23,29,19
2,1,361019,17,0,14,0,0,0,13,10,0,0
1,1,361020,0,0,0,0,0,0,0,0,0,0
2,1,361020,0,0,0,0,0,0,0,0,0,0
0,1,361021,0,0,9,0,0,0,0,0,0,0
1,1,361021,0,0,0,0,0,0,0,0,0,0
1,1,361022,0,0,5,0,1,0,16,0,0,0
0,1,361023,0,0,0,0,0,0,0,0,0,0
1,1,361023,0,0,0,0,0,0,0,0,0,0
1,1,361024,0,0,0,0,0,0,0,0,0,0
2,1,361024,0,0,0,0,0,0,0,0,0,0
1,1,361025,0,5,3,10,6,13,30,17,23,19
1,1,361026,0,0,0,0,0,0,0,0,0,0
1,1,361027,0,0,0,16,0,0,0,7,0,0
2,1,361027,0,0,0,0,0,0,0,0,0,0
1,1,361028,10,28,0,15,21,23,11,14,9,23
0,1,361029,0,0,0,0,0,0,0,0,0,0
1,1,361029,0,0,0,0,0,0,0,0,0,0
1,1,361030,0,0,0,0,0,0,0,0,0,0
0,1,361031,5,5,5,5,5,5,5,5,5,5
0,2,361031,0,0,0,0,15,0,0,0,0,0
1,1,361031,21,0,0,7,0,0,0,4,27,18
0,1,361032,0,0,0,0,0,0,0,0,0,0
1,1,361032,0,0,0,0,0,0,0,0,0,0
1,1,361033,0,0,0,0,0,0,0,0,0,0
0,1,361034,0,18,11,0,0,0,26,0,0,0
1,1,361034,11,0,0,0,0,21,0,0,0,0
0,1,361035,0,0,0,0,0,0,0,0,0,0
0,2,361035,0,0,0,0,0,8,0,0,0,0
1,1,361035,0,0,0,0,0,0,0,0,0,0
1,1,361036,14,14,14,14,14,14,14,14,14,14
2,1,361036,0,0,0,0,0,0,0,0,0,0
1,1,361037,0,0,23,0,0,0,0,0,0,0
2,1,361037,0,0,0,0,0,0,0,0,0,0
1,1,361038,6,11,24,25,23,19,17,10,17,6
2,1,361038,25,25,25,25,25,25,25,25,25,25
1,1,361039,0,0,0,0,0,16,0,0,0,0
2,1,361039,0,0,0,0,0,0,0,0,0,0
1,1,361040,0,0,0,0,0,0,0,0,0,0
0,1,361041,0,0,0,0,0,0,0,0,0,0
1,1,361041,0,0,0,0,0,0,0,0,11,0
1,1,361042,0,0,0,0,0,0,0,0,0,0
2,1,361042,0,0,0,0,0,16,0,0,0,0
0,1,361043,5,5,5,5,5,5,5,5,5,5
1,1,361043,0,0,0,0,0,0,0,0,0,0
0,1,361044,0,0,0,0,0,0,0,0,0,0
0,2,361044,0,0,0,0,0,0,0,0,0,0
1,1,361044,3,12,10,5,13,7,11,27,14,14
1,1,361045,14,14,14,14,14,14,14,14,14,14
1,1,361046,0,0,0,0,0,0,0,0,0,0
1,1,361047,0,0,0,0,0,0,0,0,0,0
0,1,361048,0,0,0,0,0,0,0,0,0,0
1,1,361048,0,10,0,0,0,0,0,0,0,0
1,1,361049,13,13,13,13,13,13,13,13,13,13
2,1,361049,0,0,0,0,0,0,0,0,0,0
1,1,361050,0,0,0,0,0,0,0,0,0,0
2,1,361050,0,0,0,0,0,0,0,0,0,0
1,1,361051,0,0,0,0,0,0,0,0,0,0
2,1,361051,0,0,0,0,0,0,0,0,0,0
1,1,361052,0,0,0,0,0,0,0,0,0,0
2,1,361052,0,0,0,0,0,0,0,0,0,0
1,1,361053,0,0,0,0,0,0,0,0,0,0
2,1,361053,0,0,0,0,0,0,0,0,0,0
1,1,361054,0,0,0,0,0,0,0,0,0,0
2,1,361054,17,0,0,0,0,0,0,0,0,0
1,1,361055,0,0,0,0,0,0,0,0,0,0
2,1,361055,0,0,20,0,0,0,0,14,0,0
1,1,361056,0,0,0,0,0,0,0,0,0,0
2,1,361056,0,0,0,0,0,0,0,0,0,0
1,1,361057,15,0,22,0,12,0,19,24,0,0
0,1,361058,0,0,0,0,0,0,0,0,0,0
1,1,361058,0,0,21,0,0,0,0,0,0,0
1,1,361059,0,0,11,14,0,0,0,30,0,0
2,1,361059,0,0,0,0,0,0,12,0,0,0
1,1,361060,0,0,0,0,0,0,0,0,0,0
0,1,361062,0,0,0,0,0,0,0,0,0,0
1,1,361062,22,12,10,0,10,7,17,0,11,9
0,1,361063,0,0,0,0,0,0,0,0,0,0
1,1,361063,0,0,3,0,0,3,0,0,0,0
0,1,361064,0,0,0,0,0,0,0,0,0,0
1,1,361064,0,0,0,0,0,0,0,0,0,0
0,1,361066,17,17,17,17,17,17,17,17,17,17
1,1,361066,0,9,0,12,0,16,0,0,0,23
1,1,361067,0,0,0,0,0,0,0,0,0,0
2,1,361067,0,0,0,0,0,0,0,0,0,0
3,1,361067,0,0,7,0,0,0,0,0,0,0
1,1,361068,0,0,0,0,0,0,0,0,0,0
2,1,361068,5,0,12,9,0,23,13,0,0,0
1,1,361069,0,25,11,0,7,0,0,0,0,0
2,1,361069,0,0,0,0,0,0,0,0,0,0
3,1,361069,0,0,0,0,0,0,0,0,0,0
1,1,361070,0,0,0,0,3,0,0,0,0,0
2,1,361070,0,0,0,0,0,0,0,0,0,0
1,1,361071,19,19,19,19,19,19,19,19,19,19
0,1,361073,0,0,0,0,0,0,0,0,0,0
1,1,361073,0,0,0,16,0,0,7,0,0,0
0,1,361074,0,0,0,8,0,0,0,0,0,0
1,1,361074,0,0,0,18,14,0,0,0,0,0
1,1,361075,0,0,0,0,0,0,0,0,0,12
2,1,361075,0,0,0,0,0,3,0,0,0,0
1,1,361076,0,0,6,0,0,0,0,0,0,0
2,1,361076,0,0,0,0,0,0,0,3,2,0
1,1,361077,0,0,0,0,0,0,0,0,0,0
2,1,361077,0,0,0,0,0,0,0,0,0,0
1,1,361078,0,28,23,0,12,0,0,0,0,0
2,1,361078,0,0,0,0,0,0,0,0,0,0
1,1,361079,12,12,12,12,12,12,12,12,12,12
2,1,361079,0,0,0,0,0,0,9,0,0,0
1,1,361080,0,0,6,0,0,0,0,0,0,0
1,1,361081,0,0,0,0,0,0,0,0,0,0
0,1,361082,6,6,6,6,6,6,6,6,6,6
1,1,361082,3,15,22,13,16,10,14,12,10,21
0,1,361083,5,5,5,5,5,5,5,5,5,5
0,2,361083,8,8,8,8,8,8,8,8,8,8
1,1,361083,15,0,16,0,0,3,17,0,0,0
2,1,361083,2,0,14,0,22,0,0,0,3,16
1,1,361084,0,0,0,0,0,0,0,0,0,0
2,1,361084,0,0,0,0,0,0,0,0,0,0
1,1,361085,0,0,0,0,0,0,0,0,0,0
2,1,361085,0,0,0,0,0,0,0,0,0,0
1,1,361086,0,5,0,0,16,0,0,16,17,11
1,1,361087,0,0,0,20,0,0,0,0,0,0
2,1,361087,0,0,0,0,0,0,0,0,0,0
1,1,361088,0,0,0,0,0,0,0,0,0,0
2,1,361088,0,0,14,0,0,0,0,0,0,0
1,1,361089,0,0,0,0,0,0,0,0,0,0
2,1,361089,0,0,9,0,0,8,0,12,3,0
1,1,361090,0,0,0,0,0,0,0,0,0,0
2,1,361090,0,0,0,0,0,0,0,0,0,0
1,1,361092,0,0,0,0,0,0,0,0,0,0
2,1,361092,0,0,0,0,0,0,0,0,0,0
1,1,361093,0,0,0,0,0,4,14,0,23,9
2,1,361093,0,0,0,0,5,0,0,0,0,0
3,1,361093,0,0,0,0,0,17,0,0,0,0
1,1,361094,0,0,0,0,0,0,0,0,0,0
2,1,361094,0,0,0,0,0,0,0,0,0,0
1,1,361095,0,0,0,0,0,19,0,0,0,0
2,1,361095,0,0,0,0,0,0,0,0,0,0
1,1,361096,22,22,22,22,22,22,22,22,22,22
0,1,361097,0,0,0,0,0,0,0,0,0,0
1,1,361097,0,0,0,0,0,0,7,0,0,0
1,1,361098,14,17,15,27,33,23,15,22,7,11
2,1,361098,0,0,0,0,0,0,0,0,0,0
0,1,361099,0,0,0,0,0,0,0,0,0,0
1,1,361099,28,0,4,0,0,0,0,0,0,0
1,1,361100,4,4,4,4,4,4,4,4,4,4
0,1,361101,0,0,0,0,0,0,0,0,0,0
1,1,361101,0,26,11,19,0,16,0,0,0,0
0,1,361102,0,0,0,0,0,0,0,0,0,0
1,1,361102,0,0,0,0,7,0,0,0,0,0
1,1,361103,27,23,0,21,17,18,14,15,15,16
1,1,361104,0,0,0,0,0,0,0,0,0,0
1,1,361105,0,0,0,0,0,0,0,0,0,0
1,1,361106,0,0,0,0,0,0,0,0,0,0
0,1,361107,0,0,0,0,0,0,0,0,0,0
1,1,361107,0,0,0,0,0,0,0,0,0,0
1,1,361108,16,16,16,16,16,16,16,16,16,16
0,1,361109,0,0,0,0,0,0,0,10,0,16
1,1,361109,0,0,0,0,9,0,0,0,0,0
0,1,361110,0,0,0,0,0,0,0,0,0,0
1,1,361110,0,0,0,0,0,0,0,0,0,0
1,1,361111,0,0,0,0,0,0,0,0,0,0
2,1,361111,9,0,10,13,0,6,15,0,0,25
1,1,361112,0,0,0,0,0,0,0,0,0,0
0,1,361113,0,0,0,0,0,0,0,0,0,0
1,1,361113,0,0,0,0,0,0,0,0,0,0
0,1,361114,0,0,0,0,0,0,0,0,0,0
1,1,361114,0,0,0,0,0,0,0,0,0,0
1,1,361115,0,0,0,19,0,0,0,0,0,0
2,1,361115,0,0,0,0,0,0,0,0,0,0
0,1,361116,0,0,0,0,0,0,0,0,0,0
0,2,361116,0,0,0,0,12,3,0,0,0,0
1,1,361116,0,0,0,0,0,0,0,0,0,0
2,1,361116,12,4,0,0,0,0,0,0,0,0
0,1,361117,40,40,40,40,40,40,40,40,40,40
1,1,361117,0,0,0,0,0,0,0,0,0,0
1,1,361118,21,21,21,21,21,21,21,21,21,21
0,1,361119,0,0,0,0,0,0,0,0,0,0
1,1,361119,0,0,0,0,0,7,0,0,0,0
0,1,361120,0,0,0,0,0,0,0,0,0,0
1,1,361120,0,0,0,26,0,0,0,4,9,0
0,1,361121,11,11,11,11,11,11,11,11,11,11
1,1,361121,9,24,0,0,13,0,10,8,0,0
2,1,361121,0,0,0,0,0,0,0,0,0,0
1,1,361122,20,20,20,20,20,20,20,20,20,20
1,1,361123,5,5,5,5,5,5,5,5,5,5
1,1,361124,6,0,0,0,0,0,0,10,0,0
0,1,361125,15,15,15,15,15,15,15,15,15,15
1,1,361125,0,0,0,10,0,0,16,24,0,0
2,1,361125,10,0,18,0,0,14,31,16,9,23
1,1,361126,0,0,21,0,0,12,0,0,0,0
2,1,361126,0,0,0,0,0,0,0,0,0,0
1,1,361127,0,0,0,0,0,0,0,0,0,0
0,1,361128,0,0,0,0,0,0,0,0,0,0
1,1,361128,0,0,0,0,0,16,0,0,0,17
1,1,361129,14,14,14,14,14,14,14,14,14,14
2,1,361129,0,0,0,0,0,0,0,0,0,0
1,1,361130,6,0,0,0,0,0,0,0,0,0
2,1,361130,0,0,0,0,0,0,0,0,6,0
1,1,361131,0,0,0,0,0,0,0,0,0,0
2,1,361131,0,0,0,0,0,0,0,0,0,0
1,1,361132,0,0,0,0,0,0,0,0,0,0
0,1,361133,0,0,7,0,0,0,0,0,0,0
1,1,361133,0,0,0,0,0,0,0,2,8,0
1,1,361134,0,0,0,0,0,0,0,0,0,0
2,1,361134,16,9,23,18,18,23,10,25,18,19
0,1,361135,0,0,0,0,0,0,0,0,0,0
1,1,361135,0,0,0,0,0,17,0,0,0,0
0,1,361136,0,0,0,0,0,0,0,0,0,0
1,1,361136,0,0,0,0,0,0,0,0,0,0
1,1,361137,0,0,0,0,0,0,0,0,0,0
2,1,361137,0,0,0,0,0,0,0,0,0,0
0,1,361138,14,0,0,0,9,17,0,0,0,0
1,1,361138,0,21,0,16,0,0,0,11,0,0
1,1,361139,0,0,0,0,0,0,0,0,2,0
2,1,361139,0,0,0,0,0,0,0,0,0,0
0,1,361140,0,0,0,0,0,0,0,0,0,0
1,1,361140,0,0,7,0,0,0,0,0,0,0
0,1,361141,0,0,0,0,0,0,0,0,0,0
1,1,361141,0,0,0,10,3,18,0,11,0,0
0,1,361142,0,0,0,0,0,0,0,0,0,0
1,1,361142,0,0,0,0,0,0,0,0,0,0
0,1,361143,0,0,0,0,0,0,0,0,0,0
1,1,361143,0,17,0,10,9,0,25,0,0,13
0,1,361144,9,9,9,9,9,9,9,9,9,9
1,1,361144,0,0,0,0,0,0,0,0,0,0
0,1,361145,0,0,0,0,0,0,0,0,0,0
1,1,361145,9,28,0,16,0,0,0,0,0,9
0,1,361146,0,0,0,0,0,0,0,0,0,0
1,1,361146,0,0,0,0,0,0,0,0,0,0
0,1,361147,0,0,0,0,0,0,0,0,0,0
1,1,361147,0,9,0,10,0,8,11,10,10,6
1,1,361148,0,0,0,0,0,24,0,0,0,0
2,1,361148,21,0,13,0,0,0,12,0,0,0
1,1,361149,14,17,20,12,14,23,15,6,25,16
0,1,361150,0,0,0,0,0,0,0,0,0,0
1,1,361150,0,0,0,0,0,0,0,0,0,0
0,1,361151,1,1,1,1,1,1,1,1,1,1
1,1,361151,13,0,8,0,2,0,0,0,0,0
0,1,361152,0,0,0,0,0,0,0,0,0,0
1,1,361152,15,9,14,0,0,28,0,0,15,0