VEH_NO,PER_NO,ST_CASE,P1,P2,P3,P4,P5,P6,P7,P8,P9,P10
1,1,361153,0,18,4,0,0,11,7,0,0,2
0,1,361154,0,0,0,0,0,0,0,0,0,0
1,1,361154,0,0,0,0,0,0,0,0,0,0
0,1,361155,0,0,0,0,0,0,0,0,0,0
1,1,361155,0,0,0,0,0,0,0,0,13,0
1,1,361156,0,0,0,0,0,0,0,0,0,0
1,1,361157,0,0,0,0,0,0,0,0,0,0
0,1,361158,0,0,0,0,0,0,0,0,0,0
1,1,361158,0,0,0,0,0,0,0,0,0,0
0,1,361159,17,17,17,17,17,17,17,17,17,17
1,1,361159,0,0,0,0,0,14,0,0,0,11
0,1,361160,32,32,32,32,32,32,32,32,32,32
1,1,361160,17,0,8,0,10,0,0,0,0,0
1,1,361161,0,17,0,0,22,0,11,0,8,40
2,1,361161,22,22,22,22,22,22,22,22,22,22
1,1,361162,0,7,0,0,0,0,0,0,0,0
0,1,361163,0,0,0,0,0,0,0,0,0,0
1,1,361163,0,0,0,0,0,20,0,0,0,0
0,1,361164,10,10,10,10,10,10,10,10,10,10
1,1,361164,29,11,0,0,0,0,0,0,0,16
1,1,361165,6,6,6,6,6,6,6,6,6,6
1,1,361166,25,25,25,25,25,25,25,25,25,25
0,1,361167,0,0,0,0,0,0,0,0,0,0
1,1,361167,10,0,12,11,5,27,0,19,0,8
0,1,361168,0,0,0,0,0,0,0,0,0,0
1,1,361168,0,0,0,0,0,0,0,0,0,0
0,1,361169,0,0,0,0,0,0,0,0,0,0
1,1,361170,0,0,0,0,0,0,0,0,0,0
2,1,361170,0,0,0,0,0,10,0,0,0,0
0,1,361171,0,0,0,0,0,0,0,0,0,0
1,1,361171,0,4,0,0,0,3,0,0,12,0
1,1,361172,14,14,14,14,14,14,14,14,14,14
2,1,361172,0,0,8,5,0,12,0,0,0,0
1,1,361173,0,0,3,11,2,0,0,0,9,0
0,1,361174,0,0,0,0,0,0,0,0,0,0
1,1,361174,14,18,7,19,18,10,19,19,33,0
0,1,361175,0,0,0,0,0,0,0,0,0,0
1,1,361175,0,0,0,0,0,18,0,0,0,0
1,1,361176,0,0,0,0,0,0,0,0,0,0
2,1,361176,0,0,0,0,0,0,0,0,0,0
1,1,361177,0,10,0,17,0,31,0,0,0,15
2,1,361177,0,4,0,0,0,0,0,0,0,10
1,1,361178,0,0,0,0,0,0,0,0,0,0
2,1,361178,0,0,0,0,0,0,5,12,0,0
1,1,361179,0,0,0,0,0,0,0,0,0,0
2,1,361179,0,0,0,0,13,0,0,0,0,0
1,1,361180,0,0,0,0,0,0,0,0,0,0
2,1,361180,0,0,0,0,0,0,0,0,0,0
1,1,361181,0,0,0,0,0,0,0,0,0,0
0,1,361182,0,0,0,0,0,0,0,0,0,0
1,1,361182,22,0,0,0,0,0,0,0,0,0
1,1,361183,2,11,0,17,2,11,15,4,0,10
2,1,361183,0,0,0,0,0,0,0,0,0,0
1,1,361184,8,8,8,8,8,8,8,8,8,8
1,1,361185,0,0,0,0,0,0,0,0,0,0
2,1,361185,0,0,0,0,8,0,0,0,7,0
0,1,361186,0,0,0,0,0,0,0,0,0,0
1,1,361186,0,25,0,0,0,4,0,0,0,0
0,1,361187,0,0,0,0,0,0,0,0,0,0
1,1,361187,0,0,0,0,0,0,0,0,0,0
0,1,361188,0,0,0,0,0,0,0,0,0,0
1,1,361188,0,0,0,0,0,0,19,0,0,0
0,1,361189,0,0,0,0,0,0,0,0,0,0
1,1,361189,0,0,0,0,0,0,0,0,0,0
0,1,361190,0,0,0,0,0,0,0,0,0,0
1,1,361190,0,0,10,0,11,0,0,0,0,16
1,1,361191,0,0,0,0,0,0,0,0,0,0
2,1,361191,30,0,7,0,0,0,0,0,0,0
0,1,361192,5,5,5,5,5,5,5,5,5,5
0,2,361192,0,33,0,0,0,0,28,0,30,0
1,1,361192,0,0,0,0,12,0,0,0,0,0
2,1,361192,0,0,0,0,0,0,0,0,0,0
1,1,361193,0,0,0,0,0,0,0,0,0,6
0,1,361194,0,0,0,0,0,0,0,0,0,0
1,1,361194,0,0,0,0,0,0,0,0,0,0
0,1,361195,0,0,0,0,0,0,0,0,0,0
1,1,361195,0,6,0,0,0,0,35,0,0,0
1,1,361196,0,0,0,0,0,0,0,0,0,0
2,1,361196,0,0,0,0,0,0,0,0,0,0
1,1,361197,0,19,13,0,0,0,0,4,0,0
0,1,361198,0,0,0,0,0,0,0,0,0,0
0,2,361198,0,0,0,0,0,0,0,18,0,0
3,1,361198,0,0,0,0,0,0,13,0,0,0
2,1,361199,0,0,0,0,0,0,0,0,0,0
0,1,361200,4,4,4,4,4,4,4,4,4,4
1,1,361200,0,0,0,0,0,0,0,8,0,0
1,1,361201,0,0,0,18,0,0,0,0,0,0
2,1,361201,0,16,0,0,10,0,0,0,0,0
1,1,361202,0,0,0,0,0,0,0,0,0,0
2,1,361202,0,0,0,0,0,0,15,0,0,0
3,1,361202,0,0,0,0,0,0,0,0,0,0
1,1,361204,24,0,0,0,0,0,0,15,0,0
2,1,361204,0,6,0,0,0,12,0,0,0,0
3,1,361204,0,0,0,0,0,0,0,0,0,0
0,1,361205,55,11,35,0,23,10,17,17,11,0
1,1,361205,6,0,10,20,14,23,13,19,12,25
1,1,370001,0,0,0,0,0,0,0,0,0,0
0,1,370002,5,5,5,5,5,5,5,5,5,5
1,1,370002,0,0,0,0,0,0,0,0,0,0
1,1,370003,0,26,13,13,0,12,12,11,11,10
0,1,370004,0,0,0,0,0,0,0,0,0,0
1,1,370004,0,0,0,0,0,0,0,0,6,0
1,1,370005,0,0,0,0,0,0,0,0,0,0
1,1,370006,0,0,0,0,0,0,0,0,0,0
1,1,370007,0,0,0,0,0,0,0,0,0,0
1,1,370008,0,0,0,0,0,0,0,0,0,0
2,1,370008,0,0,0,0,0,0,0,0,0,0
1,1,370009,0,0,0,0,0,0,0,0,0,0
2,1,370009,0,0,0,0,0,0,0,0,0,0
1,1,370010,0,0,14,0,3,0,0,0,0,0
1,1,370011,17,17,17,17,17,17,17,17,17,17
0,1,370012,33,33,33,33,33,33,33,33,33,33
1,1,370012,21,0,6,0,0,0,13,9,0,19
1,1,370013,19,19,19,19,19,19,19,19,19,19
1,1,370014,19,19,19,19,19,19,19,19,19,19
0,1,370015,32,32,32,32,32,32,32,32,32,32
1,1,370015,2,0,0,0,0,0,0,0,0,0
1,1,370016,22,19,23,30,13,0,9,13,8,11
2,1,370016,0,0,0,0,0,0,0,0,0,0
1,1,370017,17,17,17,17,17,17,17,17,17,17
1,1,370018,15,15,15,15,15,15,15,15,15,15
0,1,370019,17,17,17,17,17,17,17,17,17,17
1,1,370019,0,0,0,0,0,4,0,0,0,0
0,1,370020,0,0,0,0,0,0,0,0,0,0
1,1,370020,0,0,0,0,0,0,0,0,0,0
1,1,370021,0,0,0,0,0,0,0,0,0,0
0,1,370022,19,19,19,19,19,19,19,19,19,19
1,1,370022,0,0,0,0,0,11,0,0,12,0
1,1,370024,8,8,8,8,8,8,8,8,8,8
1,1,370025,26,12,17,26,34,5,21,13,21,21
1,1,370026,17,17,17,17,17,17,17,17,17,17
1,1,370027,0,0,0,0,0,0,0,0,0,0
2,1,370027,0,0,0,0,0,0,0,0,0,0
1,1,370028,0,0,0,0,0,0,0,0,0,0
1,1,370029,34,34,34,34,34,34,34,34,34,34
1,1,370030,5,5,5,5,5,5,5,5,5,5
1,1,370031,0,0,0,0,0,0,0,0,0,0
2,1,370031,0,0,0,0,0,0,0,0,0,0
1,1,370032,20,0,0,0,0,0,0,0,0,0
0,1,370033,9,9,9,9,9,9,9,9,9,9
1,1,370033,0,0,0,0,0,0,0,0,0,0
1,1,370034,0,0,0,0,0,0,0,0,0,0
1,1,370035,23,23,23,23,23,23,23,23,23,23
1,1,370036,0,0,0,0,0,0,0,0,0,0
1,1,370037,17,17,17,17,17,17,17,17,17,17
1,1,370038,29,29,29,29,29,29,29,29,29,29
2,1,370038,0,0,0,0,0,0,0,0,0,0
1,1,370039,0,0,0,0,0,0,0,0,0,0
2,1,370039,0,0,0,0,0,0,0,0,0,0
1,1,370040,17,20,9,12,15,18,17,21,11,9
2,1,370040,0,0,0,0,0,0,0,0,0,0
1,1,370041,2,2,2,2,2,2,2,2,2,2
1,1,370042,26,12,9,18,9,13,5,15,13,9
1,1,370043,10,10,10,10,10,10,10,10,10,10
1,1,370044,0,0,0,0,0,0,0,0,0,0
2,1,370044,0,0,0,0,0,0,0,0,0,0
1,1,370045,3,7,8,14,0,9,16,10,8,0
2,1,370045,0,0,0,0,0,0,0,0,0,0
3,1,370045,0,0,0,0,0,0,0,0,0,0
1,1,370046,6,4,6,16,26,12,0,20,10,15
1,1,370047,0,0,0,0,0,0,0,0,0,0
2,1,370047,9,9,9,9,9,9,9,9,9,9
1,1,370048,0,0,0,0,0,0,0,0,0,0
2,1,370048,17,17,17,17,17,17,17,17,17,17
1,1,370049,2,4,0,19,0,7,0,0,13,0
1,1,370050,24,24,24,24,24,24,24,24,24,24
0,1,370051,0,0,0,0,0,0,0,0,0,0
1,1,370051,0,0,0,0,0,0,0,0,0,0
1,1,370052,0,0,0,0,0,0,0,10,0,11
1,1,370053,0,0,0,0,0,0,0,0,0,0
1,1,370054,20,20,20,20,20,20,20,20,20,20
1,1,370055,16,16,16,16,16,16,16,16,16,16
1,1,370056,0,0,0,0,0,0,0,0,0,0
2,1,370056,0,0,0,0,0,0,0,0,0,0
1,1,370057,0,0,0,0,0,0,0,0,0,0
1,1,370058,0,0,0,0,0,0,0,0,0,0
2,1,370058,0,0,0,0,0,0,0,0,0,0
3,1,370058,0,0,0,0,0,0,0,0,0,0
1,1,370059,16,16,16,16,16,16,16,16,16,16
2,1,370059,0,0,0,0,0,0,0,0,0,0
1,1,370060,0,0,0,0,0,0,0,0,0,0
2,1,370060,0,0,0,0,0,0,0,0,0,0
0,1,370061,0,0,0,0,0,0,0,0,0,0
1,1,370061,0,0,0,0,0,0,0,0,0,0
1,1,370062,0,0,0,0,0,0,0,0,0,0
2,1,370062,0,0,0,0,0,0,0,0,0,0
1,1,370063,0,0,0,0,0,0,0,0,0,0
0,1,370064,0,0,0,0,0,0,0,0,0,0
1,1,370064,7,0,0,0,0,13,0,0,0,0
1,1,370065,10,10,10,10,10,10,10,10,10,10
1,1,370066,0,0,0,0,0,0,0,0,0,0
2,1,370066,0,0,0,0,0,0,0,0,0,0
1,1,370067,0,0,0,0,0,0,0,0,0,0
2,1,370067,0,0,0,0,2,0,0,0,0,0
1,1,370068,0,0,0,0,0,0,0,0,0,0
1,1,370069,18,18,18,18,18,18,18,18,18,18
1,1,370070,7,0,20,0,19,19,18,16,22,3
2,1,370070,0,0,0,0,0,0,0,0,0,0
0,1,370071,0,0,0,0,0,0,0,0,0,0
1,1,370071,0,0,0,0,0,0,0,0,0,0
1,1,370072,0,0,0,0,0,0,0,0,0,0
2,1,370072,0,0,0,0,0,0,0,0,0,0
0,1,370073,0,0,0,0,0,0,0,0,0,0
1,1,370073,0,0,0,0,0,0,0,0,0,0
1,1,370074,28,6,21,0,19,0,17,4,12,29
1,1,370075,28,28,28,28,28,28,28,28,28,28
0,1,370076,2,2,2,2,2,2,2,2,2,2
0,2,370076,0,17,16,0,0,35,0,0,28,19
0,3,370076,0,0,0,0,0,0,0,0,0,0
0,4,370076,0,0,0,0,0,0,0,0,0,0
1,1,370076,0,13,8,17,14,13,4,7,0,8
1,1,370077,0,0,0,0,0,0,0,0,0,0
2,1,370077,0,0,0,0,0,0,0,0,0,0
1,1,370078,0,0,0,0,0,0,0,0,0,0
2,1,370078,0,0,0,0,0,0,0,0,0,0
1,1,370079,0,0,0,0,0,0,0,0,0,0
1,1,370080,0,0,0,0,0,0,0,0,0,0
2,1,370080,0,12,0,0,0,0,0,15,0,0
1,1,370081,21,21,21,21,21,21,21,21,21,21
1,1,370082,0,0,0,0,0,0,0,0,0,0
1,1,370083,0,0,0,0,0,0,0,0,0,0
2,1,370083,0,0,0,0,0,0,0,0,0,0
3,1,370083,0,0,0,0,0,0,0,0,0,0
4,1,370083,0,0,0,0,0,0,0,0,0,0
1,1,370084,0,0,0,0,0,7,0,6,0,0
1,1,370085,6,6,6,6,6,6,6,6,6,6
1,1,370086,25,25,25,25,25,25,25,25,25,25
2,1,370086,0,0,0,0,0,0,0,0,0,0
3,1,370086,0,0,0,0,0,0,0,0,0,0
1,1,370088,0,0,0,0,0,0,0,0,0,0
1,1,370089,0,0,0,0,0,0,0,0,0,0
2,1,370089,7,16,16,17,20,12,15,7,13,28
1,1,370090,0,0,0,0,0,0,0,0,0,0
1,1,370091,0,0,0,0,0,0,0,0,0,0
2,1,370091,0,0,0,0,0,0,0,0,0,0
1,1,370092,0,0,0,0,0,0,0,0,0,0
2,1,370092,0,0,0,0,0,0,0,0,0,0
1,1,370093,0,0,0,0,0,0,0,0,0,0
1,1,370094,0,0,0,0,0,0,0,0,0,0
2,1,370094,0,0,0,0,0,0,0,0,0,0
1,1,370095,0,0,0,0,0,0,0,0,0,0
2,1,370095,0,0,0,0,0,0,0,0,0,0
1,1,370096,26,26,26,26,26,26,26,26,26,26
1,1,370097,57,57,57,57,57,57,57,57,57,57
2,1,370097,0,0,0,0,0,0,0,0,0,0
1,1,370098,17,17,21,19,12,24,19,30,24,9
2,1,370098,0,0,0,0,0,0,0,0,0,0
1,1,370099,9,0,6,16,6,15,23,8,13,11
1,1,370100,23,23,23,23,23,23,23,23,23,23
1,1,370101,0,0,0,0,0,0,0,0,0,0
1,1,370102,0,0,0,0,0,0,0,0,0,0
2,1,370102,0,19,0,0,0,0,0,0,0,0
1,1,370103,0,0,0,0,0,0,0,0,0,0
2,1,370103,0,0,0,0,0,0,0,0,0,0
1,1,370104,4,4,4,4,4,4,4,4,4,4
1,1,370105,18,18,18,18,18,18,18,18,18,18
1,1,370106,21,21,21,21,21,21,21,21,21,21
1,1,370107,23,12,20,18,15,0,10,30,13,6
2,1,370107,0,0,0,0,0,0,0,0,0,0
1,1,370108,0,0,0,0,0,0,0,0,0,0
2,1,370108,0,0,0,0,0,0,0,0,0,0
1,1,370109,0,0,0,0,0,0,0,0,0,0
1,1,370110,0,0,0,0,0,0,0,0,0,0
0,1,370111,0,0,0,0,0,0,0,0,0,0
0,2,370111,0,0,0,0,0,23,12,0,0,0
0,3,370111,0,11,0,0,0,0,0,0,0,21
1,1,370111,0,16,8,30,24,7,0,21,14,20
1,1,370112,0,0,0,0,0,0,0,0,0,0
2,1,370112,16,0,0,0,0,0,0,0,0,0
1,1,370113,0,0,0,0,0,0,0,0,0,0
1,1,370114,0,0,5,0,0,0,0,0,0,0
1,1,370115,0,0,0,0,0,0,0,0,0,0
1,1,370116,22,22,22,22,22,22,22,22,22,22
0,1,370117,29,29,29,29,29,29,29,29,29,29
1,1,370117,0,0,0,0,0,0,0,0,0,0
1,1,370118,28,28,28,28,28,28,28,28,28,28
1,1,370119,4,4,4,4,4,4,4,4,4,4
0,1,370120,0,0,0,0,0,0,0,0,0,0
1,1,370120,0,0,0,0,5,0,0,0,0,0
1,1,370121,4,4,4,4,4,4,4,4,4,4
1,1,370122,0,0,0,0,0,0,0,0,0,0
2,1,370122,0,0,0,2,0,0,0,0,0,0
1,1,370123,0,0,0,0,0,0,0,0,0,0
2,1,370123,0,0,0,0,0,0,0,0,0,0
1,1,370124,0,0,0,0,0,0,0,0,0,0
2,1,370124,0,0,0,0,0,0,0,0,0,0
1,1,370125,0,0,0,0,0,0,0,0,0,0
2,1,370125,0,0,0,0,0,0,0,0,0,0
1,1,370126,0,0,0,0,0,0,0,0,0,0
2,1,370126,0,0,0,0,0,0,0,0,0,0
1,1,370127,0,0,0,0,0,0,0,0,0,0
1,1,370128,6,6,6,6,6,6,6,6,6,6
1,1,370129,0,0,0,0,0,0,0,0,0,0
2,1,370129,0,0,0,0,0,0,0,0,0,0
1,1,370130,0,0,0,0,0,0,0,0,0,0
2,1,370130,0,0,0,0,0,0,0,0,0,0
1,1,370131,9,9,9,9,9,9,9,9,9,9
2,1,370131,0,0,0,0,0,0,0,0,0,0
0,1,370132,28,28,28,28,28,28,28,28,28,28
1,1,370132,0,0,0,0,0,0,0,0,0,0
1,1,370133,0,0,0,0,0,0,0,0,0,0
2,1,370133,0,0,0,0,0,0,0,0,11,0
1,1,370134,0,0,0,0,0,0,0,0,0,0
0,1,370135,25,25,25,25,25,25,25,25,25,25
1,1,370135,0,0,0,0,0,0,0,5,0,0
1,1,370137,0,0,0,0,0,0,0,0,0,0
2,1,370137,0,0,0,0,0,0,0,0,0,0
1,1,370138,23,23,23,23,23,23,23,23,23,23
0,1,370139,17,17,17,17,17,17,17,17,17,17
1,1,370139,0,0,0,0,4,0,0,0,0,0
1,1,370140,0,0,0,0,0,0,0,0,0,0
0,1,370141,27,27,27,27,27,27,27,27,27,27
1,1,370141,0,0,0,0,0,0,0,0,0,0
1,1,370142,18,18,18,18,18,18,18,18,18,18
1,1,370143,0,0,0,0,0,0,0,0,0,0
1,1,370144,24,24,24,24,24,24,24,24,24,24
1,1,370145,0,0,0,0,0,0,0,0,0,0
1,1,370146,7,7,7,7,7,7,7,7,7,7
1,1,370147,7,11,25,5,29,13,13,20,22,13
2,1,370147,0,0,0,0,0,0,0,0,0,0
0,1,370148,10,10,10,10,10,10,10,10,10,10
0,2,370148,0,0,0,0,0,0,0,0,0,0
1,1,370148,0,0,0,0,0,10,0,0,0,0
1,1,370149,0,0,0,0,0,0,0,0,0,0
0,1,370150,0,0,0,0,0,0,0,0,0,0
1,1,370150,0,0,0,0,0,0,0,0,0,0
0,1,370151,22,22,22,22,22,22,22,22,22,22
1,1,370151,11,8,10,20,18,0,0,0,0,21
1,1,370152,15,15,15,15,15,15,15,15,15,15
2,1,370152,0,0,0,0,0,0,0,0,0,0
1,1,370153,0,0,0,0,0,0,0,0,0,0
1,1,370154,0,0,0,0,0,0,0,0,0,0
1,1,370155,0,0,0,0,0,0,0,0,0,0
1,1,370156,0,0,0,0,0,0,0,0,0,0
1,1,370157,0,0,0,0,0,0,0,0,0,0
1,1,370158,0,0,0,0,0,0,0,0,0,0
1,1,370159,26,26,26,26,26,26,26,26,26,26
1,1,370160,7,7,7,7,7,7,7,7,7,7
1,1,370161,12,12,12,12,12,12,12,12,12,12
1,1,370162,0,0,0,0,0,0,0,0,0,0
0,1,370163,0,0,0,0,0,0,0,0,0,0
1,1,370163,2,2,2,2,2,2,2,2,2,2
1,1,370164,0,0,0,0,0,0,0,0,0,0
2,1,370164,0,0,0,0,0,0,0,0,0,0
1,1,370165,0,0,0,0,0,0,0,0,0,0
2,1,370165,0,0,0,0,0,0,0,0,6,0
1,1,370166,22,22,22,22,22,22,22,22,22,22
1,1,370167,0,0,0,0,0,0,0,0,0,0
1,1,370168,0,0,0,0,0,0,0,0,0,0
1,1,370169,4,0,0,0,0,0,0,0,0,0
2,1,370169,0,0,0,0,0,0,0,0,0,0
1,1,370170,0,0,0,0,0,0,0,0,0,0
1,1,370171,0,0,0,0,0,0,0,0,0,0
2,1,370171,0,0,0,0,0,0,0,0,0,0
1,1,370172,0,0,0,0,0,0,0,0,0,0
2,1,370172,0,0,0,0,0,0,0,0,0,0
1,1,370173,0,0,0,0,0,0,0,0,0,0
1,1,370174,27,27,27,27,27,27,27,27,27,27
1,1,370175,0,0,0,0,0,0,0,0,0,0
2,1,370175,0,0,0,0,0,0,0,0,0,0
1,1,370176,0,0,0,0,0,0,0,0,0,0
2,1,370176,0,0,0,0,0,0,0,0,0,0
1,1,370177,0,0,0,0,0,0,0,0,0,0
1,1,370178,0,0,0,0,0,0,0,0,0,0
0,1,370179,0,0,0,0,0,0,0,0,0,0
1,1,370179,0,0,0,0,0,0,0,0,0,0
1,1,370180,20,20,20,20,20,20,20,20,20,20
1,1,370181,11,11,11,11,11,11,11,11,11,11
2,1,370181,0,0,0,0,0,0,0,0,0,0
1,1,370182,20,5,12,12,25,8,8,0,18,17
1,1,370183,0,0,0,0,0,0,0,0,0,0
2,1,370183,0,0,0,0,0,0,0,0,0,5
1,1,370184,24,24,24,24,24,24,24,24,24,24
1,1,370186,0,0,0,0,0,0,0,0,0,0
2,1,370186,0,0,0,0,0,0,0,0,16,0
3,1,370186,0,0,0,0,0,0,0,0,0,0
1,1,370187,0,3,0,0,0,0,0,0,0,0
2,1,370187,0,0,0,0,0,0,0,0,0,0
1,1,370188,0,0,0,0,0,0,0,0,0,0
1,1,370189,0,0,0,0,0,0,0,0,0,0
1,1,370190,19,19,19,19,19,19,19,19,19,19
1,1,370191,0,0,0,0,0,0,0,0,0,0
2,1,370191,0,0,0,0,0,0,0,0,0,0
1,1,370192,0,0,0,0,0,0,0,0,0,0
2,1,370192,0,0,0,0,0,0,0,0,0,0
1,1,370193,0,0,0,0,0,0,0,0,0,0
2,1,370193,0,0,0,0,0,0,0,0,0,0
3,1,370193,0,0,0,0,0,0,0,0,0,0
1,1,370194,0,0,0,0,0,0,0,0,0,0
1,1,370195,0,0,0,0,0,0,0,0,0,0
1,1,370196,7,7,7,7,7,7,7,7,7,7
1,1,370197,9,9,9,9,9,9,9,9,9,9
1,1,370198,0,0,0,0,0,0,0,0,0,0
2,1,370198,17,34,27,0,9,16,14,9,0,8
1,1,370199,17,17,17,17,17,17,17,17,17,17
2,1,370199,0,0,0,0,0,0,0,0,0,0
1,1,370200,0,0,0,0,0,0,0,0,0,0
1,1,370201,0,0,0,0,0,0,0,0,0,0
1,1,370202,28,28,28,28,28,28,28,28,28,28
2,1,370202,22,8,18,3,0,11,0,13,0,15
1,1,370203,0,0,0,0,0,0,0,0,0,0
2,1,370203,6,0,0,0,0,0,0,0,0,0
1,1,370204,0,2,0,0,0,0,0,0,0,0
2,1,370204,0,0,0,0,0,0,0,0,0,0
1,1,370205,0,0,0,0,0,0,0,0,0,0
2,1,370205,0,0,0,0,0,0,0,0,0,0
0,1,370206,0,0,0,0,0,0,0,0,0,0
1,1,370206,0,0,9,0,0,0,0,0,0,0
1,1,370207,13,13,13,13,13,13,13,13,13,13
1,1,370208,0,0,0,0,0,0,0,0,0,0
1,1,370209,0,0,0,0,0,0,0,0,0,0
1,1,370210,24,24,24,24,24,24,24,24,24,24
1,1,370211,36,8,36,9,11,0,12,11,15,15
2,1,370211,0,0,0,0,0,0,0,8,0,0
1,1,370212,23,23,23,23,23,23,23,23,23,23
1,1,370213,0,0,0,0,0,0,0,0,0,0
2,1,370213,0,0,0,0,0,0,0,0,0,0
1,1,370214,0,0,0,0,0,0,0,0,0,0
2,1,370214,0,0,0,0,0,0,0,0,0,0
1,1,370215,0,0,0,0,0,0,0,0,0,0
1,1,370216,0,0,0,0,0,0,0,0,0,0
1,1,370217,0,6,0,0,0,0,0,0,0,0
2,1,370217,0,0,0,0,0,0,0,0,0,0
0,1,370218,0,0,0,0,0,0,0,0,0,0
1,1,370218,0,0,0,0,0,0,0,0,0,0
1,1,370219,0,0,0,0,0,0,0,0,0,0
2,1,370219,0,0,0,0,0,0,0,0,0,0
1,1,370220,14,14,14,14,14,14,14,14,14,14
0,1,370221,0,0,0,16,0,0,0,0,0,0
0,2,370221,0,0,0,0,0,0,0,0,0,0
1,1,370221,0,0,0,0,0,0,0,0,0,0
1,1,370222,0,0,0,0,0,0,0,0,0,0
1,1,370223,4,11,0,14,0,16,11,7,14,17
2,1,370223,0,0,0,0,0,0,0,0,0,0
3,1,370223,0,0,0,0,0,0,0,0,0,0
1,1,370224,0,0,0,0,0,0,0,0,0,0
1,1,370225,0,0,0,0,0,0,0,0,0,0
1,1,370226,18,18,18,18,18,18,18,18,18,18
1,1,370227,0,0,0,0,0,0,0,0,0,0
2,1,370227,0,0,0,0,0,0,0,0,0,0
3,1,370227,0,0,0,0,0,0,0,0,0,0
4,1,370227,0,0,0,0,0,0,0,0,0,0
1,1,370228,20,20,20,20,20,20,20,20,20,20
1,1,370229,0,0,0,0,0,0,0,0,0,0
0,1,370230,5,5,5,5,5,5,5,5,5,5
1,1,370230,0,0,0,9,0,0,20,0,0,0
1,1,370231,20,20,20,20,20,20,20,20,20,20
1,1,370232,0,0,0,0,0,0,0,0,0,0
1,1,370233,0,0,0,0,0,0,0,0,0,0
2,1,370233,0,0,0,0,0,0,0,0,0,0
1,1,370234,0,0,0,0,0,0,0,0,0,0
1,1,370235,23,23,23,23,23,23,23,23,23,23
0,1,370236,0,0,0,0,0,0,0,0,0,0
1,1,370236,0,0,0,0,0,0,9,0,0,0
1,1,370237,0,0,0,0,0,0,0,0,0,0
1,1,370238,15,15,15,15,15,15,15,15,15,15
0,1,370239,0,0,0,0,0,0,0,0,0,0
1,1,370239,0,0,0,0,0,21,0,0,11,0
0,1,370240,0,0,0,0,0,0,0,0,0,0
1,1,370240,2,0,0,0,0,0,19,13,0,13
1,1,370241,0,0,0,0,0,0,0,0,0,0
2,1,370241,0,0,0,0,0,0,0,0,0,0
1,1,370242,0,0,0,0,0,0,0,0,0,0
1,1,370243,11,16,37,10,11,23,7,20,12,20
1,1,370244,15,15,15,15,15,15,15,15,15,15
1,1,370245,0,0,0,0,0,0,0,0,0,0
2,1,370245,0,0,0,0,0,0,0,0,0,0
3,1,370245,0,0,0,0,0,0,0,0,0,0
1,1,370246,32,0,8,20,0,20,22,15,21,14
2,1,370246,0,0,0,0,0,0,0,0,0,0
0,1,370247,0,0,0,0,0,0,0,0,0,0
0,2,370247,0,0,0,0,0,0,0,0,0,0
1,1,370247,0,0,0,0,0,0,3,0,0,0
1,1,370248,0,0,0,0,6,0,0,0,0,0
2,1,370248,0,0,0,0,0,0,0,0,0,0
1,1,370249,19,19,19,19,19,19,19,19,19,19
0,1,370250,0,0,0,0,0,0,0,0,0,0
1,1,370250,0,9,0,0,0,0,0,0,8,0
1,1,370251,0,0,0,0,0,0,0,0,0,0
1,1,370252,13,13,13,13,13,13,13,13,13,13
1,1,370253,14,14,14,14,14,14,14,14,14,14
1,1,370254,32,32,32,32,32,32,32,32,32,32
0,1,370255,0,0,0,0,0,0,0,0,0,0
1,1,370255,9,0,0,0,0,0,0,0,0,0
1,1,370256,0,0,0,0,0,0,0,0,0,0
2,1,370256,9,11,14,7,7,13,19,14,12,10
1,1,370257,0,0,0,0,0,0,0,0,0,0
1,1,370258,0,0,0,0,0,0,0,0,0,0
0,1,370259,0,0,0,0,0,0,0,0,0,0
1,1,370259,0,0,0,0,0,0,0,0,0,0
1,1,370260,16,3,10,21,1,7,9,15,14,27
1,1,370261,0,0,0,0,0,0,0,0,0,0
2,1,370261,0,0,0,0,0,0,0,0,0,0
1,1,370262,0,0,0,0,0,0,0,0,0,0
0,1,370263,0,0,0,0,0,0,0,0,0,0
1,1,370263,0,0,0,0,0,0,0,0,0,0
1,1,370264,0,0,0,0,0,0,0,0,0,0
1,1,370265,0,0,0,0,0,0,0,0,0,0
2,1,370265,0,0,0,0,0,0,0,0,0,0
1,1,370266,17,17,17,17,17,17,17,17,17,17
1,1,370267,21,21,21,21,21,21,21,21,21,21
1,1,370268,5,5,5,5,5,5,5,5,5,5
1,1,370269,0,0,0,0,0,0,0,0,0,0
1,1,370270,15,15,15,15,15,15,15,15,15,15
2,1,370270,0,0,0,0,0,0,0,0,0,0
1,1,370271,5,5,5,5,5,5,5,5,5,5
1,1,370272,0,0,0,0,0,0,0,0,0,0
2,1,370272,0,0,0,0,0,0,0,0,0,0
1,1,370273,0,0,0,0,0,0,0,0,0,0
1,1,370274,0,0,0,0,0,0,0,0,0,0
2,1,370274,0,0,0,0,0,0,0,0,0,0