VEH_NO,PER_NO,ST_CASE,P1,P2,P3,P4,P5,P6,P7,P8,P9,P10
1,1,370275,0,0,0,0,0,0,0,0,0,0
1,1,370276,0,0,0,0,0,0,0,0,0,0
2,1,370276,0,0,0,0,0,0,0,0,0,0
0,1,370277,0,0,0,0,0,0,0,0,0,0
1,1,370277,0,0,0,0,0,0,0,0,0,0
1,1,370278,0,0,0,0,0,0,0,0,0,0
1,1,370279,17,16,7,12,11,18,8,10,14,21
2,1,370279,0,0,2,0,0,0,0,0,0,23
1,1,370280,0,0,0,0,0,0,0,0,0,0
2,1,370280,0,0,0,0,0,0,0,0,0,0
1,1,370281,0,0,0,0,0,0,0,0,0,0
2,1,370281,0,0,0,0,0,0,0,0,0,0
1,1,370282,0,0,0,0,0,0,0,0,0,0
1,1,370283,0,0,0,0,0,0,0,0,0,0
1,1,370284,0,0,0,0,0,0,0,0,0,0
1,1,370285,0,0,0,0,0,0,0,0,0,0
2,1,370285,0,0,0,0,0,0,0,0,0,0
1,1,370286,0,0,0,0,0,0,0,0,0,0
2,1,370286,0,0,0,0,0,0,0,0,0,0
3,1,370286,0,0,0,0,0,0,0,0,0,0
1,1,370287,0,0,0,0,0,0,0,0,0,0
2,1,370287,0,0,0,0,0,0,0,0,0,0
1,1,370288,24,24,24,24,24,24,24,24,24,24
1,1,370289,0,0,0,0,0,0,0,0,0,0
0,1,370290,0,0,0,0,0,0,0,0,0,0
1,1,370290,0,0,0,0,0,0,0,0,0,0
0,1,370291,0,0,0,0,0,0,0,0,0,0
1,1,370291,0,0,5,0,0,0,0,0,7,0
1,1,370292,0,0,0,0,0,0,0,0,0,0
1,1,370293,0,0,0,0,0,0,0,0,0,0
2,1,370293,0,0,0,0,0,0,0,0,0,0
3,1,370293,0,0,0,0,0,0,0,0,0,0
1,1,370294,0,0,0,0,0,0,0,0,0,0
2,1,370294,0,0,0,0,0,0,0,0,0,0
1,1,370295,0,0,0,0,0,0,0,0,0,0
2,1,370295,0,0,0,0,0,0,0,0,11,0
1,1,370296,23,23,23,23,23,23,23,23,23,23
1,1,370297,15,15,15,15,15,15,15,15,15,15
1,1,370298,0,0,0,0,0,0,0,0,0,0
2,1,370298,0,0,0,0,0,0,0,0,0,0
1,1,370299,0,0,0,0,0,0,0,0,0,0
1,1,370300,0,0,0,0,0,0,0,0,0,0
2,1,370300,0,0,0,0,0,0,0,0,0,0
0,1,370301,24,24,24,24,24,24,24,24,24,24
1,1,370301,0,0,0,0,0,0,0,0,0,0
1,1,370302,0,0,0,0,0,0,0,0,0,0
1,1,370303,0,0,0,0,0,0,0,0,0,0
2,1,370303,7,7,7,7,7,7,7,7,7,7
1,1,370304,0,0,0,0,0,0,0,0,0,0
2,1,370304,0,0,0,0,0,0,0,0,0,0
1,1,370305,0,0,10,18,7,0,0,8,0,13
1,1,370306,0,0,19,0,0,0,0,0,0,0
2,1,370306,0,0,0,0,0,0,4,0,7,0
0,1,370307,0,0,0,0,0,0,0,0,0,0
1,1,370307,0,0,0,0,0,0,0,0,0,0
1,1,370308,25,13,12,13,0,0,0,17,6,15
0,1,370309,0,0,0,0,0,0,0,0,0,0
1,1,370309,0,0,0,0,0,13,0,0,0,0
0,1,370310,0,0,0,0,0,0,0,0,0,0
1,1,370310,0,0,0,0,0,0,0,0,0,0
2,1,370310,0,0,0,0,0,0,0,0,0,0
1,1,370311,24,24,24,24,24,24,24,24,24,24
1,2,370312,0,0,14,0,0,0,9,0,0,0
0,1,370313,9,9,9,9,9,9,9,9,9,9
0,2,370313,0,0,0,0,0,0,0,0,0,0
1,1,370313,0,0,0,0,0,0,0,0,0,0
1,1,370314,0,0,0,0,0,0,0,0,0,0
2,1,370314,26,26,26,26,26,26,26,26,26,26
1,1,370315,0,0,0,0,0,0,0,0,0,0
1,1,370316,0,0,0,0,0,0,0,0,0,0
2,1,370316,0,0,0,0,0,0,0,0,0,0
3,1,370316,0,0,0,0,0,0,0,0,23,5
0,1,370317,37,37,37,37,37,37,37,37,37,37
1,1,370317,0,0,0,0,0,0,0,0,0,0
1,1,370318,0,0,0,0,0,0,0,0,0,0
1,1,370319,0,0,0,0,0,0,0,0,0,0
1,1,370320,34,34,34,34,34,34,34,34,34,34
1,1,370321,0,0,0,0,0,0,0,0,0,0
2,1,370321,33,33,33,33,33,33,33,33,33,33
1,1,370322,0,0,0,0,0,0,0,0,0,0
2,1,370322,0,0,0,0,0,0,0,0,0,0
1,1,370323,0,0,0,0,0,0,0,0,0,0
2,1,370323,0,0,0,0,0,0,0,0,0,0
1,1,370324,0,0,0,0,0,0,0,0,0,0
2,1,370324,0,0,0,0,0,0,0,0,0,0
0,1,370325,0,0,0,0,0,0,0,0,0,0
1,1,370325,0,0,0,0,0,0,0,0,0,0
1,1,370326,0,0,0,0,0,0,0,0,0,0
2,1,370326,0,0,0,0,0,0,0,0,0,0
0,1,370327,0,0,0,0,0,0,0,0,0,0
1,1,370327,0,0,0,0,0,0,0,0,0,0
1,1,370328,9,9,9,9,9,9,9,9,9,9
1,1,370329,0,0,0,0,0,0,0,0,0,0
1,1,370330,0,0,0,0,0,0,0,0,0,0
2,1,370330,0,0,0,0,0,0,0,0,0,0
1,1,370331,37,37,37,37,37,37,37,37,37,37
1,1,370332,0,0,0,0,0,0,0,0,0,0
2,1,370332,0,0,0,0,0,0,0,0,0,0
1,1,370333,0,0,0,0,0,0,0,0,0,0
2,1,370333,0,0,0,0,0,0,0,0,0,0
1,1,370334,0,13,0,0,0,0,0,15,0,0
2,1,370334,0,0,0,0,0,0,0,0,0,0
1,1,370335,0,0,0,0,0,0,0,0,0,0
2,1,370335,0,0,0,0,0,0,0,0,0,0
1,1,370336,0,0,0,0,0,0,0,0,0,0
1,1,370337,0,0,0,0,0,0,0,0,0,0
2,1,370337,19,10,18,12,12,21,9,22,9,17
1,1,370338,7,7,7,7,7,7,7,7,7,7
1,1,370339,23,23,23,23,23,23,23,23,23,23
2,1,370340,0,0,0,0,0,0,0,0,0,0
1,1,370341,23,23,23,23,23,23,23,23,23,23
1,1,370342,6,6,6,6,6,6,6,6,6,6
0,1,370343,0,0,0,0,0,0,0,0,0,0
1,1,370343,0,0,0,0,0,0,0,0,0,0
1,1,370344,0,0,0,0,0,0,0,0,0,0
1,1,370345,17,17,17,17,17,17,17,17,17,17
2,1,370345,0,0,0,0,4,0,0,0,0,0
1,1,370346,0,0,0,0,0,0,0,0,0,0
2,1,370346,0,0,0,0,0,0,0,0,0,0
1,1,370347,15,16,0,23,9,22,18,27,26,4
2,1,370347,0,0,0,0,0,0,0,0,0,0
1,1,370348,0,0,0,0,0,0,0,0,0,0
2,1,370348,0,0,0,0,0,0,0,0,0,0
1,1,370349,10,10,10,10,10,10,10,10,10,10
1,1,370350,66,66,66,66,66,66,66,66,66,66
1,1,370351,0,3,0,11,0,0,0,0,0,0
2,1,370351,0,0,0,0,0,0,0,0,0,0
1,1,370352,0,0,0,0,0,0,0,0,0,0
2,1,370352,0,0,0,0,0,0,0,0,0,0
0,1,370353,0,0,0,0,0,0,0,0,0,0
1,1,370353,0,0,0,0,0,0,0,0,0,0
1,1,370354,23,23,23,23,23,23,23,23,23,23
1,1,370355,0,0,0,0,0,0,0,0,0,0
2,1,370355,0,0,0,0,0,0,0,0,0,0
0,1,370356,22,22,22,22,22,22,22,22,22,22
1,1,370356,0,0,0,0,0,0,0,0,0,0
1,1,370357,0,0,0,0,0,0,0,0,0,0
2,1,370357,0,0,0,0,0,0,0,0,0,0
3,1,370357,0,0,0,0,0,0,0,0,0,0
1,1,370358,27,27,27,27,27,27,27,27,27,27
1,1,370359,0,0,0,0,0,0,0,0,0,0
2,1,370359,0,0,0,0,0,0,0,0,0,0
1,1,370360,32,32,32,32,32,32,32,32,32,32
2,1,370360,0,0,0,0,0,0,0,0,0,0
1,1,370361,0,0,0,0,0,0,0,0,0,0
1,1,370362,0,0,0,0,0,0,0,0,0,0
2,1,370362,14,14,14,14,14,14,14,14,14,14
1,1,370363,7,7,7,7,7,7,7,7,7,7
0,1,370364,0,0,0,0,0,0,0,0,0,0
1,1,370364,0,0,0,0,0,0,0,0,0,0
1,1,370365,0,0,0,0,0,0,0,0,0,0
2,1,370365,0,0,0,0,0,0,0,0,0,0
1,1,370366,0,0,0,0,0,0,0,0,0,0
2,1,370366,31,31,31,31,31,31,31,31,31,31
1,1,370367,0,0,0,0,0,0,0,0,0,0
1,1,370368,0,0,0,0,0,0,0,0,0,0
2,1,370368,32,32,32,32,32,32,32,32,32,32
1,1,370369,0,0,0,0,0,0,0,0,0,0
2,1,370369,0,0,0,0,0,0,0,0,0,0
1,1,370370,0,0,0,0,0,0,0,0,0,0
2,1,370370,0,0,0,0,0,0,0,0,0,0
1,1,370371,0,0,0,0,0,0,0,0,0,0
1,1,370372,0,0,0,0,0,0,0,0,0,0
1,1,370373,24,13,22,12,10,26,8,14,17,16
1,1,370374,27,27,27,27,27,27,27,27,27,27
1,1,370375,0,0,0,0,0,0,0,0,0,0
2,1,370375,0,0,0,0,0,0,0,0,0,0
1,1,370376,25,25,25,25,25,25,25,25,25,25
1,1,370377,0,0,0,0,0,0,0,0,0,0
2,1,370377,0,0,0,0,0,0,0,0,0,0
1,1,370378,6,9,17,20,20,23,14,22,14,0
2,1,370378,0,0,0,0,0,0,0,0,0,0
1,1,370379,0,0,0,0,0,0,0,0,0,0
1,1,370380,0,0,0,0,0,0,0,0,0,0
2,1,370380,0,0,0,0,0,0,0,0,0,0
1,1,370381,13,13,0,16,6,20,5,13,17,22
1,1,370382,0,0,0,0,0,0,0,0,0,0
2,1,370382,0,0,0,0,0,0,0,0,0,0
1,1,370383,0,0,0,0,0,0,0,0,0,0
2,1,370383,0,0,0,0,0,0,0,0,0,0
1,1,370384,0,0,0,0,0,0,0,0,0,0
2,1,370384,0,0,0,0,0,0,0,0,0,0
1,1,370385,13,13,13,13,13,13,13,13,13,13
0,1,370386,12,12,12,12,12,12,12,12,12,12
1,1,370386,0,0,0,28,0,0,8,0,0,0
1,1,370387,0,0,0,0,0,0,0,0,0,0
0,1,370388,0,0,0,0,0,0,0,0,0,0
1,1,370388,0,0,0,0,0,0,0,0,0,0
1,1,370389,0,0,0,0,0,0,0,0,0,0
1,1,370390,0,0,0,0,0,0,0,0,0,0
2,1,370390,0,0,0,0,0,0,0,0,0,0
1,1,370392,0,0,0,0,0,0,0,0,0,0
0,1,370393,0,0,10,0,0,0,0,0,0,0
1,1,370393,0,0,0,0,0,0,0,0,0,0
1,1,370394,0,0,0,0,0,0,0,0,0,0
1,1,370395,0,0,0,0,0,0,0,0,0,0
2,1,370395,0,0,0,0,0,0,0,0,0,0
1,1,370396,5,0,0,29,0,10,4,0,0,32
2,1,370396,0,0,0,0,0,0,0,0,0,0
1,1,370397,24,24,24,24,24,24,24,24,24,24
0,1,370398,0,0,0,0,0,0,0,0,0,0
1,1,370398,0,0,0,0,0,0,0,0,0,0
1,1,370399,21,21,21,21,21,21,21,21,21,21
1,1,370400,0,0,0,0,0,0,0,0,0,0
1,1,370401,0,0,0,0,0,0,0,0,0,0
2,1,370401,0,0,0,0,0,0,0,0,0,0
1,1,370402,0,0,0,0,0,0,0,0,0,0
2,1,370402,0,0,0,0,0,0,0,0,0,0
3,1,370402,0,0,0,0,0,0,15,8,0,0
4,1,370402,0,0,0,0,0,0,0,0,0,0
1,1,370403,0,0,0,0,0,0,0,0,0,0
2,1,370403,0,0,0,0,0,0,0,0,0,0
1,1,370404,0,0,0,0,0,0,0,0,0,0
1,1,370405,23,23,23,23,23,23,23,23,23,23
1,1,370406,0,0,0,0,0,0,0,0,0,0
1,1,370407,16,16,16,16,16,16,16,16,16,16
2,1,370407,0,0,0,0,0,0,0,0,0,0
1,1,370408,0,0,0,0,0,0,0,0,0,0
2,1,370408,0,0,0,0,0,0,0,0,0,0
1,1,370409,19,19,19,19,19,19,19,19,19,19
1,1,370410,0,0,0,0,0,0,0,0,0,0
2,1,370410,0,0,0,0,0,0,0,0,0,0
1,1,370411,0,0,0,0,0,0,0,0,0,0
2,1,370411,0,0,0,0,0,0,0,0,0,0
1,1,370412,19,0,0,0,0,0,0,0,0,0
1,1,370413,0,0,0,0,0,0,0,0,0,0
2,1,370413,0,0,0,0,0,0,0,0,0,0
1,1,370414,0,0,0,0,0,0,0,0,0,0
2,1,370414,3,3,3,3,3,3,3,3,3,3
1,1,370415,0,0,0,0,0,0,0,0,0,0
2,1,370415,0,0,0,0,0,0,0,0,0,0
1,1,370416,0,0,0,0,0,0,0,0,0,0
2,1,370416,0,0,0,0,0,0,0,0,0,0
1,1,370417,20,20,20,20,20,20,20,20,20,20
2,1,370417,0,0,0,0,0,0,0,0,0,0
1,1,370418,0,0,0,0,0,0,0,0,0,0
2,1,370418,20,20,20,20,20,20,20,20,20,20
3,1,370418,0,0,0,0,0,0,0,0,0,0
1,1,370419,0,0,0,0,0,0,0,0,0,0
1,1,370420,0,0,0,0,0,0,0,0,0,0
1,1,370421,0,0,0,0,0,0,0,0,6,0
2,1,370421,0,0,0,0,0,0,0,0,0,0
1,1,370422,27,27,27,27,27,27,27,27,27,27
1,1,370423,32,32,32,32,32,32,32,32,32,32
0,1,370424,0,0,0,0,11,0,27,19,0,0
0,2,370424,0,0,0,0,0,0,0,0,0,0
1,1,370424,0,0,0,0,0,7,13,0,0,0
1,1,370425,0,0,0,0,0,0,0,0,0,0
2,1,370425,0,0,0,0,0,0,0,0,0,0
1,1,370426,0,10,0,0,0,16,0,0,0,0
0,1,370427,30,30,30,30,30,30,30,30,30,30
1,1,370427,19,3,0,0,0,0,0,0,3,0
1,1,370428,7,7,7,7,7,7,7,7,7,7
2,1,370429,0,0,0,0,0,0,0,0,0,0
1,1,370430,0,0,0,0,0,0,0,0,0,0
1,1,370431,0,0,0,0,0,0,0,0,0,0
1,1,370432,0,0,12,2,2,26,16,10,7,19
2,1,370432,6,6,6,6,6,6,6,6,6,6
1,1,370433,40,40,40,40,40,40,40,40,40,40
1,1,370434,0,0,0,0,0,0,0,0,0,0
1,1,370435,12,12,12,12,12,12,12,12,12,12
1,1,370436,26,26,26,26,26,26,26,26,26,26
1,1,370437,0,0,0,0,0,0,0,0,0,0
1,1,370438,23,23,23,23,23,23,23,23,23,23
1,1,370439,0,0,0,0,0,0,0,0,0,0
2,1,370439,0,0,0,0,0,0,0,0,0,0
1,1,370440,0,0,0,0,0,0,0,0,0,19
2,1,370440,0,0,0,0,0,0,0,0,0,0
1,1,370441,0,0,0,0,0,0,0,0,0,0
2,1,370441,0,0,0,0,0,0,0,0,0,0
1,1,370442,6,6,6,6,6,6,6,6,6,6
1,1,370443,0,0,0,0,0,0,0,0,0,0
1,1,370444,11,11,11,11,11,11,11,11,11,11
1,1,370445,4,8,9,13,19,18,24,0,0,13
1,1,370446,7,7,7,7,7,7,7,7,7,7
1,1,370447,18,18,18,18,18,18,18,18,18,18
1,1,370448,0,0,0,0,0,0,0,0,0,0
0,1,370449,0,0,0,0,0,0,0,0,0,0
1,1,370449,0,0,0,0,15,0,0,0,0,20
1,1,370450,0,0,0,0,0,0,0,0,0,0
2,1,370450,9,22,12,24,15,15,27,0,0,2
0,1,370451,0,0,0,0,0,0,0,0,0,0
1,1,370451,21,21,21,21,21,21,21,21,21,21
1,1,370452,0,0,0,0,0,0,0,0,0,0
2,1,370452,0,0,0,0,0,0,0,0,0,0
1,1,370453,10,0,0,11,8,13,17,23,28,7
1,1,370454,0,0,0,0,0,0,0,0,0,0
2,1,370454,0,0,0,0,0,0,0,0,0,0
0,1,370455,0,0,0,0,0,0,0,0,0,0
1,1,370455,12,12,12,12,12,12,12,12,12,12
1,1,370456,0,0,0,0,0,0,0,0,0,0
2,1,370456,0,0,0,0,0,0,0,0,0,0
1,1,370457,0,0,0,0,0,0,0,0,4,0
2,1,370457,0,0,0,0,0,0,0,0,0,0
3,1,370457,0,0,0,0,0,0,0,0,0,0
1,1,370458,18,18,18,18,18,18,18,18,18,18
1,1,370459,0,0,0,0,0,0,0,0,0,0
2,1,370459,0,0,0,0,0,0,0,0,0,0
0,1,370460,0,0,0,0,0,0,0,0,0,0
1,1,370460,0,0,0,0,0,19,0,0,0,0
1,1,370461,0,0,0,0,0,0,0,0,0,0
1,1,370462,0,0,0,0,0,0,0,0,0,0
2,1,370462,0,0,0,0,0,0,0,0,0,0
1,1,370463,0,0,0,0,0,0,0,0,0,0
0,1,370464,0,0,0,0,0,0,0,0,0,0
1,1,370464,0,0,0,0,0,0,0,0,0,0
1,1,370465,0,16,0,0,8,0,0,0,0,0
2,1,370465,0,0,0,0,0,0,0,0,0,0
3,1,370465,0,20,0,0,16,0,0,0,0,0
1,1,370466,7,7,7,7,7,7,7,7,7,7
1,1,370467,23,23,23,23,23,23,23,23,23,23
1,1,370468,8,0,0,0,0,0,0,0,0,0
2,1,370468,0,0,0,0,0,0,0,0,0,0
1,1,370469,9,9,9,9,9,9,9,9,9,9
1,1,370470,0,0,0,0,0,0,0,0,0,0
1,1,370471,0,0,0,0,0,0,0,0,0,0
2,1,370471,0,0,0,0,0,0,0,0,0,0
1,1,370472,0,0,0,0,0,0,0,0,0,0
2,1,370472,0,0,0,0,0,0,0,0,0,0
1,1,370473,0,0,0,0,0,25,0,0,0,0
1,1,370474,34,34,34,34,34,34,34,34,34,34
1,1,370475,0,0,15,0,0,0,0,0,0,0
2,1,370475,0,0,0,0,0,0,0,0,0,0
1,1,370477,17,17,17,17,17,17,17,17,17,17
1,1,370478,29,29,29,29,29,29,29,29,29,29
1,1,370479,12,15,26,15,9,12,2,10,9,31
1,1,370480,0,0,0,0,0,0,0,0,0,0
1,1,370481,0,0,0,0,0,0,0,0,0,0
1,1,370482,20,20,20,20,20,20,20,20,20,20
1,1,370483,0,0,0,0,0,0,0,0,0,0
0,1,370484,11,11,11,11,11,11,11,11,11,11
1,1,370484,31,0,0,0,0,17,20,14,0,46
1,1,370485,0,0,0,0,0,0,0,0,0,0
1,1,370486,0,0,0,0,2,0,0,0,0,0
2,1,370486,0,0,0,0,0,0,0,0,0,0
1,1,370487,0,0,0,0,3,0,0,0,0,0
2,1,370487,0,0,0,0,0,0,0,0,0,0
3,1,370487,0,0,0,0,0,0,0,0,0,0
1,1,370488,17,17,17,17,17,17,17,17,17,17
0,1,370489,0,0,0,0,0,0,0,0,0,0
1,1,370489,0,0,0,0,0,0,0,0,0,0
0,1,370490,0,0,0,0,0,0,0,0,0,0
1,1,370490,0,0,0,0,0,0,0,0,0,0
0,1,370491,0,0,0,0,0,0,0,0,0,0
1,1,370491,0,0,0,0,0,0,0,0,0,0
1,1,370492,0,0,0,0,0,0,0,0,0,0
1,1,370493,0,0,0,0,0,0,0,0,0,0
2,1,370493,0,0,0,0,0,0,0,0,0,0
1,1,370494,0,0,0,0,0,0,0,0,0,0
2,1,370494,0,0,0,11,0,0,0,0,0,0
3,1,370494,0,0,0,0,0,0,0,0,0,0
4,1,370494,0,0,21,0,0,0,0,0,0,0
1,1,370495,13,13,13,13,13,13,13,13,13,13
1,1,370496,0,0,0,0,0,0,0,0,0,0
1,1,370497,0,0,0,0,0,0,0,0,0,0
1,1,370498,0,0,0,0,0,0,0,0,0,0
2,1,370498,0,0,0,0,0,0,0,0,0,0
1,1,370499,23,23,23,23,23,23,23,23,23,23
1,1,370500,0,0,0,0,0,0,0,0,0,0
1,1,370501,0,0,0,0,0,0,0,0,0,0
2,1,370501,0,0,0,0,0,0,0,0,0,0
1,1,370502,13,13,13,13,13,13,13,13,13,13
1,1,370503,0,0,0,0,0,0,0,0,0,0
2,1,370503,2,0,20,0,0,0,22,0,13,0
1,1,370504,12,12,12,12,12,12,12,12,12,12
1,1,370505,31,31,31,31,31,31,31,31,31,31
2,1,370505,0,0,0,0,0,0,0,0,0,0
3,1,370505,0,0,21,0,0,0,0,0,0,0
4,1,370505,0,0,0,0,0,0,0,0,0,0
1,1,370506,37,37,37,37,37,37,37,37,37,37
1,1,370507,0,0,0,0,0,0,0,0,0,0
2,1,370507,0,0,0,0,0,0,0,0,0,0
1,1,370508,0,0,0,0,0,0,0,0,0,0
2,1,370508,0,0,0,0,0,0,0,0,0,0
1,1,370509,32,32,32,32,32,32,32,32,32,32
1,1,370510,15,15,15,15,15,15,15,15,15,15
1,1,370511,0,0,0,0,0,0,0,0,0,0
2,1,370511,0,0,0,0,0,0,0,0,0,0
3,1,370511,0,0,0,0,0,0,0,0,0,0
1,1,370512,0,0,0,0,0,0,0,0,0,0
2,1,370512,0,0,0,0,0,0,0,0,0,0
1,1,370513,0,0,0,0,0,0,0,0,0,0
2,1,370513,3,3,3,3,3,3,3,3,3,3
1,1,370514,0,0,0,0,0,0,0,0,0,0
2,1,370514,0,0,0,0,0,0,0,0,0,0
1,1,370515,0,0,0,0,0,0,0,0,0,0
1,1,370516,22,22,22,22,22,22,22,22,22,22
1,1,370517,18,18,18,18,18,18,18,18,18,18
1,1,370518,0,0,0,0,0,0,0,0,0,0
1,1,370519,26,26,26,26,26,26,26,26,26,26
1,1,370520,0,0,0,0,0,0,0,0,0,0
1,1,370521,0,0,0,0,0,0,0,0,0,0
2,1,370521,0,0,0,0,0,0,0,0,0,0
1,1,370522,19,19,19,19,19,19,19,19,19,19
2,1,370522,0,0,0,0,0,0,0,0,0,0
1,1,370523,0,0,0,0,0,0,0,0,0,0
2,1,370523,0,0,0,0,0,0,0,0,0,6
1,1,370524,0,0,0,0,0,0,0,0,0,0
1,1,370525,0,0,0,0,0,0,0,0,0,0
1,1,370526,0,0,0,0,0,0,0,0,0,0
1,1,370527,0,0,0,0,0,0,0,0,0,0
1,1,370528,22,22,22,22,22,22,22,22,22,22
1,1,370529,0,0,0,0,0,0,0,0,0,0
2,1,370529,0,0,0,0,0,0,0,0,0,0
1,1,370531,5,5,5,5,5,5,5,5,5,5
1,1,370532,0,0,0,0,0,0,0,0,0,0
2,1,370532,0,0,0,17,0,0,0,0,0,0
3,1,370532,0,0,0,0,0,0,0,0,0,0
0,1,370533,0,0,0,0,0,0,0,0,0,0
1,1,370533,0,0,0,0,0,0,0,0,0,0
1,1,370534,20,20,20,20,20,20,20,20,20,20
1,1,370535,16,16,16,16,16,16,16,16,16,16
1,1,370536,0,0,0,0,0,0,0,0,0,0
1,1,370537,0,0,0,0,0,0,0,0,0,0
1,1,370538,0,0,0,0,0,0,0,0,0,0
2,1,370538,0,0,0,0,0,0,0,0,0,0
3,1,370538,0,0,0,0,0,0,0,0,0,0
1,1,370539,7,7,7,7,7,7,7,7,7,7
1,1,370540,18,18,18,18,18,18,18,18,18,18
1,1,370541,0,0,0,0,0,0,0,0,0,0
1,1,370542,0,0,0,0,0,0,0,0,0,0
1,1,370543,0,0,0,0,0,0,0,0,0,0
2,1,370543,0,0,0,0,0,0,0,0,0,0
1,1,370545,25,25,25,25,25,25,25,25,25,25
2,1,370545,0,0,0,0,0,0,0,0,0,0
1,1,370546,0,0,0,0,0,0,0,0,0,0
1,1,370547,26,26,26,26,26,26,26,26,26,26
0,1,370548,22,22,22,22,22,22,22,22,22,22
1,1,370548,0,0,0,0,0,0,0,0,0,0
1,1,370549,0,0,0,0,0,0,0,0,0,0
1,1,370550,27,27,27,27,27,27,27,27,27,27
0,1,370551,12,11,0,0,0,0,28,0,13,19
0,2,370551,0,0,0,0,0,0,0,0,0,0
0,3,370551,0,0,0,0,0,0,0,0,0,0
1,1,370551,0,0,0,0,0,0,0,0,0,0
3,1,370551,0,0,0,0,0,0,6,0,0,0
0,1,370552,8,8,8,8,8,8,8,8,8,8
0,2,370552,11,28,15,13,11,29,10,21,5,11
1,1,370552,6,5,0,10,0,15,17,7,15,10
0,1,370553,0,0,0,0,0,0,0,0,0,0
1,1,370553,0,0,0,0,0,0,0,0,0,0
2,1,370553,0,0,0,0,0,0,0,0,0,0
1,1,370554,0,0,0,0,0,0,0,0,0,0
1,1,370555,0,0,0,0,0,0,0,0,0,0
1,1,370556,28,28,28,28,28,28,28,28,28,28
1,1,370557,0,0,0,0,0,5,0,0,0,0
2,1,370557,0,0,0,0,0,0,0,0,0,0
1,1,370558,0,0,0,0,0,0,0,0,0,0
1,1,370559,0,0,0,0,0,0,0,0,0,0
2,1,370559,0,0,0,0,0,0,0,0,0,0
1,1,370560,0,0,0,0,0,0,0,0,0,0
2,1,370560,0,0,0,0,0,0,0,0,0,0
1,1,370561,0,20,0,0,0,0,0,0,7,8
2,1,370561,0,4,0,0,0,0,0,0,0,0
1,1,370563,0,0,0,0,0,0,0,0,0,0
1,1,370564,15,15,15,15,15,15,15,15,15,15
1,1,370565,0,0,0,0,0,0,0,0,0,0
2,1,370565,0,0,0,0,0,0,0,0,0,0
1,1,370566,0,0,0,0,0,0,0,0,0,0
1,1,370567,0,0,0,0,0,0,0,0,0,0
1,1,370568,0,0,0,0,0,0,0,0,0,0
1,1,370569,6,6,6,6,6,6,6,6,6,6
1,1,370570,0,0,0,0,14,0,0,0,0,0
2,1,370570,0,0,0,0,0,0,0,0,0,0
1,1,370572,0,0,0,0,0,0,0,0,0,0
1,1,370573,0,0,0,0,0,0,0,0,0,0
2,1,370573,0,0,0,0,0,0,0,0,0,0
1,1,370574,0,0,0,0,0,0,0,0,0,0
1,1,370575,14,14,14,14,14,14,14,14,14,14
1,1,370576,15,15,15,15,15,15,15,15,15,15
1,1,370577,23,23,23,23,23,23,23,23,23,23
1,1,370578,0,0,0,0,0,0,18,0,0,0
2,1,370578,0,0,0,0,0,0,0,0,0,0
1,1,370579,0,0,0,0,0,0,0,0,0,0
2,1,370579,10,20,10,21,15,16,9,9,8,10
0,1,370580,0,0,0,0,0,0,0,0,0,0
1,1,370580,0,0,17,0,0,0,4,0,0,0
0,1,370581,26,26,26,26,26,26,26,26,26,26
1,1,370581,0,0,8,0,0,30,0,12,26,0
1,1,370582,24,24,24,24,24,24,24,24,24,24
1,1,370583,0,0,0,0,0,0,0,0,0,0
2,1,370583,0,0,0,0,0,0,0,0,0,0
0,1,370584,0,0,0,0,0,0,0,0,0,0
1,1,370584,0,0,0,0,0,0,0,0,0,0
1,1,370585,19,19,19,19,19,19,19,19,19,19
1,1,370586,14,14,14,14,14,14,14,14,14,14
0,1,370587,31,31,31,31,31,31,31,31,31,31
1,1,370587,27,27,27,27,27,27,27,27,27,27
1,1,370588,0,0,0,0,0,0,0,0,0,0
2,1,370588,0,0,0,0,0,0,0,0,0,0
3,1,370588,0,0,0,0,0,0,0,0,0,0
4,1,370588,0,0,0,0,0,0,0,0,0,0
5,1,370588,0,12,0,0,0,11,0,0,0,0
6,1,370588,0,0,0,0,0,0,0,0,0,0
7,1,370588,0,0,0,0,0,0,0,0,0,0
1,1,370589,0,0,0,0,0,0,0,0,0,0
1,1,370590,0,0,0,0,0,0,0,0,0,0
2,1,370590,0,0,0,0,0,0,0,0,0,0
1,1,370591,0,0,0,0,0,0,0,0,6,0
1,1,370592,0,0,0,0,0,0,0,0,0,0
2,1,370592,4,4,4,4,4,4,4,4,4,4
1,1,370593,0,0,0,0,0,0,0,0,0,0
2,1,370593,0,0,0,0,0,0,0,0,0,0
1,1,370594,0,0,0,0,0,0,0,0,0,0
2,1,370594,10,10,10,10,10,10,10,10,10,10
1,1,370595,0,0,0,0,0,0,0,0,0,0
1,1,370596,0,0,0,0,0,0,0,0,0,0
2,1,370596,0,0,0,0,0,0,0,0,0,0
1,1,370597,11,11,11,11,11,11,11,11,11,11
2,1,370597,1,0,0,0,0,0,0,0,0,0
1,1,370598,0,0,0,0,0,0,0,0,0,0
2,1,370598,14,21,10,13,9,15,32,10,11,13