VEH_NO,PER_NO,ST_CASE,P1,P2,P3,P4,P5,P6,P7,P8,P9,P10
1,1,370599,19,19,19,19,19,19,19,19,19,19
1,1,370600,7,7,7,7,7,7,7,7,7,7
1,1,370601,0,0,0,0,0,0,0,0,0,0
2,1,370601,0,0,0,0,0,0,0,0,0,0
0,1,370602,0,0,0,0,0,0,0,0,0,0
1,1,370602,0,0,0,0,0,0,0,0,0,0
1,1,370603,0,0,0,0,0,0,0,0,0,0
1,1,370604,0,8,0,0,0,0,0,0,14,0
1,1,370605,0,0,0,0,0,0,0,0,0,0
2,1,370605,0,0,0,0,0,0,0,0,0,0
1,1,370606,11,11,11,11,11,11,11,11,11,11
1,1,370607,0,0,0,0,0,0,0,0,0,0
1,1,370608,0,0,0,0,0,0,0,0,0,0
1,1,370609,0,0,0,0,0,0,0,0,0,0
2,1,370609,0,0,0,0,0,0,0,0,0,0
1,1,370610,0,0,0,0,0,0,0,0,0,0
2,1,370610,0,0,0,0,0,0,0,0,0,0
1,1,370611,17,17,17,17,17,17,17,17,17,17
1,1,370612,0,0,0,0,0,0,0,0,0,0
2,1,370612,0,0,0,0,0,0,0,0,0,0
1,1,370613,0,0,0,0,0,0,0,0,0,0
1,1,370614,0,0,0,0,0,0,0,0,0,0
2,1,370614,0,0,0,0,0,0,0,0,0,0
1,1,370615,0,0,0,0,7,0,0,0,0,19
2,1,370615,0,0,0,0,0,0,0,0,0,0
1,1,370616,25,25,25,25,25,25,25,25,25,25
1,1,370617,0,0,0,0,5,0,0,0,0,0
1,1,370618,6,6,6,6,6,6,6,6,6,6
2,1,370618,0,0,0,0,0,0,0,0,0,0
1,1,370619,0,0,0,0,0,0,0,0,0,0
2,1,370619,0,0,0,0,0,0,0,0,0,0
1,1,370620,0,0,0,0,0,0,0,0,0,0
1,1,370621,0,0,0,0,0,0,0,0,0,0
2,1,370621,4,4,4,4,4,4,4,4,4,4
1,1,370622,0,0,0,0,0,0,0,0,0,0
1,1,370623,0,0,0,0,0,0,0,0,0,0
1,1,370624,0,0,0,0,0,0,0,0,0,0
2,1,370624,0,0,0,0,0,0,0,0,0,0
1,1,370625,16,15,34,31,10,13,21,3,4,21
0,1,370626,16,16,16,16,16,16,16,16,16,16
1,1,370626,0,0,0,0,0,0,0,0,0,0
1,1,370627,0,0,0,0,0,0,0,0,0,0
2,1,370627,0,0,0,0,0,0,0,0,0,0
1,1,370628,4,4,4,4,4,4,4,4,4,4
0,1,370629,0,0,0,0,0,0,0,0,0,0
1,1,370629,0,0,0,0,0,0,0,0,0,0
1,1,370630,0,0,0,0,0,0,0,0,0,0
2,1,370630,0,0,0,0,0,0,0,0,0,0
1,1,370631,20,20,20,20,20,20,20,20,20,20
1,1,370632,0,0,0,0,0,0,0,0,0,0
2,1,370632,0,0,0,0,0,0,0,0,0,0
1,1,370633,3,3,3,3,3,3,3,3,3,3
1,1,370634,0,0,0,0,0,0,0,0,0,0
1,1,370635,0,0,0,0,0,0,0,0,0,0
2,1,370635,0,0,0,0,0,0,0,0,8,0
1,1,370636,26,26,26,26,26,26,26,26,26,26
1,1,370637,0,0,0,0,0,0,0,0,0,0
1,1,370638,0,0,0,0,0,0,0,0,0,0
1,1,370639,0,0,0,0,0,0,0,0,0,0
2,1,370639,0,0,0,0,0,0,0,0,0,0
1,1,370640,10,10,10,10,10,10,10,10,10,10
1,1,370641,2,2,2,2,2,2,2,2,2,2
1,1,370642,0,0,0,0,0,0,0,0,0,0
1,1,370643,12,12,12,13,2,8,0,11,19,28
2,1,370643,0,0,0,0,0,0,0,0,0,0
1,1,370644,4,0,15,6,16,0,0,9,27,23
1,1,370645,0,0,0,0,0,0,0,0,0,0
2,1,370645,0,0,0,0,0,0,0,0,0,0
3,1,370645,0,0,0,0,4,0,0,0,0,0
1,1,370646,11,11,11,11,11,11,11,11,11,11
1,1,370647,0,0,0,0,0,0,0,0,0,0
2,1,370647,0,0,0,0,0,0,0,0,0,0
3,1,370647,0,0,0,0,0,0,0,0,0,0
4,1,370647,0,0,0,0,0,0,0,0,0,0
1,1,370649,0,0,0,0,0,0,0,0,0,0
2,1,370649,22,22,22,22,22,22,22,22,22,22
1,1,370650,0,0,0,5,0,0,0,0,0,0
2,1,370650,0,0,5,0,0,0,0,0,0,0
3,1,370650,0,0,0,0,0,0,0,0,0,0
1,1,370651,0,0,0,0,0,0,0,0,0,0
2,1,370651,0,0,0,0,0,0,0,0,0,0
1,1,370652,0,0,0,0,0,0,0,0,0,0
2,1,370652,0,0,0,0,0,0,0,0,0,0
1,1,370653,0,45,19,25,7,0,5,19,3,17
2,1,370653,0,0,0,0,0,0,0,0,0,0
1,1,370654,0,0,0,0,0,0,0,0,0,0
1,1,370655,11,11,11,11,11,11,11,11,11,11
2,1,370655,3,3,3,3,3,3,3,3,3,3
1,1,370656,16,16,16,16,16,16,16,16,16,16
0,1,370657,19,19,19,19,19,19,19,19,19,19
1,1,370657,23,5,19,0,0,17,0,25,0,0
1,1,370658,0,0,0,0,0,0,0,0,0,0
2,1,370658,0,0,0,0,0,0,0,0,0,0
1,1,370659,0,0,0,0,0,0,0,0,0,0
2,1,370659,0,0,0,0,0,0,0,0,0,0
1,1,370660,19,19,19,19,19,19,19,19,19,19
1,1,370661,22,22,22,22,22,22,22,22,22,22
1,1,370662,18,18,18,18,18,18,18,18,18,18
1,1,370663,30,30,30,30,30,30,30,30,30,30
1,1,370664,0,0,0,0,0,0,0,0,0,0
1,1,370665,0,0,0,0,0,0,0,0,0,0
2,1,370665,0,0,0,0,0,0,0,0,0,0
1,1,370666,0,0,0,0,0,0,0,0,0,0
1,1,370667,25,25,25,25,25,25,25,25,25,25
1,1,370668,21,21,21,21,21,21,21,21,21,21
1,1,370669,0,0,0,0,0,0,0,0,0,0
2,1,370669,0,0,0,0,0,0,0,0,0,0
0,1,370670,21,21,21,21,21,21,21,21,21,21
0,2,370670,30,24,22,21,20,16,0,14,22,36
1,1,370670,0,0,22,0,0,0,0,0,0,0
1,1,370671,15,1,21,12,10,29,21,32,6,13
2,1,370671,0,0,0,0,0,0,0,0,0,0
1,1,370672,8,8,8,8,8,8,8,8,8,8
0,1,370673,19,20,0,0,15,11,0,0,0,20
0,2,370673,0,0,0,0,0,0,0,0,0,0
1,1,370673,0,17,0,26,0,23,17,8,15,19
2,1,370673,0,0,0,0,0,0,0,0,0,0
1,1,370674,0,0,0,0,0,0,0,0,0,0
0,1,370675,9,9,9,9,9,9,9,9,9,9
1,1,370675,0,0,0,0,0,0,0,0,0,0
1,1,370676,0,0,0,0,0,0,0,0,0,0
1,1,370677,0,0,0,0,0,0,0,0,0,0
1,1,370678,4,4,4,4,4,4,4,4,4,4
1,1,370679,29,29,29,29,29,29,29,29,29,29
1,1,370680,0,0,0,0,0,0,0,0,0,0
1,1,370681,14,14,14,14,14,14,14,14,14,14
2,1,370681,0,0,0,0,0,0,0,0,0,0
3,1,370681,0,0,0,0,0,0,0,0,0,0
1,1,370682,0,26,0,0,0,0,0,0,0,0
0,1,370683,0,0,0,0,0,0,0,0,0,0
1,1,370683,0,0,0,11,0,0,0,0,0,0
1,1,370684,24,24,24,24,24,24,24,24,24,24
1,1,370685,0,0,0,0,0,0,0,0,0,0
2,1,370685,0,0,0,0,0,0,0,0,0,0
1,1,370686,18,18,18,18,18,18,18,18,18,18
1,1,370687,21,21,21,21,21,21,21,21,21,21
1,1,370688,0,0,0,0,0,0,0,0,0,0
1,1,370689,7,0,15,13,23,9,9,6,24,13
2,1,370689,0,0,0,0,0,0,0,0,0,0
1,1,370690,0,0,0,0,0,0,0,0,0,0
1,1,370691,0,0,0,0,0,0,0,0,0,0
2,1,370691,0,0,0,0,0,0,0,0,0,0
0,1,370692,0,0,0,0,33,0,0,0,0,0
1,1,370692,0,0,0,0,0,0,0,0,0,0
1,1,370693,18,18,18,18,18,18,18,18,18,18
1,1,370694,0,0,0,0,0,0,0,0,0,0
2,1,370694,0,0,0,0,0,0,0,8,0,0
1,1,370695,12,12,12,12,12,12,12,12,12,12
1,1,370696,0,0,0,0,0,0,0,0,0,0
1,1,370697,0,0,0,0,0,0,0,0,0,0
1,1,370698,0,0,0,0,0,0,0,0,0,0
1,1,370699,10,10,10,10,10,10,10,10,10,10
2,1,370699,0,0,0,0,0,0,0,0,0,0
0,1,370700,0,0,0,0,0,0,0,0,0,0
1,1,370700,17,5,13,10,4,26,10,18,12,17
1,1,370701,0,0,0,0,0,0,0,0,0,0
1,1,370702,0,0,0,0,0,0,0,0,0,0
2,1,370702,0,0,0,0,0,0,0,0,0,0
1,1,370703,21,21,21,21,21,21,21,21,21,21
1,1,370704,11,11,11,11,11,11,11,11,11,11
1,1,370705,20,20,20,20,20,20,20,20,20,20
1,1,370706,0,0,0,0,0,0,0,0,0,0
1,1,370707,0,0,0,0,0,0,0,0,0,0
1,1,370708,0,0,0,0,0,0,0,0,10,0
0,1,370709,0,0,0,0,0,0,0,0,0,0
1,1,370709,27,9,23,13,20,8,15,13,5,5
1,1,370710,0,0,0,0,0,0,0,0,0,0
2,1,370710,0,0,0,0,0,0,0,0,0,0
1,1,370711,0,0,0,0,0,0,0,0,0,0
1,1,370712,12,12,12,12,12,12,12,12,12,12
1,1,370713,22,18,8,0,4,17,14,11,24,9
2,1,370713,0,0,0,0,0,0,0,0,0,0
1,1,370714,0,0,0,0,0,0,0,0,0,0
0,1,370715,0,0,0,0,0,0,0,0,0,0
1,1,370715,0,0,0,0,0,0,0,18,0,0
1,1,370716,0,0,0,0,0,0,0,0,0,0
2,1,370716,0,0,0,0,0,0,0,11,11,0
1,1,370717,0,0,0,0,0,0,0,0,0,0
1,1,370718,0,0,0,0,0,0,0,0,10,0
1,1,370719,0,0,15,0,22,8,17,0,0,0
1,1,370720,20,20,20,20,20,20,20,20,20,20
0,1,370721,0,0,0,0,0,0,0,0,0,0
1,1,370721,0,0,0,0,0,0,0,0,0,0
1,1,370722,0,0,0,0,0,0,0,0,0,0
2,1,370722,0,0,0,0,0,0,0,0,0,0
3,1,370722,0,0,0,0,0,0,0,0,0,0
1,1,370723,11,18,9,0,16,0,0,9,0,0
1,1,370724,35,35,35,35,35,35,35,35,35,35
1,1,370725,0,0,0,0,0,0,0,0,0,0
1,1,370726,18,18,18,18,18,18,18,18,18,18
1,1,370727,0,0,0,0,0,0,0,0,0,0
1,1,370728,15,15,15,15,15,15,15,15,15,15
0,1,370729,21,21,21,21,21,21,21,21,21,21
1,1,370729,0,0,0,0,0,0,0,0,0,0
1,1,370730,19,0,26,16,9,0,0,0,0,0
2,1,370730,0,0,0,0,0,0,0,0,0,0
3,1,370730,0,0,0,0,0,0,0,0,0,0
4,1,370730,0,0,0,0,0,0,0,0,0,0
1,1,370731,0,0,0,0,0,0,0,0,0,0
2,1,370731,0,0,0,0,0,0,0,0,0,0
1,1,370732,21,21,21,21,21,21,21,21,21,21
1,1,370733,0,0,0,0,0,0,0,0,0,0
2,1,370733,0,0,0,0,0,0,0,0,0,0
1,1,370734,10,15,27,18,32,20,0,18,0,11
1,1,370736,0,0,0,0,0,0,0,0,0,0
1,1,370737,31,20,11,27,24,14,17,4,19,18
2,1,370737,0,0,0,0,0,0,0,0,0,0
0,1,370738,0,0,0,0,0,0,0,0,0,0
1,1,370738,0,0,0,0,0,0,0,0,0,0
1,1,370739,0,0,13,0,16,0,0,20,0,0
1,1,370740,0,0,0,0,0,0,0,0,0,0
1,1,370741,0,0,0,0,0,0,0,0,0,0
1,1,370742,0,0,0,0,0,0,0,0,0,0
2,1,370742,0,0,0,0,0,0,0,0,0,0
1,1,370743,0,0,0,0,0,0,0,0,0,0
2,1,370743,0,0,0,0,0,0,0,0,0,0
1,1,370744,0,0,0,0,0,0,0,0,0,0
2,1,370744,0,0,0,0,0,0,0,0,0,0
3,1,370744,0,0,0,0,0,0,0,0,0,0
1,1,370745,0,0,0,0,0,0,0,0,0,0
2,1,370745,0,0,0,0,0,0,0,0,0,0
1,1,370746,0,0,0,0,0,0,0,0,0,0
1,1,370747,21,21,21,21,21,21,21,21,21,21
1,1,370748,0,0,0,0,0,0,0,0,0,0
1,1,370749,0,0,0,0,0,0,0,0,0,0
2,1,370749,0,0,0,0,0,0,0,0,0,0
1,1,370750,0,0,0,0,0,0,0,0,0,0
1,1,370751,0,0,0,0,0,0,0,0,0,0
2,1,370751,0,0,0,0,0,0,0,0,0,0
3,1,370751,0,0,0,0,0,0,0,0,0,0
0,1,370752,0,0,0,0,0,0,0,0,0,0
1,1,370752,0,0,0,0,0,0,0,0,0,0
1,1,370753,0,0,0,0,0,0,0,0,0,0
1,1,370754,16,16,16,16,16,16,16,16,16,16
1,1,370755,0,0,0,0,0,0,0,0,0,0
2,1,370755,0,0,0,0,0,0,0,0,0,0
1,1,370756,16,4,12,23,8,9,18,11,18,18
1,1,370757,0,0,0,0,0,0,0,0,0,0
2,1,370757,0,0,0,0,0,0,0,0,0,0
1,1,370758,27,27,27,27,27,27,27,27,27,27
1,1,370759,0,0,0,0,0,0,0,0,0,0
1,1,370760,0,0,0,0,0,0,0,0,0,0
1,1,370761,0,0,0,0,18,0,11,0,0,16
2,1,370761,0,0,0,0,0,0,0,0,0,0
1,1,370762,0,0,0,15,0,0,0,0,17,0
2,1,370762,21,13,21,7,9,21,10,3,0,12
1,1,370763,0,0,0,0,0,0,0,0,0,0
1,1,370764,12,28,11,20,15,19,19,20,20,21
2,1,370765,24,24,24,24,24,24,24,24,24,24
1,1,370766,26,26,26,26,26,26,26,26,26,26
1,1,370767,0,0,0,0,0,0,0,0,0,0
1,1,370768,0,0,0,0,0,0,0,0,0,0
1,1,370769,0,0,0,0,0,0,0,0,0,0
2,1,370769,0,0,0,0,0,0,0,0,0,0
1,1,370770,0,0,0,0,0,0,0,0,0,0
2,1,370770,0,0,0,0,0,0,0,0,0,0
1,1,370771,0,0,0,0,0,0,0,0,0,0
0,1,370772,0,0,0,0,0,0,0,0,0,0
1,1,370772,0,0,0,0,0,0,0,0,0,0
1,1,370773,0,0,0,0,0,0,0,0,0,0
2,1,370773,0,0,0,0,0,9,0,0,21,0
1,1,370774,0,0,0,0,0,0,0,0,0,0
2,1,370774,0,0,0,0,0,0,0,0,0,0
1,1,370775,0,0,0,0,0,0,0,0,0,0
2,1,370775,0,0,0,0,0,0,0,0,0,0
1,1,370776,0,0,0,0,0,0,0,0,0,0
1,1,370777,25,25,25,25,25,25,25,25,25,25
1,1,370778,31,31,31,31,31,31,31,31,31,31
1,1,370779,0,0,0,0,0,0,0,0,0,0
1,1,370780,29,29,29,29,29,29,29,29,29,29
1,1,370781,0,0,0,0,0,0,0,0,0,0
1,1,370782,26,26,26,26,26,26,26,26,26,26
1,1,370783,0,0,0,0,0,0,0,0,0,0
2,1,370783,0,0,0,0,0,0,0,0,0,0
0,1,370784,0,0,0,0,0,0,0,0,0,0
1,1,370784,0,0,0,0,0,0,0,0,0,0
0,1,370785,0,0,0,0,0,0,0,0,0,0
1,1,370785,5,6,13,0,0,0,13,0,15,10
1,1,370786,0,0,0,0,7,0,0,0,0,0
1,1,370787,11,11,11,11,11,11,11,11,11,11
1,1,370788,0,0,0,0,0,0,0,0,0,0
1,1,370789,0,0,0,0,0,0,0,0,0,0
2,1,370789,0,0,0,0,0,0,0,0,0,0
1,1,370790,0,0,0,0,0,0,0,0,0,0
2,1,370790,0,0,0,0,0,0,0,0,0,0
1,1,370791,0,0,0,0,0,0,0,0,0,0
2,1,370791,0,0,0,0,0,0,0,0,0,0
1,1,370792,0,0,0,0,0,0,0,0,0,0
0,1,370793,37,37,37,37,37,37,37,37,37,37
1,1,370793,0,0,0,0,0,0,0,6,0,0
2,1,370793,0,0,0,0,0,0,0,0,0,0
1,1,370794,0,0,0,0,0,0,0,0,0,0
1,1,370795,0,0,0,0,0,0,0,0,0,0
1,1,370796,12,12,12,12,12,12,12,12,12,12
1,1,370797,0,0,0,0,0,0,0,0,0,0
2,1,370797,0,0,0,0,0,0,0,0,0,0
0,1,370798,0,0,0,0,0,0,0,0,0,0
1,1,370798,0,0,0,0,0,0,0,0,0,0
0,1,370799,21,21,21,21,21,21,21,21,21,21
1,1,370799,12,0,0,0,0,0,0,0,17,0
1,1,370800,0,0,0,0,0,0,0,0,0,0
2,1,370800,0,0,0,0,0,0,0,0,0,0
1,1,370801,0,0,0,0,0,0,0,0,0,0
2,1,370801,0,0,0,0,0,0,0,0,0,0
1,1,370802,21,21,21,21,21,21,21,21,21,21
0,1,370803,0,0,0,0,0,0,0,0,0,0
1,1,370803,0,0,0,0,0,0,0,0,0,0
1,1,370804,0,0,0,0,0,0,0,0,0,0
0,1,370805,26,26,26,26,26,26,26,26,26,26
1,1,370805,18,12,15,0,19,11,9,9,9,0
1,1,370806,0,0,3,0,0,0,0,0,0,0
1,1,370807,5,0,0,0,0,0,0,0,0,0
2,1,370807,0,0,0,0,0,0,0,12,0,0
3,1,370807,0,0,0,0,0,0,0,0,0,0
0,1,370808,38,38,38,38,38,38,38,38,38,38
1,1,370808,0,0,6,0,0,0,0,0,0,0
1,1,370809,23,23,23,23,23,23,23,23,23,23
1,1,370810,0,0,0,0,0,0,0,0,0,0
1,1,370811,23,23,23,23,23,23,23,23,23,23
2,1,370811,7,7,7,7,7,7,7,7,7,7
3,1,370811,0,11,0,8,0,0,0,0,0,0
1,1,370812,0,0,0,0,0,0,0,0,0,0
2,1,370812,0,0,0,0,0,0,0,0,0,0
1,1,370813,0,10,0,0,0,0,0,0,0,0
1,1,370814,0,0,0,0,0,0,0,0,0,0
2,1,370814,13,13,13,13,13,13,13,13,13,13
1,1,370815,0,0,0,0,0,0,0,0,0,0
2,1,370815,0,0,0,0,0,0,0,0,0,0
0,1,370816,0,0,0,0,0,0,0,0,0,0
1,1,370816,0,0,0,0,0,0,0,0,0,0
0,1,370817,0,0,0,0,0,0,0,0,0,0
1,1,370817,0,0,0,0,0,0,0,0,0,0
1,1,370818,0,0,0,0,0,0,0,0,0,0
1,1,370819,0,0,0,0,0,0,0,0,0,0
0,1,370820,0,0,0,0,0,0,0,0,0,0
1,1,370820,17,17,17,17,17,17,17,17,17,17
1,1,370821,16,16,16,16,16,16,16,16,16,16
1,1,370822,16,16,16,16,16,16,16,16,16,16
0,1,370823,13,13,13,13,13,13,13,13,13,13
1,1,370823,0,0,0,0,0,0,0,0,0,0
1,1,370824,0,0,0,0,0,0,0,0,0,0
2,1,370824,0,0,0,0,0,0,0,0,0,0
1,1,370825,0,0,0,0,0,0,0,0,0,0
1,1,370826,0,0,0,0,0,0,0,0,0,0
1,1,370827,0,0,0,0,0,0,0,0,0,0
1,1,370828,0,0,0,0,0,0,0,0,0,0
2,1,370828,0,0,0,0,0,0,0,0,0,0
0,1,370829,9,10,24,23,19,10,19,22,25,25
1,1,370829,0,0,0,0,0,0,0,0,0,0
1,1,370830,16,16,16,16,16,16,16,16,16,16
1,1,370831,16,16,16,16,16,16,16,16,16,16
1,1,370832,32,32,32,32,32,32,32,32,32,32
1,1,370833,0,0,0,0,0,0,0,0,0,0
2,1,370833,0,0,0,0,0,0,0,0,0,0
1,1,370834,0,0,0,0,0,0,0,0,0,0
1,1,370835,0,0,0,0,0,0,0,0,0,0
1,1,370836,24,24,24,24,24,24,24,24,24,24
1,1,370837,0,0,0,0,0,0,0,0,0,0
0,1,370838,0,0,0,0,0,0,0,0,0,0
1,1,370838,0,0,8,0,0,0,0,0,0,10
1,1,370839,0,0,0,0,0,0,0,0,0,0
2,1,370839,0,0,0,0,0,0,0,0,0,0
1,1,370840,0,0,0,0,0,0,0,0,0,0
2,1,370840,0,0,0,0,0,0,0,0,0,0
1,1,370841,12,12,12,12,12,12,12,12,12,12
1,1,370842,0,0,0,0,0,0,0,0,0,0
0,1,370843,5,5,5,5,5,5,5,5,5,5
1,1,370843,0,0,0,0,0,0,0,0,0,0
1,1,370844,0,0,0,0,0,0,0,0,0,0
1,1,370845,15,15,15,15,15,15,15,15,15,15
1,1,370846,0,0,0,0,0,0,0,0,0,0
2,1,370846,0,0,0,0,0,0,0,0,0,0
1,1,370847,0,0,0,0,0,0,0,0,0,0
2,1,370847,0,0,0,0,0,0,0,0,0,0
1,1,370848,0,0,0,0,0,0,0,0,0,0
2,1,370848,0,0,0,0,0,0,0,0,0,0
1,1,370849,0,0,0,0,0,0,0,0,0,0
0,1,370850,19,19,19,19,19,19,19,19,19,19
1,1,370850,0,0,0,0,0,0,0,0,0,0
1,1,370851,0,0,0,0,0,0,0,0,0,0
1,1,370852,0,0,0,0,0,0,0,0,0,0
2,1,370852,0,0,0,0,0,0,0,0,0,0
1,1,370853,22,22,22,22,22,22,22,22,22,22
1,1,370854,0,0,0,0,0,0,0,0,0,0
1,1,370855,11,11,11,11,11,11,11,11,11,11
1,1,370856,0,0,0,0,0,0,0,0,0,0
2,1,370856,24,24,24,24,24,24,24,24,24,24
1,1,370857,0,0,0,0,0,0,5,0,0,0
1,1,370858,0,0,0,0,0,0,0,0,0,0
2,1,370858,0,0,0,0,0,0,0,0,0,0
0,1,370859,0,0,0,0,0,0,0,0,0,0
1,1,370859,0,0,0,0,0,0,0,0,0,0
1,1,370860,0,0,0,0,0,0,0,0,0,0
1,1,370861,39,6,16,26,14,6,11,9,16,12
1,1,370862,19,19,19,19,19,19,19,19,19,19
1,1,370863,0,0,0,0,0,0,0,0,0,0
2,1,370863,0,0,0,0,0,0,0,0,0,0
1,1,370864,0,0,0,0,0,0,0,0,0,0
1,1,370865,0,0,0,0,0,0,0,0,0,0
2,1,370865,0,0,0,0,0,0,0,0,0,0
1,1,370866,12,12,12,12,12,12,12,12,12,12
1,1,370867,9,15,0,11,0,18,24,9,26,0
2,1,370867,0,0,0,0,0,0,0,0,0,0
1,1,370868,0,0,0,0,0,0,0,0,0,0
2,1,370868,0,0,0,0,0,0,0,0,0,0
1,1,370869,18,0,5,19,20,33,16,18,0,18
2,1,370869,0,0,0,0,0,0,0,0,0,0
1,1,370870,0,0,0,0,0,0,0,0,0,0
2,1,370870,0,0,0,0,0,0,0,0,0,0
1,1,370871,0,0,0,0,0,0,0,0,0,0
1,1,370872,0,0,0,0,0,0,0,0,0,0
2,1,370872,0,0,0,0,0,0,0,0,0,0
1,1,370873,0,0,0,0,0,0,0,0,8,0
2,1,370873,0,0,0,0,0,0,0,0,0,0
1,1,370874,0,0,0,0,0,0,0,0,0,0
1,1,370875,0,0,0,0,0,0,0,0,0,0
2,1,370875,0,0,0,0,0,0,0,0,0,0
1,1,370876,0,0,0,0,0,0,0,0,0,0
1,1,370877,0,0,0,0,0,0,0,0,0,0
2,1,370877,0,0,0,0,0,0,0,0,0,0
1,1,370878,0,0,0,0,0,0,0,0,0,0
1,1,370879,0,0,0,0,0,0,0,0,0,0
2,1,370879,0,0,0,0,0,0,0,0,0,0
1,1,370880,0,0,0,0,0,0,0,0,0,0
0,1,370881,7,7,7,7,7,7,7,7,7,7
1,1,370881,0,0,0,0,7,0,0,0,0,0
0,1,370882,13,39,31,23,9,34,17,13,16,46
1,1,370882,0,0,0,0,5,0,0,0,0,0
1,1,370883,0,0,0,0,0,0,0,0,0,0
2,1,370883,0,0,0,0,0,0,0,0,0,0
1,1,370884,0,0,0,0,0,0,0,0,0,0
1,1,370885,0,0,0,0,0,0,0,0,0,0
2,1,370885,0,0,0,0,0,0,0,0,0,0
1,1,370886,12,12,12,12,12,12,12,12,12,12
1,1,370887,0,0,0,0,0,0,0,0,4,0
2,1,370887,0,0,0,0,0,0,0,9,0,0
1,1,370888,0,0,0,0,0,0,0,0,0,0
2,1,370888,0,0,0,0,0,0,0,0,0,0
1,1,370889,0,0,0,0,0,0,0,0,0,0
2,1,370889,0,0,0,3,0,0,0,0,0,0
3,1,370889,0,0,0,0,0,0,0,0,0,0
1,1,370890,0,0,0,0,0,0,0,0,0,0
2,1,370890,0,0,0,0,0,0,0,0,0,0
1,1,370891,15,15,15,15,15,15,15,15,15,15
1,1,370892,11,11,11,11,11,11,11,11,11,11
1,1,370893,0,0,0,0,0,0,0,0,0,0
2,1,370893,0,0,0,0,0,0,0,0,0,0
1,1,370894,10,10,10,10,10,10,10,10,10,10
2,1,370894,0,0,0,0,0,0,0,0,0,0
0,1,370895,15,15,15,15,15,15,15,15,15,15
1,1,370895,0,0,0,0,0,0,0,0,0,0
1,1,370896,13,8,17,0,26,15,20,22,25,14
0,1,370897,22,22,22,22,22,22,22,22,22,22
1,1,370897,6,0,0,0,0,0,7,9,0,0
1,1,370898,0,0,0,0,0,0,0,0,0,0
2,1,370898,0,0,0,0,0,0,0,0,0,0
1,1,370899,0,0,0,0,0,0,0,0,0,0
2,1,370899,0,0,0,0,0,0,0,0,0,0
0,1,370900,0,0,0,0,0,0,0,0,0,0
1,1,370900,0,19,7,14,14,9,0,0,0,25
1,1,370901,15,0,34,31,12,17,9,12,6,9
1,1,370902,0,0,0,0,0,0,0,0,0,0
2,1,370902,16,16,16,16,16,16,16,16,16,16
1,1,370903,0,0,0,0,0,0,0,0,0,0
2,1,370903,0,0,0,0,0,0,0,0,0,0
1,1,370904,27,27,27,27,27,27,27,27,27,27
1,1,370905,0,0,0,0,0,0,0,0,0,0
2,1,370905,0,0,0,0,0,0,0,0,0,0
1,1,370906,0,0,0,0,0,0,0,0,0,0
1,1,370907,27,27,27,27,27,27,27,27,27,27
1,1,370908,0,0,0,0,0,0,0,0,0,0
1,1,370909,28,28,28,28,28,28,28,28,28,28
1,1,370910,15,15,15,15,15,15,15,15,15,15
1,1,370911,24,24,24,24,24,24,24,24,24,24
2,1,370911,0,0,0,0,0,0,0,0,0,0
1,1,370912,0,0,0,0,0,0,0,0,0,0
1,1,370913,23,23,23,23,23,23,23,23,23,23
0,1,370914,0,0,0,0,0,0,0,0,0,0
1,1,370914,9,0,0,0,0,9,0,0,0,0
1,1,370915,18,21,13,20,16,35,10,15,27,13
1,1,370916,0,0,0,0,0,0,0,0,0,0
2,1,370916,0,0,0,0,0,0,0,0,0,0
3,1,370916,0,0,0,0,0,0,0,0,0,0
2,1,370917,0,0,0,0,0,0,0,0,0,0
1,1,370918,0,0,0,0,0,0,0,0,0,0
2,1,370918,0,0,0,0,0,0,0,0,0,0
3,1,370918,0,0,0,0,0,0,0,0,0,0
1,1,370919,0,0,0,0,0,0,0,0,0,0
2,1,370919,0,0,0,0,0,0,0,0,0,0
1,1,370920,0,0,0,0,0,0,0,0,0,0
1,1,370921,0,0,0,0,0,0,0,0,0,0
2,1,370921,0,0,0,0,0,0,0,0,0,0
1,1,370922,7,7,7,7,7,7,7,7,7,7
1,1,370923,0,0,0,0,0,0,0,0,0,0
2,1,370923,0,0,0,0,0,0,0,0,0,0
1,1,370924,0,0,0,0,0,0,0,0,0,0
2,1,370924,0,0,0,0,0,0,0,0,0,0
1,1,370925,0,0,0,0,0,0,0,0,0,0
2,1,370925,0,0,0,0,0,0,0,0,0,0
3,1,370925,0,0,0,0,0,0,0,0,0,0
0,1,370926,0,0,0,0,0,0,0,0,0,0
1,1,370926,0,0,0,0,0,0,0,0,0,0
1,1,370927,0,0,0,0,0,0,0,0,0,0
2,1,370927,0,0,0,0,0,0,0,0,0,0
1,1,370928,0,0,0,0,0,7,0,0,0,0
2,1,370928,0,0,0,0,0,0,0,0,0,0
1,1,370929,0,0,0,0,0,0,0,0,0,0
2,1,370929,0,0,0,0,0,0,0,0,0,0
1,1,370930,0,0,0,0,0,0,0,0,0,0
1,1,370931,0,0,0,0,0,0,0,0,0,0