VEH_NO,PER_NO,ST_CASE,P1,P2,P3,P4,P5,P6,P7,P8,P9,P10
1,1,370932,23,12,25,14,8,9,16,3,9,30
2,1,370932,25,25,25,25,25,25,25,25,25,25
1,1,370933,0,0,0,0,0,0,0,0,0,0
1,1,370934,31,31,31,31,31,31,31,31,31,31
1,1,370935,13,13,13,13,13,13,13,13,13,13
1,1,370936,15,15,15,15,15,15,15,15,15,15
0,1,370937,0,0,0,0,0,0,0,0,0,0
1,1,370937,0,0,0,0,0,0,15,0,0,0
1,1,370938,20,20,20,20,20,20,20,20,20,20
1,1,370939,28,19,0,0,10,6,12,0,13,15
1,1,370940,0,0,0,0,0,0,0,0,0,0
2,1,370940,0,0,0,0,0,0,0,0,0,0
0,1,370941,28,28,28,28,28,28,28,28,28,28
1,1,370941,0,0,0,0,0,0,0,0,0,0
1,1,370942,20,18,17,0,25,26,14,13,11,11
2,1,370942,0,0,0,0,0,0,0,0,0,0
1,1,370943,10,10,10,10,10,10,10,10,10,10
1,1,370944,0,0,0,0,0,0,0,0,0,0
2,1,370944,0,0,0,0,0,0,0,0,0,0
0,1,370945,0,0,0,0,0,0,0,0,0,0
1,1,370945,0,0,0,0,0,0,0,0,0,0
0,1,370946,0,0,0,0,0,0,0,0,0,0
1,1,370946,0,0,0,0,0,0,0,0,0,0
0,1,370947,20,20,20,20,20,20,20,20,20,20
1,1,370947,0,0,0,0,0,0,0,0,0,0
1,1,370948,0,0,0,0,0,0,0,0,0,0
2,1,370948,0,0,0,0,0,0,0,0,0,0
1,1,370949,15,15,15,15,15,15,15,15,15,15
1,1,370950,0,0,0,0,0,0,0,0,0,0
1,1,370951,0,0,0,0,0,0,0,0,0,0
1,1,370952,18,18,18,18,18,18,18,18,18,18
2,1,370952,7,0,0,0,0,0,0,0,1,0
1,1,370953,0,0,0,0,0,0,0,0,0,0
1,1,370954,0,0,0,0,0,0,0,0,0,0
2,1,370954,0,0,0,0,0,0,0,0,0,0
3,1,370954,0,0,0,0,0,0,0,0,0,0
1,1,370955,2,13,13,10,0,9,5,17,12,0
2,1,370955,17,17,17,17,17,17,17,17,17,17
0,1,370956,33,0,14,0,0,0,0,0,0,0
1,1,370956,0,0,0,0,0,0,0,0,13,0
1,1,370957,0,0,0,0,0,0,0,0,0,0
2,1,370957,0,0,0,0,0,0,0,0,0,0
1,1,370958,0,0,0,0,0,0,0,0,0,0
0,1,370959,0,0,0,0,0,0,0,0,0,0
1,1,370959,0,0,0,0,0,0,0,0,0,0
1,1,370960,0,0,0,0,0,0,0,0,0,0
2,1,370960,0,0,0,0,0,0,0,0,0,0
1,1,370961,0,0,0,0,0,0,0,0,0,0
1,1,370962,0,0,0,0,0,0,0,0,0,0
2,1,370962,6,0,0,0,0,0,0,5,0,0
1,1,370963,0,0,0,0,0,0,0,0,0,0
1,1,370964,0,0,0,0,0,0,0,0,0,0
0,1,370965,38,38,38,38,38,38,38,38,38,38
1,1,370965,0,0,0,0,0,0,0,0,0,0
1,1,370966,19,19,19,19,19,19,19,19,19,19
1,1,370967,17,17,17,17,17,17,17,17,17,17
0,1,370968,13,13,13,13,13,13,13,13,13,13
1,1,370968,0,0,0,0,0,0,0,0,0,0
1,1,370969,0,0,0,0,0,0,0,0,0,0
1,1,370970,0,0,0,0,0,0,0,0,0,0
0,1,370971,18,18,18,18,18,18,18,18,18,18
1,1,370971,0,0,0,0,0,10,0,6,0,0
1,1,370972,0,0,0,0,0,0,0,0,0,0
2,1,370972,0,0,0,0,0,0,0,0,0,0
1,1,370973,0,0,0,0,0,0,0,0,0,0
2,1,370973,0,0,0,0,0,0,0,0,0,0
1,1,370974,0,0,0,0,0,0,0,0,0,0
1,1,370975,5,5,5,5,5,5,5,5,5,5
1,1,370976,28,28,28,28,28,28,28,28,28,28
1,1,370977,0,0,0,0,0,0,0,0,0,0
2,1,370977,0,0,0,0,0,0,0,0,0,0
1,1,370978,0,0,0,0,0,0,0,0,0,0
2,1,370978,0,0,0,0,0,0,0,0,0,0
1,1,370979,0,0,0,0,0,0,0,0,0,0
1,1,370980,18,18,18,18,18,18,18,18,18,18
1,1,370981,11,11,9,16,16,12,12,24,11,25
1,1,370982,0,0,0,0,0,0,0,0,0,0
0,1,370983,34,34,34,34,34,34,34,34,34,34
1,1,370983,15,0,0,0,3,0,0,0,0,18
1,1,370984,0,0,0,0,0,0,0,0,0,0
2,1,370984,0,0,0,0,0,0,0,10,0,0
1,1,370985,0,0,0,0,0,0,0,0,0,0
2,1,370985,0,0,0,0,0,0,0,0,0,0
1,1,370986,0,0,0,0,0,0,0,0,0,0
2,1,370986,0,0,0,0,0,0,0,0,0,0
0,1,370987,12,12,12,12,12,12,12,12,12,12
1,1,370987,0,0,0,0,0,0,0,0,5,0
0,1,370988,0,0,0,0,0,0,0,0,0,0
1,1,370988,0,0,0,0,0,0,0,23,0,0
0,1,370989,17,17,17,17,17,17,17,17,17,17
1,1,370989,0,0,15,0,8,0,0,0,0,0
1,1,370990,0,0,0,0,0,0,0,0,0,0
2,1,370990,3,3,3,3,3,3,3,3,3,3
1,1,370991,0,0,0,0,0,0,0,0,0,0
1,1,370992,14,14,14,14,14,14,14,14,14,14
0,1,370993,23,23,23,23,23,23,23,23,23,23
1,1,370993,0,0,0,7,0,0,0,0,0,0
1,1,370994,0,0,0,0,0,0,0,0,0,0
0,1,370995,0,0,0,0,0,0,0,0,0,0
1,1,370995,0,0,0,0,0,0,0,0,0,0
1,1,370996,19,19,19,19,19,19,19,19,19,19
1,1,370997,0,0,0,0,0,0,13,0,0,0
2,1,370997,0,0,0,0,0,0,0,0,0,0
3,1,370997,3,3,3,3,3,3,3,3,3,3
1,1,370998,0,0,0,0,0,0,0,0,0,0
1,1,370999,0,0,0,0,0,0,0,0,0,0
2,1,370999,0,0,0,0,0,0,0,0,0,0
1,1,371000,0,0,8,0,0,0,0,0,0,0
1,1,371001,0,0,0,0,0,0,0,0,0,0
2,1,371001,0,0,0,0,0,0,0,0,0,0
1,1,371002,0,0,0,0,0,0,0,0,0,0
2,1,371002,0,0,0,0,0,0,0,0,0,0
1,1,371003,18,18,18,18,18,18,18,18,18,18
1,1,371004,0,0,0,0,0,0,0,0,0,0
2,1,371004,0,0,0,0,0,0,0,0,0,0
1,1,371005,35,35,35,35,35,35,35,35,35,35
1,1,371006,0,0,0,0,0,0,0,0,0,0
0,1,371007,0,0,0,0,0,0,0,0,0,0
1,1,371007,0,0,0,0,2,0,0,0,0,0
0,1,371008,0,0,0,0,0,0,0,0,0,0
1,1,371008,0,0,0,0,0,0,0,0,0,0
1,1,371009,0,0,0,0,0,0,0,0,0,0
1,1,371010,0,0,0,0,0,0,0,0,0,0
2,1,371010,0,0,0,0,0,0,0,0,0,0
1,1,371011,0,0,0,0,0,0,0,0,0,0
2,1,371011,0,0,0,0,0,0,0,0,0,0
1,1,371012,0,0,0,0,0,0,0,0,0,0
2,1,371012,15,15,15,15,15,15,15,15,15,15
1,1,371013,18,18,18,18,18,18,18,18,18,18
1,1,371014,20,20,20,20,20,20,20,20,20,20
1,1,371015,0,0,0,2,0,0,0,0,0,0
2,1,371015,9,9,9,9,9,9,9,9,9,9
1,1,371016,0,0,0,0,0,0,0,0,0,0
2,1,371016,2,2,2,2,2,2,2,2,2,2
1,1,371017,14,4,6,11,0,9,0,15,0,2
2,1,371017,0,0,0,0,0,0,0,0,0,0
1,1,371018,0,0,0,0,0,0,0,0,0,0
2,1,371018,0,0,0,0,0,0,0,0,13,0
1,1,371019,0,0,0,0,0,0,0,0,0,0
2,1,371019,0,0,14,0,0,0,0,0,0,0
3,1,371019,0,0,0,0,0,0,0,0,0,0
1,1,371020,16,0,0,17,0,0,19,0,0,0
2,1,371020,0,0,0,0,0,0,0,0,0,0
1,1,371021,18,18,18,18,18,18,18,18,18,18
2,1,371021,0,0,0,0,0,0,0,0,0,0
1,1,371022,0,0,0,0,0,0,0,0,0,0
0,1,371023,0,0,0,0,0,0,0,0,0,0
1,1,371023,0,0,0,11,0,0,0,0,0,0
2,1,371023,0,0,0,0,0,12,0,0,0,0
3,1,371023,0,0,0,0,0,0,0,0,0,0
1,1,371024,0,0,0,0,0,0,0,0,0,0
2,1,371024,0,0,0,0,0,0,0,0,0,0
1,1,371025,0,0,0,0,0,0,0,0,0,0
2,1,371025,0,0,0,0,0,0,0,0,0,0
1,1,371026,0,0,0,0,0,0,0,0,0,0
1,1,371027,0,0,0,0,0,0,0,0,0,0
1,1,371028,0,0,0,0,0,0,0,0,0,0
2,1,371028,0,0,0,0,0,0,0,0,0,0
1,1,371029,0,0,0,0,0,0,0,0,0,0
1,1,371030,32,21,15,6,15,26,0,16,11,10
2,1,371030,0,0,0,0,0,0,0,0,0,0
3,1,371030,0,0,0,0,0,8,0,0,0,0
0,1,371031,0,0,0,0,0,0,20,0,24,0
1,1,371031,0,0,0,0,0,0,0,0,0,0
1,1,371032,0,0,0,0,9,18,8,16,0,0
1,1,371033,0,0,0,0,0,0,0,0,0,0
1,1,371034,0,0,0,0,0,0,0,0,0,0
0,1,371035,0,0,0,0,0,0,0,0,0,0
1,1,371035,0,0,0,0,0,0,0,0,0,0
1,1,371036,0,0,0,0,0,0,0,0,0,0
1,1,371037,0,0,0,0,0,0,0,0,0,0
1,1,371038,0,0,16,24,0,0,0,0,0,0
0,1,371039,0,0,0,0,0,0,0,0,0,0
1,1,371039,0,0,0,0,0,0,0,0,0,0
1,1,371040,0,0,0,0,0,0,0,0,0,0
0,1,371041,11,11,11,11,11,11,11,11,11,11
1,1,371041,0,0,0,0,0,0,0,0,0,0
0,1,371042,0,0,0,0,0,0,0,0,0,0
1,1,371042,0,0,0,0,0,0,0,0,0,0
2,1,371042,0,0,0,0,0,0,0,0,0,0
0,1,371043,0,0,0,0,0,0,0,0,0,0
1,1,371043,0,0,0,0,0,0,0,0,0,0
1,1,371044,15,12,28,21,20,29,13,15,17,37
2,1,371044,0,0,0,0,0,0,0,0,0,0
1,1,371045,0,0,0,0,0,0,0,0,0,0
2,1,371045,21,21,21,21,21,21,21,21,21,21
1,1,371046,0,0,0,0,0,0,0,0,0,0
2,1,371046,0,0,0,0,3,0,0,0,0,0
1,1,371047,0,0,0,0,0,0,0,0,0,0
2,1,371047,0,0,0,0,0,0,0,0,0,0
1,1,371048,0,0,0,0,0,0,0,0,0,0
2,1,371048,0,0,0,0,0,0,0,0,0,0
3,1,371048,0,0,0,0,0,0,0,0,0,0
1,1,371049,24,24,24,24,24,24,24,24,24,24
1,1,371050,0,0,0,0,0,0,0,0,0,0
0,1,371051,0,0,0,0,0,0,0,0,0,0
1,1,371051,0,0,0,0,0,0,0,0,0,0
1,1,371052,15,15,15,15,15,15,15,15,15,15
0,1,371053,16,16,16,16,16,16,16,16,16,16
1,1,371053,0,0,0,0,0,0,0,0,0,0
1,1,371054,0,0,0,0,0,0,0,0,0,0
0,1,371055,0,0,0,0,0,0,0,0,0,0
1,1,371055,0,0,0,0,0,0,0,0,0,0
1,1,371056,27,27,27,27,27,27,27,27,27,27
1,1,371057,0,0,0,0,0,0,0,0,0,0
1,1,371058,21,21,21,21,21,21,21,21,21,21
1,1,371059,0,0,0,0,0,0,0,0,0,0
1,1,371060,27,12,12,10,4,7,14,22,8,24
2,1,371060,0,0,0,0,0,0,0,0,0,0
1,1,371061,14,14,14,14,14,14,14,14,14,14
0,1,371062,33,33,33,33,33,33,33,33,33,33
1,1,371062,0,0,0,0,0,20,0,0,0,0
0,1,371063,0,0,0,0,0,0,0,0,0,0
1,1,371063,30,0,0,0,0,0,0,0,0,0
1,1,371064,0,0,0,0,0,0,0,0,0,0
1,1,371065,21,21,21,21,21,21,21,21,21,21
1,1,371066,0,0,0,0,0,0,0,0,0,0
2,1,371066,0,0,0,0,0,0,0,0,0,0
1,1,371067,0,0,0,0,0,0,0,0,0,0
1,1,371068,0,0,0,0,0,0,0,0,0,0
2,1,371068,0,0,0,0,0,0,0,0,7,0
0,1,371069,25,25,25,25,25,25,25,25,25,25
1,1,371069,0,0,0,0,0,0,0,0,0,0
0,1,371070,22,22,22,22,22,22,22,22,22,22
1,1,371070,0,12,0,0,0,0,24,0,0,0
2,1,371070,8,0,0,0,0,0,0,0,0,0
1,1,371071,0,0,0,0,0,0,0,0,0,0
2,1,371071,11,0,0,0,0,6,0,0,0,0
1,1,371072,0,0,0,0,0,0,18,0,0,0
2,1,371072,0,0,0,0,13,0,0,0,0,0
0,1,371073,10,10,10,10,10,10,10,10,10,10
1,1,371073,0,0,0,0,0,0,0,0,0,0
0,1,371074,0,0,0,0,0,0,0,0,0,0
1,1,371074,0,0,0,0,0,0,0,0,0,0
1,1,371075,40,40,40,40,40,40,40,40,40,40
0,1,371076,3,3,3,3,3,3,3,3,3,3
1,1,371076,8,0,0,0,0,0,0,0,0,0
1,1,371077,19,19,19,19,19,19,19,19,19,19
1,1,371078,0,0,0,0,0,0,0,0,0,0
2,1,371078,0,0,0,0,0,0,0,0,0,0
1,1,371079,0,0,0,0,0,0,0,0,0,0
2,1,371079,0,0,0,0,0,10,0,0,0,0
1,1,371080,30,30,30,30,30,30,30,30,30,30
1,1,371081,9,9,9,9,9,9,9,9,9,9
1,1,371082,26,26,26,26,26,26,26,26,26,26
1,1,371083,17,17,17,17,17,17,17,17,17,17
1,1,371084,0,0,0,0,0,0,0,0,0,0
1,1,371085,0,0,0,0,0,0,0,0,0,0
2,1,371085,0,0,0,0,0,0,0,0,0,0
1,1,371086,13,13,13,13,13,13,13,13,13,13
2,1,371086,0,0,0,0,12,8,0,9,0,0
1,1,371087,11,11,11,11,11,11,11,11,11,11
0,1,371088,32,32,32,32,32,32,32,32,32,32
1,1,371088,0,0,0,0,0,18,0,18,15,0
1,1,371089,0,0,0,0,0,0,10,28,0,0
1,1,371090,12,12,12,12,12,12,12,12,12,12
1,1,371091,9,9,9,9,9,9,9,9,9,9
1,1,371092,21,21,21,21,21,21,21,21,21,21
0,1,371093,0,0,0,0,0,0,0,0,0,0
1,1,371093,5,0,11,0,15,0,0,0,0,0
0,1,371094,0,0,0,0,0,0,0,0,0,0
0,2,371094,0,0,0,0,0,0,0,0,0,0
1,1,371094,0,0,0,0,0,0,0,0,0,0
1,1,371095,0,0,0,0,0,0,0,0,0,0
2,1,371095,0,0,0,0,0,0,0,0,0,0
1,1,371096,0,0,0,0,0,0,0,0,0,0
2,1,371096,0,0,0,0,16,0,0,0,0,0
1,1,371097,0,0,0,0,0,0,0,0,0,0
0,1,371098,17,17,17,17,17,17,17,17,17,17
1,1,371098,0,0,0,0,0,0,0,0,0,0
2,1,371098,0,0,0,0,0,0,3,0,0,0
1,1,371099,0,0,0,0,0,0,0,0,0,0
2,1,371099,0,0,0,0,0,0,0,0,0,0
1,1,371100,0,0,0,0,0,0,0,0,0,0
2,1,371100,0,0,0,0,0,0,0,0,0,0
1,1,371101,0,0,0,0,0,0,0,0,0,0
2,1,371101,0,0,0,0,0,0,0,0,0,0
1,1,371102,0,0,0,0,0,0,0,0,0,0
2,1,371102,0,0,0,0,0,0,0,0,0,0
1,1,371103,0,0,0,0,0,0,0,0,0,0
2,1,371103,0,0,0,0,0,0,0,0,0,0
1,1,371104,0,0,13,0,0,14,0,0,19,0
2,1,371104,0,0,0,0,0,0,0,0,0,0
1,1,371105,11,11,11,11,11,11,11,11,11,11
1,1,371106,8,8,8,8,8,8,8,8,8,8
1,1,371107,6,6,6,6,6,6,6,6,6,6
1,1,371108,2,2,2,2,2,2,2,2,2,2
0,1,371109,19,19,19,19,19,19,19,19,19,19
1,1,371109,0,0,0,0,0,0,12,0,6,0
0,1,371110,0,0,0,0,0,0,0,0,0,0
1,1,371110,0,0,0,0,0,0,0,8,0,0
1,1,371111,14,14,14,14,14,14,14,14,14,14
1,1,371112,0,0,0,0,0,0,0,0,0,0
2,1,371112,9,9,9,9,9,9,9,9,9,9
1,1,371113,0,0,0,0,0,0,0,0,0,0
1,1,371114,0,0,0,0,0,0,0,0,0,0
2,1,371114,0,0,0,0,0,0,0,0,0,0
1,1,371115,0,0,0,0,0,0,0,0,0,0
2,1,371115,0,0,0,0,0,0,0,0,0,0
0,1,371116,0,0,0,0,0,0,0,0,0,0
1,1,371116,0,0,0,0,0,0,0,0,0,0
1,1,371117,0,0,0,0,0,0,0,0,0,0
2,1,371117,0,0,0,0,0,0,0,0,0,0
3,1,371117,0,0,0,0,0,0,0,0,0,0
1,1,371118,0,0,0,0,0,0,0,0,0,0
2,1,371118,0,0,0,0,0,0,0,0,0,0
1,1,371119,23,23,23,23,23,23,23,23,23,23
1,1,371120,0,0,0,0,0,0,0,0,0,0
1,1,371121,0,0,0,0,0,0,0,0,0,0
2,1,371121,0,0,0,0,0,0,0,0,0,0
1,1,371122,0,0,0,0,0,0,0,0,0,0
2,1,371122,0,0,0,0,0,0,0,0,0,0
3,1,371122,0,0,0,6,0,0,0,0,0,0
0,1,371123,0,0,0,0,0,0,0,0,0,0
1,1,371123,0,0,0,0,0,0,0,0,0,0
1,1,371124,0,0,0,0,0,0,0,13,0,0
1,1,371125,0,0,0,0,0,0,0,0,0,0
0,1,371126,0,0,0,0,0,0,0,0,0,0
1,1,371126,0,0,0,0,0,0,0,0,7,0
1,1,371127,10,10,10,10,10,10,10,10,10,10
1,1,371128,0,0,0,0,0,0,0,0,0,0
1,1,371129,12,12,12,12,12,12,12,12,12,12
1,1,371130,18,18,18,18,18,18,18,18,18,18
0,1,371131,26,26,26,26,26,26,26,26,26,26
1,1,371131,0,0,7,0,0,0,0,0,0,0
1,1,371132,24,24,24,24,24,24,24,24,24,24
1,1,371133,0,0,0,0,0,0,0,0,0,0
1,1,371134,8,0,0,0,0,0,0,0,0,0
0,1,371135,0,0,0,0,0,0,0,0,0,0
1,1,371135,0,0,0,0,0,0,0,0,0,0
0,1,371136,0,0,0,0,0,0,0,0,0,0
1,1,371136,0,0,0,0,0,0,0,0,0,0
1,1,371137,0,0,0,0,0,0,0,0,0,0
2,1,371137,0,0,0,0,0,0,0,0,0,0
1,1,371138,18,0,0,9,0,12,14,25,17,11
2,1,371138,0,0,0,0,0,0,0,0,0,0
1,1,371139,0,0,0,0,0,0,0,0,0,0
1,1,371140,19,19,19,19,19,19,19,19,19,19
1,1,371141,13,13,13,13,13,13,13,13,13,13
1,1,371142,29,29,29,29,29,29,29,29,29,29
1,1,371143,17,17,17,17,17,17,17,17,17,17
1,1,371144,0,0,0,0,16,0,0,0,0,0
2,1,371144,30,30,30,30,30,30,30,30,30,30
1,1,371145,13,15,0,21,11,16,26,29,16,15
2,1,371145,42,42,42,42,42,42,42,42,42,42
3,1,371145,0,0,0,0,0,0,0,0,0,0
1,1,371146,7,22,6,7,14,8,8,11,17,13
2,1,371147,0,0,0,0,0,0,0,0,0,0
1,1,371148,19,19,19,19,19,19,19,19,19,19
0,1,371149,27,27,27,27,27,27,27,27,27,27
1,1,371149,0,0,4,0,0,0,0,0,0,0
1,1,371150,31,31,31,31,31,31,31,31,31,31
1,1,371151,0,0,0,0,0,0,0,0,0,0
2,1,371151,0,0,0,0,0,0,0,0,0,0
1,1,371152,0,0,0,0,0,0,0,0,0,0
2,1,371152,0,0,0,0,0,0,0,0,0,0
1,1,371153,0,0,9,23,0,0,23,6,0,5
2,1,371153,0,0,0,0,0,0,0,0,0,0
1,1,371154,0,0,0,0,0,0,0,0,0,0
2,1,371154,0,0,0,0,0,0,0,0,0,0
1,1,371155,0,0,0,0,0,0,0,0,0,0
1,1,371156,0,0,0,0,0,0,0,0,0,0
1,1,371157,0,0,0,0,0,0,0,0,0,0
2,1,371157,0,0,0,0,0,0,0,0,0,0
1,1,371158,7,7,7,7,7,7,7,7,7,7
1,1,371159,0,0,0,0,0,0,0,0,0,0
2,1,371159,0,0,0,0,0,0,8,0,0,0
1,1,371160,25,25,25,25,25,25,25,25,25,25
1,1,371161,0,0,0,0,0,0,0,0,0,0
2,1,371161,0,0,0,0,0,0,0,0,0,0
3,1,371161,0,0,0,0,0,0,0,0,0,0
0,1,371162,25,25,25,25,25,25,25,25,25,25
1,1,371162,17,14,26,25,19,9,6,0,8,26
1,1,371163,0,0,0,0,0,0,0,0,0,0
2,1,371163,0,0,0,0,0,0,0,0,0,0
1,1,371164,21,11,18,25,2,16,9,9,2,20
0,1,371165,0,0,0,0,0,0,0,0,0,0
1,1,371165,0,52,0,0,0,0,0,0,0,0
2,1,371165,0,0,0,0,0,0,0,0,0,0
1,1,371166,0,16,0,0,0,0,0,0,0,0
2,1,371166,0,0,0,0,0,0,0,0,0,0
1,1,371167,0,0,0,0,0,0,0,0,0,0
2,1,371167,16,16,16,16,16,16,16,16,16,16
1,1,371168,0,0,0,0,0,0,4,0,0,0
2,1,371168,0,0,0,0,0,0,0,0,0,0
1,1,371169,25,25,25,25,25,25,25,25,25,25
1,1,371170,0,0,0,0,0,0,0,0,0,0
0,1,371171,4,4,4,4,4,4,4,4,4,4
1,1,371171,0,0,0,0,0,0,0,0,0,0
0,1,371172,28,28,28,28,28,28,28,28,28,28
1,1,371172,0,0,15,0,0,0,0,17,0,0
0,1,371173,23,23,23,23,23,23,23,23,23,23
1,1,371173,0,0,0,0,0,0,0,0,0,0
1,1,371174,0,0,0,0,0,0,0,0,0,0
1,1,371175,12,12,12,12,12,12,12,12,12,12
1,1,371176,0,0,0,0,0,0,0,0,0,0
2,1,371176,0,0,0,0,0,6,4,0,0,0
1,1,371177,0,0,0,0,0,0,0,2,0,0
2,1,371177,0,0,0,0,0,0,0,0,0,0
2,1,371178,0,0,0,0,0,0,0,0,0,0
1,1,371179,0,0,0,0,0,0,0,0,0,0
2,1,371179,22,22,22,22,22,22,22,22,22,22
1,1,371180,16,16,16,16,16,16,16,16,16,16
1,1,371181,0,0,0,0,0,0,0,0,0,0
0,1,371182,7,7,7,7,7,7,7,7,7,7
1,1,371182,8,8,8,8,8,8,8,8,8,8
1,1,371183,18,7,15,24,33,29,20,19,30,21
1,1,371184,0,0,0,0,0,0,0,0,0,0
2,1,371184,0,0,0,0,0,0,0,0,0,0
1,1,371185,0,0,0,0,0,0,0,0,0,0
2,1,371185,0,0,0,0,0,0,0,0,0,0
1,1,371186,16,33,9,21,12,28,12,16,29,6
1,1,371187,0,0,0,0,0,0,0,27,0,0
2,1,371187,11,11,11,11,11,11,11,11,11,11
1,1,371188,0,0,0,0,0,0,0,0,0,0
1,1,371189,0,0,0,0,0,0,0,0,0,0
2,1,371189,0,0,0,0,0,0,0,0,0,0
1,1,371190,0,0,0,0,0,0,0,0,0,0
0,1,371191,0,0,0,0,0,0,0,0,0,0
1,1,371191,0,0,0,0,0,0,0,0,0,0
1,1,371192,0,0,0,0,0,0,0,0,0,0
1,1,371193,0,0,0,0,0,0,0,0,0,0
2,1,371193,0,0,0,0,0,0,0,0,0,0
1,1,371194,0,0,9,0,0,0,0,0,0,0
2,1,371194,0,0,0,0,0,0,0,0,0,0
1,1,371195,0,0,0,0,0,0,0,0,0,0
2,1,371195,0,0,0,0,0,0,0,0,0,0
1,1,371196,24,24,24,24,24,24,24,24,24,24
1,1,371197,34,34,34,34,34,34,34,34,34,34
0,1,371198,0,9,26,0,0,0,0,14,0,12
1,1,371198,0,7,0,0,0,0,0,0,0,0
1,1,371199,0,0,0,0,0,0,0,0,0,0
2,1,371199,0,0,0,0,0,0,0,0,0,0
1,1,371200,0,0,0,0,0,0,0,0,0,0
1,1,371201,0,0,0,0,0,0,0,0,0,0
2,1,371201,0,0,0,0,0,0,0,0,0,0
3,1,371201,0,0,0,0,0,0,0,0,0,0
4,1,371201,0,0,0,0,0,0,0,0,0,0
0,1,371202,0,0,0,0,0,0,0,0,0,0
1,1,371202,0,0,0,0,0,0,0,0,0,0
0,1,371203,18,18,18,18,18,18,18,18,18,18
1,1,371203,0,0,0,0,0,0,0,0,0,0
1,1,371204,0,0,0,0,0,0,0,0,0,0
1,1,371205,7,7,7,7,7,7,7,7,7,7
0,1,371206,0,0,0,0,0,0,0,0,0,0
1,1,371206,0,0,0,0,0,0,0,0,0,0
1,1,371207,20,12,15,9,15,20,18,21,10,7
1,1,371208,0,0,0,0,0,0,0,0,0,0
2,1,371208,0,0,0,0,0,0,0,0,0,0
3,1,371208,0,0,0,0,0,0,0,0,0,0
1,1,371209,0,0,0,0,0,0,0,0,0,0
1,1,371210,29,17,12,31,8,23,27,34,35,23
1,1,371211,0,0,0,0,0,0,0,0,0,0
1,1,371212,0,0,0,0,0,0,0,0,0,0
2,1,371212,0,0,0,0,0,0,0,0,0,0
1,1,371213,0,0,0,0,0,0,0,0,0,0
0,1,371214,0,0,0,0,0,0,0,0,0,0
1,1,371214,0,0,0,0,7,0,0,0,0,0
0,1,371215,0,0,0,0,0,0,0,0,0,0
1,1,371215,0,0,0,0,0,0,0,0,0,0
1,1,371216,0,0,0,0,0,0,0,0,0,0
1,1,371217,0,0,0,0,0,0,0,0,0,0
2,1,371217,0,0,0,0,0,0,0,0,0,0
3,1,371217,0,0,0,0,0,0,0,0,0,0
1,1,371218,0,0,0,0,0,0,0,0,0,0
1,1,371219,7,7,7,7,7,7,7,7,7,7
1,1,371220,0,0,0,0,0,0,0,0,0,0
2,1,371220,0,0,0,0,0,0,0,0,0,0
1,1,371221,0,0,0,0,0,0,0,0,0,0
2,1,371221,0,0,0,0,0,0,0,0,0,0
3,1,371221,0,0,0,0,0,0,0,0,0,0
1,1,371222,0,0,0,0,0,0,0,0,0,0
1,1,371223,27,27,27,27,27,27,27,27,27,27
2,1,371223,0,0,0,0,0,0,0,0,0,0
1,1,371224,0,0,0,0,0,0,0,0,0,0
2,1,371224,0,0,0,0,0,0,0,0,0,0
1,1,371225,0,0,0,0,0,0,0,0,0,0
2,1,371225,0,0,0,0,0,0,0,0,0,0
0,1,371226,57,57,57,57,57,57,57,57,57,57
1,1,371226,6,0,0,3,0,0,11,0,0,0
1,1,371227,0,10,11,12,6,7,0,24,0,11
1,1,371228,0,0,0,0,0,0,0,0,0,0
2,1,371228,0,0,0,0,0,0,12,0,0,0
1,1,371229,17,19,21,0,0,0,0,0,26,8
1,1,371230,10,10,10,10,10,10,10,10,10,10
1,1,371231,16,16,16,16,16,16,16,16,16,16
1,1,371232,0,0,0,0,0,0,0,0,0,0
2,1,371232,0,0,0,0,0,0,0,0,0,19
1,1,371233,13,0,13,4,22,23,37,13,21,14
2,1,371233,0,0,11,0,0,0,0,15,0,0
1,1,371234,0,0,10,0,0,0,0,0,0,0
1,1,371235,0,0,0,0,0,0,0,0,0,0
1,1,371236,0,0,0,0,0,0,0,0,0,0
1,1,371237,0,0,0,0,0,0,7,0,0,0
2,1,371237,0,0,0,0,0,0,0,0,0,0
1,1,371238,0,0,0,0,0,0,0,0,0,0
2,1,371238,0,0,0,0,0,0,0,0,0,0
1,1,371239,0,0,0,0,0,0,0,0,0,0
2,1,371239,0,0,0,0,0,0,0,0,0,0
1,1,371240,0,0,0,0,0,0,0,0,0,0
2,1,371240,0,0,0,0,0,0,0,0,0,0
1,1,371241,0,0,0,0,0,0,0,0,0,0
2,1,371241,0,0,0,0,0,0,0,0,0,0
0,1,371242,0,0,0,0,0,0,0,0,0,0
0,2,371242,0,0,0,0,0,0,0,0,0,0
0,3,371242,0,0,0,0,0,0,0,0,0,0
0,4,371242,0,0,0,0,0,0,0,0,0,0
1,1,371242,0,0,0,0,0,0,0,0,0,0
1,1,371243,14,14,14,14,14,14,14,14,14,14