VEH_NO,PER_NO,ST_CASE,P1,P2,P3,P4,P5,P6,P7,P8,P9,P10
1,1,371244,0,0,0,0,0,0,0,0,0,0
1,1,371245,17,0,0,17,9,14,27,22,17,22
2,1,371245,0,0,0,0,0,0,0,0,0,0
1,1,371246,20,19,24,7,29,16,4,19,10,15
1,1,371247,0,0,0,0,0,0,0,0,0,0
1,1,371248,8,16,18,17,20,21,0,20,16,15
2,1,371248,0,0,0,0,0,0,0,0,0,0
1,1,371249,0,0,0,0,0,0,0,0,0,0
2,1,371249,0,0,0,0,0,0,0,0,0,0
1,1,371250,0,0,0,0,0,0,0,0,0,0
1,1,371251,20,20,20,20,20,20,20,20,20,20
1,1,371252,0,0,0,0,0,0,0,0,0,0
1,1,371253,0,0,0,0,0,0,0,0,0,0
2,1,371253,0,0,0,0,0,0,0,0,0,0
0,1,371254,0,0,0,19,0,0,0,0,0,0
1,1,371254,0,0,0,0,0,0,0,0,0,0
1,1,371255,13,13,13,13,13,13,13,13,13,13
2,1,371255,0,0,0,0,0,0,0,0,0,0
1,1,371256,12,11,31,10,15,5,15,28,8,11
2,1,371256,0,0,0,0,0,0,0,0,0,0
1,1,371257,0,0,0,0,0,0,0,0,0,0
2,1,371257,0,0,3,10,0,0,0,0,9,0
0,1,371258,25,25,25,25,25,25,25,25,25,25
1,1,371258,0,0,0,0,0,0,0,0,0,0
1,1,371259,0,0,0,0,0,0,0,0,0,0
2,1,371259,0,0,0,0,0,0,0,0,0,0
1,1,371260,21,12,18,15,5,17,13,24,14,10
1,1,371261,0,0,0,0,0,0,0,0,0,0
2,1,371261,0,0,0,0,0,0,0,0,0,0
3,1,371261,0,0,0,0,0,0,0,0,0,0
1,1,371262,9,9,9,9,9,9,9,9,9,9
0,1,371263,0,0,0,0,0,0,0,0,0,0
1,1,371263,0,0,0,0,12,0,0,0,0,0
1,1,371264,0,0,0,0,0,0,0,0,0,0
2,1,371264,0,0,0,0,0,0,0,0,0,0
1,1,371265,0,0,0,0,0,0,0,0,0,0
1,1,371266,0,0,0,0,0,0,0,0,0,0
2,1,371266,0,0,0,0,0,0,0,0,0,0
1,1,371267,22,22,22,22,22,22,22,22,22,22
1,1,371268,0,0,0,0,0,0,0,0,0,0
2,1,371268,0,0,0,0,0,0,0,0,0,0
1,1,371269,0,0,0,0,0,0,0,0,0,9
2,1,371269,0,0,0,0,0,0,0,0,0,0
0,1,371270,0,0,0,0,8,0,0,0,0,0
1,1,371270,0,8,0,0,0,0,0,0,0,0
1,1,371271,19,19,19,19,19,19,19,19,19,19
0,1,371272,0,0,0,0,0,0,0,0,0,0
1,1,371272,0,0,0,0,0,0,0,0,0,0
1,1,371273,0,0,0,0,0,0,0,0,0,0
2,1,371273,0,0,0,0,0,0,0,0,0,0
1,1,371274,0,0,0,0,0,0,0,0,0,0
1,1,371275,0,0,0,0,0,0,0,0,0,0
2,1,371275,0,0,0,0,0,0,0,0,0,0
1,1,371276,0,0,0,0,0,0,0,0,0,0
2,1,371276,0,0,0,0,0,0,0,0,0,0
0,1,371277,0,0,0,0,0,0,0,0,0,0
0,2,371277,0,0,0,0,0,0,0,0,0,0
0,3,371277,0,0,0,0,0,0,0,0,0,0
1,1,371277,0,0,0,0,0,0,0,0,2,0
0,1,371278,0,0,0,0,0,0,0,0,0,0
1,1,371278,17,15,22,13,10,11,5,12,19,9
1,1,371279,0,0,0,0,0,0,0,0,0,0
1,1,371280,16,16,16,16,16,16,16,16,16,16
1,1,371281,0,0,0,0,0,0,0,0,0,0
2,1,371281,0,0,0,0,0,0,0,0,0,0
3,1,371281,0,0,0,0,0,0,0,0,0,0
1,1,371282,0,0,0,0,0,0,0,0,0,0
1,1,371283,0,0,0,0,0,0,0,0,0,0
2,1,371283,0,0,0,0,0,0,13,0,0,0
0,1,371284,35,35,35,35,35,35,35,35,35,35
1,1,371284,0,0,0,0,0,0,0,20,0,0
1,1,371285,20,0,0,0,0,0,0,5,0,11
2,1,371286,0,0,0,0,0,0,0,0,0,0
1,1,371287,0,0,0,0,0,0,0,0,0,0
1,1,371288,0,0,0,0,0,0,0,0,0,0
2,1,371288,0,0,0,0,0,0,0,0,0,0
1,1,371289,13,13,13,13,13,13,13,13,13,13
2,1,371289,0,0,0,0,0,0,0,0,0,0
1,1,371290,0,0,0,0,0,0,0,0,0,0
1,1,371291,15,15,15,15,15,15,15,15,15,15
0,1,371292,0,0,0,0,0,0,0,0,0,0
1,1,371292,0,0,0,0,0,0,0,0,0,0
1,1,371293,0,0,0,0,0,0,0,0,0,0
2,1,371293,0,0,0,0,0,0,0,0,0,0
1,1,371294,22,22,22,22,22,22,22,22,22,22
0,1,371295,24,24,24,24,24,24,24,24,24,24
1,1,371295,0,0,0,0,8,0,0,0,0,0
1,1,371296,0,0,0,0,0,0,0,0,0,0
1,1,371297,4,10,20,19,10,16,7,12,17,11
2,1,371297,0,0,0,0,0,0,0,0,0,0
0,1,371298,6,6,6,6,6,6,6,6,6,6
1,1,371298,0,0,0,0,0,0,0,0,0,0
1,1,371299,0,0,0,0,0,0,0,0,0,0
1,1,371300,13,9,11,10,22,4,9,6,6,10
1,1,371301,0,0,0,0,0,0,0,0,0,0
2,1,371301,0,0,0,0,0,0,0,0,0,0
1,1,371302,19,19,19,19,19,19,19,19,19,19
2,1,371302,0,0,0,0,0,0,0,9,0,0
0,1,371303,0,0,0,0,0,0,0,0,0,0
1,1,371303,0,0,0,0,0,0,0,0,0,0
1,1,371304,0,0,0,0,0,0,0,0,0,0
1,1,371305,19,19,19,19,19,19,19,19,19,19
1,1,371306,0,0,0,0,0,0,0,0,0,0
2,1,371306,0,0,0,0,0,0,0,0,0,0
1,1,371307,0,0,0,0,0,0,0,0,0,0
2,1,371307,0,0,0,0,0,0,0,0,0,0
1,1,371308,0,0,0,0,0,0,0,0,0,0
2,1,371308,0,0,0,0,0,0,0,0,0,0
1,2,371309,0,8,0,0,14,20,5,0,19,21
1,1,371310,24,24,24,24,24,24,24,24,24,24
1,1,371311,0,0,0,0,0,0,0,0,0,0
1,1,371312,17,17,17,17,17,17,17,17,17,17
1,1,371313,29,29,29,29,29,29,29,29,29,29
1,1,371314,0,0,0,0,0,0,0,0,0,0
1,1,371315,0,5,0,0,0,13,0,0,0,0
2,1,371315,0,0,0,0,0,0,0,0,0,0
1,1,371316,22,22,22,22,22,22,22,22,22,22
1,1,371317,0,0,0,0,0,0,0,0,0,0
2,1,371317,0,0,0,0,0,12,0,0,0,0
0,1,371318,26,0,21,18,0,27,14,0,0,1
1,1,371318,0,0,0,0,0,0,0,0,0,0
1,1,371319,0,0,0,0,0,0,0,0,0,0
2,1,371319,0,0,0,0,0,0,0,0,0,0
0,1,371320,0,0,0,0,0,0,0,0,0,0
1,1,371320,0,0,0,0,0,0,0,0,0,0
1,1,371321,9,8,13,10,10,25,15,8,23,11
1,1,371322,0,0,0,0,0,0,0,0,0,0
2,1,371322,0,0,0,0,0,0,0,0,0,0
3,1,371322,0,0,0,0,0,0,0,0,0,0
1,1,371323,0,0,0,0,0,0,0,0,0,0
1,1,371324,23,23,23,23,23,23,23,23,23,23
1,1,371325,0,0,0,0,0,0,0,8,0,34
0,1,371326,0,0,0,0,0,0,0,0,0,0
1,1,371326,0,0,0,0,0,0,0,0,0,0
1,1,371327,0,0,0,0,0,0,0,0,0,0
2,1,371327,17,16,29,19,4,15,13,3,20,16
1,1,371328,0,0,0,0,0,0,0,0,0,0
2,1,371328,0,0,0,0,0,0,0,0,0,0
1,1,371329,20,20,20,20,20,20,20,20,20,20
1,1,371330,0,0,0,0,0,0,0,0,0,0
2,1,371330,6,0,0,0,0,0,0,0,0,0
3,1,371330,0,0,0,0,0,0,0,0,0,0
1,1,371331,0,0,0,0,0,0,0,0,0,0
1,1,380001,0,0,0,0,0,0,0,0,0,0
1,1,380002,7,7,7,7,7,7,7,7,7,7
1,1,380003,0,0,0,0,0,0,0,0,0,0
2,1,380003,0,0,0,0,0,0,0,0,0,0
1,1,380004,24,24,24,24,24,24,24,24,24,24
1,1,380005,0,0,0,0,0,0,0,0,0,0
1,1,380006,0,0,0,0,0,0,0,0,0,0
0,1,380007,34,34,34,34,34,34,34,34,34,34
1,1,380007,0,0,9,15,11,0,0,0,0,0
1,1,380008,24,24,24,24,24,24,24,24,24,24
0,1,380009,0,4,0,0,0,0,0,0,0,0
1,1,380009,0,0,0,0,0,0,0,0,0,0
0,1,380010,0,0,0,0,0,0,0,0,0,0
1,1,380010,0,0,0,0,0,0,0,0,0,0
1,1,380011,0,0,0,0,0,0,0,0,0,0
1,1,380012,17,17,17,17,17,17,17,17,17,17
2,1,380012,0,0,0,0,0,0,0,0,0,0
1,1,380013,25,25,25,25,25,25,25,25,25,25
1,1,380014,0,0,0,0,0,0,0,0,0,0
2,1,380014,0,0,0,0,0,0,0,0,0,0
1,1,380015,7,7,7,7,7,7,7,7,7,7
1,1,380016,35,35,35,35,35,35,35,35,35,35
1,1,380017,29,29,29,29,29,29,29,29,29,29
1,1,380018,0,0,0,0,0,0,0,0,0,0
1,1,380019,23,23,23,23,23,23,23,23,23,23
1,1,380020,30,30,30,30,30,30,30,30,30,30
1,1,380021,0,2,8,0,15,0,0,5,0,5
2,1,380021,17,17,17,17,17,17,17,17,17,17
3,1,380021,9,9,9,9,9,9,9,9,9,9
1,1,380022,0,0,0,0,0,0,0,0,0,0
1,1,380023,25,25,25,25,25,25,25,25,25,25
1,1,380024,7,7,7,7,7,7,7,7,7,7
2,1,380024,17,9,20,14,5,15,13,7,12,20
1,1,380025,24,24,24,24,24,24,24,24,24,24
1,1,380026,0,0,0,0,0,0,0,0,0,0
1,1,380027,7,7,7,7,7,7,7,7,7,7
1,1,380028,12,12,12,12,12,12,12,12,12,12
2,1,380028,0,0,0,0,0,0,9,0,0,0
3,1,380028,0,0,0,0,0,0,0,0,0,0
4,1,380028,0,0,0,0,0,10,0,0,0,0
1,1,380029,24,24,24,24,24,24,24,24,24,24
1,1,380030,0,0,0,0,0,0,0,0,0,0
1,1,380031,0,0,0,0,0,0,0,0,0,0
2,1,380031,0,0,0,0,0,0,0,0,0,0
1,1,380032,0,0,0,0,0,0,0,0,0,0
2,1,380032,0,0,0,0,0,0,0,0,0,0
1,1,380033,0,0,0,0,0,0,0,0,0,0
1,1,380034,27,27,27,27,27,27,27,27,27,27
2,1,380034,0,0,0,0,0,0,0,0,0,0
1,1,380035,10,10,10,10,10,10,10,10,10,10
1,1,380036,0,0,0,0,0,0,0,0,0,0
2,1,380036,0,0,0,0,0,0,0,0,0,0
1,1,380037,26,26,26,26,26,26,26,26,26,26
1,1,380038,0,0,0,0,0,0,0,0,0,0
1,1,380039,0,0,0,0,0,0,0,0,0,0
1,1,380040,0,0,0,0,0,0,0,0,0,0
1,1,380041,0,0,0,0,0,0,0,0,0,0
2,1,380041,0,0,0,0,0,0,0,0,0,0
0,1,380042,2,2,2,2,2,2,2,2,2,2
1,1,380042,14,14,14,14,14,14,14,14,14,14
1,1,380043,0,0,0,0,0,0,0,0,0,0
1,1,380044,0,0,0,0,0,0,0,0,0,0
1,1,380045,0,0,0,0,0,0,0,0,0,0
1,1,380046,0,0,0,0,0,0,0,0,0,0
2,1,380046,0,0,0,0,0,0,0,0,0,0
0,1,380047,0,0,0,0,0,0,0,0,0,0
1,1,380047,0,0,0,0,0,0,0,0,0,0
2,1,380047,0,0,0,0,0,0,0,0,0,0
1,1,380048,24,24,24,24,24,24,24,24,24,24
1,1,380049,15,15,15,15,15,15,15,15,15,15
1,1,380050,0,0,0,0,0,0,0,0,0,0
2,1,380050,0,0,0,0,0,0,0,0,0,0
1,1,380051,0,0,0,0,0,0,0,0,0,0
2,1,380051,0,0,0,0,0,0,0,0,0,0
1,1,380052,0,0,0,0,0,0,0,0,0,0
2,1,380052,0,0,0,0,0,0,0,0,0,0
1,1,380053,13,13,13,13,13,13,13,13,13,13
1,1,380054,11,11,11,11,11,11,11,11,11,11
1,1,380055,0,0,0,0,0,0,0,0,0,0
1,1,380056,20,20,20,20,20,20,20,20,20,20
1,1,380057,21,21,21,21,21,21,21,21,21,21
1,1,380058,0,0,0,0,0,0,0,0,0,0
2,1,380058,0,0,0,0,0,0,0,0,0,0
3,1,380058,0,0,0,0,0,0,0,0,0,0
1,1,380059,0,0,0,0,0,0,0,0,0,0
2,1,380059,0,0,0,0,0,0,0,0,0,0
1,1,380060,0,5,4,0,0,0,0,0,0,21
1,1,380061,23,23,23,23,23,23,23,23,23,23
1,1,380062,8,8,8,8,8,8,8,8,8,8
1,1,380063,20,20,20,20,20,20,20,20,20,20
1,1,380064,0,0,0,0,0,0,0,0,0,0
2,1,380064,0,0,0,0,0,0,0,0,0,0
1,1,380065,49,49,49,49,49,49,49,49,49,49
2,1,380065,0,0,0,0,0,0,0,0,0,0
1,1,380066,20,20,20,20,20,20,20,20,20,20
1,1,380067,23,23,23,23,23,23,23,23,23,23
1,1,380068,0,0,0,0,19,0,0,0,22,0
1,1,380069,6,0,0,0,0,0,0,0,0,0
2,1,380069,0,0,0,0,0,0,0,0,0,0
1,1,380070,24,24,24,24,24,24,24,24,24,24
1,1,380071,0,0,0,0,0,0,0,0,0,0
2,1,380071,0,0,0,0,0,0,0,0,0,0
1,1,380072,15,15,15,15,15,15,15,15,15,15
1,1,380073,0,0,0,0,0,0,0,0,0,0
2,1,380073,0,0,0,0,0,0,0,0,0,0
1,1,380074,0,0,0,0,0,0,0,0,0,0
2,1,380074,0,0,0,0,0,0,0,0,0,0
1,1,380075,0,0,0,0,0,0,0,0,0,0
1,1,380076,0,0,0,0,0,0,0,0,0,0
1,1,380077,0,0,0,0,0,0,0,0,0,0
2,1,380077,0,0,0,0,0,0,7,0,0,0
1,1,380078,0,0,0,0,0,0,0,0,0,0
2,1,380078,0,0,0,0,0,0,0,0,0,0
1,1,380079,23,29,14,17,18,18,30,24,27,27
1,1,380080,7,21,7,9,0,14,7,13,14,11
1,1,380081,0,0,0,0,0,0,0,0,0,0
2,1,380081,0,0,0,0,0,0,0,0,0,0
1,1,380082,15,15,15,15,15,15,15,15,15,15
2,1,380082,1,1,1,1,1,1,1,1,1,1
1,1,380083,0,0,0,0,0,0,0,0,0,0
2,1,380083,0,0,0,0,0,0,0,0,0,0
1,1,380084,18,18,18,18,18,18,18,18,18,18
1,1,380085,16,16,16,16,16,16,16,16,16,16
1,1,380086,0,0,0,0,0,0,0,0,0,0
1,1,380087,13,13,13,13,13,13,13,13,13,13
0,1,380088,26,26,26,26,26,26,26,26,26,26
1,1,380088,26,26,26,26,26,26,26,26,26,26
1,1,380089,14,14,14,14,14,14,14,14,14,14
1,1,380090,20,20,20,20,20,20,20,20,20,20
2,1,380090,0,0,0,0,0,0,0,0,0,0
1,1,380091,17,2,9,0,17,3,32,2,18,16
1,1,380092,0,0,0,0,0,0,0,0,0,0
2,1,380092,0,0,0,0,0,0,0,0,0,0
0,1,380093,38,0,0,32,0,0,0,0,0,24
1,1,380093,19,19,19,19,19,19,19,19,19,19
2,1,380093,0,0,0,0,0,0,0,0,0,0
1,1,380094,0,0,0,0,0,0,0,0,0,0
2,1,380094,0,0,0,0,0,0,0,0,0,0
3,1,380094,0,0,0,0,0,0,0,0,0,0
0,1,380095,0,0,0,0,0,0,0,0,0,0
1,1,380095,0,0,0,0,0,0,0,0,0,0
0,1,380096,20,20,20,20,20,20,20,20,20,20
1,1,380096,0,0,0,0,0,0,0,0,0,0
1,1,380097,0,0,0,0,0,0,0,0,0,0
2,1,380097,0,0,0,0,0,0,0,0,0,0
3,1,380097,0,0,0,6,0,0,0,0,0,0
1,1,390001,0,0,0,0,0,10,0,0,0,0
2,1,390001,0,0,0,0,0,0,0,0,0,0
3,1,390001,0,0,0,0,0,0,0,0,0,0
1,1,390002,0,0,0,0,0,0,0,0,0,0
2,1,390002,0,0,0,0,0,0,0,0,0,0
1,1,390003,17,17,17,17,17,17,17,17,17,17
0,1,390004,0,0,0,0,0,0,0,0,0,0
1,1,390004,0,0,0,0,0,0,0,0,0,0
0,1,390005,0,0,0,0,0,0,0,0,0,0
1,1,390005,0,0,0,0,0,0,0,0,0,0
1,1,390006,0,0,0,0,0,0,0,0,0,0
2,1,390006,0,0,0,0,0,0,0,0,0,0
1,1,390007,0,0,0,0,0,0,0,0,0,0
2,1,390007,0,0,0,0,0,0,0,0,0,0
1,1,390008,17,17,17,17,17,17,17,17,17,17
0,2,390009,0,0,0,0,0,9,0,0,0,0
1,1,390009,0,0,0,0,0,0,0,0,0,0
1,1,390010,11,11,11,11,11,11,11,11,11,11
1,1,390011,20,20,20,20,20,20,20,20,20,20
2,1,390011,0,0,0,0,0,0,0,0,0,0
1,1,390012,14,14,14,14,14,14,14,14,14,14
1,1,390013,12,12,12,12,12,12,12,12,12,12
2,1,390013,14,14,14,14,14,14,14,14,14,14
1,1,390014,14,14,14,14,14,14,14,14,14,14
1,1,390015,0,0,0,0,0,0,0,0,0,0
2,1,390015,0,0,0,0,0,0,0,0,0,0
1,1,390016,0,0,0,0,0,0,0,0,0,0
2,1,390016,0,0,6,0,2,0,0,0,0,0
1,1,390017,0,0,0,0,0,0,0,0,0,0
0,1,390018,30,30,30,30,30,30,30,30,30,30
1,1,390018,0,0,0,0,0,0,0,0,0,0
2,1,390018,0,0,0,0,0,0,0,0,0,0
3,1,390018,0,0,0,0,0,0,0,0,0,0
1,1,390019,0,0,0,0,0,0,0,0,0,0
1,1,390020,0,0,0,0,0,0,0,0,0,0
2,1,390020,8,8,8,8,8,8,8,8,8,8
1,1,390021,0,0,0,0,0,0,0,0,0,0
1,1,390022,0,0,0,0,0,0,0,0,0,0
2,1,390022,0,0,0,0,0,0,0,0,0,0
1,1,390023,0,0,0,0,0,0,0,0,0,0
2,1,390023,0,0,0,0,0,0,0,0,0,0
1,1,390024,9,9,9,9,9,9,9,9,9,9
1,1,390025,0,0,0,0,0,0,0,0,0,0
2,1,390025,0,0,0,0,0,0,0,0,0,0
1,1,390026,35,35,35,35,35,35,35,35,35,35
1,1,390027,0,0,0,0,0,0,0,0,0,0
2,1,390027,0,0,0,0,0,0,0,0,0,0
1,1,390028,0,0,0,0,0,0,0,0,0,0
1,1,390029,0,0,0,0,0,0,0,0,0,0
1,1,390030,21,17,0,26,18,15,9,20,25,20
2,1,390030,0,0,0,0,0,0,0,0,0,0
1,1,390031,21,21,21,21,21,21,21,21,21,21
1,1,390032,14,14,14,14,14,14,14,14,14,14
1,1,390033,0,0,0,0,0,0,0,0,0,0
1,1,390034,0,0,0,0,0,0,0,0,0,0
2,1,390034,0,0,0,0,0,0,0,0,0,0
1,1,390035,30,30,30,30,30,30,30,30,30,30
2,1,390035,0,0,0,0,0,0,0,0,0,0
1,1,390036,16,16,16,16,16,16,16,16,16,16
1,1,390037,0,0,0,0,0,0,0,0,0,0
1,1,390038,0,0,0,0,0,0,0,0,0,0
2,1,390038,24,5,0,8,7,0,5,11,11,6
1,1,390039,0,0,0,0,0,0,0,0,0,0
1,1,390040,15,15,15,15,15,15,15,15,15,15
0,1,390041,0,0,0,0,0,0,0,0,0,0
0,2,390041,0,0,0,0,0,0,0,0,0,0
1,1,390041,0,0,0,0,0,0,0,0,0,0
1,1,390042,0,0,0,0,0,0,0,0,0,0
2,1,390042,0,0,0,0,0,0,0,0,0,0
0,1,390043,8,8,8,8,8,8,8,8,8,8
1,1,390043,0,0,0,0,0,0,7,0,0,0
1,1,390044,16,16,16,16,16,16,16,16,16,16
2,1,390044,0,0,0,0,0,0,0,0,0,0
1,1,390045,0,0,0,0,0,0,0,0,0,0
0,1,390046,0,0,0,0,0,0,0,0,0,0
1,1,390046,0,0,0,0,0,0,0,0,0,0
1,1,390047,0,0,0,0,0,0,0,0,0,0
1,1,390048,0,0,0,0,0,0,0,0,0,0
0,1,390049,21,21,21,21,21,21,21,21,21,21
1,1,390049,28,31,14,10,27,11,0,14,0,24
1,1,390050,0,0,0,0,0,0,0,0,0,0
1,1,390051,0,0,0,0,0,0,0,0,0,0
2,1,390051,0,0,0,0,0,0,0,0,0,0
1,1,390052,14,14,14,14,14,14,14,14,14,14
2,1,390052,0,0,0,0,0,0,0,0,0,0
3,1,390052,0,0,0,0,0,0,0,0,0,0
1,1,390053,0,0,0,0,0,0,0,0,0,0
2,1,390053,0,0,0,0,0,0,0,0,0,0
1,1,390054,0,0,0,0,0,0,0,0,0,0
1,1,390055,3,3,3,3,3,3,3,3,3,3
1,1,390056,30,30,30,30,30,30,30,30,30,30
1,1,390057,10,0,0,0,10,0,0,0,0,0
1,1,390058,0,0,0,0,0,0,0,0,0,23
2,1,390058,12,12,12,12,12,12,12,12,12,12
1,1,390059,0,0,0,0,0,0,0,0,0,0
1,1,390060,0,0,0,0,0,0,0,0,0,0
2,1,390060,0,0,0,0,0,0,0,0,0,0
1,1,390061,0,0,0,0,0,0,0,0,0,0
1,1,390062,0,0,0,0,0,0,0,0,0,0
1,1,390063,0,0,0,0,0,0,0,0,0,0
1,1,390064,20,20,20,20,20,20,20,20,20,20
1,1,390065,1,1,1,1,1,1,1,1,1,1
1,1,390066,0,0,0,0,0,0,0,0,0,0
2,1,390066,0,0,0,0,0,0,0,0,0,0
1,1,390067,0,0,0,0,0,0,0,0,0,0
1,1,390068,0,0,0,0,0,0,0,0,0,0
1,1,390069,35,35,35,35,35,35,35,35,35,35
1,1,390070,0,0,0,0,0,0,0,0,0,0
2,1,390070,0,0,0,0,0,0,0,0,0,0
1,1,390071,0,0,0,0,0,0,0,0,0,0
2,1,390071,0,0,0,0,0,0,0,0,0,0
3,1,390071,0,0,0,0,0,0,0,0,0,0
1,1,390072,0,0,0,0,0,0,0,0,0,0
2,1,390072,0,0,0,0,4,0,0,0,0,0
1,1,390073,0,0,0,0,0,0,0,0,0,0
2,1,390073,0,0,0,0,0,0,0,0,0,0
0,1,390074,0,0,0,0,0,0,0,0,0,0
1,1,390074,0,0,0,0,0,24,0,0,3,0
1,1,390075,0,0,0,0,0,0,0,0,0,0
1,1,390076,21,21,21,21,21,21,21,21,21,21
1,1,390077,22,22,22,22,22,22,22,22,22,22
1,1,390078,0,0,0,0,0,0,0,0,0,0
2,1,390078,0,0,0,0,0,0,0,0,0,0
0,1,390079,0,0,0,0,0,0,0,0,0,0
1,1,390079,0,0,0,0,0,0,0,0,0,0
1,1,390080,0,0,0,0,0,0,0,0,0,0
2,1,390080,0,0,0,0,0,0,0,0,0,0
1,1,390081,0,0,0,0,0,0,0,0,0,0
2,1,390081,0,0,0,0,0,0,0,0,0,0
1,1,390082,21,21,21,21,21,21,21,21,21,21
2,1,390082,0,0,0,0,0,0,0,0,0,0
1,1,390083,0,0,0,0,0,0,0,0,0,0
2,1,390083,0,0,0,0,0,0,0,0,0,0
1,1,390084,0,0,0,0,0,0,0,0,0,0
2,1,390084,0,0,0,0,0,0,0,0,0,0
1,1,390085,0,0,0,0,0,0,0,0,0,0
2,1,390085,0,0,0,0,0,0,0,0,0,0
3,1,390085,0,0,0,0,0,0,0,0,0,0
1,1,390086,19,19,19,19,19,19,19,19,19,19
1,1,390087,0,0,0,0,0,0,0,0,0,0
2,1,390087,0,0,0,0,0,0,0,0,0,0
1,1,390088,24,24,24,24,24,24,24,24,24,24
1,1,390089,0,0,0,0,0,0,0,0,0,0
2,1,390089,0,0,0,0,0,0,0,0,0,0
1,1,390090,0,0,0,0,0,0,0,0,0,0
2,1,390090,0,0,0,0,0,0,0,0,0,0
1,1,390091,0,0,0,0,0,0,0,0,0,0
2,1,390091,0,0,0,0,0,0,0,0,0,0
1,1,390092,0,0,0,0,0,0,0,0,0,0
2,1,390092,0,0,0,0,0,0,0,0,0,0
1,1,390093,10,0,0,0,0,0,0,0,24,0
1,1,390094,22,22,22,22,22,22,22,22,22,22
1,1,390095,0,0,0,0,0,0,0,0,0,0
1,1,390096,0,0,0,0,0,0,0,0,0,0
1,1,390097,2,2,2,2,2,2,2,2,2,2
1,1,390098,0,0,0,0,0,0,0,0,0,0
2,1,390098,0,0,0,0,0,0,0,0,0,0
1,1,390099,15,15,15,15,15,15,15,15,15,15
1,1,390100,0,0,0,0,0,0,0,0,0,0
2,1,390100,0,0,0,0,0,0,0,0,0,0
1,1,390101,0,0,0,0,0,0,0,0,0,0
2,1,390101,0,0,0,0,0,0,0,0,0,0
1,1,390102,0,0,0,0,0,0,0,0,0,0
2,1,390102,10,0,0,0,0,0,0,0,0,0
1,1,390103,23,23,23,23,23,23,23,23,23,23
1,1,390104,0,0,0,0,0,0,0,0,0,0
2,1,390104,0,0,0,0,0,0,0,0,0,0
1,1,390105,0,0,0,0,0,0,0,0,0,0
1,1,390106,0,0,0,0,0,0,0,0,14,0
2,1,390106,11,11,11,11,11,11,11,11,11,11
1,1,390109,0,0,0,0,0,0,0,0,0,0
2,1,390109,0,0,0,0,0,0,0,0,0,0
1,1,390110,0,0,0,0,0,0,0,0,0,0
2,1,390110,13,13,13,13,13,13,13,13,13,13
0,1,390111,0,0,0,0,0,0,0,0,0,0
1,1,390111,0,0,0,0,0,0,0,0,0,0
1,1,390112,0,0,0,0,0,0,0,0,0,0
2,1,390112,0,0,0,0,0,0,0,0,0,0
1,1,390113,0,0,0,0,0,0,0,0,0,0
2,1,390113,0,0,0,0,0,0,0,0,0,0
3,1,390113,0,0,0,0,0,0,0,0,0,0
1,1,390116,0,0,0,0,0,0,0,0,0,0
1,1,390117,0,0,0,0,0,0,0,0,0,0
2,1,390117,7,7,7,7,7,7,7,7,7,7
1,1,390118,0,0,0,0,0,0,0,0,0,0
0,1,390119,34,34,34,34,34,34,34,34,34,34
1,1,390119,0,13,0,14,25,6,0,0,6,0
1,1,390120,5,5,5,5,5,5,5,5,5,5
1,1,390121,0,0,2,0,0,0,0,0,0,0
2,1,390121,0,0,0,0,0,0,0,0,0,0
3,1,390121,0,0,0,0,0,0,0,0,0,0
1,1,390122,0,0,0,0,0,0,0,0,0,0
0,1,390123,0,0,0,0,0,0,0,0,0,0
1,1,390123,0,0,0,0,0,0,0,0,0,0
1,1,390124,23,23,23,23,23,23,23,23,23,23
1,1,390125,0,0,0,0,0,0,0,0,0,0
2,1,390125,0,0,0,0,0,0,0,0,0,0
1,1,390126,0,0,0,0,0,0,0,0,0,0
1,1,390127,0,0,0,0,0,0,0,0,0,0
1,1,390128,24,24,24,24,24,24,24,24,24,24
0,1,390129,21,21,21,21,21,21,21,21,21,21
1,1,390129,17,0,0,0,0,0,0,0,0,0
2,1,390129,0,6,0,0,0,0,0,0,22,0
1,1,390130,0,0,0,0,0,0,0,0,0,0
1,1,390131,15,20,8,21,0,0,16,0,7,16
1,1,390132,0,0,0,0,0,0,0,0,0,0
2,1,390132,0,0,0,0,0,0,0,0,0,0
1,1,390133,9,0,0,0,0,0,0,25,0,0
1,1,390134,0,0,0,0,0,0,0,0,0,0
2,1,390134,0,0,0,0,0,0,0,0,0,0
1,1,390135,0,0,0,0,0,0,0,0,0,0
2,1,390135,0,0,0,0,0,0,0,0,0,0
1,1,390136,21,21,21,21,21,21,21,21,21,21
1,1,390137,0,0,0,0,0,0,0,0,0,0
2,1,390137,0,0,0,0,0,0,0,0,0,0
1,1,390138,0,0,0,0,0,0,0,0,0,0
2,1,390138,0,0,0,0,0,0,0,0,0,0
0,1,390139,0,0,0,0,0,0,0,0,0,0