VEH_NO,PER_NO,ST_CASE,P1,P2,P3,P4,P5,P6,P7,P8,P9,P10
1,1,390139,0,0,0,0,0,0,0,0,0,0
1,1,390140,0,0,0,0,0,0,0,0,0,0
2,1,390140,0,0,0,0,0,0,0,0,0,0
1,1,390141,0,0,0,0,0,0,0,0,0,0
2,1,390141,0,0,0,0,0,0,0,0,0,0
1,1,390142,0,0,0,0,0,0,0,0,0,0
2,1,390142,0,0,0,0,0,0,0,0,0,0
0,1,390143,0,0,0,0,0,0,0,0,0,0
1,1,390143,0,0,0,0,0,0,0,0,0,0
1,1,390144,0,0,0,0,0,0,0,0,0,0
1,1,390145,0,0,0,0,0,0,0,0,0,0
1,1,390146,0,0,0,0,0,0,0,0,0,0
2,1,390146,0,0,0,0,0,0,0,0,0,0
0,1,390147,0,0,0,0,0,0,0,0,0,0
1,1,390147,0,0,0,0,0,0,0,0,0,0
1,1,390148,0,0,0,0,0,0,0,0,0,0
2,1,390148,0,0,0,0,0,0,0,0,0,0
1,1,390149,27,27,27,27,27,27,27,27,27,27
0,1,390150,0,0,0,0,0,0,0,0,0,0
1,1,390150,0,0,0,0,0,0,0,0,0,0
1,1,390151,0,0,0,0,0,0,0,0,0,0
1,1,390152,4,4,4,4,4,4,4,4,4,4
1,1,390153,17,17,17,17,17,17,17,17,17,17
1,1,390154,0,0,0,0,0,0,0,0,0,0
2,1,390154,0,0,0,0,0,0,0,0,0,0
1,1,390155,0,0,0,0,0,0,0,0,0,0
2,1,390155,0,0,11,0,0,0,0,0,0,0
1,1,390156,0,0,0,0,0,13,0,0,0,0
2,1,390156,0,0,0,0,0,0,0,0,0,0
0,1,390158,0,0,0,0,0,0,0,0,0,0
0,2,390158,0,0,0,0,0,20,0,8,5,0
2,1,390158,0,0,0,0,0,0,0,0,0,0
1,1,390159,0,0,0,0,0,0,0,0,0,0
2,1,390159,0,0,0,0,0,0,0,0,0,0
1,1,390161,0,0,0,0,0,0,0,0,0,0
1,1,390162,0,0,0,0,0,0,0,0,0,0
1,1,390163,0,0,0,0,0,0,0,0,0,0
2,1,390163,0,0,0,0,0,0,0,0,0,0
0,1,390165,0,0,0,0,0,0,0,0,0,0
1,1,390165,0,0,0,0,0,0,0,0,0,0
1,1,390166,0,0,0,0,0,0,0,0,0,0
2,1,390166,0,0,0,0,0,0,0,0,0,0
3,1,390166,0,0,0,0,0,0,0,0,6,0
4,1,390166,0,0,0,0,0,0,0,0,0,0
1,1,390167,18,18,18,18,18,18,18,18,18,18
2,1,390167,0,0,0,0,0,13,0,0,0,0
1,1,390168,0,0,0,0,0,0,0,0,0,0
1,1,390169,0,0,0,0,0,0,0,0,0,0
1,1,390170,0,0,0,0,0,0,0,0,0,0
1,1,390171,0,0,0,0,14,0,0,0,0,0
2,1,390171,14,14,14,14,14,14,14,14,14,14
1,1,390172,0,0,0,0,0,0,0,0,0,0
2,1,390172,0,0,0,0,0,0,0,0,0,0
1,1,390173,0,0,0,0,0,0,0,0,0,0
1,1,390174,0,0,0,0,0,0,0,0,0,0
1,1,390175,0,0,0,0,0,0,0,0,0,0
1,1,390176,21,21,21,21,21,21,21,21,21,21
2,1,390176,0,0,26,0,0,0,0,0,0,0
1,1,390177,0,0,0,0,0,0,0,0,0,0
2,1,390177,27,10,15,0,8,0,14,16,14,20
1,1,390178,0,0,0,0,0,0,0,0,0,0
2,1,390178,0,0,0,0,0,0,0,0,0,0
1,1,390179,21,21,21,21,21,21,21,21,21,21
1,1,390180,0,0,0,0,0,0,0,0,0,0
2,1,390180,27,0,0,0,19,0,0,0,10,0
1,1,390181,0,0,0,0,0,0,0,0,0,0
0,1,390182,0,0,0,0,0,0,0,0,0,0
2,1,390182,1,1,1,1,1,1,1,1,1,1
1,1,390183,0,0,0,0,0,0,0,0,0,0
1,1,390184,28,28,28,28,28,28,28,28,28,28
1,1,390185,22,22,22,22,22,22,22,22,22,22
1,1,390186,0,0,0,0,0,0,0,0,0,0
1,1,390187,17,17,17,17,17,17,17,17,17,17
1,1,390188,19,19,19,19,19,19,19,19,19,19
0,1,390189,0,0,0,0,0,0,0,0,0,0
1,1,390189,0,0,0,0,0,0,0,0,0,0
1,1,390190,29,29,29,29,29,29,29,29,29,29
0,1,390191,0,0,0,0,0,0,0,0,0,0
1,1,390191,0,0,0,0,0,0,0,0,0,0
1,1,390192,26,26,26,26,26,26,26,26,26,26
1,1,390193,15,15,15,15,15,15,15,15,15,15
1,1,390195,9,9,9,9,9,9,9,9,9,9
1,1,390196,0,0,0,0,0,0,0,0,0,0
2,1,390196,0,0,0,0,0,0,0,0,0,0
1,1,390197,0,0,0,0,0,0,0,0,0,0
2,1,390197,0,0,0,0,0,0,0,0,0,0
1,1,390198,0,0,0,0,0,0,0,0,0,0
2,1,390198,0,0,0,0,0,0,0,0,0,0
1,1,390199,0,0,0,0,0,0,0,0,0,0
2,1,390199,0,0,0,0,0,0,0,0,0,0
1,1,390200,0,0,0,0,0,0,0,0,0,0
2,1,390200,0,0,0,0,0,0,0,0,0,0
1,1,390201,0,0,0,0,0,0,0,0,0,0
2,1,390201,0,0,0,0,0,0,0,0,0,0
1,1,390202,16,16,16,16,16,16,16,16,16,16
1,1,390203,18,18,18,18,18,18,18,18,18,18
0,1,390204,0,0,0,0,0,0,0,0,0,0
1,1,390204,0,0,0,0,0,0,0,0,0,0
1,1,390206,39,39,39,39,39,39,39,39,39,39
1,1,390207,8,8,8,8,8,8,8,8,8,8
1,1,390208,0,0,0,0,0,0,0,0,0,0
2,1,390208,0,0,0,0,0,0,0,0,0,0
1,1,390210,24,24,24,24,24,24,24,24,24,24
0,1,390211,0,0,0,0,0,0,0,0,0,0
0,2,390211,0,0,0,0,0,0,0,0,0,0
1,1,390211,0,0,0,0,0,0,0,0,0,0
1,1,390212,0,0,0,0,0,0,0,0,0,0
2,1,390212,0,0,0,0,0,0,0,0,0,0
1,1,390214,20,20,20,20,20,20,20,20,20,20
1,1,390215,0,0,0,0,0,0,0,0,0,0
2,1,390215,0,0,0,0,0,0,0,0,0,0
1,1,390216,0,0,0,0,0,0,0,0,0,0
2,1,390216,0,0,0,0,0,0,0,0,0,0
3,1,390216,0,0,0,0,0,0,0,0,0,0
1,1,390217,23,23,23,23,23,23,23,23,23,23
1,1,390218,0,0,0,0,0,0,0,0,0,0
1,1,390219,0,0,0,0,0,0,0,0,0,0
1,1,390220,16,16,16,16,16,16,16,16,16,16
1,1,390221,0,0,0,0,0,0,0,0,0,0
1,1,390222,4,4,4,4,4,4,4,4,4,4
1,1,390223,0,0,0,0,0,0,0,0,0,0
2,1,390223,0,0,0,0,0,0,0,0,0,0
0,1,390224,4,4,4,4,4,4,4,4,4,4
1,1,390224,0,0,0,0,0,0,0,0,0,0
2,1,390224,0,0,0,0,0,0,0,0,0,0
1,1,390225,0,0,0,0,0,0,0,0,0,0
2,1,390225,0,0,0,0,0,0,0,0,0,0
1,1,390226,20,20,20,20,20,20,20,20,20,20
1,1,390227,19,19,19,19,19,19,19,19,19,19
1,1,390228,0,0,0,0,0,0,0,0,0,0
2,1,390228,0,0,0,0,0,0,0,0,0,0
1,1,390229,0,0,0,0,0,0,0,0,0,0
1,1,390230,26,26,26,26,26,26,26,26,26,26
0,1,390231,0,0,0,0,0,0,0,0,0,0
1,1,390231,12,10,0,0,0,12,27,3,14,5
1,1,390232,0,0,0,0,0,0,0,0,0,0
1,1,390233,16,16,16,16,16,16,16,16,16,16
1,1,390234,0,0,0,0,0,0,0,0,0,0
1,1,390235,26,26,26,26,26,26,26,26,26,26
1,1,390236,30,30,30,30,30,30,30,30,30,30
1,1,390238,4,4,4,4,4,4,4,4,4,4
1,1,390239,0,0,0,0,0,0,0,0,0,0
0,1,390240,0,0,0,0,0,0,0,0,0,0
1,1,390240,0,0,0,0,0,0,0,0,0,0
1,1,390241,0,0,0,0,0,0,0,0,0,0
2,1,390241,23,23,23,23,23,23,23,23,23,23
1,1,390243,6,0,0,0,0,0,0,0,10,0
2,1,390243,20,20,20,20,20,20,20,20,20,20
1,1,390244,7,7,7,7,7,7,7,7,7,7
2,1,390244,15,0,0,0,0,0,0,0,0,0
0,1,390245,3,3,3,3,3,3,3,3,3,3
1,1,390245,0,0,0,0,0,0,0,0,0,0
1,1,390246,0,0,0,0,0,0,0,0,0,0
2,1,390246,0,0,0,0,0,0,0,0,0,0
1,1,390247,15,15,15,15,15,15,15,15,15,15
2,1,390247,0,0,0,0,0,0,0,0,0,0
0,1,390248,31,31,31,31,31,31,31,31,31,31
1,1,390248,0,0,0,0,0,0,0,0,0,0
2,1,390248,0,0,0,0,0,0,0,0,0,0
1,1,390249,0,0,0,0,0,0,0,0,0,0
2,1,390249,0,0,0,0,0,0,0,0,0,0
1,1,390250,0,0,0,0,0,0,0,0,0,0
2,1,390250,0,0,0,0,0,0,0,0,0,0
1,1,390251,27,27,27,27,27,27,27,27,27,27
0,1,390252,20,20,20,20,20,20,20,20,20,20
1,1,390252,0,0,0,0,0,0,0,0,0,0
1,1,390253,15,15,15,15,15,15,15,15,15,15
2,1,390253,0,0,0,0,0,5,0,0,0,0
1,1,390254,33,33,33,33,33,33,33,33,33,33
1,1,390255,28,28,28,28,28,28,28,28,28,28
1,1,390256,0,0,0,0,0,0,0,0,0,0
1,1,390257,0,0,0,0,0,0,0,0,0,0
2,1,390257,0,0,0,0,0,0,0,0,0,0
1,1,390258,0,0,0,0,0,0,0,0,0,0
1,1,390259,0,0,0,0,0,0,0,0,0,0
2,1,390259,0,0,0,0,0,0,0,0,0,0
1,1,390260,24,16,29,17,38,13,23,6,34,40
2,1,390260,0,0,0,0,0,0,0,0,0,0
0,1,390261,0,0,0,0,0,0,0,0,0,0
0,2,390261,0,0,0,0,0,0,0,0,0,0
0,3,390261,0,0,0,0,0,0,0,0,0,0
1,1,390261,0,0,0,0,0,0,0,0,0,0
1,1,390262,0,0,0,0,0,0,0,0,0,0
2,1,390262,0,0,0,0,0,0,0,0,0,0
1,1,390263,0,0,0,0,0,0,0,0,0,0
0,1,390264,24,24,24,24,24,24,24,24,24,24
1,1,390264,0,0,0,0,0,0,0,0,0,0
1,1,390265,0,0,0,0,0,0,0,0,0,0
2,1,390265,0,0,0,0,19,0,0,0,0,0
1,1,390266,23,23,23,23,23,23,23,23,23,23
1,1,390267,0,0,0,0,0,0,0,0,0,0
2,1,390267,0,0,0,0,0,0,0,0,0,0
1,1,390268,32,32,32,32,32,32,32,32,32,32
2,1,390268,2,2,2,2,2,2,2,2,2,2
3,1,390268,0,0,0,16,0,0,0,0,7,0
1,1,390269,0,0,0,0,0,0,0,0,0,0
2,1,390269,0,0,0,0,4,0,0,0,0,0
1,1,390270,0,0,0,0,0,0,0,0,0,0
1,1,390271,13,13,13,13,13,13,13,13,13,13
2,1,390271,0,0,0,0,0,0,0,0,0,0
0,1,390272,33,33,33,33,33,33,33,33,33,33
1,1,390272,0,0,0,0,0,0,0,0,0,0
1,1,390273,0,0,0,0,0,0,0,0,0,0
2,1,390273,0,0,0,0,0,0,0,0,0,0
0,1,390274,7,7,7,7,7,7,7,7,7,7
1,1,390274,0,0,0,0,0,7,0,0,10,0
1,1,390275,0,0,0,0,0,0,0,0,0,0
1,1,390276,2,2,2,2,2,2,2,2,2,2
0,1,390277,0,0,0,0,0,0,0,0,0,0
1,1,390277,0,0,0,0,0,0,0,0,0,0
2,1,390277,0,0,0,0,0,0,0,0,0,0
1,1,390278,0,0,0,0,0,0,0,0,0,0
2,1,390278,0,0,0,0,0,0,0,0,0,0
1,1,390279,22,22,22,22,22,22,22,22,22,22
2,1,390279,0,0,0,0,0,0,0,0,0,0
1,1,390280,0,0,0,0,0,0,0,0,0,0
2,1,390280,18,18,18,18,18,18,18,18,18,18
1,1,390281,14,14,14,14,14,14,14,14,14,14
1,1,390282,0,0,0,0,0,0,0,0,0,0
1,1,390283,26,26,26,26,26,26,26,26,26,26
1,1,390284,18,18,18,18,18,18,18,18,18,18
1,1,390285,0,0,0,0,0,0,0,0,0,0
0,1,390286,0,22,0,0,0,0,0,0,0,0
1,1,390286,0,0,5,0,0,0,0,0,0,0
1,1,390287,0,0,0,0,0,0,0,0,0,0
1,1,390288,0,0,0,0,0,0,0,0,0,0
1,1,390289,0,0,0,0,0,0,0,0,0,0
2,1,390289,0,0,0,0,0,0,0,0,0,0
1,1,390290,0,0,0,0,0,0,0,0,0,0
1,1,390291,0,0,0,0,0,0,0,0,0,0
1,1,390292,0,0,0,0,0,0,0,0,0,0
2,1,390292,0,0,0,0,0,0,0,0,0,0
3,1,390292,0,0,0,0,0,0,0,0,0,0
1,1,390293,28,28,28,28,28,28,28,28,28,28
1,1,390294,0,0,0,0,0,0,0,0,0,0
2,1,390294,0,0,0,0,0,0,0,0,0,0
3,1,390294,0,0,0,0,0,0,0,0,0,0
1,1,390295,0,0,0,0,6,0,0,0,0,0
1,1,390296,0,0,0,0,0,0,0,0,0,0
1,1,390297,0,0,0,0,0,0,0,0,0,0
2,1,390297,0,0,0,0,0,0,0,0,0,0
1,1,390298,0,0,0,0,0,0,0,0,0,0
2,1,390298,0,0,0,0,0,0,0,0,0,0
3,1,390298,0,0,0,0,0,0,0,0,0,0
1,1,390299,0,0,0,0,0,11,0,11,0,12
2,1,390299,0,0,0,0,0,0,0,0,0,0
1,1,390300,0,0,0,14,0,0,0,0,0,0
2,1,390300,0,0,0,0,0,0,0,0,0,0
3,1,390300,0,0,0,0,0,0,0,0,0,0
4,1,390300,0,0,0,0,0,0,0,0,0,0
1,1,390301,23,23,23,23,23,23,23,23,23,23
1,1,390302,0,0,0,0,0,0,0,0,0,0
2,1,390302,0,0,0,0,0,0,0,0,0,0
1,1,390303,0,0,0,0,0,0,0,0,0,0
2,1,390303,0,0,0,0,0,0,0,0,16,0
1,1,390304,0,0,0,0,0,0,0,0,0,0
2,1,390304,0,0,0,0,0,0,0,0,0,0
0,1,390305,0,0,0,0,0,0,0,0,0,0
1,1,390305,0,0,0,0,0,0,0,0,0,0
1,1,390306,23,23,23,23,23,23,23,23,23,23
1,1,390307,0,0,0,0,0,0,0,0,0,0
2,1,390307,30,30,30,30,30,30,30,30,30,30
1,1,390308,0,0,0,0,0,0,0,0,0,0
2,1,390308,0,0,0,0,0,0,0,0,0,0
1,1,390309,29,29,29,29,29,29,29,29,29,29
1,1,390310,3,3,3,3,3,3,3,3,3,3
1,1,390311,0,0,0,0,0,0,0,0,0,0
2,1,390311,0,0,0,0,0,0,0,0,0,0
1,1,390312,1,1,1,1,1,1,1,1,1,1
1,1,390313,0,0,0,0,0,0,0,0,0,0
1,1,390314,23,23,23,23,23,23,23,23,23,23
1,1,390315,0,0,0,0,0,0,0,0,0,0
1,1,390316,20,20,20,20,20,20,20,20,20,20
2,1,390316,0,0,0,0,0,0,0,0,0,0
1,1,390318,0,0,0,0,0,0,0,0,0,0
1,1,390319,0,0,0,0,0,0,0,0,0,0
2,1,390319,0,0,0,0,0,0,0,0,0,0
1,1,390320,6,6,6,6,6,6,6,6,6,6
1,1,390321,0,0,0,0,0,0,0,0,0,0
2,1,390321,0,0,0,0,0,0,0,0,0,0
1,1,390322,28,28,28,28,28,28,28,28,28,28
1,1,390323,0,0,0,0,0,0,0,0,0,0
1,1,390324,0,0,0,0,0,0,0,0,0,0
2,1,390324,0,0,0,0,0,0,12,0,0,0
0,1,390325,0,0,0,0,0,0,0,0,0,0
1,1,390325,0,0,0,0,0,0,0,0,0,0
0,1,390326,28,28,28,28,28,28,28,28,28,28
1,1,390326,0,0,15,22,0,21,0,0,0,0
1,1,390327,0,0,0,0,0,0,0,0,0,0
0,1,390328,14,14,14,14,14,14,14,14,14,14
1,1,390328,9,9,9,9,9,9,9,9,9,9
1,1,390329,2,2,2,2,2,2,2,2,2,2
2,1,390329,0,0,0,0,0,0,0,0,0,0
1,1,390331,22,22,22,22,22,22,22,22,22,22
1,1,390332,0,0,0,0,0,0,0,0,0,0
1,1,390333,19,19,19,19,19,19,19,19,19,19
1,1,390334,0,0,0,0,0,0,0,0,0,0
1,1,390335,0,0,0,0,0,0,0,0,0,0
2,1,390335,0,0,0,0,0,0,0,0,0,0
1,1,390336,0,0,0,0,0,0,0,0,0,0
1,1,390337,0,0,0,0,0,0,0,0,0,0
2,1,390337,0,0,0,0,0,0,0,0,0,0
1,1,390338,0,0,0,0,0,0,0,0,0,0
0,1,390339,0,0,0,0,0,0,0,0,0,0
1,1,390339,0,0,0,0,0,0,0,0,0,0
1,1,390340,0,0,0,0,0,0,0,0,0,0
2,1,390340,0,0,0,0,0,0,0,0,0,0
1,1,390342,21,21,21,21,21,21,21,21,21,21
1,1,390343,0,0,0,0,0,0,0,0,0,0
2,1,390343,0,0,0,0,0,0,0,0,0,0
0,1,390344,0,0,0,0,0,0,0,0,0,0
1,1,390344,34,0,16,0,0,0,0,9,0,0
1,1,390345,0,0,0,0,0,0,0,0,0,0
1,1,390346,0,0,0,0,0,0,0,0,0,0
2,1,390346,0,0,0,0,0,0,0,0,0,0
1,1,390347,0,0,0,0,0,0,0,0,0,0
2,1,390347,0,0,0,0,0,0,0,0,0,0
1,1,390348,0,0,0,0,0,0,0,0,0,0
1,1,390349,0,0,0,0,0,0,0,0,0,0
1,1,390350,0,0,0,0,0,0,0,0,0,0
0,1,390351,0,0,0,0,0,0,0,0,0,0
1,1,390351,13,0,0,0,0,0,0,0,0,0
1,1,390352,15,15,15,15,15,15,15,15,15,15
1,1,390353,0,0,0,0,0,0,0,0,0,0
1,1,390354,0,0,0,0,0,0,0,0,0,0
2,1,390354,0,0,0,0,0,0,0,0,0,0
1,1,390355,18,18,18,18,18,18,18,18,18,18
1,1,390356,0,0,0,0,0,0,0,0,0,0
2,1,390356,0,0,0,0,0,0,0,0,0,0
3,1,390356,0,0,0,0,0,0,0,0,0,0
1,1,390357,17,17,17,17,17,17,17,17,17,17
1,1,390358,28,28,28,28,28,28,28,28,28,28
1,1,390359,0,0,0,0,0,0,0,0,0,0
2,1,390359,0,0,0,0,0,0,0,0,0,0
1,1,390360,12,12,12,12,12,12,12,12,12,12
2,1,390360,0,0,0,0,0,0,0,0,0,0
1,1,390364,0,0,0,0,0,0,0,0,0,0
2,1,390364,0,0,0,0,0,0,0,0,0,0
3,1,390364,0,0,0,0,0,0,0,0,0,0
1,1,390365,0,0,0,0,0,0,0,0,0,0
2,1,390365,0,0,0,0,0,0,0,0,0,0
1,1,390366,15,23,18,19,6,14,0,12,8,9
1,1,390367,0,0,0,0,0,0,0,0,0,0
2,1,390367,0,0,0,0,0,0,0,0,0,0
1,1,390368,0,0,0,0,0,0,0,0,0,0
1,1,390369,0,0,0,0,0,0,0,0,0,0
2,1,390369,16,16,16,16,16,16,16,16,16,16
1,1,390370,0,0,0,0,0,0,0,0,0,0
2,1,390370,0,0,0,0,0,0,0,0,0,0
3,1,390370,0,0,0,0,0,0,0,0,0,0
1,1,390371,0,0,0,0,0,0,0,0,0,0
0,1,390372,0,0,0,0,0,0,0,0,0,0
1,1,390372,0,0,0,0,0,0,0,0,0,0
1,1,390373,4,4,4,4,4,4,4,4,4,4
1,1,390374,24,24,24,24,24,24,24,24,24,24
1,1,390375,0,0,0,0,0,0,0,0,0,0
2,1,390375,0,0,0,0,0,0,0,0,0,0
1,1,390376,0,0,0,0,0,0,0,0,0,0
2,1,390376,0,0,0,0,0,0,0,0,0,0
1,1,390377,11,11,11,11,11,11,11,11,11,11
2,1,390377,0,0,0,0,0,0,0,10,0,0
1,1,390378,0,0,0,0,0,0,0,0,0,0
1,1,390379,18,18,18,18,18,18,18,18,18,18
2,1,390379,0,0,0,0,0,0,0,0,0,0
1,1,390380,0,0,0,0,0,0,0,0,0,0
2,1,390380,0,0,0,0,0,0,0,0,0,0
1,1,390381,18,18,18,18,18,18,18,18,18,18
1,1,390382,0,0,0,0,0,0,0,0,0,0
1,1,390383,0,0,0,0,0,0,0,0,0,0
1,1,390384,14,14,14,14,14,14,14,14,14,14
1,1,390385,0,0,0,21,0,0,0,0,0,11
1,1,390386,0,0,16,18,4,0,10,15,0,0
0,1,390387,0,0,0,0,0,0,0,0,0,0
1,1,390387,0,0,0,0,0,0,0,0,0,0
1,1,390388,0,0,0,0,0,0,0,0,0,0
2,1,390388,0,0,0,0,0,0,0,0,0,0
1,1,390389,0,0,0,0,0,0,0,0,0,0
1,1,390390,26,26,26,26,26,26,26,26,26,26
1,1,390391,0,0,0,0,0,0,0,0,0,0
2,1,390391,0,0,0,0,0,0,0,0,0,0
1,1,390392,15,15,15,15,15,15,15,15,15,15
1,1,390393,0,0,0,0,0,0,0,0,0,0
2,1,390393,21,21,21,21,21,21,21,21,21,21
1,1,390394,0,0,0,5,0,0,0,0,0,0
2,1,390394,37,37,37,37,37,37,37,37,37,37
1,1,390395,21,21,21,21,21,21,21,21,21,21
2,1,390395,0,0,0,0,0,0,0,0,0,0
1,1,390396,28,28,28,28,28,28,28,28,28,28
1,1,390397,0,0,0,0,0,0,0,0,0,0
1,1,390398,0,0,0,0,0,0,0,0,0,0
2,1,390398,0,0,0,0,0,0,0,0,0,0
0,1,390399,0,0,0,0,0,0,0,0,0,0
1,1,390399,0,0,0,0,0,0,0,0,0,0
1,1,390400,0,0,0,0,0,0,0,0,0,0
2,1,390400,13,13,13,13,13,13,13,13,13,13
1,1,390401,27,27,27,27,27,27,27,27,27,27
1,1,390402,0,0,0,0,0,0,0,0,0,0
1,1,390403,0,0,0,0,0,0,0,0,0,0
1,1,390404,0,0,0,0,0,0,0,0,0,0
2,1,390404,0,0,0,0,0,0,0,0,0,0
0,1,390405,20,20,20,20,20,20,20,20,20,20
1,1,390405,0,0,0,0,0,0,0,0,0,0
1,1,390406,0,0,0,0,0,0,0,0,0,0
1,1,390407,0,0,0,0,0,0,0,0,0,0
2,1,390407,9,9,9,9,9,9,9,9,9,9
3,1,390407,0,0,0,0,0,0,0,0,0,0
1,1,390408,0,0,0,0,0,0,0,0,0,0
2,1,390408,0,0,0,0,0,0,0,0,0,0
0,1,390409,0,0,0,0,0,0,0,0,0,0
1,1,390409,0,0,0,0,0,0,0,0,0,0
1,1,390410,24,24,24,24,24,24,24,24,24,24
1,1,390411,0,0,0,0,0,0,0,0,0,0
1,1,390412,0,0,0,0,0,0,0,0,0,0
2,1,390412,0,0,0,0,0,0,0,0,0,0
1,1,390413,29,29,29,29,29,29,29,29,29,29
1,1,390414,0,0,0,0,0,0,0,0,0,0
2,1,390414,0,0,0,0,0,0,0,0,0,0
1,1,390415,0,0,0,0,0,0,0,0,0,0
2,1,390415,0,0,0,0,0,0,0,0,0,0
1,1,390416,0,0,0,0,0,0,0,0,0,0
1,1,390417,0,0,0,16,0,0,0,16,0,0
1,1,390418,0,0,0,0,0,0,0,0,0,0
1,1,390419,11,11,11,11,11,11,11,11,11,11
2,1,390419,0,0,4,0,0,0,0,0,0,0
3,1,390419,0,0,0,0,0,13,0,0,0,0
1,1,390420,0,0,0,0,0,0,0,0,0,0
2,1,390420,0,0,0,0,0,0,0,0,0,0
3,1,390420,0,0,0,0,0,0,0,0,0,0
1,1,390421,0,0,0,0,0,0,0,0,0,0
2,1,390421,0,0,0,0,0,0,0,0,0,0
1,1,390422,0,0,0,0,0,0,0,0,0,0
2,1,390422,0,0,0,0,0,0,0,0,0,0
1,1,390423,2,2,2,2,2,2,2,2,2,2
2,1,390423,0,0,0,0,0,0,0,0,0,0
0,1,390424,0,0,0,0,0,0,0,0,0,0
1,1,390424,0,0,0,0,0,0,0,0,0,0
1,1,390426,0,0,0,0,0,0,0,0,0,0
1,1,390427,0,0,0,0,0,0,0,0,0,0
1,1,390428,9,9,9,9,9,9,9,9,9,9
2,1,390428,0,0,0,0,0,0,0,0,0,0
1,1,390429,2,2,2,2,2,2,2,2,2,2
1,1,390430,0,0,0,0,0,0,0,0,0,0
2,1,390430,0,0,0,0,0,0,0,0,0,0
1,1,390431,0,0,0,0,0,0,0,0,0,0
1,1,390432,0,0,0,0,0,0,0,0,0,0
1,1,390433,0,0,0,0,0,0,0,0,0,0
2,1,390433,0,0,0,0,0,0,0,0,0,0
1,1,390434,0,4,0,0,0,0,0,0,0,0
1,1,390435,0,0,0,0,0,0,0,0,0,0
1,1,390436,1,1,1,1,1,1,1,1,1,1
1,1,390437,0,0,0,0,0,0,0,0,0,0
1,1,390438,16,16,16,16,16,16,16,16,16,16
2,1,390438,0,0,0,0,0,0,0,0,0,0
1,1,390439,0,0,0,0,0,0,0,0,0,0
2,1,390439,0,0,0,0,0,0,0,12,0,0
3,1,390439,0,0,0,0,0,0,0,0,0,3
1,1,390440,0,0,0,0,0,0,0,0,0,0
2,1,390440,0,0,0,0,0,0,0,0,0,0
1,1,390441,0,0,0,0,0,0,0,0,0,0
1,1,390442,0,0,0,0,0,0,0,0,0,0
1,1,390443,0,0,0,0,0,0,0,0,0,0
2,1,390443,0,0,0,0,0,0,0,0,0,11
1,1,390444,0,0,0,0,0,0,0,0,0,0
2,1,390444,0,0,0,0,0,0,0,0,0,0
1,1,390445,0,0,0,0,0,0,0,0,0,0
2,1,390445,0,0,0,0,0,0,0,0,0,0
0,1,390446,0,0,0,0,0,0,0,0,0,0
1,1,390446,0,0,0,0,0,0,0,0,0,0
1,1,390448,0,0,0,0,0,0,0,0,0,0
2,1,390448,0,0,0,0,0,0,0,0,0,0
0,1,390449,0,0,0,0,0,0,0,0,0,0
1,1,390449,0,0,0,0,0,0,0,0,0,0
1,1,390450,0,0,0,0,0,0,0,0,0,0
2,1,390450,0,0,0,0,0,0,0,0,0,0
0,1,390451,19,19,19,19,19,19,19,19,19,19
1,1,390451,0,0,0,0,0,0,0,0,0,0
1,1,390452,10,10,10,10,10,10,10,10,10,10
1,1,390453,0,0,0,0,0,0,0,0,0,0
2,1,390453,0,0,0,0,0,0,0,0,0,0
1,1,390454,18,18,18,18,18,18,18,18,18,18
1,1,390455,0,0,0,0,0,0,0,0,0,0
2,1,390455,0,0,0,0,0,0,0,0,0,0
1,1,390456,0,0,0,0,0,0,0,0,0,0
2,1,390456,0,0,0,0,0,0,0,0,0,0
1,1,390457,15,15,15,15,15,15,15,15,15,15
1,1,390458,0,0,0,0,0,0,0,0,0,0
2,1,390458,0,0,0,0,0,0,0,0,0,0
1,1,390459,0,0,0,0,0,0,0,0,0,0
2,1,390459,0,0,0,0,0,0,0,0,0,0
1,1,390460,0,0,0,0,0,0,0,0,0,0
2,1,390460,0,0,0,0,0,0,0,0,0,0
1,1,390461,0,0,0,0,0,0,0,0,0,0
2,1,390461,0,0,0,0,0,0,0,0,0,0
1,1,390462,21,21,21,21,21,21,21,21,21,21
1,1,390463,0,0,0,0,0,0,0,0,0,0
1,1,390464,12,12,12,12,12,12,12,12,12,12
2,1,390464,14,25,7,13,18,6,18,0,17,9
1,1,390465,0,0,0,0,0,0,0,0,0,0
2,1,390465,0,0,0,0,0,0,0,0,0,0
1,1,390466,11,11,11,11,11,11,11,11,11,11
1,1,390467,0,0,0,0,0,0,0,0,0,0
2,1,390467,0,0,0,0,0,0,0,0,0,0
1,1,390468,18,18,18,18,18,18,18,18,18,18
2,1,390468,0,0,0,0,0,0,0,0,0,0
1,1,390469,7,7,7,7,7,7,7,7,7,7
1,1,390470,0,0,0,0,0,0,0,0,0,0
1,1,390471,10,10,10,10,10,10,10,10,10,10
1,1,390472,0,0,0,0,0,0,0,0,0,0
1,1,390473,12,12,12,12,12,12,12,12,12,12
1,1,390474,0,0,0,0,0,0,0,0,0,0
1,1,390475,0,0,0,0,0,0,0,0,0,0
2,1,390475,0,0,0,0,0,0,0,0,0,0
1,1,390476,0,0,0,0,0,0,0,0,0,0