VEH_NO,PER_NO,ST_CASE,P1,P2,P3,P4,P5,P6,P7,P8,P9,P10
2,1,390476,0,0,30,0,0,0,0,0,0,8
2,1,390477,0,0,0,0,0,0,0,0,0,0
3,1,390477,0,0,0,0,0,0,0,0,0,0
1,1,390478,10,10,10,10,10,10,10,10,10,10
2,1,390478,0,0,0,0,0,8,11,0,0,0
1,1,390479,20,20,20,20,20,20,20,20,20,20
1,1,390480,0,0,0,0,0,0,0,0,0,0
1,1,390481,0,0,0,0,0,0,0,0,0,0
1,1,390482,9,9,9,9,9,9,9,9,9,9
1,1,390483,0,0,0,0,0,0,0,0,0,0
2,1,390483,0,0,0,0,0,0,0,0,0,0
3,1,390483,0,0,0,0,0,0,0,0,0,0
4,1,390483,0,0,0,0,0,0,0,0,0,0
5,1,390483,0,0,0,0,0,0,0,0,0,0
6,1,390483,15,15,15,15,15,15,15,15,15,15
1,1,390484,9,9,9,9,9,9,9,9,9,9
2,1,390484,0,0,0,0,0,0,0,0,0,0
1,1,390485,29,29,29,29,29,29,29,29,29,29
1,1,390486,0,0,0,0,0,0,0,0,0,0
2,1,390486,23,23,23,23,23,23,23,23,23,23
1,1,390487,3,3,3,3,3,3,3,3,3,3
1,1,390489,0,0,0,0,0,0,0,0,0,0
2,1,390489,15,15,15,15,15,15,15,15,15,15
1,1,390490,0,0,0,0,0,0,0,0,0,0
2,1,390490,0,0,0,0,0,0,0,0,0,0
1,1,390491,8,8,8,8,8,8,8,8,8,8
1,1,390492,17,17,17,17,17,17,17,17,17,17
1,1,390493,0,0,0,0,0,0,0,0,0,0
2,1,390493,0,0,0,0,0,0,0,0,0,0
1,1,390494,0,0,0,0,0,0,0,0,0,0
2,1,390494,0,0,0,0,0,0,0,0,0,0
1,1,390495,0,0,0,0,0,0,0,0,0,0
2,1,390495,13,13,13,13,13,13,13,13,13,13
1,1,390496,0,0,0,0,0,0,0,0,0,0
1,1,390497,21,21,21,21,21,21,21,21,21,21
1,1,390498,2,2,2,2,2,2,2,2,2,2
1,1,390499,21,21,21,21,21,21,21,21,21,21
1,1,390500,0,0,0,0,0,0,0,0,0,0
1,1,390501,0,0,0,0,0,0,0,0,0,0
2,1,390501,0,0,0,0,0,0,0,0,0,0
1,1,390502,21,21,21,21,21,21,21,21,21,21
1,1,390503,0,0,0,0,0,0,0,0,0,0
1,1,390504,0,0,0,0,0,0,0,0,0,0
1,1,390505,24,24,24,24,24,24,24,24,24,24
1,1,390506,0,0,0,0,0,0,0,0,0,0
0,1,390507,0,0,0,0,0,0,0,0,0,0
1,1,390507,14,14,14,14,14,14,14,14,14,14
1,1,390509,0,0,0,0,0,0,0,0,0,0
1,1,390510,8,8,8,8,8,8,8,8,8,8
2,1,390510,0,0,0,0,0,0,0,0,0,0
1,1,390511,0,0,0,0,0,0,0,0,0,0
2,1,390511,0,0,0,0,0,0,0,0,0,0
1,1,390512,17,17,17,17,17,17,17,17,17,17
1,1,390513,0,0,0,0,0,0,0,0,0,0
2,1,390513,0,0,0,0,0,0,0,0,0,0
1,1,390514,0,0,0,0,0,0,0,0,0,0
2,1,390514,0,0,0,11,0,0,0,0,0,0
1,1,390515,0,0,0,0,0,0,0,0,0,0
0,1,390516,24,0,0,0,0,15,18,0,38,0
1,1,390516,0,0,0,0,0,0,0,0,0,0
2,1,390516,26,26,26,26,26,26,26,26,26,26
1,1,390517,0,0,0,0,0,0,0,0,0,0
2,1,390517,2,2,2,2,2,2,2,2,2,2
1,1,390518,16,16,16,16,16,16,16,16,16,16
1,1,390520,0,0,0,0,0,0,0,0,0,0
1,1,390521,0,0,0,0,0,0,0,0,0,0
1,1,390522,0,0,0,0,0,0,0,0,0,0
2,1,390522,0,0,0,0,0,0,0,0,0,0
1,1,390523,20,20,20,20,20,20,20,20,20,20
1,1,390524,0,0,0,0,0,0,0,0,0,0
2,1,390524,0,0,0,0,0,0,0,0,0,0
1,1,390525,0,0,0,0,0,0,0,0,0,0
2,1,390525,0,0,0,0,0,0,0,0,0,0
1,1,390526,0,0,0,0,4,0,0,0,0,0
2,1,390526,0,0,0,0,0,0,0,0,0,0
3,1,390526,20,20,20,20,20,20,20,20,20,20
1,1,390527,0,6,0,13,11,11,18,11,14,21
2,1,390527,0,0,0,0,0,0,0,0,0,0
1,1,390528,23,23,23,23,23,23,23,23,23,23
1,1,390529,0,0,0,0,0,0,0,0,0,0
1,1,390530,0,0,0,0,0,0,0,0,0,0
2,1,390530,0,0,0,0,0,0,0,0,0,0
1,1,390531,0,0,0,0,0,0,0,0,0,0
2,1,390531,0,0,0,0,0,0,0,0,0,0
3,1,390531,0,0,0,0,0,0,0,0,0,0
1,1,390532,0,0,0,0,0,0,0,0,0,0
2,1,390532,0,0,0,0,0,0,0,0,0,0
3,1,390532,0,0,0,0,0,0,0,0,0,0
1,1,390533,0,0,0,0,0,0,0,0,0,0
2,1,390533,0,0,0,0,0,0,0,0,10,0
1,1,390534,18,18,18,18,18,18,18,18,18,18
1,1,390535,0,0,0,0,0,0,0,0,0,0
2,1,390535,0,0,0,0,0,0,0,0,0,0
1,1,390536,11,21,29,14,21,10,13,15,10,10
1,1,390537,14,14,14,14,14,14,14,14,14,14
1,1,390538,0,0,0,0,0,0,0,0,0,0
1,1,390539,0,0,0,0,0,0,0,0,0,0
2,1,390539,0,0,0,0,8,0,0,0,0,0
1,1,390540,0,0,0,0,0,0,0,0,0,0
2,1,390540,0,0,0,0,4,0,0,0,0,0
1,1,390541,17,17,17,17,17,17,17,17,17,17
1,1,390542,19,19,19,19,19,19,19,19,19,19
1,1,390543,0,0,0,0,0,0,0,0,0,0
1,1,390544,0,0,0,0,0,0,0,0,0,0
2,1,390544,0,0,0,0,0,0,0,0,10,0
1,1,390545,0,0,0,0,0,0,0,0,0,0
0,1,390546,0,0,0,0,0,0,0,0,0,0
1,1,390546,0,0,0,0,0,0,0,0,0,0
1,1,390547,30,30,30,30,30,30,30,30,30,30
1,1,390548,9,9,9,9,9,9,9,9,9,9
1,1,390549,0,0,0,0,0,0,0,0,0,0
2,1,390549,0,0,0,0,0,0,0,0,0,0
1,1,390550,18,18,18,18,18,18,18,18,18,18
1,1,390551,0,0,0,0,0,0,0,0,0,0
2,1,390551,0,0,0,0,0,0,0,0,0,0
1,1,390552,0,18,0,13,15,0,8,0,0,14
0,1,390553,0,0,0,0,0,0,0,0,0,0
1,1,390553,0,0,0,0,0,0,0,0,0,0
1,1,390554,2,0,0,0,21,0,0,0,0,0
1,1,390556,0,0,0,0,0,6,0,0,0,0
2,1,390556,0,0,0,0,0,0,0,0,0,0
1,1,390557,0,0,0,0,0,0,12,0,0,0
2,1,390557,0,0,0,0,0,0,0,15,0,0
1,1,390558,1,1,1,1,1,1,1,1,1,1
1,1,390559,23,0,0,0,0,6,0,6,9,4
1,1,390560,11,11,11,11,11,11,11,11,11,11
1,1,390561,34,34,34,34,34,34,34,34,34,34
0,1,390562,29,29,29,29,29,29,29,29,29,29
1,1,390562,0,0,0,0,0,0,0,0,0,0
1,1,390563,0,0,0,0,0,0,0,0,0,0
2,1,390563,0,0,0,0,0,0,0,0,0,0
1,1,390564,0,0,0,0,0,0,0,0,0,0
2,1,390564,0,0,0,0,0,0,10,0,0,0
3,1,390564,0,0,0,0,0,0,0,0,0,0
1,1,390565,0,0,0,0,0,0,0,0,0,0
1,1,390566,0,0,0,0,0,0,0,0,0,0
2,1,390566,3,3,3,3,3,3,3,3,3,3
1,1,390567,0,0,0,0,0,0,0,0,0,0
1,1,390568,1,1,1,1,1,1,1,1,1,1
1,1,390569,14,14,14,14,14,14,14,14,14,14
0,1,390570,0,0,0,0,0,0,0,0,0,0
1,1,390570,0,0,0,0,0,0,0,0,0,10
1,1,390571,0,0,0,0,0,0,0,0,3,0
0,1,390572,19,19,19,19,19,19,19,19,19,19
1,1,390572,0,0,0,0,14,0,9,0,7,0
1,1,390573,0,0,0,0,0,0,0,0,0,0
1,1,390574,0,0,0,0,0,0,0,0,0,0
2,1,390574,0,0,0,0,0,0,0,0,0,0
1,1,390575,0,0,0,0,0,0,0,0,0,0
2,1,390575,0,0,0,0,0,0,0,0,0,0
1,1,390576,9,9,9,9,9,9,9,9,9,9
1,1,390577,0,0,0,0,0,0,0,0,0,0
2,1,390577,0,0,0,0,0,0,0,0,0,0
3,1,390577,0,0,0,0,0,0,0,0,15,0
4,1,390577,0,0,0,0,0,0,0,0,0,0
1,1,390578,18,18,18,18,18,18,18,18,18,18
1,1,390579,0,0,0,0,0,0,0,0,0,0
2,1,390579,0,0,0,0,0,0,0,0,0,0
3,1,390579,0,0,0,0,0,0,0,0,0,0
1,1,390580,16,16,16,16,16,16,16,16,16,16
1,1,390581,0,0,0,0,0,0,0,0,0,0
2,1,390581,0,0,0,0,0,0,0,0,0,0
1,1,390582,0,0,0,0,0,0,0,3,0,0
2,1,390582,30,30,30,30,30,30,30,30,30,30
1,1,390583,0,0,0,0,0,0,0,0,0,0
2,1,390583,0,0,0,0,0,0,0,0,0,0
1,1,390584,0,0,0,0,0,0,0,0,0,0
2,1,390584,0,0,0,0,0,0,0,0,0,0
1,1,390585,14,14,14,14,14,14,14,14,14,14
2,1,390585,0,0,0,0,8,3,0,0,0,0
1,1,390586,14,0,0,10,12,16,10,17,22,32
1,1,390587,0,0,0,0,0,0,0,5,0,0
1,1,390588,0,0,0,0,0,0,0,0,0,0
0,1,390589,0,0,0,0,0,0,0,0,0,0
1,1,390589,0,0,0,0,0,0,0,0,0,0
1,1,390590,16,16,16,16,16,16,16,16,16,16
1,1,390591,18,18,18,18,18,18,18,18,18,18
1,1,390592,7,7,7,7,7,7,7,7,7,7
1,1,390593,0,0,0,0,0,0,0,0,0,0
2,1,390593,13,13,13,13,13,13,13,13,13,13
1,1,390594,0,0,0,0,0,0,0,0,0,0
2,1,390594,16,15,16,14,4,17,8,16,11,0
1,1,390595,34,34,34,34,34,34,34,34,34,34
1,1,390596,0,0,0,0,0,0,0,0,0,0
2,1,390596,0,0,0,0,0,0,0,0,0,0
1,1,390597,0,0,0,0,0,0,0,0,0,0
2,1,390597,0,0,0,0,0,0,0,0,0,0
1,1,390598,0,0,0,0,0,0,0,0,0,0
2,1,390598,0,0,0,0,0,0,9,0,0,0
3,1,390598,0,0,0,0,0,0,0,0,0,0
4,1,390598,0,0,0,0,0,0,0,0,0,0
1,1,390600,7,7,7,7,7,7,7,7,7,7
2,1,390600,0,0,0,0,0,0,0,0,0,0
1,1,390601,0,0,0,0,0,0,0,0,0,0
1,1,390602,0,0,0,0,0,0,0,0,0,0
2,1,390602,0,0,0,0,0,0,0,0,0,0
1,1,390603,0,0,0,0,0,0,0,0,0,0
1,1,390604,0,0,0,0,0,0,0,0,0,0
2,1,390604,0,0,0,0,0,0,0,0,0,0
0,1,390605,22,22,22,22,22,22,22,22,22,22
1,1,390605,0,0,0,0,0,0,0,0,0,0
1,1,390606,0,0,0,0,0,0,0,0,0,0
1,1,390607,0,0,0,0,0,0,0,0,0,0
1,1,390608,0,0,0,0,0,0,0,0,0,0
2,1,390608,0,0,0,0,0,0,0,0,0,0
1,1,390609,0,0,0,0,0,0,0,0,0,0
2,1,390609,0,0,0,0,0,0,0,0,0,0
1,1,390610,0,0,0,0,0,0,0,0,0,0
2,1,390610,0,0,0,0,0,0,0,0,0,0
1,1,390611,0,0,0,0,0,0,0,0,0,0
1,1,390612,0,0,0,0,0,0,0,0,0,0
2,1,390612,0,0,0,0,0,0,0,0,0,0
1,1,390613,0,0,0,0,0,0,0,0,0,0
1,1,390614,0,5,10,0,0,0,0,0,0,0
1,1,390615,0,0,0,0,0,0,0,0,0,0
1,1,390616,13,13,13,13,13,13,13,13,13,13
1,1,390617,0,0,0,0,0,0,0,0,0,0
2,1,390617,0,0,0,0,0,0,0,0,0,0
1,1,390618,12,12,12,12,12,12,12,12,12,12
2,1,390618,0,0,0,0,0,0,0,0,0,0
1,1,390619,0,0,0,0,0,6,0,0,0,0
2,1,390619,0,0,0,0,0,0,0,0,0,0
1,1,390620,0,0,0,0,0,0,0,0,0,0
2,1,390620,0,0,0,0,0,0,0,0,0,0
0,1,390621,1,1,1,1,1,1,1,1,1,1
1,1,390621,0,0,0,0,0,0,0,0,0,0
1,1,390622,16,16,16,16,16,16,16,16,16,16
1,1,390623,0,0,0,0,0,0,0,0,0,0
2,1,390623,0,0,0,0,0,0,0,0,0,0
1,1,390624,16,16,16,16,16,16,16,16,16,16
1,1,390625,0,0,0,0,0,0,0,0,0,0
2,1,390625,0,0,0,0,14,0,0,0,0,0
1,1,390626,9,0,0,0,5,0,2,0,15,0
2,1,390626,0,0,0,0,0,0,0,0,0,0
1,1,390627,0,0,0,0,0,0,0,0,0,0
2,1,390627,0,0,0,0,0,0,0,0,0,0
0,1,390629,15,15,15,15,15,15,15,15,15,15
1,1,390629,33,17,8,0,16,15,4,27,24,0
1,1,390630,15,15,15,15,15,15,15,15,15,15
1,1,390631,0,0,0,0,0,0,0,0,0,0
1,1,390632,15,15,15,15,15,15,15,15,15,15
1,1,390633,0,0,0,0,0,0,0,0,0,0
2,1,390633,0,0,0,0,0,0,0,0,0,0
1,1,390634,0,0,0,0,0,0,0,0,0,0
1,1,390635,0,0,0,0,0,0,0,0,0,0
2,1,390635,0,0,0,0,0,0,0,0,0,0
1,1,390636,0,0,0,0,0,0,0,0,0,0
1,1,390637,19,18,30,0,13,13,10,0,0,0
2,1,390637,0,0,0,0,0,0,0,0,0,0
1,1,390638,0,0,0,0,0,0,0,0,0,0
1,1,390639,14,14,14,14,14,14,14,14,14,14
1,1,390640,0,0,0,0,0,0,0,0,0,0
2,1,390640,0,0,0,0,0,0,0,0,0,0
1,1,390641,0,0,0,0,0,0,0,0,0,0
2,1,390641,0,0,0,0,0,0,0,0,0,0
1,1,390642,0,0,0,0,0,0,0,0,0,0
1,1,390643,17,17,17,17,17,17,17,17,17,17
1,1,390644,3,3,3,3,3,3,3,3,3,3
1,1,390645,0,0,0,0,0,0,0,0,0,0
2,1,390645,0,0,0,0,0,0,0,0,0,0
1,1,390646,0,0,0,0,0,0,0,0,0,0
1,1,390647,0,0,0,0,0,0,0,0,0,0
2,1,390647,0,0,0,0,0,0,0,0,0,0
1,1,390648,0,0,0,0,0,0,0,0,0,0
2,1,390648,0,0,0,0,0,0,0,0,0,0
1,1,390649,0,0,0,0,0,0,0,0,0,0
0,1,390650,23,23,23,23,23,23,23,23,23,23
1,1,390650,0,0,0,0,0,0,0,0,0,0
1,1,390651,0,0,0,0,0,0,0,0,0,0
1,1,390652,4,4,4,4,4,4,4,4,4,4
1,1,390653,0,0,0,0,0,0,0,0,0,0
2,1,390653,0,0,0,0,0,0,0,0,0,0
1,1,390654,0,0,0,0,0,0,0,0,0,0
2,1,390654,0,0,0,0,0,0,0,0,0,0
1,1,390655,0,0,0,0,0,0,0,0,0,0
1,1,390656,0,0,0,0,0,0,0,0,0,0
2,1,390656,0,0,0,0,0,0,0,0,0,0
1,1,390657,23,23,23,23,23,23,23,23,23,23
1,1,390658,0,0,0,0,0,0,18,0,0,0
1,1,390659,0,0,0,0,0,0,0,0,0,0
1,1,390660,0,0,0,0,0,0,0,0,0,0
2,1,390660,0,0,0,0,0,0,0,0,0,0
1,1,390661,0,0,0,0,0,0,0,0,0,0
1,1,390662,0,0,0,0,0,0,0,0,0,0
2,1,390662,0,0,0,0,8,0,0,0,0,0
1,1,390663,0,0,0,0,0,0,0,0,0,0
2,1,390663,0,0,0,0,0,0,0,0,0,0
1,1,390664,0,0,0,0,0,0,0,0,0,0
2,1,390664,0,0,0,0,0,0,0,0,0,0
0,1,390665,0,0,0,0,0,0,0,0,0,0
1,1,390665,0,0,0,21,0,0,0,0,0,0
2,1,390665,0,0,37,0,0,0,0,0,0,0
1,1,390666,0,0,0,0,0,0,0,0,0,0
0,1,390667,0,0,0,0,0,0,0,0,0,0
1,1,390667,16,5,0,0,0,0,0,0,0,0
1,1,390668,0,0,0,0,0,0,8,0,0,0
2,1,390668,21,21,21,21,21,21,21,21,21,21
1,1,390669,0,0,0,0,0,0,0,0,0,0
0,1,390670,18,18,18,18,18,18,18,18,18,18
1,1,390670,0,7,0,0,15,0,0,22,10,0
1,1,390671,0,0,0,0,0,0,0,0,0,0
1,1,390672,0,0,0,0,0,0,0,0,0,0
2,1,390672,0,0,0,0,0,0,0,0,0,0
1,1,390673,0,0,0,0,0,0,0,0,0,0
2,1,390673,0,6,0,0,0,0,0,0,0,0
1,1,390674,0,0,0,0,0,0,0,0,0,0
1,1,390675,0,0,0,0,0,13,11,0,8,0
2,1,390675,0,0,0,0,0,0,0,0,0,0
1,1,390677,14,14,14,14,14,14,14,14,14,14
2,1,390677,0,0,0,0,0,0,0,0,0,0
1,1,390678,13,13,13,13,13,13,13,13,13,13
1,1,390679,18,18,18,18,18,18,18,18,18,18
1,1,390680,0,0,0,0,0,0,0,0,0,0
1,1,390681,0,0,0,0,0,0,0,0,0,0
2,1,390681,0,0,0,10,0,5,0,0,0,0
1,1,390682,0,0,0,0,0,0,0,0,0,0
2,1,390682,0,0,0,0,0,0,0,0,0,0
0,1,390683,0,0,0,0,0,0,0,0,0,0
1,1,390684,0,0,0,0,0,0,0,0,0,0
2,1,390684,0,0,0,0,0,0,0,0,0,0
0,1,390685,0,0,0,0,0,0,0,0,0,0
1,1,390685,0,0,0,0,0,14,0,0,0,0
1,1,390686,18,18,18,18,18,18,18,18,18,18
1,1,390687,0,0,0,0,0,0,0,0,0,0
1,1,390688,0,0,0,0,0,0,0,0,0,0
1,1,390689,0,0,0,0,0,0,0,0,0,0
2,1,390689,0,0,0,0,0,0,0,0,0,0
1,1,390690,24,24,24,24,24,24,24,24,24,24
1,1,390693,0,0,0,0,0,0,0,0,0,0
2,1,390693,0,0,0,0,0,0,0,0,0,0
1,1,390694,0,0,0,0,0,0,0,0,0,0
2,1,390694,0,0,0,0,0,0,0,0,0,0
1,1,390695,0,0,0,0,0,0,0,0,0,0
2,1,390695,0,0,0,0,0,0,0,0,0,0
1,1,390696,15,15,15,15,15,15,15,15,15,15
1,1,390697,0,0,0,0,0,0,0,0,0,0
2,1,390697,0,0,0,0,0,0,0,0,0,0
1,1,390698,20,20,20,20,20,20,20,20,20,20
1,1,390699,0,0,0,0,0,0,0,0,0,0
1,1,390700,0,0,0,0,0,0,0,0,0,0
2,1,390700,0,0,0,0,0,0,0,0,0,0
1,1,390701,0,0,0,0,0,0,0,0,0,0
2,1,390701,0,0,0,0,0,0,0,0,0,0
1,1,390703,0,0,0,0,0,0,0,0,0,0
2,1,390703,0,0,0,0,0,0,0,0,0,0
1,1,390704,0,0,0,0,0,0,0,0,0,0
1,1,390706,0,0,0,0,0,0,0,0,0,0
2,1,390706,0,0,0,0,0,0,0,0,0,0
1,1,390707,0,0,0,0,0,0,0,0,0,0
2,1,390707,22,22,22,22,22,22,22,22,22,22
0,1,390708,16,16,16,16,16,16,16,16,16,16
1,1,390708,10,0,0,0,0,0,0,0,0,0
1,1,390709,20,20,20,20,20,20,20,20,20,20
1,1,390710,15,15,15,15,15,15,15,15,15,15
1,1,390711,13,13,13,13,13,13,13,13,13,13
2,1,390711,0,0,0,0,0,0,0,0,0,0
3,1,390711,0,0,0,0,0,0,0,0,0,0
1,1,390712,1,1,1,1,1,1,1,1,1,1
1,1,390713,0,0,0,0,0,0,0,0,0,0
1,1,390714,0,0,0,0,0,0,0,0,0,0
2,1,390714,0,0,0,0,0,0,0,0,0,0
1,1,390715,0,0,0,0,0,0,0,0,0,0
1,1,390716,0,0,0,0,0,0,0,0,0,0
2,1,390716,0,0,0,0,0,0,0,0,0,0
1,1,390717,0,0,0,0,0,0,0,0,0,0
1,1,390718,15,9,4,0,0,0,18,6,0,0
1,1,390719,0,0,0,0,0,0,0,0,0,0
2,1,390719,0,0,0,0,0,0,0,0,0,0
1,1,390720,0,0,0,0,0,0,0,0,0,0
2,1,390720,0,0,0,0,0,0,0,0,0,0
1,1,390721,0,0,0,0,0,0,0,0,0,0
1,1,390722,21,21,21,21,21,21,21,21,21,21
1,1,390723,0,0,0,0,0,19,0,0,0,0
2,1,390723,0,0,5,0,0,0,0,0,0,0
1,1,390724,0,0,0,0,0,0,0,0,0,0
2,1,390724,0,0,0,0,0,0,0,0,0,0
1,1,390725,0,0,0,0,0,0,0,0,0,0
1,1,390726,0,0,0,0,0,0,0,0,0,0
1,1,390727,12,12,12,12,12,12,12,12,12,12
1,1,390728,0,0,0,0,0,0,0,0,0,0
2,1,390728,0,0,0,7,0,0,0,0,0,0
1,1,390729,0,0,0,0,0,0,0,0,0,0
2,1,390729,14,14,14,14,14,14,14,14,14,14
0,1,390730,28,23,10,25,21,15,24,22,22,13
1,1,390730,0,0,0,0,0,0,4,0,0,0
2,1,390730,0,0,15,0,16,18,0,0,0,22
1,1,390731,2,2,2,2,2,2,2,2,2,2
0,1,390732,0,0,0,0,4,0,0,13,0,0
1,1,390732,0,0,0,0,0,0,0,0,0,0
1,1,390733,16,16,16,16,16,16,16,16,16,16
1,1,390734,0,0,0,0,0,0,0,0,0,0
1,1,390735,17,17,17,17,17,17,17,17,17,17
2,1,390735,0,0,0,0,0,0,0,0,0,0
1,1,390736,1,1,1,1,1,1,1,1,1,1
1,1,390737,20,20,20,20,20,20,20,20,20,20
1,1,390738,32,32,32,32,32,32,32,32,32,32
1,1,390739,0,0,0,0,0,0,0,0,0,0
2,1,390739,9,9,9,9,9,9,9,9,9,9
1,1,390740,0,0,0,0,0,0,0,0,0,0
1,1,390741,0,0,0,0,0,0,0,0,0,0
2,1,390741,0,0,0,0,0,0,0,0,0,0
1,1,390742,11,11,11,11,11,11,11,11,11,11
1,1,390743,0,0,0,0,0,0,0,0,0,0
2,1,390743,0,0,0,0,0,0,0,0,0,0
1,1,390745,0,0,0,0,0,0,0,0,0,0
2,1,390745,0,0,0,0,0,0,0,0,0,0
1,1,390746,0,0,0,0,0,0,0,0,0,0
2,1,390746,0,0,0,0,0,0,0,0,0,0
1,1,390747,13,13,13,13,13,13,13,13,13,13
1,1,390748,0,0,0,0,0,0,0,0,0,0
2,1,390748,0,0,0,0,0,0,0,0,0,0
3,1,390748,0,0,0,0,0,0,0,0,0,0
1,1,390749,0,0,0,0,0,0,0,0,0,0
2,1,390749,0,0,0,0,0,0,0,0,0,0
1,1,390751,0,0,20,0,0,0,0,0,0,0
1,1,390752,17,17,17,17,17,17,17,17,17,17
1,1,390753,0,0,0,0,0,0,0,0,0,0
2,1,390753,1,1,1,1,1,1,1,1,1,1
1,1,390754,0,0,0,0,0,0,0,0,0,0
2,1,390754,0,0,0,0,0,0,0,7,0,0
1,1,390755,0,0,0,0,0,0,0,0,0,0
2,1,390755,0,0,0,0,0,0,0,0,0,0
1,1,390756,0,0,0,0,0,0,0,0,0,0
1,1,390757,7,7,7,7,7,7,7,7,7,7
1,1,390758,0,0,0,0,0,0,0,0,0,0
2,1,390758,0,0,0,0,0,0,0,0,0,0
1,1,390759,0,0,0,0,0,0,0,0,0,0
2,1,390759,0,0,0,0,0,0,0,0,0,0
1,1,390760,0,0,0,0,0,0,0,0,0,0
2,1,390760,0,0,0,0,0,0,0,0,0,0
0,1,390761,0,0,0,0,0,0,0,0,0,0
0,2,390761,0,0,0,0,0,0,0,0,0,0
0,3,390761,0,0,0,0,0,0,0,0,0,0
0,4,390761,0,0,0,0,0,0,0,0,0,0
1,1,390761,0,0,0,0,0,0,0,0,0,0
1,1,390762,0,0,0,0,0,0,0,0,0,0
2,1,390762,0,0,0,0,0,0,0,0,0,0
1,1,390763,0,0,0,0,0,0,0,0,0,0
1,1,390764,0,0,0,0,0,0,0,0,0,0
1,1,390765,0,0,0,0,0,0,0,0,0,0
0,1,390766,25,25,25,25,25,25,25,25,25,25
1,1,390766,0,0,0,0,0,0,0,0,0,0
1,1,390767,0,0,0,0,0,0,0,0,0,0
2,1,390767,0,0,0,0,0,0,0,0,0,0
1,1,390768,0,0,0,0,0,0,0,0,0,0
2,1,390768,0,0,0,0,0,0,0,0,0,0
1,1,390769,0,0,0,0,0,0,0,0,0,0
2,1,390769,29,29,29,29,29,29,29,29,29,29
1,1,390770,0,0,0,0,0,0,0,0,0,0
1,1,390771,21,21,21,21,21,21,21,21,21,21
1,1,390772,0,16,0,0,0,0,0,0,0,0
2,1,390772,0,0,0,0,0,0,0,0,0,0
1,1,390773,0,0,0,0,0,0,0,0,0,0
2,1,390773,0,0,0,0,0,0,0,0,0,0
1,1,390774,9,9,9,9,9,9,9,9,9,9
0,1,390775,0,0,0,0,0,0,0,0,0,0
1,1,390775,0,0,0,0,0,0,0,0,0,0
1,1,390776,28,28,28,28,28,28,28,28,28,28
2,1,390776,0,0,0,0,0,0,0,0,0,0
3,1,390776,0,0,0,0,0,0,0,0,0,0
1,1,390777,21,21,21,21,21,21,21,21,21,21
1,1,390778,0,0,0,0,0,0,0,0,0,0
1,1,390779,0,0,0,0,0,0,0,0,0,0
1,1,390780,0,0,0,0,0,0,0,0,0,0
2,1,390780,0,0,0,0,0,0,0,0,0,0
1,1,390781,19,19,19,19,19,19,19,19,19,19
1,1,390782,18,18,18,18,18,18,18,18,18,18
1,1,390783,0,0,0,0,0,0,0,0,0,0
2,1,390783,0,0,0,0,0,0,0,0,0,0
1,1,390784,0,0,0,0,0,0,0,0,0,0
1,1,390785,16,16,16,16,16,16,16,16,16,16
1,1,390787,0,0,0,0,0,0,0,0,0,0
2,1,390787,0,0,0,0,0,0,0,0,0,0
1,1,390788,0,0,0,0,0,0,0,0,0,0
2,1,390788,0,0,0,0,0,0,0,0,0,0
3,1,390788,0,0,0,0,0,0,0,0,0,0
1,1,390789,0,0,0,0,0,0,0,0,0,0
2,1,390789,0,0,0,0,0,0,0,0,0,0
3,1,390789,0,0,0,0,0,0,0,0,0,0
4,1,390789,0,0,0,0,0,0,0,0,0,0
1,1,390790,0,0,0,0,0,0,0,0,0,0
2,1,390790,0,0,0,0,0,0,0,0,0,0
3,1,390790,0,0,0,0,0,0,0,0,0,0
1,1,390791,0,0,0,0,0,0,0,0,0,0
0,1,390793,17,17,17,17,17,17,17,17,17,17
1,1,390793,0,4,10,20,17,0,0,34,13,35
1,1,390794,0,0,0,0,0,0,0,0,0,0
1,1,390795,0,0,0,0,0,0,0,0,0,0
2,1,390795,0,0,0,0,0,0,0,0,0,0
1,1,390796,0,0,0,0,0,0,0,0,0,0
1,1,390797,0,0,0,0,0,0,0,0,0,0
2,1,390797,0,0,0,0,0,0,0,0,0,0
1,1,390798,34,34,34,34,34,34,34,34,34,34
1,1,390799,0,0,0,0,0,0,0,0,0,0
2,1,390799,11,11,11,11,11,11,11,11,11,11
1,1,390800,0,0,0,0,0,0,0,0,0,0
1,1,390801,13,13,13,13,13,13,13,13,13,13
1,1,390802,12,12,12,12,12,12,12,12,12,12
2,1,390802,0,0,0,0,0,0,0,0,0,0
1,1,390803,12,12,12,12,12,12,12,12,12,12
1,1,390804,23,23,23,23,23,23,23,23,23,23
1,1,390805,0,0,0,0,0,0,0,0,0,0
1,1,390806,0,0,0,0,0,0,0,0,0,0
1,1,390807,23,23,23,23,23,23,23,23,23,23
1,1,390808,16,16,16,16,16,16,16,16,16,16
1,1,390809,0,0,0,0,0,0,0,0,0,0
1,1,390810,0,0,0,0,0,0,0,0,0,0
2,1,390810,0,0,0,0,0,0,0,0,0,0
1,1,390811,23,23,23,23,23,23,23,23,23,23
1,1,390812,0,0,0,0,0,0,0,0,0,0
2,1,390812,0,0,0,0,0,0,0,0,0,0
1,1,390813,0,0,0,0,0,0,0,0,0,0