VEH_NO,PER_NO,ST_CASE,P1,P2,P3,P4,P5,P6,P7,P8,P9,P10
2,1,390813,0,0,0,0,0,0,0,0,0,0
0,1,390814,0,0,0,0,0,0,0,0,0,0
1,1,390814,0,0,0,0,0,0,0,0,0,0
1,1,390815,0,0,0,0,0,0,0,0,0,0
1,1,390816,0,0,0,0,0,0,0,0,0,0
2,1,390816,0,0,0,0,0,0,0,0,0,0
1,1,390817,27,15,0,0,0,0,9,0,11,11
1,1,390818,15,15,15,15,15,15,15,15,15,15
2,1,390818,0,0,0,0,0,0,0,0,0,0
1,1,390819,0,0,0,0,0,0,0,0,0,0
2,1,390819,0,0,0,0,0,0,0,0,0,0
1,1,390820,0,0,0,0,0,0,0,0,0,0
1,1,390821,0,0,0,0,0,0,0,0,0,0
1,1,390822,11,11,11,11,11,11,11,11,11,11
1,1,390823,0,0,0,0,0,0,0,0,0,2
2,1,390823,0,0,0,0,0,0,0,0,0,0
1,1,390824,0,0,0,0,0,0,0,0,0,0
2,1,390824,0,0,0,0,0,0,0,0,0,0
1,1,390825,0,0,0,0,0,0,0,0,0,0
1,1,390826,0,0,0,0,0,0,9,22,9,2
1,1,390827,0,0,0,0,0,0,0,0,0,0
2,1,390827,0,0,0,0,0,0,0,0,0,0
1,1,390828,20,20,20,20,20,20,20,20,20,20
1,1,390829,0,0,0,0,0,0,0,0,0,0
2,1,390829,0,0,0,0,0,0,0,0,0,0
1,1,390830,0,0,0,0,0,0,0,0,0,0
1,1,390831,16,16,16,16,16,16,16,16,16,16
1,1,390832,15,15,15,15,15,15,15,15,15,15
1,1,390833,0,0,0,0,0,0,0,0,0,0
1,1,390834,0,0,0,0,0,0,0,0,0,0
0,1,390835,0,0,0,0,0,0,0,0,0,0
1,1,390835,0,0,0,0,0,0,0,0,0,0
1,1,390836,0,0,0,0,0,0,0,0,0,0
2,1,390836,0,0,0,0,0,0,0,0,0,0
1,1,390837,8,8,8,8,8,8,8,8,8,8
2,1,390837,16,16,16,16,16,16,16,16,16,16
1,1,390838,3,3,3,3,3,3,3,3,3,3
1,1,390839,0,0,0,0,0,0,0,0,0,0
2,1,390839,0,0,0,0,0,0,0,0,0,0
1,1,390840,0,0,0,0,0,0,0,0,0,0
1,1,390841,0,0,0,0,11,0,0,0,0,0
2,1,390841,0,0,0,0,0,0,0,0,0,0
3,1,390841,0,0,0,0,0,0,0,0,0,0
1,1,390842,0,0,0,0,0,0,0,0,0,0
2,1,390842,0,0,0,0,0,0,0,0,0,0
1,1,390843,16,16,16,16,16,16,16,16,16,16
0,1,390844,0,0,0,0,0,0,0,0,0,0
1,1,390844,0,0,0,0,0,0,0,0,0,0
1,1,390845,0,0,0,0,0,0,0,0,0,0
2,1,390845,0,0,0,0,0,0,0,0,0,0
0,1,390846,1,1,1,1,1,1,1,1,1,1
1,1,390846,0,0,17,0,0,0,0,0,0,0
1,1,390847,0,0,0,0,0,0,6,0,0,0
2,1,390847,0,0,0,0,0,0,0,0,0,0
1,1,390848,0,0,0,0,0,0,0,0,0,0
2,1,390848,0,0,0,0,0,0,0,0,0,0
1,1,390849,8,8,8,8,8,8,8,8,8,8
2,1,390849,0,0,0,0,0,0,0,1,0,0
3,1,390849,0,0,0,0,0,0,0,0,0,0
1,1,390850,0,0,0,0,0,0,0,0,0,0
2,1,390850,0,0,0,0,0,0,0,0,0,0
1,1,390851,0,0,0,0,0,0,0,0,0,0
0,1,390852,0,0,0,0,0,0,0,0,0,0
1,1,390852,0,0,0,0,0,0,0,4,0,0
1,1,390853,0,0,0,0,0,0,0,0,0,0
2,1,390853,0,0,0,0,0,0,0,0,0,0
1,1,390854,0,0,0,0,0,0,0,0,0,0
2,1,390854,0,0,0,0,0,0,0,0,0,0
0,1,390855,0,0,0,0,0,0,0,0,0,0
1,1,390855,0,0,0,0,0,0,0,0,0,0
1,1,390856,12,12,12,12,12,12,12,12,12,12
0,1,390857,13,13,13,13,13,13,13,13,13,13
1,1,390857,0,0,0,0,0,0,0,0,0,0
0,1,390858,0,0,0,0,0,0,0,0,0,0
1,1,390858,0,0,7,0,0,0,0,0,0,0
1,1,390859,0,0,0,0,0,0,0,0,0,0
2,1,390859,0,0,0,0,0,0,0,0,0,0
1,1,390860,23,23,23,23,23,23,23,23,23,23
0,1,390861,0,0,0,0,0,0,0,0,0,0
1,1,390861,19,14,5,0,18,8,11,0,0,0
1,1,390862,19,19,19,19,19,19,19,19,19,19
0,1,390863,0,0,0,0,0,0,0,0,0,0
1,1,390863,0,0,0,0,0,0,0,0,0,0
1,1,390864,0,0,0,0,8,0,0,0,0,0
2,1,390864,0,0,0,0,0,0,0,0,0,0
3,1,390864,0,0,0,0,0,0,0,0,0,0
4,1,390864,13,13,13,13,13,13,13,13,13,13
1,1,390865,0,0,0,0,0,0,0,0,0,0
2,1,390865,0,0,0,0,0,0,0,0,0,0
1,1,390866,12,12,12,12,12,12,12,12,12,12
1,1,390867,0,0,0,0,0,0,0,0,0,0
1,1,390868,0,0,0,0,0,0,0,0,0,0
1,1,390869,0,0,0,0,0,0,0,0,0,0
2,1,390869,6,6,6,6,6,6,6,6,6,6
1,1,390870,14,14,14,14,14,14,14,14,14,14
1,1,390871,20,20,20,20,20,20,20,20,20,20
0,1,390872,0,0,0,0,0,0,0,0,0,0
0,2,390872,28,0,0,0,0,0,0,14,0,0
1,1,390872,0,0,0,0,8,0,0,0,0,0
1,1,390873,0,0,0,0,0,0,0,0,0,0
2,1,390873,0,0,0,0,0,0,0,0,0,0
0,1,390874,0,0,0,0,0,0,0,0,0,0
1,1,390874,28,0,0,0,0,16,0,0,0,0
1,1,390875,2,2,2,2,2,2,2,2,2,2
2,1,390875,0,0,0,0,0,0,0,0,0,0
0,1,390876,0,0,0,0,0,0,0,0,0,0
1,1,390876,0,0,0,0,0,0,0,0,0,0
1,1,390877,17,17,17,17,17,17,17,17,17,17
1,1,390878,12,12,12,12,12,12,12,12,12,12
2,1,390878,0,0,0,0,0,0,0,0,0,0
3,1,390878,0,0,0,0,0,0,0,0,0,0
1,1,390880,0,0,0,0,0,0,0,0,0,0
1,1,390881,0,0,0,0,0,0,0,0,0,0
1,1,390882,0,0,0,0,0,0,0,0,0,0
2,1,390882,0,0,0,0,0,0,0,0,0,0
1,1,390883,0,0,0,0,0,0,0,0,0,0
1,1,390884,0,0,0,0,0,0,0,0,0,0
2,1,390884,0,0,0,0,0,0,0,0,0,0
1,1,390885,17,17,17,17,17,17,17,17,17,17
1,1,390886,0,0,0,0,0,0,0,0,0,0
1,1,390887,17,17,17,17,17,17,17,17,17,17
2,1,390887,0,0,0,0,0,0,0,0,0,0
3,1,390887,0,6,0,0,37,0,0,26,0,11
1,1,390888,0,0,0,0,0,0,0,0,0,0
2,1,390888,0,0,0,0,0,0,0,0,0,0
0,1,390889,26,26,26,26,26,26,26,26,26,26
1,1,390889,22,22,22,22,22,22,22,22,22,22
1,1,390890,0,0,0,0,0,0,0,0,0,0
2,1,390890,0,0,0,0,0,0,0,0,0,0
3,1,390890,0,0,0,0,16,0,0,0,0,0
1,1,390891,13,13,13,13,13,13,13,13,13,13
1,1,390892,10,10,10,10,10,10,10,10,10,10
1,1,390894,0,0,0,0,0,0,0,0,0,0
2,1,390894,0,0,0,0,0,0,0,0,0,0
3,1,390894,0,0,0,0,0,0,0,0,16,0
1,1,390895,0,0,0,0,0,0,0,0,0,0
1,1,390896,0,0,0,0,0,0,0,0,0,0
1,1,390897,0,0,0,0,0,0,0,0,0,0
1,1,390898,0,0,0,0,0,0,0,0,0,0
1,1,390899,0,0,0,0,0,0,0,0,0,0
2,1,390899,0,0,0,0,0,0,0,0,0,0
1,1,390900,0,0,0,0,0,0,0,0,0,0
2,1,390900,0,0,0,0,0,0,0,0,0,0
1,1,390902,0,0,0,0,0,0,0,0,0,0
0,1,390903,0,0,0,0,0,0,0,0,0,0
1,1,390903,5,0,0,0,0,5,0,0,23,0
1,1,390904,0,7,32,17,15,24,0,6,9,0
1,1,390905,20,20,20,20,20,20,20,20,20,20
1,1,390906,2,2,2,2,2,2,2,2,2,2
1,1,390907,0,0,0,0,0,0,0,0,0,0
2,1,390907,0,0,0,0,0,0,0,0,0,0
1,1,390908,0,0,0,0,0,0,0,0,0,0
1,1,390910,3,3,3,3,3,3,3,3,3,3
1,1,390911,0,0,0,0,0,0,0,0,0,0
2,1,390911,0,0,0,0,0,0,0,0,0,0
1,1,390912,0,0,0,0,0,0,0,0,0,0
1,1,390913,10,10,10,10,10,10,10,10,10,10
0,1,390914,35,35,35,35,35,35,35,35,35,35
1,1,390914,0,0,0,0,0,0,0,0,0,0
1,1,390915,14,16,4,11,23,14,11,8,0,15
1,1,390916,30,30,30,30,30,30,30,30,30,30
5,1,390917,19,19,19,19,19,19,19,19,19,19
1,1,390918,6,0,0,0,0,0,0,0,0,0
2,1,390918,0,0,0,0,0,0,0,0,0,0
1,1,390919,0,0,0,0,0,0,0,0,0,0
2,1,390919,6,6,6,6,6,6,6,6,6,6
3,1,390919,0,0,0,0,0,0,0,0,0,0
1,1,390922,0,0,0,0,0,0,0,0,0,0
2,1,390922,7,7,7,7,7,7,7,7,7,7
1,1,390923,0,0,0,0,0,0,0,0,0,0
2,1,390923,0,0,0,0,0,0,0,0,0,0
3,1,390923,0,0,0,0,0,0,0,0,0,0
4,1,390923,0,0,0,0,0,0,0,0,0,0
5,1,390923,0,0,0,0,0,0,0,0,0,0
6,1,390923,0,0,0,0,0,0,0,0,0,0
1,1,390924,22,22,22,22,22,22,22,22,22,22
2,1,390924,0,0,0,0,0,0,0,0,0,0
1,1,390925,0,0,0,0,0,0,0,0,0,0
2,1,390925,0,0,0,0,0,0,0,0,0,0
1,1,390926,0,0,0,0,0,0,0,0,0,0
2,1,390926,0,0,0,0,0,0,0,0,0,0
1,1,390927,0,0,0,0,0,0,0,0,0,0
1,1,390928,0,0,0,0,0,0,0,0,0,0
1,1,390929,0,0,0,0,0,0,0,0,0,0
1,1,390930,17,17,17,17,17,17,17,17,17,17
1,1,390931,0,0,0,0,0,0,0,0,0,0
0,1,390932,0,0,0,0,0,0,0,0,0,0
1,1,390932,0,0,0,0,0,0,0,0,0,0
1,1,390933,24,24,24,24,24,24,24,24,24,24
1,1,390934,19,19,19,19,19,19,19,19,19,19
1,1,390935,27,27,27,27,27,27,27,27,27,27
1,1,390936,0,0,0,0,0,0,0,0,0,0
2,1,390936,0,0,0,0,0,0,0,0,0,0
0,1,390937,0,0,0,0,0,0,0,0,0,0
1,1,390937,0,0,0,0,0,0,0,0,0,0
1,1,390938,0,0,0,0,0,0,0,0,0,0
2,1,390938,0,0,0,0,0,0,0,0,0,0
1,1,390939,0,0,0,0,0,0,0,0,0,0
2,1,390939,0,0,0,0,0,0,0,0,0,0
1,1,390940,0,0,0,0,0,0,0,0,0,0
1,1,390941,0,0,0,0,0,0,0,0,0,0
1,1,390942,1,1,1,1,1,1,1,1,1,1
1,1,390943,7,7,7,7,7,7,7,7,7,7
2,1,390943,25,25,25,25,25,25,25,25,25,25
1,1,390944,0,0,0,0,0,0,0,0,0,0
2,1,390944,0,0,0,0,0,0,0,0,0,0
1,1,390945,0,0,0,0,0,0,0,0,0,0
1,1,390946,0,0,0,0,0,0,0,0,0,0
2,1,390946,0,0,0,0,0,0,0,0,0,0
1,1,390947,2,2,2,2,2,2,2,2,2,2
2,1,390947,21,0,0,0,0,0,0,0,0,0
1,1,390949,0,0,0,0,0,0,0,0,0,0
1,1,390950,20,20,20,20,20,20,20,20,20,20
0,1,390951,0,0,0,0,0,0,0,0,0,0
1,1,390951,0,0,0,0,0,0,0,0,0,0
1,1,390953,22,22,22,22,22,22,22,22,22,22
1,1,390954,0,0,0,0,0,0,0,0,0,0
1,1,390955,23,23,23,23,23,23,23,23,23,23
1,1,390956,0,0,0,0,0,0,0,0,0,0
2,1,390956,0,0,0,0,0,0,0,0,0,0
3,1,390956,0,0,0,0,0,0,0,0,0,0
1,1,390957,0,0,0,0,0,0,0,0,0,0
1,1,390958,0,0,0,0,0,0,0,0,0,0
0,1,390959,0,0,0,0,0,0,0,0,0,0
1,1,390959,22,9,14,39,16,8,18,14,6,13
1,1,390960,21,21,21,21,21,21,21,21,21,21
1,1,390961,0,0,0,0,0,0,0,0,0,0
2,1,390961,0,0,0,0,0,0,0,0,0,9
3,1,390961,0,0,0,0,0,0,0,0,0,0
1,1,390962,0,0,0,0,0,0,0,0,0,0
2,1,390962,0,0,0,0,0,0,0,0,0,0
1,1,390963,0,0,0,0,0,0,0,0,0,0
2,1,390963,17,17,17,17,17,17,17,17,17,17
1,1,390964,4,4,4,4,4,4,4,4,4,4
1,1,390965,0,0,0,0,0,0,0,0,0,0
2,1,390965,0,0,0,0,0,0,0,0,0,0
1,1,390966,0,0,0,0,0,0,0,0,0,0
1,1,390967,0,0,0,0,0,0,0,0,0,0
2,1,390967,0,0,0,0,0,0,0,0,0,0
1,1,390968,0,0,0,0,0,0,0,0,0,0
2,1,390968,11,11,11,11,11,11,11,11,11,11
1,1,390969,0,0,0,0,0,0,0,0,0,0
2,1,390969,0,0,0,0,0,0,0,0,0,0
1,1,390970,0,11,0,0,0,0,0,0,0,0
2,1,390970,0,0,0,0,21,0,0,0,0,0
3,1,390970,0,0,0,0,0,0,0,0,0,0
1,1,390971,0,0,0,0,0,0,0,0,0,0
2,1,390971,0,0,0,0,0,0,0,0,0,0
1,1,390972,19,19,19,19,19,19,19,19,19,19
1,1,390973,15,15,15,15,15,15,15,15,15,15
1,1,390974,0,0,0,0,0,0,0,0,0,0
2,1,390974,0,0,0,0,0,0,0,0,0,0
1,1,390975,0,0,0,0,0,0,0,0,0,0
2,1,390975,0,0,0,0,0,0,0,0,0,0
1,1,390976,0,0,0,0,0,0,0,0,0,0
2,1,390976,21,21,21,21,21,21,21,21,21,21
1,1,390978,0,0,0,0,0,0,0,0,0,0
2,1,390978,0,0,0,0,0,0,0,0,0,0
1,1,390979,28,28,28,28,28,28,28,28,28,28
1,1,390980,14,14,14,14,14,14,14,14,14,14
1,1,390981,0,0,0,0,0,0,0,0,0,0
1,1,390982,0,0,0,0,0,0,0,0,0,0
1,1,390983,0,0,0,0,0,0,0,0,0,0
2,1,390984,11,0,0,0,0,0,0,0,0,0
3,1,390984,0,0,0,0,0,20,0,0,0,0
1,1,390985,0,0,0,0,0,0,0,0,0,0
2,1,390985,0,0,0,0,0,0,0,0,0,0
1,1,390986,4,4,4,4,4,4,4,4,4,4
2,1,390986,0,9,19,19,0,0,0,0,0,0
1,1,390987,0,0,0,0,0,0,0,0,0,0
1,1,390988,0,0,0,0,0,0,0,16,0,0
1,1,390989,0,0,0,0,0,0,0,0,0,0
1,1,390993,22,22,22,22,22,22,22,22,22,22
2,1,390993,0,0,0,0,0,0,0,0,0,0
0,1,390994,0,0,0,0,0,0,0,0,0,0
1,1,390994,5,5,5,5,5,5,5,5,5,5
1,1,390995,0,0,0,0,0,0,0,0,0,0
2,1,390995,0,0,0,0,0,0,0,0,0,0
1,1,390996,0,0,0,0,0,0,0,0,0,0
2,1,390996,0,0,0,0,0,0,0,0,0,0
3,1,390996,0,0,0,0,0,0,0,0,0,0
0,1,390997,0,0,0,0,0,0,0,0,11,0
1,1,390997,0,0,0,0,0,0,0,0,0,0
1,1,390998,0,0,0,0,0,0,0,0,0,0
2,1,390998,0,0,0,0,0,0,0,0,0,0
3,1,390998,0,0,0,0,0,0,0,0,0,0
1,1,390999,0,0,0,0,0,0,0,0,0,0
1,1,391000,0,0,0,0,0,0,0,0,0,0
2,1,391000,0,0,0,0,0,0,0,0,0,0
1,1,391001,0,0,0,0,0,0,0,0,0,0
1,1,391002,23,23,23,23,23,23,23,23,23,23
0,1,391003,0,9,0,11,0,0,8,13,0,0
1,1,391003,1,1,1,1,1,1,1,1,1,1
1,1,391004,23,23,23,23,23,23,23,23,23,23
1,1,391005,0,7,0,0,0,0,0,0,0,0
1,1,391006,0,0,0,0,0,0,0,0,0,0
1,1,391007,0,21,7,0,0,0,31,0,0,0
1,1,391008,0,0,0,0,0,0,0,0,0,0
2,1,391008,0,0,0,0,0,0,0,0,0,0
1,1,391009,0,0,0,0,0,0,0,0,0,0
1,1,391010,0,18,0,0,0,0,0,0,0,0
1,1,391011,14,14,14,14,14,14,14,14,14,14
2,1,391011,0,0,0,0,0,0,0,0,0,0
1,1,391012,0,0,0,0,0,0,11,0,0,0
2,1,391012,0,0,0,0,0,0,0,0,0,0
1,1,391013,0,0,0,0,0,0,0,0,0,0
2,1,391013,0,0,0,0,0,0,0,0,0,0
3,1,391013,0,0,0,0,0,0,0,0,0,0
1,1,391014,0,0,0,0,0,0,0,0,0,0
2,1,391014,0,0,0,0,0,0,0,0,0,0
3,1,391014,0,0,0,0,0,0,0,4,0,0
1,1,391015,0,0,0,0,0,0,0,0,0,0
2,1,391015,0,0,0,0,0,18,0,0,0,0
1,1,391016,31,31,31,31,31,31,31,31,31,31
0,1,391018,0,0,0,0,0,0,0,0,0,0
0,2,391018,0,0,0,0,0,0,0,0,0,0
0,3,391018,0,0,0,0,0,0,0,0,0,0
0,4,391018,0,0,0,0,0,0,0,0,0,0
1,1,391018,0,0,0,0,0,0,0,0,0,0
1,1,391019,0,0,0,0,0,0,0,0,0,0
2,1,391019,0,0,0,0,0,0,0,0,0,0
1,1,391020,11,11,11,11,11,11,11,11,11,11
0,1,391021,0,0,0,0,0,0,0,0,0,0
1,1,391021,0,0,11,15,0,0,0,0,0,0
1,1,391022,9,9,9,9,9,9,9,9,9,9
1,1,391023,0,0,0,0,6,0,0,0,0,0
2,1,391023,0,0,0,0,0,0,0,0,0,0
1,1,391024,0,0,0,0,0,0,0,0,0,0
0,1,391025,0,0,0,0,0,0,0,0,0,0
1,1,391025,0,0,0,23,0,0,0,4,0,0
1,1,391026,0,0,0,0,0,0,0,0,0,0
2,1,391026,0,0,0,0,0,0,0,0,0,0
1,1,391027,0,0,0,0,14,0,0,0,0,0
2,1,391027,0,0,0,0,0,0,0,0,0,16
3,1,391027,0,0,0,0,0,0,0,0,0,0
1,1,391028,0,0,0,0,0,0,0,0,0,0
2,1,391028,0,0,12,0,0,0,16,12,0,16
0,1,391029,16,37,35,25,42,52,5,22,41,27
1,1,391029,0,0,0,0,0,0,0,0,0,0
2,1,391029,0,0,0,0,0,0,0,0,0,0
1,1,391030,0,0,0,0,0,0,0,0,0,0
2,1,391030,0,0,0,0,0,0,0,0,0,0
1,1,391031,0,0,0,0,0,0,0,0,0,0
2,1,391031,0,0,0,0,0,12,0,0,0,0
1,1,391033,22,22,22,22,22,22,22,22,22,22
1,1,391034,0,0,0,0,0,0,0,0,0,0
1,1,391035,10,10,10,10,10,10,10,10,10,10
0,1,391036,0,0,0,0,0,0,0,0,0,0
1,1,391036,0,0,0,0,0,0,0,0,0,0
1,1,391037,0,0,0,0,0,0,0,0,0,0
2,1,391037,17,17,17,17,17,17,17,17,17,17
1,1,391038,0,0,0,0,0,0,0,0,0,0
2,1,391038,0,0,0,0,0,0,0,0,0,0
1,1,391039,34,34,34,34,34,34,34,34,34,34
1,1,391040,0,0,0,0,0,0,0,0,0,0
1,1,391041,0,0,0,0,0,0,0,11,0,0
2,1,391041,0,0,0,0,0,0,0,0,0,0
1,1,391042,30,30,30,30,30,30,30,30,30,30
1,1,391043,0,0,0,0,0,0,0,0,0,0
2,1,391043,0,0,0,0,0,0,0,0,0,0
3,1,391043,0,0,0,0,0,0,0,0,0,0
1,1,391044,0,0,0,41,30,0,25,23,0,0
1,1,391045,0,0,0,0,0,0,0,0,0,0
2,1,391045,0,0,0,0,10,0,0,0,0,0
1,1,391046,20,20,20,20,20,20,20,20,20,20
0,1,391047,0,0,0,0,0,0,0,0,0,0
1,1,391047,0,0,0,0,0,0,0,0,0,0
1,1,391048,0,0,0,0,0,0,0,0,0,0
0,1,391049,0,0,16,0,0,0,0,0,11,11
1,1,391049,0,0,0,0,0,0,0,0,0,0
0,1,391050,0,0,0,0,0,0,0,0,0,0
1,1,391050,8,0,0,0,0,0,0,0,0,0
1,1,391052,0,0,0,0,0,0,0,0,0,0
2,1,391052,0,0,0,0,0,0,0,0,0,0
1,1,391053,0,0,0,0,0,0,0,0,0,0
1,1,391054,0,0,0,0,0,0,0,0,0,0
2,1,391054,0,0,0,0,0,0,0,0,0,0
0,1,391055,20,20,20,20,20,20,20,20,20,20
1,1,391055,0,0,0,0,0,0,0,0,0,0
1,1,391056,0,0,0,0,0,0,0,0,0,0
2,1,391056,0,0,0,0,0,0,0,0,0,0
1,1,391057,0,0,0,0,0,0,0,0,0,0
2,1,391057,0,0,0,0,0,0,0,0,0,0
3,1,391057,0,0,0,0,0,0,0,0,0,0
1,1,391058,0,0,0,0,0,0,0,0,0,0
2,1,391059,0,0,0,0,0,0,0,0,0,0
1,1,391060,0,0,0,0,0,0,0,0,0,0
1,1,391061,15,15,15,15,15,15,15,15,15,15
1,1,391062,0,0,0,0,0,0,0,0,0,0
1,1,391063,3,3,3,3,3,3,3,3,3,3
2,1,391063,0,0,0,0,0,0,0,0,0,0
0,1,391064,0,0,0,0,0,0,0,0,0,0
1,1,391064,0,0,0,0,0,0,0,0,0,0
2,1,391064,0,0,0,0,0,0,0,0,0,0
1,1,391065,0,0,0,0,0,0,0,0,0,0
1,1,391066,0,0,0,0,0,0,0,0,0,0
2,1,391066,0,0,0,0,0,0,0,0,0,0
1,1,391067,6,3,14,7,10,0,0,2,0,4
2,1,391067,0,2,0,0,0,0,0,0,0,0
1,1,391068,0,0,0,0,0,0,0,0,0,0
1,1,391069,0,0,0,0,0,0,0,0,0,0
2,1,391069,0,0,0,0,0,0,0,0,0,0
3,1,391069,0,0,0,0,0,0,0,0,10,0
1,1,391070,0,0,0,0,0,0,0,0,0,0
1,1,391071,0,0,0,0,0,0,0,0,0,0
2,1,391071,0,0,0,0,0,0,0,0,0,0
1,1,391072,14,14,14,14,14,14,14,14,14,14
2,1,391072,0,0,0,0,0,0,0,0,0,0
1,1,391074,0,0,0,0,0,0,0,0,0,0
2,1,391074,0,0,0,0,0,0,0,0,0,0
1,1,391075,0,0,0,0,0,0,0,0,0,0
2,1,391075,0,0,0,0,0,0,0,0,0,0
1,1,391076,0,0,0,0,0,0,0,0,0,0
2,1,391076,0,0,0,0,0,0,0,0,0,0
3,1,391076,0,0,0,0,0,0,0,0,0,0
1,1,391077,23,23,23,23,23,23,23,23,23,23
2,1,391077,0,0,0,0,0,0,0,0,0,0
1,1,391078,0,0,0,0,0,0,0,0,0,0
2,1,391078,0,0,0,0,0,0,0,0,0,0
1,1,391079,0,0,0,0,0,0,0,0,0,0
2,1,391079,0,0,0,0,0,0,0,0,0,0
1,1,391080,12,12,12,12,12,12,12,12,12,12
1,1,391081,27,27,27,27,27,27,27,27,27,27
1,1,391082,0,0,0,0,0,0,0,0,0,0
0,1,391083,0,0,0,0,0,0,0,0,0,0
1,1,391083,0,0,0,0,0,0,0,0,0,0
1,1,391084,21,21,21,21,21,21,21,21,21,21
2,1,391084,3,3,3,3,3,3,3,3,3,3
0,1,391085,0,0,0,0,0,0,0,0,0,0
2,1,391085,0,0,0,0,0,0,0,0,0,0
0,1,391086,0,0,0,0,0,0,0,0,0,0
1,1,391086,0,0,0,0,0,0,0,0,0,0
1,1,391087,0,0,0,0,0,0,0,0,0,0
2,1,391087,0,0,0,0,0,0,0,0,0,0
1,1,391088,0,0,0,0,0,0,0,0,0,0
2,1,391088,0,0,0,0,0,0,0,0,0,0
1,1,391089,0,0,0,0,0,0,0,0,0,0
2,1,391089,0,0,0,0,0,0,0,0,0,0
1,1,391090,0,0,0,0,0,0,0,0,0,0
1,1,391091,0,0,0,0,0,0,0,0,0,0
2,1,391091,0,0,0,0,0,0,0,0,0,0
3,1,391091,0,0,0,0,0,0,0,0,0,0
4,1,391091,0,0,0,0,0,0,5,0,0,0
1,1,391092,0,0,4,17,0,21,16,18,17,19
1,1,391094,35,35,35,35,35,35,35,35,35,35
1,1,391095,14,14,14,14,14,14,14,14,14,14
2,1,391095,0,0,0,0,0,0,0,0,0,0
1,1,391096,26,26,26,26,26,26,26,26,26,26
1,1,391097,0,0,10,0,0,0,0,0,0,0
1,1,391098,0,0,0,0,0,0,0,0,0,0
1,1,391099,0,0,0,0,0,0,0,0,0,0
2,1,391099,0,0,0,0,0,0,0,0,0,0
1,1,391100,0,0,0,0,0,0,0,0,0,0
2,1,391100,0,0,0,0,0,0,0,0,0,0
1,1,391101,0,0,0,0,0,0,0,0,0,0
0,1,391102,0,0,0,0,0,0,0,0,0,0
1,1,391102,0,0,0,0,0,0,0,0,0,0
1,1,391103,31,31,31,31,31,31,31,31,31,31
0,1,391104,0,0,0,0,0,0,0,0,0,0
1,1,391104,0,0,0,0,0,0,0,0,0,0
1,1,391105,0,6,0,0,0,0,0,0,0,0
2,1,391105,8,8,8,8,8,8,8,8,8,8
0,1,391106,15,15,15,15,15,15,15,15,15,15
1,1,391106,0,0,0,0,12,0,0,0,0,0
1,1,391107,0,0,0,0,0,0,0,0,32,0
1,1,391108,0,0,0,0,0,0,0,0,0,0
1,1,391109,3,3,3,3,3,3,3,3,3,3
1,1,391110,12,12,12,12,12,12,12,12,12,12
1,1,391111,0,0,0,0,0,0,0,0,0,0
2,1,391111,0,0,0,0,0,0,0,0,0,0
1,1,391112,8,8,8,8,8,8,8,8,8,8
1,1,391113,20,20,20,20,20,20,20,20,20,20
1,1,391114,14,14,14,14,14,14,14,14,14,14
2,1,391114,0,0,0,0,0,0,0,0,0,0
0,1,391115,13,0,0,0,0,0,0,0,0,0
1,1,391115,0,0,0,0,0,0,0,0,0,0
1,1,391116,14,14,14,14,14,14,14,14,14,14
1,1,391117,0,0,0,0,0,0,0,0,0,0
1,1,391118,31,31,31,31,31,31,31,31,31,31
1,1,391119,0,0,0,0,0,0,0,0,0,0
0,1,391120,0,0,0,0,0,0,0,0,0,0
1,1,391120,0,0,0,0,0,0,0,0,0,0
1,1,391121,18,18,18,18,18,18,18,18,18,18
1,1,391122,0,0,0,0,0,0,0,0,0,0
2,1,391122,0,0,0,0,0,0,0,0,0,0
0,1,391123,0,0,0,0,0,0,0,0,0,0
1,1,391123,0,0,0,0,0,0,0,0,0,0
1,1,391125,0,0,0,0,0,0,0,0,0,0
2,1,391125,0,0,0,0,0,0,0,0,0,0
1,1,391126,0,0,0,0,0,0,0,0,0,0
2,1,391126,0,0,0,0,0,0,0,0,0,0
1,1,391127,0,9,0,0,0,0,0,0,0,0
2,1,391127,0,0,0,0,0,0,0,0,0,0
3,1,391127,0,0,0,0,0,0,0,0,0,0
1,1,391128,0,0,0,0,0,0,0,0,0,0
1,1,391129,0,0,0,0,0,0,0,0,0,0
1,1,391130,0,0,0,0,0,0,0,0,11,0
2,1,391130,0,0,0,0,0,0,0,0,0,0
1,1,391131,0,0,0,0,0,0,0,0,0,15
2,1,391131,0,0,0,0,0,0,0,0,0,0
3,1,391131,0,0,0,0,0,0,0,0,0,0
1,1,391132,4,4,4,4,4,4,4,4,4,4
2,1,391132,13,13,13,13,13,13,13,13,13,13
0,1,391133,22,22,22,22,22,22,22,22,22,22
1,1,391133,13,0,0,0,0,0,0,0,0,0
1,1,391134,0,0,0,0,0,0,0,0,0,0
1,1,391135,23,23,23,23,23,23,23,23,23,23
2,1,391135,0,0,0,0,0,0,0,0,0,0
3,1,391135,0,0,0,0,0,0,0,0,0,0
1,1,391137,0,0,0,0,0,0,0,0,0,0
1,1,391138,17,17,17,17,17,17,17,17,17,17
2,1,391139,0,0,0,0,0,0,0,0,0,0
1,1,391140,0,0,0,0,0,0,0,0,0,0
2,1,391140,0,0,0,0,0,0,0,0,0,0
3,1,391140,0,0,0,0,0,0,0,0,0,0
1,1,391141,0,0,0,0,0,0,0,0,0,0