VEH_NO,PER_NO,ST_CASE,P1,P2,P3,P4,P5,P6,P7,P8,P9,P10
2,1,391141,0,0,0,0,0,0,0,0,0,0
1,1,391142,0,0,0,0,0,0,0,0,0,0
2,1,391142,0,0,0,0,0,0,0,0,0,0
1,1,391143,29,29,29,29,29,29,29,29,29,29
1,1,391144,0,0,0,0,0,0,0,0,0,0
2,1,391144,0,0,0,0,0,0,0,0,0,0
1,1,391145,13,13,13,13,13,13,13,13,13,13
1,1,391146,0,0,0,0,0,0,0,0,0,0
1,1,391148,0,0,0,0,0,0,0,0,0,0
2,1,391148,0,0,0,0,0,7,0,0,0,0
3,1,391148,0,0,0,0,0,0,0,0,0,0
0,1,391149,0,0,0,0,0,0,0,0,0,0
1,1,391149,0,0,0,0,0,0,0,0,0,0
2,1,391149,0,0,0,0,0,0,0,0,0,0
3,1,391149,0,0,0,0,0,0,0,0,0,0
1,1,391150,0,0,0,0,0,0,0,0,0,0
1,1,391151,0,0,0,0,29,0,0,0,0,0
1,1,391152,0,0,0,23,0,37,0,0,0,0
1,1,391153,0,0,0,0,0,0,0,0,0,0
2,1,391153,0,0,0,0,0,0,0,0,0,0
1,1,391154,0,0,0,0,0,0,0,0,0,0
6,1,391154,0,0,0,0,0,0,0,0,0,0
0,1,391155,15,15,15,15,15,15,15,15,15,15
1,1,391155,15,15,15,15,15,15,15,15,15,15
1,1,400001,0,0,0,0,0,0,0,0,0,0
1,1,400002,17,17,17,17,17,17,17,17,17,17
1,1,400003,0,0,0,0,0,0,0,0,0,0
1,1,400004,18,18,18,18,18,18,18,18,18,18
1,1,400005,8,8,8,8,8,8,8,8,8,8
1,1,400006,0,0,0,0,0,0,0,0,0,0
2,1,400006,0,0,0,0,0,0,0,0,0,0
1,1,400007,0,0,0,0,0,0,0,0,0,0
2,1,400007,0,0,0,0,0,0,0,0,0,0
1,1,400008,0,0,0,0,0,0,0,0,0,0
2,1,400008,0,0,0,0,0,0,0,0,0,0
1,1,400009,0,0,0,0,0,0,0,0,0,0
1,1,400010,20,20,20,20,20,20,20,20,20,20
2,1,400010,0,0,0,0,0,0,0,0,0,0
1,1,400011,18,18,18,18,18,18,18,18,18,18
1,1,400012,15,15,15,15,15,15,15,15,15,15
1,1,400013,16,35,20,5,46,25,8,5,14,4
1,1,400014,38,38,38,38,38,38,38,38,38,38
1,1,400015,25,25,25,25,25,25,25,25,25,25
2,1,400015,0,0,0,0,0,0,0,0,0,0
1,1,400016,1,1,1,1,1,1,1,1,1,1
1,1,400017,0,0,0,0,0,0,0,0,0,0
2,1,400017,0,0,0,0,0,0,0,0,0,0
1,1,400018,25,25,25,25,25,25,25,25,25,25
1,1,400019,3,3,3,3,3,3,3,3,3,3
1,1,400020,0,0,0,0,0,0,0,0,0,0
1,1,400021,0,0,0,0,0,0,0,0,0,0
2,1,400021,0,0,0,0,0,0,0,0,0,0
3,1,400021,0,0,0,0,0,0,0,0,0,0
1,1,400022,0,0,0,0,0,0,0,0,0,0
2,1,400022,0,0,0,0,0,0,0,0,0,0
1,1,400023,0,0,0,0,0,0,0,0,0,0
2,1,400023,0,0,0,0,0,0,0,0,0,0
1,1,400024,0,0,0,0,0,0,0,0,0,0
2,1,400024,0,0,0,0,0,0,0,0,0,20
1,1,400025,0,0,0,0,0,0,0,0,0,0
2,1,400025,0,0,0,0,0,0,0,0,0,0
1,1,400026,6,6,6,6,6,6,6,6,6,6
1,1,400027,0,0,0,0,0,0,0,0,0,0
2,1,400027,0,0,0,0,0,14,0,0,0,0
1,1,400028,0,0,0,0,0,0,0,0,0,0
2,1,400028,0,0,0,0,0,0,0,0,0,0
1,1,400029,22,22,22,22,22,22,22,22,22,22
2,1,400029,0,0,0,0,0,0,9,0,0,0
1,1,400030,0,0,0,0,0,0,0,0,0,0
2,1,400030,0,0,0,0,8,0,0,0,0,0
3,1,400030,0,0,0,0,0,0,0,0,0,0
4,1,400030,0,0,0,9,0,0,0,0,0,0
0,1,400031,22,22,22,22,22,22,22,22,22,22
1,1,400031,16,0,0,0,0,0,0,0,0,0
1,1,400032,20,20,20,20,20,20,20,20,20,20
1,1,400033,0,0,0,0,0,0,0,0,0,0
1,1,400034,0,0,0,0,0,0,0,0,0,0
1,1,400035,0,0,0,0,0,0,0,0,0,0
2,1,400035,0,0,0,0,0,0,0,0,0,0
1,1,400036,0,0,0,0,0,0,0,0,0,0
2,1,400036,0,0,0,0,0,0,0,0,0,0
1,1,400037,21,21,21,21,21,21,21,21,21,21
1,1,400038,0,0,0,0,0,0,0,0,0,0
2,1,400038,0,0,0,0,0,0,0,0,0,0
1,1,400039,0,0,0,0,0,0,0,0,0,0
1,1,400040,10,10,10,10,10,10,10,10,10,10
1,1,400041,0,0,0,0,0,0,0,0,0,0
2,1,400041,0,0,0,0,0,0,0,0,0,0
1,1,400042,5,5,5,5,5,5,5,5,5,5
2,1,400042,0,0,0,0,0,0,0,0,0,0
1,1,400043,23,23,23,23,23,23,23,23,23,23
2,1,400043,0,0,0,0,0,13,0,0,0,0
1,1,400045,0,0,0,0,0,0,0,0,0,0
2,1,400045,0,0,0,0,0,0,0,0,0,0
1,1,400046,0,0,0,0,0,0,0,0,0,0
1,1,400047,0,0,0,0,0,0,0,0,0,0
2,1,400047,0,0,0,0,0,0,0,0,0,0
1,1,400048,0,0,0,0,0,0,0,0,0,0
1,1,400049,35,35,35,35,35,35,35,35,35,35
1,1,400050,0,0,0,0,0,0,0,0,0,0
2,1,400050,0,0,0,0,0,0,0,0,0,0
3,1,400050,0,0,0,0,0,0,0,0,0,0
4,1,400050,0,0,0,0,0,0,0,0,0,0
0,1,400051,0,18,20,23,14,24,34,34,0,25
1,1,400051,5,0,0,0,0,0,0,0,0,0
2,1,400051,0,0,0,0,0,0,0,0,0,0
1,1,400052,15,15,15,15,15,15,15,15,15,15
0,1,400053,14,14,14,14,14,14,14,14,14,14
1,1,400053,0,0,0,0,11,0,0,0,0,0
1,1,400054,16,16,16,16,16,16,16,16,16,16
1,1,400055,0,0,0,0,0,0,0,0,0,0
1,1,400056,0,0,0,0,0,0,0,0,0,0
1,1,400057,0,0,0,0,0,0,0,0,0,0
1,1,400058,24,24,24,24,24,24,24,24,24,24
1,1,400059,0,0,0,0,0,0,0,0,0,0
1,1,400060,17,5,7,0,0,12,30,6,36,12
1,1,400061,16,16,16,16,16,16,16,16,16,16
1,1,400062,11,11,11,11,11,11,11,11,11,11
1,1,400063,13,16,6,22,4,0,0,0,7,0
2,1,400063,0,0,0,0,0,0,0,0,0,0
1,1,400064,0,0,0,0,0,0,0,0,0,0
2,1,400064,0,0,0,0,0,0,0,0,0,0
1,1,400065,0,0,0,0,0,0,0,0,0,0
2,1,400065,0,0,0,0,0,0,0,0,0,0
1,1,400066,0,0,0,0,0,0,0,0,0,0
1,1,400067,0,0,0,0,0,0,0,0,0,0
2,1,400067,0,0,0,0,0,0,0,0,0,0
1,1,400068,0,0,0,0,0,0,0,0,0,0
2,1,400068,0,0,0,0,0,0,0,0,0,0
3,1,400068,0,0,0,0,0,0,0,0,0,0
1,1,400069,0,0,0,0,0,0,0,0,0,0
2,1,400069,0,0,0,0,0,0,0,0,0,0
3,1,400069,0,0,0,0,0,0,0,0,0,0
1,1,400070,0,0,0,0,0,0,0,0,0,0
1,1,400071,18,18,18,18,18,18,18,18,18,18
1,1,400072,0,0,0,0,0,0,0,0,0,0
0,1,400073,20,20,20,20,20,20,20,20,20,20
0,2,400073,0,39,0,31,25,0,8,26,27,30
1,1,400073,0,0,0,0,0,0,0,0,0,0
1,1,400074,23,23,23,23,23,23,23,23,23,23
1,1,400075,14,14,14,14,14,14,14,14,14,14
1,1,400076,0,0,0,0,0,0,0,0,0,0
1,1,400077,0,0,0,0,0,0,0,0,0,0
1,1,400078,26,26,26,26,26,26,26,26,26,26
1,1,400079,13,13,13,13,13,13,13,13,13,13
1,1,400080,0,0,0,0,0,0,0,0,0,0
1,1,400081,0,0,0,0,0,0,0,0,0,0
2,1,400081,0,0,0,0,0,0,0,0,0,0
1,1,400082,0,0,0,0,0,0,0,0,0,0
2,1,400082,0,0,0,0,0,0,0,0,0,0
3,1,400082,0,0,0,0,0,0,0,0,0,0
1,1,400083,15,15,15,15,15,15,15,15,15,15
1,1,400084,0,0,0,0,0,0,0,0,0,0
2,1,400084,0,0,0,0,0,0,0,0,0,0
1,1,400085,0,0,0,0,0,0,0,0,0,0
1,1,400086,0,0,0,0,0,0,0,0,0,0
2,1,400086,0,0,0,0,0,0,0,0,0,0
1,1,400087,0,0,0,0,0,0,0,0,0,0
2,1,400087,0,0,0,0,0,0,0,0,0,0
1,1,400088,0,0,0,0,0,0,0,0,0,0
2,1,400088,0,0,0,0,0,0,0,0,0,0
1,1,400089,11,11,11,11,11,11,11,11,11,11
1,1,400090,0,0,0,0,0,0,0,0,0,0
2,1,400090,0,0,0,0,0,0,0,0,0,0
1,1,400091,0,0,0,0,0,0,0,0,0,0
2,1,400091,0,0,0,0,0,0,0,0,0,0
1,1,400092,25,25,25,25,25,25,25,25,25,25
1,1,400093,10,10,10,10,10,10,10,10,10,10
0,1,400094,0,0,0,0,0,0,0,0,0,0
1,1,400094,0,0,0,0,0,0,0,0,0,0
1,1,400095,0,0,0,0,0,0,0,0,0,0
2,1,400095,0,0,0,0,0,0,0,0,0,0
0,1,400096,33,33,33,33,33,33,33,33,33,33
1,1,400096,0,0,0,0,0,0,0,0,0,0
1,1,400097,0,0,0,0,0,0,0,0,0,0
2,1,400097,9,0,0,0,0,0,0,0,0,0
1,1,400098,0,0,0,0,0,0,0,0,0,0
1,1,400099,0,0,0,0,0,0,0,0,0,0
1,1,400100,17,17,17,17,17,17,17,17,17,17
1,1,400101,0,0,0,0,0,0,0,0,0,0
2,1,400101,0,0,0,0,0,0,0,0,0,0
1,1,400102,0,0,0,0,0,0,0,0,0,0
1,1,400103,0,0,0,0,0,0,0,0,0,0
2,1,400103,0,0,0,0,0,0,0,0,0,0
1,1,400104,9,9,9,9,9,9,9,9,9,9
1,1,400105,18,18,18,18,18,18,18,18,18,18
1,1,400107,0,0,0,0,0,0,0,0,0,0
1,1,400108,20,20,20,20,20,20,20,20,20,20
1,1,400109,22,22,22,22,22,22,22,22,22,22
2,1,400109,0,0,0,0,0,0,0,0,0,0
1,1,400110,32,32,32,32,32,32,32,32,32,32
1,1,400111,0,0,0,0,0,0,0,0,0,0
2,1,400111,0,0,0,0,0,0,0,0,0,0
3,1,400111,0,0,0,0,0,0,0,0,0,0
1,1,400112,0,0,0,0,0,0,0,0,0,0
1,1,400113,0,0,0,0,0,0,0,0,0,0
2,1,400113,0,0,0,0,0,0,0,0,0,0
1,1,400114,0,0,0,0,0,0,0,0,0,0
2,1,400114,0,0,0,0,0,0,0,0,0,0
1,1,400115,0,0,0,0,0,0,0,0,0,0
2,1,400115,0,0,0,0,0,0,0,0,0,0
1,1,400116,0,0,0,0,0,0,0,0,0,0
1,1,400117,7,7,7,7,7,7,7,7,7,7
1,1,400118,19,19,19,19,19,19,19,19,19,19
1,1,400119,5,0,0,0,0,19,0,20,18,0
2,1,400119,0,0,0,0,0,0,13,0,0,21
1,1,400120,24,24,24,24,24,24,24,24,24,24
0,1,400121,25,25,25,25,25,25,25,25,25,25
1,1,400121,0,0,0,0,0,0,0,0,0,0
1,1,400122,0,0,0,0,0,0,0,0,0,0
2,1,400122,0,0,0,0,0,0,0,0,0,0
1,1,400123,0,0,0,0,0,0,0,0,0,0
2,1,400123,0,0,0,0,0,0,0,0,0,0
3,1,400123,0,0,0,0,0,0,0,0,0,0
1,1,400124,23,23,23,23,23,23,23,23,23,23
1,1,400125,0,0,0,0,0,0,0,0,0,0
2,1,400125,0,0,0,0,0,0,0,0,0,2
1,1,400126,0,0,0,0,0,0,0,0,0,0
2,1,400126,0,0,0,0,0,0,0,0,0,0
1,1,400127,15,15,15,15,15,15,15,15,15,15
1,1,400128,0,0,0,0,0,0,0,0,0,0
2,1,400128,0,0,0,0,0,0,0,0,0,0
1,1,400129,0,0,0,0,0,0,0,0,0,0
1,1,400130,0,0,0,0,0,0,0,0,0,0
2,1,400130,0,0,0,0,0,0,0,0,0,0
1,1,400131,0,0,0,0,0,0,0,0,0,0
2,1,400131,0,0,0,0,0,0,0,0,0,0
1,1,400132,16,16,16,16,16,16,16,16,16,16
1,1,400133,23,23,23,23,23,23,23,23,23,23
1,1,400134,0,0,0,0,0,0,0,0,0,0
1,1,400135,0,0,0,0,0,0,0,0,0,0
2,1,400135,0,0,0,0,0,0,0,0,0,0
1,1,400136,0,0,0,0,0,0,0,0,0,0
2,1,400136,0,0,0,0,0,0,0,0,0,0
1,1,400137,0,0,0,0,0,0,0,0,0,0
2,1,400137,0,0,0,0,0,0,0,0,0,0
1,1,400138,0,0,0,0,0,0,0,0,0,0
2,1,400138,0,0,0,0,0,0,0,0,0,0
1,1,400139,0,0,0,0,0,0,0,0,0,0
2,1,400139,0,0,0,0,0,0,0,0,0,0
1,1,400140,29,29,29,29,29,29,29,29,29,29
4,1,400140,0,0,0,0,0,0,0,0,0,0
1,1,400141,25,25,25,25,25,25,25,25,25,25
1,1,400142,0,0,0,0,0,0,0,0,0,0
2,1,400142,0,0,0,0,0,0,0,0,0,0
1,1,400143,0,0,0,0,0,0,0,0,0,0
1,1,400144,7,7,7,7,7,7,7,7,7,7
2,1,400144,0,0,0,0,0,0,0,0,0,0
0,1,400145,0,0,0,0,0,0,0,0,0,0
1,1,400145,0,0,0,0,0,0,0,0,0,0
1,1,400146,0,0,0,0,0,0,0,0,0,0
2,1,400146,0,0,0,0,0,0,0,0,0,0
1,1,400147,0,0,0,0,0,0,0,0,0,0
2,1,400147,0,0,0,0,0,0,0,0,3,0
1,1,400148,0,0,0,0,0,0,0,0,0,0
2,1,400148,0,0,0,0,0,0,0,0,0,0
1,1,400149,18,18,18,18,18,18,18,18,18,18
1,1,400150,0,0,0,0,0,0,0,0,0,0
2,1,400150,0,0,0,0,0,0,0,0,0,0
1,1,400151,16,16,16,16,16,16,16,16,16,16
2,1,400151,0,0,0,0,0,0,0,0,0,0
1,1,400152,0,0,0,0,0,0,0,0,0,0
2,1,400152,0,0,0,0,0,0,0,0,0,0
1,1,400153,10,10,10,10,10,10,10,10,10,10
1,1,400154,0,0,0,0,0,0,0,0,0,0
2,1,400154,0,0,0,0,0,0,0,0,0,0
0,1,400155,0,0,0,0,0,0,0,0,0,0
1,1,400155,0,0,0,0,0,0,0,0,0,0
0,1,400156,0,0,0,0,0,0,0,0,0,0
1,1,400156,0,0,0,0,0,0,0,0,0,0
0,1,400157,5,5,5,5,5,5,5,5,5,5
1,1,400157,0,0,0,0,0,0,0,0,0,0
0,1,400158,0,0,0,0,0,0,0,0,0,0
1,1,400158,0,0,15,0,0,13,0,0,0,0
1,1,400159,23,23,23,23,23,23,23,23,23,23
2,1,400159,0,0,0,0,0,0,0,0,7,0
1,1,400160,4,4,4,4,4,4,4,4,4,4
1,1,400161,0,0,0,0,0,0,0,0,0,0
2,1,400161,0,0,0,0,0,0,0,0,0,0
1,1,400162,0,0,0,0,0,0,0,0,0,0
1,1,400163,20,11,4,10,0,9,23,15,19,4
2,1,400163,16,16,16,16,16,16,16,16,16,16
1,1,400164,0,0,0,0,0,0,0,0,0,0
2,1,400164,0,0,0,0,0,0,0,0,0,0
1,1,400165,0,0,0,0,0,0,0,0,0,0
2,1,400165,0,0,0,0,0,0,0,0,0,0
1,1,400166,0,0,0,0,0,0,0,0,0,0
1,1,400167,16,16,16,16,16,16,16,16,16,16
1,1,400168,0,0,0,0,0,0,0,0,0,0
2,1,400168,0,0,0,0,0,0,0,0,0,0
1,1,400169,0,0,0,0,0,0,0,0,0,0
1,1,400170,0,0,0,0,0,0,0,0,0,0
2,1,400170,0,0,0,0,0,0,0,0,0,0
1,1,400171,0,0,0,0,0,0,0,0,0,0
2,1,400171,0,0,0,0,0,0,0,0,0,0
1,1,400172,0,0,0,0,0,0,0,0,0,0
1,1,400173,16,16,16,16,16,16,16,16,16,16
0,1,400174,0,0,0,0,0,0,0,0,0,0
1,1,400174,0,0,0,0,0,0,0,0,0,0
1,1,400175,0,0,0,0,0,0,0,0,0,0
1,1,400176,9,9,9,9,9,9,9,9,9,9
1,1,400177,0,0,0,0,0,0,0,0,0,0
1,1,400178,0,0,0,0,0,0,0,0,0,0
1,1,400179,0,0,0,0,0,0,0,0,0,0
2,1,400179,0,0,0,0,0,0,0,0,0,0
1,1,400180,0,0,0,0,0,0,0,0,0,0
2,1,400180,0,0,0,0,0,0,0,0,0,0
1,1,400181,0,0,0,0,0,0,0,0,0,0
2,1,400181,0,0,0,0,0,0,0,0,0,0
3,1,400181,0,0,0,0,0,0,0,0,0,0
4,1,400181,0,0,0,0,0,0,0,0,0,0
1,1,400182,0,0,0,0,0,0,0,0,0,0
1,1,400183,0,0,0,0,0,0,0,0,0,0
2,1,400183,0,0,8,0,0,0,0,0,0,0
1,1,400184,0,0,0,0,0,0,0,0,0,0
1,1,400185,0,0,0,0,0,0,0,0,0,0
1,1,400186,0,0,0,0,0,0,0,0,0,0
2,1,400186,0,0,0,0,0,0,0,0,0,0
3,1,400186,0,0,0,0,0,0,0,0,0,0
4,1,400186,0,0,0,0,0,0,0,0,0,0
1,1,400187,0,0,0,0,0,0,0,0,0,0
2,1,400187,0,0,0,0,0,0,0,0,0,0
1,1,400188,0,0,0,0,0,0,0,0,0,0
1,1,400189,0,0,0,0,0,0,0,0,0,0
2,1,400189,0,0,0,0,0,0,0,0,0,0
3,1,400189,0,0,0,0,0,0,0,0,0,0
1,1,400190,0,0,0,0,0,0,0,0,0,0
2,1,400190,0,0,0,0,0,0,0,0,0,0
1,1,400191,20,20,20,20,20,20,20,20,20,20
2,1,400191,0,0,0,0,0,0,0,0,0,0
0,1,400192,0,0,0,0,0,0,0,0,0,0
0,1,400193,0,0,0,0,0,0,0,0,0,0
1,1,400193,0,0,0,0,0,0,0,0,0,0
1,1,400194,15,15,15,15,15,15,15,15,15,15
1,1,400195,17,17,17,17,17,17,17,17,17,17
2,1,400195,0,0,0,0,0,0,0,0,0,0
1,1,400196,0,0,0,0,0,0,0,0,0,0
1,1,400197,0,0,0,0,0,0,0,0,0,0
1,1,400198,18,18,18,18,18,18,18,18,18,18
1,1,400199,37,37,37,37,37,37,37,37,37,37
1,1,400200,19,19,19,19,19,19,19,19,19,19
1,1,400201,0,0,0,0,0,0,0,0,0,0
1,1,400202,8,18,14,13,7,15,16,12,12,20
2,1,400202,0,0,0,0,0,0,0,0,0,0
1,1,400203,4,4,4,4,4,4,4,4,4,4
1,1,400204,0,0,0,0,0,0,0,0,0,0
2,1,400204,0,0,0,0,0,0,0,0,0,0
1,1,400205,12,12,12,12,12,12,12,12,12,12
2,1,400205,0,16,0,0,0,0,0,0,10,0
1,1,400206,18,18,18,18,18,18,18,18,18,18
0,1,400207,0,0,0,0,0,0,0,0,0,0
1,1,400207,0,0,0,0,0,0,0,0,0,0
0,1,400208,0,0,0,0,0,0,0,0,0,0
1,1,400208,0,0,0,0,0,0,0,0,0,0
1,1,400209,0,0,0,0,0,0,0,0,0,0
2,1,400209,0,0,0,0,0,0,0,0,0,0
1,1,400210,0,0,0,0,0,0,0,0,0,0
2,1,400210,0,0,0,0,0,0,0,0,0,0
1,1,400211,0,0,0,0,0,0,0,0,0,0
2,1,400211,0,0,0,0,0,0,0,0,0,0
1,1,400212,0,0,0,0,0,0,0,0,0,0
2,1,400212,0,0,0,0,0,0,0,0,0,0
1,1,400213,0,0,0,0,0,0,0,0,0,0
2,1,400213,0,0,0,0,0,0,0,0,0,0
1,1,400214,11,11,11,11,11,11,11,11,11,11
2,1,400214,0,0,0,0,0,0,0,0,0,0
1,1,400215,0,0,0,0,7,0,0,0,0,0
2,1,400215,0,0,0,0,0,0,0,0,0,0
1,1,400216,0,0,0,0,0,0,0,0,0,0
1,1,400217,0,0,0,0,0,0,0,0,0,0
2,1,400217,0,0,0,0,0,0,0,0,0,0
1,1,400218,0,0,0,0,0,0,0,0,0,0
2,1,400218,0,0,0,0,0,0,0,0,0,0
3,1,400218,0,0,0,0,0,0,0,0,0,0
1,1,400219,0,2,0,0,7,6,0,0,0,0
2,1,400219,0,0,0,0,0,0,0,0,0,0
1,1,400220,0,0,0,0,0,0,0,0,0,0
1,1,400221,0,0,0,0,0,0,0,0,0,0
2,1,400221,0,0,0,0,0,0,0,0,0,0
1,1,400222,0,0,0,0,0,0,0,0,0,0
2,1,400222,35,35,35,35,35,35,35,35,35,35
1,1,400223,0,0,0,0,0,11,0,0,9,0
1,1,400224,4,0,0,0,39,0,12,0,0,21
0,1,400225,28,28,28,28,28,28,28,28,28,28
1,1,400225,0,0,0,0,0,0,13,8,0,0
2,1,400225,0,0,0,0,0,0,0,0,0,27
1,1,400226,0,0,0,0,0,0,0,0,0,0
2,1,400226,0,0,0,0,0,0,0,0,0,0
1,1,400227,0,0,0,0,0,0,0,0,0,0
1,1,400228,0,0,0,0,0,0,0,0,0,0
1,1,400229,0,0,0,0,0,0,0,0,0,0
2,1,400229,0,0,0,0,0,0,0,0,0,0
3,1,400229,0,0,0,0,0,0,0,0,0,0
1,1,400230,0,0,0,0,0,0,0,0,0,0
1,1,400231,4,4,4,4,4,4,4,4,4,4
2,1,400231,0,0,8,23,0,0,0,0,0,0
1,1,400232,0,0,0,0,0,0,0,0,0,0
1,1,400233,0,0,0,0,0,0,0,0,0,0
2,1,400233,0,0,0,0,0,0,0,0,0,0
1,1,400234,0,8,0,0,0,0,0,0,0,0
1,1,400235,0,0,0,0,0,0,0,10,0,0
2,1,400235,0,0,0,0,0,0,0,0,0,0
1,1,400236,18,18,18,18,18,18,18,18,18,18
1,1,400237,0,0,0,0,0,0,0,0,0,0
1,1,400238,0,0,0,0,0,0,0,0,0,0
1,1,400239,0,0,0,0,0,0,0,0,0,0
2,1,400239,0,0,0,0,0,0,0,0,0,0
1,1,400240,0,0,0,0,0,0,0,0,0,0
0,1,400241,0,0,0,0,0,0,0,0,0,0
1,1,400241,0,0,0,0,0,0,0,0,0,0
1,1,400242,0,0,0,0,0,0,0,0,0,0
2,1,400242,0,0,0,0,0,0,0,0,0,0
3,1,400242,0,0,0,0,0,0,0,0,0,0
1,1,400243,0,0,0,0,0,0,0,0,0,0
1,1,400244,23,23,23,23,23,23,23,23,23,23
1,1,400245,17,17,17,17,17,17,17,17,17,17
1,1,400246,15,15,15,15,15,15,15,15,15,15
1,1,400247,0,0,0,0,0,0,0,0,0,0
1,1,400248,0,0,0,0,0,0,0,0,0,0
2,1,400248,8,8,8,8,8,8,8,8,8,8
1,1,400249,0,0,0,0,0,0,0,0,0,0
2,1,400249,0,0,0,0,0,0,0,0,0,0
3,1,400249,0,0,0,0,0,0,0,0,0,0
1,1,400250,0,0,0,0,0,0,0,0,0,0
1,1,400251,0,0,0,0,0,0,0,0,0,0
2,1,400251,0,0,0,0,0,0,0,0,0,0
3,1,400251,0,0,0,0,0,0,0,0,0,0
4,1,400251,0,0,0,0,0,0,0,0,0,0
1,1,400252,0,0,0,0,0,0,0,0,0,0
2,1,400252,0,0,0,0,0,0,0,0,0,0
1,1,400253,0,0,0,0,0,0,0,0,0,0
2,1,400253,0,0,0,0,0,0,0,0,0,0
3,1,400253,0,0,0,0,0,0,0,0,0,0
1,1,400254,0,0,0,0,0,0,0,0,0,0
1,1,400255,0,0,0,0,0,0,0,0,0,0
0,1,400256,0,0,0,0,0,0,0,0,0,0
1,1,400256,0,0,0,0,0,0,0,0,0,0
1,1,400257,14,14,14,14,14,14,14,14,14,14
1,1,400258,0,0,0,0,0,0,0,0,0,0
2,1,400258,0,0,0,0,0,0,0,0,0,0
1,1,400259,0,0,0,0,0,0,0,0,0,0
2,1,400259,0,0,0,0,0,0,0,0,0,0
1,1,400260,0,0,0,0,0,0,0,0,0,0
1,1,400261,14,14,14,14,14,14,14,14,14,14
2,1,400261,0,0,0,0,0,0,0,0,0,0
1,1,400262,0,0,0,0,0,0,0,0,0,0
2,1,400262,0,0,0,0,0,0,0,0,0,0
1,1,400263,10,10,10,10,10,10,10,10,10,10
1,1,400264,23,23,23,23,23,23,23,23,23,23
1,1,400265,12,3,10,6,3,14,27,7,7,4
2,1,400265,0,0,0,0,0,0,0,0,0,0
1,1,400266,0,0,0,0,0,0,0,0,0,0
1,1,400267,22,22,22,22,22,22,22,22,22,22
1,1,400268,9,9,9,9,9,9,9,9,9,9
1,1,400269,0,0,0,0,0,0,0,0,0,0
2,1,400269,0,0,0,0,0,0,0,0,0,0
3,1,400269,0,0,0,0,0,0,0,0,0,0
1,1,400270,0,0,0,0,0,0,0,0,0,0
1,1,400271,19,19,19,19,19,19,19,19,19,19
1,1,400272,0,0,0,0,0,0,0,0,0,0
2,1,400272,0,0,0,0,0,0,0,0,0,0
1,1,400273,15,15,15,15,15,15,15,15,15,15
1,1,400274,0,0,0,0,0,0,0,0,0,0
1,1,400275,27,27,27,27,27,27,27,27,27,27
1,1,400276,0,0,0,0,0,0,0,0,0,0
1,1,400277,0,0,0,0,0,0,0,0,0,0
1,1,400278,0,0,0,0,0,0,0,0,0,0
1,1,400279,22,22,22,22,22,22,22,22,22,22
0,1,400280,0,0,0,0,0,0,0,0,0,0
1,1,400280,0,0,0,0,0,0,0,0,0,0
1,1,400281,0,0,0,0,0,0,0,0,0,0
2,1,400281,0,0,0,0,0,0,0,0,0,0
3,1,400281,0,0,0,0,0,0,0,0,0,0
1,1,400282,0,0,0,0,0,0,3,0,0,0
1,1,400283,0,0,0,0,0,0,0,0,0,0
2,1,400283,0,0,0,0,0,0,0,0,0,0
1,1,400284,13,13,13,13,13,13,13,13,13,13
2,1,400284,0,0,0,0,0,0,0,0,0,0
1,1,400285,20,14,0,22,16,0,0,19,18,20
2,1,400285,0,0,0,0,0,0,0,0,0,0
1,1,400286,0,0,0,0,0,0,0,0,0,0
1,1,400287,0,0,0,0,0,0,0,0,0,0
2,1,400287,0,0,0,0,0,0,0,0,0,0
1,1,400288,25,25,25,25,25,25,25,25,25,25
1,1,400289,0,0,0,0,0,0,0,0,0,0
1,1,400290,20,20,20,20,20,20,20,20,20,20
2,1,400290,11,11,11,11,11,11,11,11,11,11
1,1,400291,0,0,0,0,0,0,0,0,0,0
1,1,400292,9,9,9,9,9,9,9,9,9,9
2,1,400292,0,0,0,0,0,0,0,0,0,0
1,1,400293,0,0,0,0,0,0,0,0,0,0
1,1,400294,0,19,0,20,13,0,0,23,0,0
1,1,400295,0,0,0,0,0,0,0,0,0,0
2,1,400295,0,0,0,0,0,0,0,0,0,0
3,1,400295,6,0,0,0,0,0,0,0,0,0
1,1,400296,14,14,14,14,14,14,14,14,14,14
1,1,400297,15,15,15,15,15,15,15,15,15,15
1,1,400298,0,0,0,0,0,0,0,0,0,0
2,1,400298,0,0,0,0,0,0,0,0,0,0
1,1,400299,0,0,0,0,0,0,0,0,0,0
1,1,400300,0,0,0,0,0,0,0,0,0,0
2,1,400300,0,0,0,0,0,0,0,0,0,0
1,1,400301,16,16,16,16,16,16,16,16,16,16
1,1,400302,0,0,0,0,0,0,0,0,0,0
2,1,400302,0,0,0,0,0,0,0,0,0,0
1,1,400303,15,15,15,15,15,15,15,15,15,15
1,1,400304,0,0,0,0,0,0,0,0,0,0
2,1,400304,0,0,0,0,0,0,0,0,0,0
1,1,400305,0,0,0,0,0,0,0,0,0,0
2,1,400305,0,0,0,0,0,0,0,0,0,0
1,1,400306,14,14,14,14,14,14,14,14,14,14
1,1,400307,9,9,9,9,9,9,9,9,9,9
1,1,400308,16,16,16,16,16,16,16,16,16,16