VEH_NO,PER_NO,ST_CASE,P1,P2,P3,P4,P5,P6,P7,P8,P9,P10
1,1,400309,29,29,29,29,29,29,29,29,29,29
1,1,400310,14,14,14,14,14,14,14,14,14,14
1,1,400311,19,19,19,19,19,19,19,19,19,19
1,1,400312,15,15,15,15,15,15,15,15,15,15
1,1,400313,18,18,18,18,18,18,18,18,18,18
1,1,400314,34,36,15,16,13,18,23,22,30,22
0,1,400315,24,24,24,24,24,24,24,24,24,24
1,1,400315,13,13,13,13,13,13,13,13,13,13
1,1,400316,4,4,4,4,4,4,4,4,4,4
1,1,400317,11,11,11,11,11,11,11,11,11,11
1,1,400318,0,0,0,0,0,0,0,0,0,0
1,1,400319,12,12,12,12,12,12,12,12,12,12
1,1,400320,0,0,0,0,0,0,0,0,0,0
2,1,400320,0,0,0,0,0,0,0,0,0,0
1,1,400321,0,0,0,0,0,0,0,0,0,0
1,1,400322,0,0,0,0,0,0,0,0,0,0
1,1,400323,20,20,20,20,20,20,20,20,20,20
2,1,400323,0,0,0,0,0,0,0,3,0,0
1,1,400324,30,30,30,30,30,30,30,30,30,30
2,1,400324,0,0,0,0,0,0,0,0,0,0
1,1,400325,15,15,15,15,15,15,15,15,15,15
1,1,400326,0,0,0,0,0,0,0,0,0,0
1,1,400327,0,0,0,0,0,0,0,0,0,0
2,1,400327,0,0,0,0,0,0,0,0,0,0
3,1,400327,0,0,0,0,0,0,0,0,0,0
1,1,400328,13,13,13,13,13,13,13,13,13,13
1,1,400329,0,0,0,0,0,0,0,0,0,0
1,1,400330,0,0,0,0,0,0,0,0,0,0
2,1,400330,0,0,12,0,0,0,0,0,0,0
1,1,400331,12,12,12,12,12,12,12,12,12,12
1,1,400332,8,8,8,8,8,8,8,8,8,8
1,1,400333,0,0,0,0,0,0,0,0,0,0
2,1,400333,0,0,0,0,0,0,0,0,0,0
1,1,400334,0,0,0,0,0,0,0,0,0,0
1,1,400335,7,7,7,7,7,7,7,7,7,7
1,1,400336,0,0,0,0,0,0,0,0,0,0
1,1,400337,0,0,0,0,0,0,0,0,0,0
1,1,400338,25,25,25,25,25,25,25,25,25,25
1,1,400339,0,0,0,0,0,0,0,0,0,0
2,1,400339,13,13,13,13,13,13,13,13,13,13
1,1,400340,0,0,0,0,0,0,0,0,0,0
2,1,400340,20,20,20,20,20,20,20,20,20,20
1,1,400341,0,0,0,0,0,0,0,0,0,0
1,1,400342,0,0,0,0,0,0,0,0,0,0
2,1,400342,0,0,0,0,0,0,0,0,0,0
1,1,400343,0,0,0,0,0,0,0,0,0,0
1,1,400344,0,0,0,0,0,0,0,0,0,0
2,1,400344,0,0,0,0,0,0,0,0,0,0
1,1,400345,0,0,0,0,0,0,0,0,0,0
2,1,400345,9,7,0,12,0,0,7,13,0,18
1,1,400346,0,0,0,0,0,0,0,0,0,0
2,1,400346,0,0,0,0,0,0,0,0,0,0
3,1,400346,0,0,0,0,0,0,0,0,0,0
1,1,400347,0,16,19,31,0,0,13,12,24,14
2,1,400347,0,0,0,0,0,0,0,0,0,0
1,1,400348,0,0,0,0,0,0,0,0,0,0
2,1,400348,0,0,0,0,0,0,0,0,0,0
1,1,400349,22,22,22,22,22,22,22,22,22,22
1,1,400350,13,13,13,13,13,13,13,13,13,13
1,1,400351,0,0,0,0,0,0,0,0,0,0
2,1,400351,0,0,0,0,0,0,0,0,0,0
1,1,400352,13,13,13,13,13,13,13,13,13,13
1,1,400353,0,0,0,0,0,0,0,0,0,0
0,1,400354,17,17,17,17,17,17,17,17,17,17
0,2,400354,0,0,0,0,0,0,0,0,0,0
1,1,400354,0,0,0,22,0,0,0,0,0,13
1,1,400355,17,17,17,17,17,17,17,17,17,17
1,1,400356,0,0,0,0,0,0,0,0,0,0
1,1,400357,0,0,0,0,0,0,0,0,0,0
2,1,400357,0,0,0,0,0,0,0,0,0,0
1,1,400358,0,0,0,0,0,0,0,0,0,0
2,1,400358,0,0,0,0,0,0,0,0,0,0
1,1,400359,0,0,0,6,0,0,0,0,0,0
2,1,400359,0,0,0,0,0,0,0,0,0,0
1,1,400360,0,0,0,0,0,0,0,0,0,0
2,1,400360,0,0,0,0,0,0,0,0,0,0
3,1,400360,0,0,0,0,0,0,0,0,0,0
1,1,400361,0,22,0,0,8,0,0,6,0,0
1,1,400362,0,0,0,0,0,0,0,0,0,0
2,1,400362,0,0,0,0,0,0,0,0,0,0
1,1,400363,22,22,22,22,22,22,22,22,22,22
1,1,400364,34,34,34,34,34,34,34,34,34,34
1,1,400365,17,0,13,7,0,0,0,11,0,0
1,1,400366,0,0,0,0,0,0,0,0,0,0
2,1,400366,0,0,0,0,0,0,0,0,0,0
1,1,400367,0,0,0,0,0,0,0,0,0,0
1,1,400368,0,0,0,0,0,0,0,0,0,0
2,1,400368,0,0,0,0,0,0,0,0,0,0
1,1,400369,0,0,0,0,0,0,0,0,0,0
3,1,400370,0,0,0,0,0,0,0,0,0,0
1,1,400371,0,0,0,0,0,0,0,0,0,0
2,1,400371,0,0,0,0,0,0,0,0,0,0
1,1,400372,32,32,32,32,32,32,32,32,32,32
1,1,400373,3,3,3,3,3,3,3,3,3,3
2,1,400373,0,0,0,0,0,0,0,0,0,0
1,1,400374,14,14,14,14,14,14,14,14,14,14
2,1,400374,0,0,0,0,0,0,0,0,0,0
1,1,400375,0,0,0,0,0,0,0,0,0,0
1,1,400376,33,33,33,33,33,33,33,33,33,33
1,1,400377,22,22,22,22,22,22,22,22,22,22
0,1,400378,15,15,15,15,15,15,15,15,15,15
1,1,400378,0,0,0,0,5,14,8,3,0,0
1,1,400379,3,3,3,3,3,3,3,3,3,3
2,1,400379,14,14,14,14,14,14,14,14,14,14
3,1,400379,0,0,0,0,0,0,0,0,0,0
1,1,400380,0,0,0,0,0,0,0,0,0,0
2,1,400380,0,0,0,0,0,0,0,0,0,0
1,1,400381,0,0,0,0,0,0,0,0,0,0
2,1,400381,0,0,0,0,0,0,0,0,0,0
3,1,400381,0,0,0,0,0,0,0,0,0,0
1,1,400382,0,0,0,0,0,0,0,0,0,0
2,1,400382,0,0,0,0,0,0,0,0,14,0
1,1,400383,0,0,0,0,0,0,0,0,0,0
1,1,400384,0,0,0,0,0,0,0,0,0,0
1,1,400385,0,0,0,0,0,0,0,0,0,0
2,1,400385,0,0,0,0,0,0,0,0,0,0
3,1,400385,0,0,0,0,0,3,0,0,6,0
4,1,400385,0,0,0,0,0,0,0,0,0,0
1,1,400386,28,28,28,28,28,28,28,28,28,28
2,1,400386,0,0,0,0,0,0,0,0,0,0
1,1,400387,0,0,0,0,0,0,0,0,0,0
1,1,400388,24,24,24,24,24,24,24,24,24,24
2,1,400388,0,0,0,0,0,0,0,0,0,0
1,1,400389,0,0,0,0,0,0,0,0,0,0
2,1,400389,0,0,0,0,0,0,0,0,0,0
1,1,400390,25,25,25,25,25,25,25,25,25,25
2,1,400390,0,0,0,0,0,0,0,0,0,0
1,1,400391,0,0,0,0,0,0,0,0,0,0
2,1,400391,0,0,0,0,0,0,0,0,0,0
3,1,400391,0,0,0,0,0,0,0,0,0,0
1,1,400392,4,4,4,4,4,4,4,4,4,4
2,1,400392,4,4,4,4,4,4,4,4,4,4
1,1,400393,12,12,12,12,12,12,12,12,12,12
1,1,400394,25,25,25,25,25,25,25,25,25,25
0,1,400395,11,11,11,11,11,11,11,11,11,11
1,1,400395,0,0,0,20,0,0,0,0,0,0
1,1,400396,0,0,0,0,0,0,0,0,0,0
2,1,400396,0,0,0,0,0,0,0,0,0,0
0,1,400397,0,0,0,0,0,0,0,0,0,0
1,1,400397,0,0,0,0,0,0,0,0,0,0
1,1,400398,0,0,0,0,0,0,0,0,0,0
2,1,400398,0,0,0,0,0,0,0,0,0,0
1,1,400399,22,22,22,22,22,22,22,22,22,22
0,1,400400,0,0,0,0,0,0,0,0,0,0
0,2,400400,0,0,0,0,27,0,0,0,0,0
1,1,400400,0,0,0,0,0,0,0,0,0,0
1,1,400401,13,13,13,13,13,13,13,13,13,13
1,1,400402,0,0,0,0,0,0,0,0,0,0
2,1,400402,0,0,0,0,0,0,0,0,0,0
1,1,400403,0,0,0,0,0,0,0,0,0,0
2,1,400403,0,0,0,0,0,0,0,0,0,0
1,1,400404,14,14,14,14,14,14,14,14,14,14
1,1,400405,0,0,0,0,0,0,0,0,0,0
0,1,400406,22,22,22,22,22,22,22,22,22,22
1,1,400406,0,0,0,0,4,0,0,0,0,0
1,1,400407,0,0,0,0,0,0,0,0,0,0
2,1,400407,0,0,0,0,0,0,0,0,0,0
1,1,400408,0,0,0,0,0,0,0,0,0,0
1,1,400409,22,22,22,22,22,22,22,22,22,22
1,1,400410,21,21,21,21,21,21,21,21,21,21
0,1,400411,12,12,12,12,12,12,12,12,12,12
1,1,400411,0,0,0,0,0,0,0,0,0,0
1,1,400412,0,0,0,0,0,0,0,0,0,0
2,1,400412,0,0,0,0,0,0,0,0,0,0
1,1,400413,0,0,0,0,0,0,0,0,0,0
1,1,400414,0,0,0,0,0,0,0,0,0,0
2,1,400414,0,0,0,10,0,0,0,2,0,0
1,1,400415,0,0,0,0,0,0,0,0,0,0
1,1,400416,8,8,8,8,8,8,8,8,8,8
2,1,400416,0,0,0,0,0,0,0,0,0,0
1,1,400417,0,0,0,0,0,0,0,0,0,0
2,1,400417,0,0,0,0,0,0,0,0,0,0
1,1,400418,0,0,0,0,0,0,0,0,0,0
1,1,400419,25,25,25,25,25,25,25,25,25,25
2,1,400419,0,0,0,0,0,0,0,0,0,0
1,1,400420,0,0,0,0,0,0,0,0,0,0
0,1,400421,16,16,16,16,16,16,16,16,16,16
1,1,400421,24,24,24,24,24,24,24,24,24,24
1,1,400422,0,0,0,0,0,0,0,0,0,0
1,1,400423,15,32,20,26,29,17,16,23,42,39
1,1,400424,16,16,16,16,16,16,16,16,16,16
1,1,400425,22,22,22,22,22,22,22,22,22,22
1,1,400426,0,0,0,0,0,0,0,0,0,0
2,1,400426,0,0,0,0,0,0,0,0,0,0
1,1,400427,5,5,5,5,5,5,5,5,5,5
1,1,400428,0,0,0,0,0,0,0,0,0,0
1,1,400429,26,26,26,26,26,26,26,26,26,26
2,1,400429,0,0,0,0,0,0,0,0,0,0
1,1,400430,0,0,0,0,0,0,0,0,0,0
2,1,400430,0,0,0,0,0,0,0,0,0,0
1,1,400431,0,0,0,0,0,0,0,0,0,0
1,1,400432,0,15,0,0,0,0,0,0,0,0
2,1,400432,0,0,0,0,0,0,0,0,0,0
1,1,400433,0,0,0,0,0,0,0,0,0,0
1,1,400434,13,13,13,13,13,13,13,13,13,13
1,1,400435,0,0,0,0,0,0,0,0,0,0
2,1,400435,0,0,0,0,0,0,0,0,0,0
1,1,400436,0,0,0,0,0,0,0,0,0,0
2,1,400436,0,8,0,0,0,0,0,0,0,0
1,1,400437,0,0,0,0,0,0,0,0,0,0
2,1,400437,0,0,0,0,0,0,0,0,0,0
1,1,400438,0,0,0,0,0,0,0,0,0,0
1,1,400439,0,0,0,0,0,0,0,0,0,0
1,1,400440,0,0,0,0,0,0,0,0,0,0
2,1,400440,0,0,0,0,0,0,0,0,0,0
1,1,400441,0,0,0,0,0,0,0,0,0,0
1,1,400442,0,0,0,0,0,0,0,0,0,0
1,1,400443,0,0,0,0,0,0,0,0,0,0
2,1,400443,0,0,0,0,0,0,0,0,0,0
1,1,400444,0,0,0,0,0,0,0,0,0,0
2,1,400444,0,0,0,0,0,0,0,0,0,0
1,1,400445,13,13,13,13,13,13,13,13,13,13
1,1,400446,0,0,0,0,0,0,0,0,0,0
2,1,400446,0,0,0,0,0,0,0,0,0,0
1,1,400447,21,22,5,21,24,9,13,29,0,28
1,1,400448,23,23,23,23,23,23,23,23,23,23
1,1,400449,23,23,23,23,23,23,23,23,23,23
1,1,400450,0,0,0,0,0,0,0,0,0,0
1,1,400451,0,0,0,0,0,0,0,0,0,0
1,1,400452,0,0,0,0,0,0,0,0,0,0
2,1,400452,0,0,0,0,0,0,0,0,0,0
1,1,400453,0,0,0,0,0,0,18,0,20,0
2,1,400453,0,0,0,0,0,0,0,0,0,0
1,1,400454,21,21,21,21,21,21,21,21,21,21
1,1,400455,0,0,0,0,0,0,0,0,0,0
2,1,400455,0,0,0,0,0,0,0,0,0,0
1,1,400456,0,0,0,0,0,0,0,0,0,0
0,1,400457,0,0,0,0,0,0,0,0,0,0
1,1,400457,0,0,0,0,0,0,0,0,0,0
1,1,400458,0,0,0,0,0,0,0,0,0,0
1,1,400459,0,13,10,0,0,0,17,0,18,13
1,1,400460,0,0,0,0,0,0,0,0,0,0
2,1,400460,0,0,0,0,0,0,0,0,0,0
0,1,400461,0,0,0,0,0,0,0,0,0,0
1,1,400461,9,9,9,9,9,9,9,9,9,9
1,1,400462,0,0,0,0,0,0,0,0,0,0
2,1,400462,0,0,0,0,0,0,0,0,0,0
1,1,400463,0,0,0,0,0,0,0,0,0,0
1,1,400464,22,22,22,22,22,22,22,22,22,22
1,1,400465,0,0,0,0,0,0,0,0,0,0
1,1,400466,0,0,0,0,0,0,0,0,0,0
2,1,400466,0,0,0,0,0,0,0,0,12,0
1,1,400467,0,0,0,0,0,0,0,0,0,0
1,1,400468,0,0,0,0,0,0,0,0,0,0
1,1,400469,0,0,0,0,0,0,0,0,0,0
2,1,400469,0,0,0,0,0,0,0,0,0,0
1,1,400470,25,25,25,25,25,25,25,25,25,25
1,1,400471,0,0,0,0,0,0,0,0,0,0
2,1,400471,0,0,0,0,0,0,0,0,0,0
1,1,400472,0,0,0,0,0,0,0,0,0,0
2,1,400472,0,0,0,0,0,0,0,10,0,0
1,1,400473,10,10,10,10,10,10,10,10,10,10
0,1,400474,0,0,0,0,0,0,0,0,0,0
1,1,400474,21,21,21,21,21,21,21,21,21,21
0,1,400475,24,24,24,24,24,24,24,24,24,24
1,1,400475,0,0,0,0,0,0,0,0,0,0
1,1,400476,20,20,20,20,20,20,20,20,20,20
1,1,400477,17,17,17,17,17,17,17,17,17,17
1,1,400478,21,21,21,21,21,21,21,21,21,21
1,1,400479,13,13,13,13,13,13,13,13,13,13
1,1,400480,0,0,0,0,0,0,0,0,0,0
1,1,400481,0,0,0,0,0,0,0,0,0,0
2,1,400481,0,0,0,0,0,0,0,0,0,0
1,1,400482,14,14,14,14,14,14,14,14,14,14
1,1,400483,0,0,0,0,0,0,0,0,0,0
2,1,400483,0,0,0,0,0,0,0,0,0,0
1,1,400484,0,0,0,0,0,0,0,0,0,0
2,1,400484,0,14,7,0,0,0,0,0,0,0
1,1,400485,0,0,0,0,0,0,0,0,0,0
1,1,400486,0,0,0,0,0,0,0,0,0,0
2,1,400486,0,0,0,0,0,0,0,0,0,0
1,1,400487,0,0,0,0,0,0,0,0,0,0
2,1,400487,0,0,0,0,0,0,0,0,0,0
0,1,400488,19,19,19,19,19,19,19,19,19,19
1,1,400488,0,0,0,0,0,0,0,0,0,0
1,1,400489,15,15,15,15,15,15,15,15,15,15
1,1,400490,31,31,31,31,31,31,31,31,31,31
1,1,400491,0,0,0,0,0,0,0,0,0,0
2,1,400491,0,0,0,0,0,0,0,0,0,0
1,1,400492,0,0,0,0,0,0,0,0,0,0
2,1,400492,0,0,0,0,0,0,0,0,0,0
1,1,400493,30,30,30,30,30,30,30,30,30,30
1,1,400494,0,0,0,0,0,0,0,0,0,0
2,1,400494,0,0,0,0,0,0,0,0,0,0
1,1,400495,0,0,0,0,0,0,0,0,0,0
1,1,400496,25,25,25,25,25,25,25,25,25,25
1,1,400497,26,26,26,26,26,26,26,26,26,26
2,1,400497,0,0,0,0,0,0,0,0,0,0
1,1,400498,0,0,0,0,0,0,0,0,0,0
2,1,400498,0,0,0,0,0,0,0,0,0,0
3,1,400498,0,0,0,0,0,0,0,0,0,0
1,1,400499,0,0,0,0,0,0,0,0,0,0
1,1,400500,0,0,0,0,0,0,0,0,0,0
1,1,400501,0,0,0,0,0,0,0,0,0,0
2,1,400501,0,0,0,0,0,0,0,0,0,0
1,1,400502,0,0,0,0,0,0,0,0,0,0
2,1,400502,0,0,0,0,0,0,0,0,0,0
1,1,400503,21,21,21,21,21,21,21,21,21,21
1,1,400504,20,20,20,20,20,20,20,20,20,20
1,1,400505,20,20,20,20,20,20,20,20,20,20
1,1,400506,0,0,0,0,0,0,0,0,0,0
2,1,400506,0,0,0,0,0,0,0,0,0,0
1,1,400507,0,0,0,0,0,0,0,0,0,0
2,1,400507,0,0,0,0,0,0,0,0,0,0
1,1,400508,0,0,0,0,0,0,0,0,0,0
2,1,400508,0,0,0,0,0,0,0,0,0,0
1,1,400509,15,15,15,15,15,15,15,15,15,15
2,1,400509,0,0,0,0,0,0,0,0,0,0
0,1,400510,0,0,0,0,0,0,0,0,0,0
1,1,400510,0,0,0,0,0,0,0,0,0,0
1,1,400511,13,13,13,13,13,13,13,13,13,13
1,1,400512,21,21,21,21,21,21,21,21,21,21
1,1,400513,0,0,0,0,0,0,0,0,0,0
2,1,400513,0,0,0,0,20,0,0,0,0,17
1,1,400514,0,0,0,0,0,0,0,0,0,0
2,1,400514,0,0,0,0,0,0,0,0,0,0
1,1,400515,7,12,24,0,0,30,0,0,0,6
2,1,400515,20,20,20,20,20,20,20,20,20,20
1,1,400516,27,27,27,27,27,27,27,27,27,27
1,1,400517,0,0,0,0,0,0,0,0,0,0
2,1,400517,0,0,0,0,0,0,0,0,0,0
1,1,400518,0,0,0,0,0,0,0,0,0,0
1,1,400519,0,0,0,0,0,0,0,0,0,0
1,1,400520,0,0,0,0,0,0,0,0,0,0
2,1,400520,0,0,0,0,0,0,0,0,0,0
1,1,400521,0,0,0,0,0,0,0,0,0,0
1,1,400522,0,0,0,0,0,0,0,0,0,0
0,1,400523,12,12,12,12,12,12,12,12,12,12
0,2,400523,0,0,18,0,0,0,0,0,0,0
1,1,400523,0,0,0,0,0,0,0,0,0,0
1,1,400524,29,29,29,29,29,29,29,29,29,29
0,1,400525,33,33,33,33,33,33,33,33,33,33
1,1,400525,0,0,0,0,0,0,0,0,0,0
1,1,400526,0,0,0,0,0,0,0,0,0,0
2,1,400526,0,0,0,0,0,0,0,0,0,0
1,1,400527,25,25,25,25,25,25,25,25,25,25
0,1,400528,19,19,19,19,19,19,19,19,19,19
1,1,400528,0,0,0,0,0,0,0,0,0,0
1,1,400529,0,0,0,0,0,0,0,0,0,0
2,1,400529,0,0,0,0,0,0,0,9,0,0
0,1,400530,18,18,18,18,18,18,18,18,18,18
1,1,400530,8,8,8,8,8,8,8,8,8,8
1,1,400531,0,0,0,0,0,0,0,0,0,0
1,1,400532,0,0,0,0,0,0,0,0,0,0
2,1,400532,0,0,0,0,0,0,0,0,0,0
1,1,400533,0,0,0,0,0,0,0,0,0,0
1,1,400534,0,0,0,0,0,0,0,0,0,0
2,1,400534,0,0,0,0,0,0,0,0,0,0
1,1,400535,0,0,0,0,0,0,0,0,0,0
1,1,400536,0,0,0,0,0,0,0,0,0,20
2,1,400536,0,0,0,0,0,0,0,0,0,0
3,1,400536,0,0,0,0,0,0,0,0,0,0
1,1,400537,0,0,0,0,0,0,0,0,0,0
2,1,400537,0,0,0,0,0,0,0,0,0,0
1,1,400538,10,10,10,10,10,10,10,10,10,10
1,1,400539,0,0,0,0,0,0,0,0,0,0
2,1,400539,0,0,0,0,0,0,0,0,0,0
3,1,400539,0,0,0,0,0,0,0,0,0,0
4,1,400539,0,0,0,0,0,0,0,0,0,0
1,1,400540,0,0,0,0,0,0,0,0,0,0
2,1,400540,0,0,0,0,0,0,0,4,0,0
3,1,400540,0,0,0,0,0,0,0,0,0,0
1,1,400541,0,0,0,0,0,0,0,0,0,0
1,1,400542,21,21,21,21,21,21,21,21,21,21
1,1,400543,25,25,25,25,25,25,25,25,25,25
2,1,400543,0,0,0,0,0,6,0,0,0,0
0,1,400544,0,0,0,0,0,0,0,0,0,0
1,1,400544,0,0,0,0,0,0,0,0,0,0
1,1,400545,27,27,27,27,27,27,27,27,27,27
1,1,400546,0,0,0,0,0,0,0,0,0,0
0,1,400547,0,0,0,0,0,0,19,0,0,0
1,1,400547,0,0,0,0,0,0,0,0,0,0
1,1,400548,0,0,0,0,0,0,0,0,0,0
0,1,400549,0,0,0,0,0,0,0,0,0,0
1,1,400549,0,0,0,0,0,18,0,0,0,0
1,1,400550,0,0,0,0,0,0,0,0,0,0
1,1,400551,26,26,26,26,26,26,26,26,26,26
1,1,400552,0,0,0,0,0,0,0,0,0,0
1,1,400553,0,0,0,0,0,0,0,0,0,0
0,1,400554,5,11,0,0,25,0,0,19,0,0
1,1,400554,0,0,0,0,0,0,0,0,0,0
1,1,400555,0,0,0,0,0,0,0,0,0,0
2,1,400555,0,0,0,0,0,0,0,0,0,0
1,1,400556,0,11,19,12,6,16,22,0,0,17
2,1,400556,0,0,0,0,0,0,0,0,0,0
1,1,400557,0,0,0,0,0,0,0,0,0,0
0,1,400558,0,0,0,0,0,0,0,0,0,0
1,1,400558,0,0,0,0,0,0,0,0,0,0
1,1,400559,8,8,8,8,8,8,8,8,8,8
1,1,400560,27,27,27,27,27,27,27,27,27,27
2,1,400560,0,0,0,0,17,0,0,0,0,0
1,1,400562,0,0,0,0,0,0,0,0,0,0
2,1,400562,0,0,0,0,0,0,0,0,0,0
1,1,400563,28,13,6,9,14,35,11,7,3,15
2,1,400563,0,0,0,0,0,0,0,0,0,0
1,1,400564,0,0,0,0,0,0,0,0,0,0
1,1,400565,15,15,15,15,15,15,15,15,15,15
1,1,400566,0,0,0,0,0,0,0,0,0,0
1,1,400567,0,0,0,0,0,0,0,0,0,0
1,1,400568,0,0,0,0,0,0,0,0,0,0
1,1,400569,0,0,0,0,0,0,0,0,0,0
1,1,400570,0,0,0,0,0,0,0,0,0,0
1,1,400571,8,5,9,8,4,30,13,12,31,11
2,1,400571,0,0,0,0,0,0,0,0,0,0
0,1,400572,0,0,0,0,0,0,0,0,0,0
1,1,400572,0,0,0,0,0,0,0,0,0,0
1,1,400573,0,0,0,0,0,0,0,0,0,0
2,1,400573,0,0,0,0,0,0,0,0,0,0
3,1,400573,0,0,0,0,0,0,0,12,0,0
4,1,400573,0,0,0,0,0,0,0,0,0,0
1,1,400574,0,0,0,0,0,0,0,0,0,0
2,1,400574,0,0,0,0,0,0,0,0,0,0
3,1,400574,0,0,0,0,0,0,0,0,0,0
1,1,400575,0,0,0,0,0,0,0,0,0,0
2,1,400575,0,0,0,0,0,0,0,0,0,0
1,1,400576,0,0,0,0,0,0,0,0,0,0
1,1,400577,6,18,0,5,9,0,7,0,11,4
1,1,400578,0,0,0,0,0,0,0,0,0,0
2,1,400578,0,0,0,0,0,0,0,0,0,0
1,1,400579,0,0,0,0,0,0,0,0,0,0
2,1,400579,0,0,0,0,0,0,0,0,0,0
1,1,400580,0,0,0,0,0,0,0,0,0,0
1,1,400581,12,12,12,12,12,12,12,12,12,12
2,1,400581,0,0,0,0,0,0,0,0,0,0
3,1,400581,0,0,0,0,0,0,0,0,0,0
1,1,400582,0,0,0,0,0,0,0,0,0,0
1,1,400583,0,0,0,0,0,0,0,0,0,0
1,1,400584,0,0,0,0,0,0,0,0,0,0
2,1,400584,0,0,0,0,0,0,0,0,0,0
1,1,400585,0,0,0,0,0,0,0,0,0,0
2,1,400585,0,0,0,0,0,0,0,0,0,0
1,1,400586,0,0,0,0,0,0,0,0,0,0
2,1,400586,0,0,0,0,0,0,0,0,0,0
1,1,400587,14,14,14,14,14,14,14,14,14,14
1,1,400588,15,15,15,15,15,15,15,15,15,15
2,1,400588,0,0,0,0,0,0,0,0,0,0
1,1,400589,0,0,0,0,0,0,0,0,0,0
1,1,400590,0,0,0,0,0,0,0,0,0,0
0,1,400591,0,0,0,0,0,0,0,0,0,0
1,1,400591,0,0,0,0,0,0,0,0,0,0
1,1,400592,0,0,0,0,0,0,0,0,0,0
2,1,400592,0,0,0,0,0,0,0,0,0,0
1,1,400593,0,0,0,0,0,0,0,0,0,0
2,1,400593,0,0,0,0,0,0,0,0,0,0
1,1,400594,0,0,0,0,0,0,0,0,0,0
1,1,400595,0,0,0,0,0,0,0,0,0,0
1,1,400596,0,0,0,0,0,0,0,0,0,0
1,1,400597,0,0,0,0,0,0,0,0,0,0
2,1,400597,0,0,0,0,0,0,0,0,0,0
1,1,400598,0,0,0,0,0,0,0,0,0,0
1,1,400599,0,0,0,0,0,0,0,0,0,0
1,1,400600,0,0,0,0,0,0,0,0,0,0
1,1,400601,0,0,0,0,0,0,0,0,0,0
1,1,400602,0,0,0,0,0,0,0,0,0,0
2,1,400602,0,0,0,0,0,0,0,0,0,0
1,1,400603,0,0,0,0,0,0,0,0,0,0
1,1,400604,0,0,0,0,0,0,0,0,0,0
2,1,400604,0,0,0,0,0,0,0,0,0,0
1,1,400605,0,0,15,0,0,0,11,0,21,0
1,1,400606,0,0,0,0,0,0,0,0,0,0
1,1,400607,0,0,0,0,0,0,0,0,0,0
2,1,400607,0,0,0,0,0,0,0,0,0,0
3,1,400607,0,0,0,0,0,0,0,0,0,0
1,1,400608,0,0,0,0,0,0,0,0,0,0
2,1,400608,0,0,0,0,0,0,0,0,0,0
1,1,400609,0,0,0,0,0,0,0,0,0,0
1,1,400610,16,16,16,16,16,16,16,16,16,16
1,1,400611,17,17,17,17,17,17,17,17,17,17
1,1,400612,0,0,0,0,0,0,0,0,0,0
2,1,400612,0,0,0,0,0,0,0,0,0,0
1,1,400613,21,21,21,21,21,21,21,21,21,21
2,1,400613,0,0,0,0,0,0,0,0,0,0
1,1,400614,2,2,2,2,2,2,2,2,2,2
1,1,400615,0,0,0,0,0,0,0,0,0,0
1,1,400616,0,0,0,0,0,0,0,0,0,0
2,1,400616,0,0,0,0,0,0,0,0,0,0
1,1,400617,16,16,16,16,16,16,16,16,16,16
2,1,400617,0,0,0,0,0,0,0,0,0,0
1,1,400618,44,44,44,44,44,44,44,44,44,44
1,1,400619,8,8,8,8,8,8,8,8,8,8
0,1,400620,22,22,22,22,22,22,22,22,22,22
0,2,400620,11,9,10,20,10,10,0,22,27,14
2,1,400620,2,2,2,2,2,2,2,2,2,2
0,1,400621,0,0,0,0,0,0,0,0,0,0
1,1,400621,0,0,0,0,0,0,0,0,0,0
1,1,400622,0,0,0,0,0,0,0,0,0,0
2,1,400622,0,0,0,0,0,0,0,0,0,0
3,1,400622,0,0,0,0,0,0,0,0,0,0
1,1,400623,0,0,0,0,0,0,0,0,0,0
1,1,400624,23,23,23,23,23,23,23,23,23,23
1,1,400625,0,0,0,0,0,0,0,0,0,0
2,1,400625,0,0,0,0,0,0,0,0,0,0
1,1,400626,28,28,28,28,28,28,28,28,28,28
1,1,400627,0,0,0,0,0,0,0,0,0,0
2,1,400627,0,0,0,0,0,0,0,0,0,0
1,1,400628,0,7,0,0,0,0,0,0,8,0
1,1,400629,8,8,8,8,8,8,8,8,8,8
2,1,400629,0,0,0,0,0,0,0,0,0,0
3,1,400629,0,0,0,0,0,0,0,0,0,0
1,1,400630,0,0,0,0,0,0,0,0,0,0
2,1,400630,0,0,0,0,0,0,0,0,0,0
3,1,400630,0,0,0,0,0,0,0,0,0,0
1,1,400631,8,8,8,8,8,8,8,8,8,8
1,1,400632,0,0,0,0,0,0,0,0,0,0
2,1,400632,0,0,0,0,0,0,0,0,0,0
1,1,400633,20,20,20,20,20,20,20,20,20,20
1,1,400634,0,0,0,0,0,0,0,0,0,0
1,1,400635,4,4,4,4,4,4,4,4,4,4