VEH_NO,PER_NO,ST_CASE,P1,P2,P3,P4,P5,P6,P7,P8,P9,P10
1,1,410282,0,0,0,0,0,0,0,0,0,0
0,1,410283,7,7,7,7,7,7,7,7,7,7
0,2,410283,15,15,15,15,15,15,15,15,15,15
1,1,410283,13,13,13,13,13,13,13,13,13,13
0,1,410284,0,0,0,0,0,0,0,0,0,0
0,2,410284,0,0,0,0,0,0,0,0,0,0
1,1,410285,20,20,20,20,20,20,20,20,20,20
1,1,410286,0,0,0,0,0,0,0,0,0,0
2,1,410286,0,0,0,0,0,0,0,0,0,0
1,1,410287,20,20,20,20,20,20,20,20,20,20
1,1,410288,24,24,24,24,24,24,24,24,24,24
1,1,410289,18,18,18,18,18,18,18,18,18,18
1,1,410290,19,19,19,19,19,19,19,19,19,19
1,1,410291,11,11,11,11,11,11,11,11,11,11
1,1,410292,11,11,11,11,11,11,11,11,11,11
1,1,410293,11,11,11,11,11,11,11,11,11,11
1,1,410294,24,18,32,15,21,21,16,15,15,20
0,1,410295,12,12,12,12,12,12,12,12,12,12
1,1,410295,13,0,11,5,0,0,7,0,11,0
1,1,410296,0,0,0,0,0,0,0,0,0,0
1,1,410297,0,0,0,0,0,0,0,0,0,0
1,1,410298,22,22,22,22,22,22,22,22,22,22
1,1,410299,0,0,0,0,0,0,0,19,0,0
2,1,410299,0,0,0,0,0,0,0,0,0,0
1,1,410300,0,0,0,0,0,0,0,0,0,0
1,1,410301,0,0,0,0,0,0,0,0,0,0
2,1,410301,0,0,0,0,0,0,0,0,0,0
1,1,410302,0,0,0,0,0,0,0,0,0,0
1,1,410303,24,24,24,24,24,24,24,24,24,24
1,1,410304,13,13,13,13,13,13,13,13,13,13
0,1,410305,0,0,0,0,0,0,0,0,0,0
1,1,410305,0,0,0,0,0,0,0,0,0,0
1,1,410306,0,0,0,0,0,0,0,0,0,0
0,1,410307,0,0,0,0,0,0,0,0,0,0
1,1,410307,0,0,0,0,0,0,0,0,0,0
0,1,410308,0,0,0,0,0,0,0,0,0,0
1,1,410308,0,0,0,0,0,0,0,0,0,0
0,1,410309,0,0,0,0,0,0,0,0,0,0
1,1,410309,0,0,0,0,0,0,0,0,16,0
0,1,410310,0,0,0,0,0,0,0,0,0,0
1,1,410310,0,0,0,0,0,0,0,0,0,0
1,1,410311,0,0,0,0,0,0,0,0,0,0
1,1,410312,0,0,0,0,0,0,0,0,0,0
2,1,410312,0,0,0,0,0,0,0,0,0,0
0,1,410313,18,18,18,18,18,18,18,18,18,18
1,1,410313,0,0,0,0,0,0,0,0,0,0
1,1,410314,0,0,0,0,0,0,0,0,0,0
1,1,410315,0,0,0,0,0,0,0,0,0,0
2,1,410315,0,0,0,0,0,0,0,0,0,0
3,1,410315,0,0,0,0,0,0,0,0,0,0
1,1,410316,0,0,0,0,0,0,0,0,0,0
2,1,410316,32,32,32,32,32,32,32,32,32,32
1,1,410317,10,10,10,10,10,10,10,10,10,10
0,1,410318,17,17,17,17,17,17,17,17,17,17
1,1,410318,0,0,0,0,0,0,0,0,0,0
1,1,410319,8,8,8,8,8,8,8,8,8,8
1,1,410320,0,0,0,0,0,0,0,0,0,0
1,1,410321,0,0,0,0,0,0,0,0,0,0
2,1,410321,0,0,0,0,0,0,0,0,22,0
1,1,410322,16,16,16,16,16,16,16,16,16,16
1,1,410323,0,0,0,0,0,0,0,0,0,0
1,1,410324,1,1,1,1,1,1,1,1,1,1
1,1,410325,0,0,0,0,0,0,0,0,0,0
2,1,410325,0,0,0,0,0,0,0,0,0,0
3,1,410325,0,0,0,0,0,0,0,10,21,0
1,1,410326,0,0,0,0,0,0,0,0,0,0
2,1,410326,0,0,0,0,0,0,0,0,0,0
1,1,410327,0,0,0,0,0,0,0,0,0,0
2,1,410327,0,0,0,0,0,0,0,0,0,0
3,1,410327,0,0,0,0,0,0,0,0,0,0
1,1,410328,0,0,0,0,0,0,0,0,0,0
0,1,410329,0,0,0,0,0,0,0,0,0,0
1,1,410329,0,0,0,0,0,0,0,0,0,0
1,1,410330,0,0,0,9,0,0,0,0,0,0
2,1,410330,0,0,0,0,0,0,0,0,0,0
1,1,410331,0,0,0,0,0,4,0,0,0,0
0,1,410332,0,0,0,0,0,0,0,0,0,0
1,1,410332,0,0,0,0,0,0,0,0,0,0
1,1,410334,11,11,11,11,11,11,11,11,11,11
1,1,410335,0,0,0,0,0,0,0,0,0,0
2,1,410335,0,0,0,0,0,0,0,0,0,0
1,1,410336,0,0,0,0,0,0,0,0,0,0
2,1,410336,0,0,0,0,0,0,0,0,0,0
3,1,410336,0,0,0,0,0,0,0,0,0,0
1,1,410337,0,0,0,0,0,0,0,0,0,0
2,1,410337,0,0,0,0,0,0,0,0,0,0
1,1,410338,5,5,5,5,5,5,5,5,5,5
1,1,410339,0,0,0,0,0,0,0,0,0,0
2,1,410339,0,0,0,0,0,0,0,0,0,0
1,1,410340,0,0,0,0,0,0,0,0,0,0
2,1,410340,0,0,0,0,0,0,0,0,0,0
0,1,410341,0,0,0,0,0,0,0,0,0,0
1,1,410341,0,0,0,0,0,0,0,0,0,0
0,1,410342,27,27,27,27,27,27,27,27,27,27
1,1,410342,0,0,0,0,0,0,0,0,0,0
1,1,410343,16,16,16,16,16,16,16,16,16,16
2,1,410343,0,0,0,0,0,0,0,0,0,0
0,1,410344,24,24,24,24,24,24,24,24,24,24
1,1,410344,15,15,15,15,15,15,15,15,15,15
1,1,410345,0,0,0,0,0,0,0,0,0,0
0,1,410346,0,0,0,0,0,0,0,0,0,0
1,1,410346,0,0,0,0,0,0,0,0,0,0
0,1,410347,30,30,30,30,30,30,30,30,30,30
1,1,410347,0,0,0,0,0,0,0,0,0,0
1,1,410348,0,0,0,0,0,0,0,0,0,0
1,1,410349,9,9,9,9,9,9,9,9,9,9
0,1,410350,3,3,3,3,3,3,3,3,3,3
1,1,410350,0,0,0,0,0,0,0,0,0,0
1,1,410351,17,17,17,17,17,17,17,17,17,17
2,1,410351,0,0,0,0,0,0,0,0,0,0
3,1,410351,0,0,0,0,0,0,0,0,0,0
4,1,410351,0,0,0,0,0,0,0,0,0,0
0,1,410352,19,19,19,19,19,19,19,19,19,19
1,1,410352,2,0,9,0,10,0,0,0,0,0
1,1,410353,1,1,1,1,1,1,1,1,1,1
2,1,410353,0,0,0,0,0,0,0,0,0,0
1,1,410354,0,0,0,0,0,0,0,0,0,0
1,1,410355,5,4,8,7,19,12,23,25,14,12
0,1,410356,0,0,0,0,0,0,0,0,0,0
1,1,410356,0,0,0,0,0,0,0,0,0,0
1,1,410357,0,0,0,0,0,0,0,0,0,0
0,1,410358,0,0,0,0,0,0,0,0,0,0
1,1,410358,0,0,0,0,0,0,0,0,0,0
1,1,410359,0,0,0,0,0,0,0,0,0,0
1,1,410360,0,0,0,0,0,0,0,0,0,0
2,1,410360,0,0,0,0,0,0,0,0,0,0
1,1,410361,23,23,23,23,23,23,23,23,23,23
1,1,410362,18,18,18,18,18,18,18,18,18,18
1,1,410363,26,26,26,26,26,26,26,26,26,26
0,1,410364,29,29,29,29,29,29,29,29,29,29
1,1,410364,0,0,0,0,0,0,0,0,0,0
1,1,410365,0,0,0,0,0,0,0,0,0,0
2,1,410365,0,0,0,0,0,9,0,11,0,0
0,1,410366,0,0,0,0,0,0,0,0,0,0
0,2,410366,6,10,24,7,13,6,0,0,5,0
1,1,410366,19,19,19,19,19,19,19,19,19,19
1,1,410367,1,1,1,1,1,1,1,1,1,1
1,1,410368,29,29,29,29,29,29,29,29,29,29
1,1,410369,0,0,0,0,0,0,0,0,0,0
0,1,410370,0,0,0,0,0,0,0,0,0,0
1,1,410370,0,0,0,0,0,0,0,0,0,0
1,1,410372,0,0,0,0,0,0,0,0,0,0
2,1,410372,0,0,0,0,0,0,0,0,0,0
3,1,410372,0,0,0,0,0,0,0,0,0,0
1,1,410373,0,0,0,0,0,0,0,0,0,0
1,1,420001,17,17,17,17,17,17,17,17,17,17
1,1,420002,0,0,0,0,0,0,0,0,0,0
1,1,420003,0,0,0,0,0,0,0,0,0,0
1,1,420004,0,0,0,0,0,0,0,0,0,0
0,1,420005,0,0,0,0,0,0,0,0,0,0
1,1,420005,1,1,1,1,1,1,1,1,1,1
1,1,420006,25,25,25,25,25,25,25,25,25,25
1,1,420007,20,20,20,20,20,20,20,20,20,20
1,1,420008,9,9,9,9,9,9,9,9,9,9
1,1,420009,21,21,21,21,21,21,21,21,21,21
1,1,420010,0,0,0,0,0,0,0,0,0,0
1,1,420011,23,23,23,23,23,23,23,23,23,23
1,1,420012,4,4,4,4,4,4,4,4,4,4
2,1,420012,0,0,0,9,0,0,0,0,0,0
1,1,420013,0,0,0,0,0,0,0,0,0,0
1,1,420014,0,0,0,0,0,0,0,0,7,0
2,1,420014,0,0,0,0,0,0,0,0,0,0
1,1,420015,0,0,0,0,0,0,0,0,0,0
1,1,420016,0,0,0,0,0,0,0,0,0,0
0,1,420017,0,0,0,0,0,0,0,0,0,0
1,1,420017,0,0,0,0,0,0,0,0,0,0
0,1,420018,0,0,0,0,0,0,0,0,0,0
1,1,420018,15,0,0,0,27,0,17,0,5,0
1,1,420019,0,0,0,0,0,0,0,0,0,0
2,1,420019,0,0,0,0,0,0,0,0,0,0
1,1,420020,0,0,0,0,0,0,0,0,0,0
2,1,420020,0,0,0,0,0,0,0,0,0,0
1,1,420021,0,0,0,0,0,0,0,0,0,0
2,1,420021,0,0,0,0,0,0,0,0,0,0
1,1,420022,0,0,0,0,0,0,0,0,0,0
1,1,420023,17,17,17,17,17,17,17,17,17,17
1,1,420024,20,20,20,20,20,20,20,20,20,20
1,1,420025,24,24,24,24,24,24,24,24,24,24
1,1,420026,0,0,0,0,0,0,0,0,0,0
1,1,420027,20,20,20,20,20,20,20,20,20,20
1,1,420028,23,23,23,23,23,23,23,23,23,23
1,1,420029,16,16,16,16,16,16,16,16,16,16
1,1,420030,18,18,18,18,18,18,18,18,18,18
1,1,420031,0,0,0,0,0,0,0,5,0,0
1,1,420032,34,34,34,34,34,34,34,34,34,34
2,1,420032,0,0,0,0,0,0,0,0,0,0
0,1,420033,0,0,0,0,0,0,0,0,0,0
1,1,420033,0,0,0,0,0,0,0,0,0,0
1,1,420034,16,16,16,16,16,16,16,16,16,16
1,1,420035,0,0,0,0,0,0,0,0,0,0
2,1,420035,0,0,0,0,0,0,0,0,0,0
1,1,420036,0,0,0,0,0,0,0,0,0,0
2,1,420036,0,0,0,0,0,0,0,0,0,0
1,1,420037,0,0,0,0,0,0,0,0,0,0
2,1,420037,0,0,0,0,0,0,0,0,0,0
1,1,420038,6,6,6,6,6,6,6,6,6,6
0,1,420039,0,0,0,0,0,0,0,0,0,0
1,1,420039,0,0,0,0,0,0,0,0,11,0
0,1,420040,0,0,0,0,0,0,0,0,0,0
1,1,420040,0,0,0,0,0,0,0,0,0,0
2,1,420040,0,0,0,0,0,0,0,0,0,0
0,1,420041,0,10,0,0,41,21,0,14,17,0
1,1,420041,0,0,0,0,0,0,0,0,0,0
0,1,420042,0,0,0,0,0,0,0,0,0,0
1,1,420042,0,0,0,0,0,0,0,0,0,0
1,1,420043,0,0,0,0,0,0,0,0,0,0
1,1,420044,19,19,19,19,19,19,19,19,19,19
1,1,420045,0,0,0,0,0,0,0,0,0,0
1,1,420046,12,16,17,18,10,11,11,10,17,33
1,1,420047,0,0,0,0,0,0,0,0,0,0
2,1,420047,0,0,0,0,0,0,0,0,0,0
1,1,420048,0,0,0,0,0,0,0,0,0,0
0,1,420049,0,0,0,0,0,0,0,0,0,0
0,1,420050,5,5,5,5,5,5,5,5,5,5
1,1,420051,7,7,7,7,7,7,7,7,7,7
1,1,420052,0,0,0,0,0,0,0,0,0,0
2,1,420052,0,0,9,0,0,0,0,0,0,0
0,1,420053,0,0,0,0,0,0,0,0,0,0
1,1,420053,0,0,0,0,0,0,0,0,0,0
0,1,420054,0,0,0,0,0,0,0,0,0,0
1,1,420054,0,0,0,0,0,0,0,0,0,0
1,1,420055,18,18,18,18,18,18,18,18,18,18
0,1,420056,17,17,17,17,17,17,17,17,17,17
1,1,420056,1,1,1,1,1,1,1,1,1,1
1,1,420057,27,27,27,27,27,27,27,27,27,27
1,1,420058,0,0,0,0,0,0,0,0,0,0
1,1,420059,33,33,33,33,33,33,33,33,33,33
2,1,420059,0,0,0,0,0,14,0,0,0,0
1,1,420060,0,0,0,0,0,0,0,0,0,0
2,1,420060,0,0,0,0,0,0,0,0,0,0
1,1,420061,0,0,0,0,0,0,0,0,0,0
2,1,420061,0,0,0,0,0,0,0,0,0,0
1,1,420062,0,0,0,0,0,0,0,0,0,0
2,1,420062,0,0,0,0,0,0,0,0,0,0
1,1,420063,27,27,27,27,27,27,27,27,27,27
1,1,420064,0,0,0,0,0,0,0,0,0,0
2,1,420064,0,0,0,0,0,0,0,0,0,0
1,1,420065,12,12,12,12,12,12,12,12,12,12
1,1,420066,0,0,0,0,0,0,0,0,0,0
2,1,420066,0,0,0,0,0,0,0,0,0,0
1,1,420067,17,17,17,17,17,17,17,17,17,17
2,1,420067,0,0,0,0,0,0,0,0,0,0
1,1,420068,0,0,0,0,0,0,0,0,0,0
2,1,420068,0,0,0,0,0,0,0,0,0,0
1,1,420069,0,0,0,0,0,0,0,0,0,0
2,1,420069,0,0,0,0,0,0,0,0,0,0
1,1,420070,1,1,1,1,1,1,1,1,1,1
2,1,420070,0,0,0,0,0,0,0,0,0,0
1,1,420071,0,0,0,0,0,0,0,0,0,0
2,1,420071,0,0,0,0,3,0,0,0,3,0
3,1,420071,0,0,0,0,0,0,0,0,0,0
1,1,420072,12,12,12,12,12,12,12,12,12,12
2,1,420072,15,15,15,15,15,15,15,15,15,15
1,1,420073,0,0,0,0,0,0,0,0,0,0
2,1,420073,0,0,0,0,0,0,0,0,0,0
1,1,420074,0,0,0,0,0,0,0,0,0,0
1,1,420075,0,0,5,0,6,0,27,23,17,23
2,1,420075,0,0,0,0,0,0,0,0,0,0
1,1,420076,0,0,0,0,0,0,0,0,0,0
2,1,420076,0,0,0,0,0,0,0,0,0,0
3,1,420076,0,0,0,0,0,0,0,0,0,0
4,1,420076,0,0,0,0,0,0,0,0,0,0
1,1,420077,0,0,0,0,0,0,0,0,0,0
1,1,420078,0,10,0,0,0,0,0,0,0,19
1,1,420079,0,0,0,0,0,0,0,0,0,0
2,1,420079,0,0,0,0,0,0,0,0,0,0
3,1,420079,0,0,0,0,0,0,0,0,0,0
1,1,420080,8,8,8,8,8,8,8,8,8,8
1,1,420081,0,0,11,9,0,0,0,0,0,0
1,1,420082,0,0,0,0,0,0,0,0,0,0
2,1,420082,0,0,0,0,0,0,0,0,0,0
3,1,420082,0,0,0,0,0,0,0,0,0,0
1,1,420083,0,0,0,0,0,0,0,0,0,0
1,1,420084,0,0,0,0,0,0,0,0,0,0
2,1,420084,0,0,0,0,0,0,0,0,0,0
3,1,420084,0,0,0,0,0,0,0,0,0,0
1,1,420085,0,0,0,0,0,0,0,0,0,0
1,1,420086,0,0,0,0,0,0,0,0,0,0
1,1,420087,0,0,0,0,0,0,0,0,0,0
0,1,420088,18,12,17,17,21,17,15,0,6,0
1,1,420088,13,12,20,11,23,19,15,17,3,20
1,1,420089,0,0,0,0,0,0,0,0,0,0
2,1,420089,0,0,0,0,0,0,0,0,0,0
1,1,420090,0,0,0,0,0,0,0,0,0,0
1,1,420091,0,0,0,0,0,0,0,0,0,0
2,1,420091,0,0,0,0,0,0,0,0,0,0
1,1,420092,14,14,14,14,14,14,14,14,14,14
2,1,420092,15,15,15,15,15,15,15,15,15,15
1,1,420093,0,0,0,0,0,0,0,0,0,0
2,1,420093,0,0,0,0,0,0,0,0,0,0
1,1,420094,0,0,0,0,10,0,0,0,0,0
2,1,420094,0,0,0,0,0,0,0,0,0,0
1,1,420095,30,30,30,30,30,30,30,30,30,30
1,1,420096,0,0,0,0,0,0,0,0,0,0
1,1,420097,30,30,30,30,30,30,30,30,30,30
1,1,420098,20,21,20,25,16,20,45,22,18,21
1,1,420099,36,36,36,36,36,36,36,36,36,36
2,1,420099,0,0,30,0,0,0,7,0,0,0
1,1,420100,0,0,0,0,0,0,0,0,0,0
2,1,420100,0,0,0,0,0,0,0,0,0,0
3,1,420100,0,0,0,0,0,0,0,0,0,0
1,1,420101,12,12,12,12,12,12,12,12,12,12
2,1,420101,0,0,0,0,0,12,0,0,0,0
1,1,420102,0,0,0,0,0,0,0,0,0,0
2,1,420102,0,0,0,0,0,0,0,0,0,0
1,1,420103,0,0,0,0,0,0,0,0,10,0
2,1,420103,0,0,0,0,0,0,0,0,0,0
3,1,420103,0,0,0,0,0,0,0,0,0,0
1,1,420104,0,0,0,0,0,0,0,0,0,0
1,1,420105,8,8,8,8,8,8,8,8,8,8
1,1,420106,0,0,0,0,0,0,0,0,0,0
2,1,420106,0,0,0,0,0,0,0,0,0,0
1,1,420107,21,13,4,7,20,0,0,19,26,11
2,1,420107,0,0,0,0,0,0,0,0,0,0
1,1,420108,0,0,0,0,0,0,0,0,0,0
2,1,420108,0,0,0,0,0,0,0,0,0,0
1,1,420109,0,0,0,0,0,0,0,0,0,0
2,1,420109,0,0,0,0,0,0,0,0,0,0
1,1,420110,21,21,21,21,21,21,21,21,21,21
2,1,420110,0,0,0,0,0,0,0,0,0,15
1,1,420111,4,4,4,4,4,4,4,4,4,4
2,1,420111,0,0,0,0,0,0,0,0,0,0
1,1,420112,27,13,0,23,49,10,11,23,0,0
9,1,420112,0,0,0,0,0,12,0,0,3,23
1,1,420113,20,11,12,19,25,12,16,25,25,19
1,1,420114,0,0,0,0,0,0,0,0,0,0
2,1,420114,0,0,0,0,0,0,0,0,0,0
3,1,420114,0,0,0,0,0,0,0,0,0,0
1,1,420115,22,22,22,22,22,22,22,22,22,22
2,1,420115,0,0,0,0,0,0,0,0,0,0
1,1,420116,0,0,0,0,0,0,0,0,0,0
1,1,420117,16,10,31,14,16,30,21,37,26,27
2,1,420117,0,0,0,0,0,0,0,0,0,0
1,1,420118,0,0,0,0,0,0,0,0,0,0
2,1,420118,0,0,0,0,0,7,0,0,0,0
1,1,420119,0,0,0,0,0,0,0,0,0,0
2,1,420119,0,0,0,0,0,0,0,0,0,0
3,1,420119,0,0,0,0,0,0,0,0,0,0
1,1,420120,0,0,0,0,0,0,0,0,0,0
2,1,420120,0,0,0,0,0,0,0,0,0,0
1,1,420121,0,6,0,0,0,0,0,0,0,0
2,1,420121,0,0,0,0,0,0,0,0,0,0
1,1,420122,0,0,0,0,0,0,0,0,0,13
2,1,420122,0,0,0,0,0,0,0,0,0,0
3,1,420122,0,0,0,0,0,2,0,0,0,0
1,1,420123,0,0,0,0,0,0,0,0,0,0
2,1,420123,0,0,0,0,0,0,0,0,0,0
1,1,420124,0,0,0,0,0,0,0,0,0,0
2,1,420124,0,0,0,0,0,0,0,0,0,0
1,3,420125,0,0,0,0,0,0,0,0,0,0
1,1,420126,0,0,0,0,0,0,0,0,0,0
2,1,420126,0,0,0,0,0,0,0,0,0,0
1,1,420127,14,14,14,14,14,14,14,14,14,14
1,1,420128,0,0,0,0,0,0,0,0,0,0
2,1,420128,0,0,0,0,0,0,0,0,0,0
1,1,420129,5,5,5,5,5,5,5,5,5,5
2,1,420129,0,0,0,0,0,0,0,0,0,0
0,1,420130,0,0,0,0,0,0,0,0,0,0
0,2,420130,0,0,0,0,0,0,0,0,0,0
1,1,420130,21,14,35,11,11,0,9,10,20,6
2,1,420130,0,0,12,0,0,0,0,0,0,0
1,1,420131,0,0,0,0,0,0,0,0,0,0
2,1,420131,0,0,0,0,0,0,0,0,0,0
1,1,420132,0,0,0,0,0,0,0,0,0,0
1,1,420133,0,0,0,0,0,0,0,0,0,0
1,1,420134,0,0,0,0,0,0,0,0,27,23
1,1,420135,1,1,1,1,1,1,1,1,1,1
2,1,420135,0,0,0,0,0,0,0,0,0,0
1,1,420136,0,0,0,0,0,0,0,0,0,0
1,1,420137,0,0,0,0,0,0,0,0,0,0
1,1,420138,0,0,0,0,0,0,0,0,0,0
1,1,420139,27,27,27,27,27,27,27,27,27,27
1,1,420140,17,17,17,17,17,17,17,17,17,17
1,1,420141,0,0,0,0,0,0,0,0,0,0
0,1,420142,29,30,18,32,0,11,22,33,31,11
1,1,420142,13,13,13,13,13,13,13,13,13,13
1,1,420143,0,0,0,0,0,0,0,0,0,0
1,1,420144,0,0,0,0,0,0,0,0,0,0
0,1,420145,2,0,29,0,19,0,6,23,12,0
1,1,420145,0,0,0,0,0,0,0,0,0,0
0,1,420146,0,0,0,0,0,0,0,0,0,0
0,2,420146,0,0,0,0,0,0,0,0,0,0
1,1,420146,0,0,0,0,4,0,0,0,0,0
1,1,420147,0,0,0,0,0,0,0,0,0,0
1,1,420148,0,0,0,0,17,0,0,0,0,0
2,1,420148,0,0,0,0,0,0,0,0,0,0
1,1,420149,0,0,0,0,13,18,8,0,0,0
1,1,420150,21,21,21,21,21,21,21,21,21,21
0,1,420151,0,0,0,0,0,0,0,0,0,0
1,1,420151,0,0,0,0,0,0,0,0,0,0
1,1,420152,80,80,80,80,80,80,80,80,80,80
2,1,420152,0,0,0,0,0,0,0,0,0,0
1,1,420153,0,0,0,0,0,0,0,0,0,0
2,1,420153,0,0,0,0,0,0,0,0,0,0
1,1,420154,20,20,20,20,20,20,20,20,20,20
1,1,420155,0,0,0,0,0,0,0,0,0,0
1,1,420156,22,22,22,22,22,22,22,22,22,22
1,1,420157,0,0,0,0,0,0,0,0,0,0
2,1,420157,0,0,0,0,0,0,0,0,0,0
1,1,420158,0,0,0,0,0,0,0,0,0,0
2,1,420158,0,0,0,0,0,0,0,0,0,0
1,1,420159,22,0,0,0,0,13,0,0,27,0
1,1,420160,19,24,6,5,17,8,30,17,15,0
1,1,420161,0,0,0,0,0,0,0,0,0,0
1,1,420162,0,0,0,0,0,0,0,0,0,0
2,1,420162,0,0,0,0,0,0,0,0,0,0
1,1,420163,26,26,26,26,26,26,26,26,26,26
1,1,420164,16,16,16,16,16,16,16,16,16,16
0,1,420165,3,3,3,3,3,3,3,3,3,3
1,1,420165,22,17,7,0,15,4,0,21,11,3
1,1,420166,0,0,0,0,0,0,0,0,0,0
1,1,420167,0,0,0,0,7,0,0,0,0,0
2,1,420167,0,0,0,0,0,0,0,0,0,0
1,1,420168,0,0,0,0,0,0,12,0,6,0
1,1,420169,0,0,0,0,0,0,0,0,0,0
2,1,420169,0,0,0,0,0,0,0,0,0,0
1,1,420170,0,0,0,0,0,0,0,0,0,0
1,1,420171,0,0,0,0,0,0,0,0,0,0
1,1,420172,19,19,19,19,19,19,19,19,19,19
1,1,420173,0,0,0,0,0,0,0,0,0,0
2,1,420173,0,0,0,0,0,0,0,0,0,0
1,1,420174,0,0,0,0,0,0,0,0,0,0
0,1,420175,0,0,0,0,0,26,20,0,0,3
1,1,420175,0,0,0,0,0,0,0,0,0,0
1,1,420176,13,13,13,13,13,13,13,13,13,13
1,1,420177,21,21,21,21,21,21,21,21,21,21
1,1,420178,0,0,0,0,25,0,0,0,0,0
1,1,420179,19,19,19,19,19,19,19,19,19,19
0,1,420180,14,14,14,14,14,14,14,14,14,14
1,1,420180,0,0,0,0,0,0,0,0,0,0
1,1,420181,0,0,0,0,0,0,7,0,0,0
2,1,420181,0,0,0,0,0,0,0,0,0,0
1,1,420182,25,25,25,25,25,25,25,25,25,25
1,1,420183,0,0,0,0,0,0,0,0,0,0
2,1,420183,0,0,0,0,0,0,0,0,0,0
1,1,420184,0,0,0,0,0,0,0,0,0,0
1,1,420185,0,0,0,0,0,0,0,0,0,0
1,2,420186,7,14,26,17,29,6,13,15,14,15
0,1,420187,0,0,0,13,0,0,0,0,0,0
1,1,420187,11,11,11,11,11,11,11,11,11,11
1,1,420188,0,0,0,0,0,0,0,0,0,0
2,1,420188,0,0,0,0,0,0,0,0,0,0
1,1,420189,2,2,2,2,2,2,2,2,2,2
2,1,420189,0,0,0,0,0,0,0,0,0,0
1,1,420190,0,0,0,0,0,0,0,0,0,0
1,1,420191,20,20,20,20,20,20,20,20,20,20
1,1,420192,0,6,0,0,25,0,0,0,0,0
1,1,420193,24,24,24,24,24,24,24,24,24,24
1,1,420194,0,0,0,0,0,0,0,0,0,0
1,1,420195,0,0,0,12,0,0,0,21,0,0
1,1,420196,20,20,20,20,20,20,20,20,20,20
1,1,420197,0,0,0,0,0,0,0,0,0,0
1,1,420198,0,0,0,0,0,0,0,0,0,0
1,1,420199,0,0,0,0,0,0,0,0,0,0
2,1,420199,0,0,0,0,0,0,0,0,0,0
1,1,420200,0,0,0,0,0,0,0,0,0,0
2,1,420200,0,0,0,0,0,0,0,0,0,0
1,1,420201,0,0,0,0,0,0,0,0,0,0
2,1,420201,0,0,0,0,0,0,0,0,0,0
0,1,420202,0,18,2,0,0,0,0,0,0,0
1,1,420202,0,0,0,0,0,0,0,0,0,0
2,1,420202,0,0,0,0,5,10,0,0,0,0
1,1,420203,23,23,23,23,23,23,23,23,23,23
1,1,420204,6,6,6,6,6,6,6,6,6,6
1,1,420205,0,0,0,0,0,0,0,0,0,0
1,1,420206,22,22,22,22,22,22,22,22,22,22
2,1,420206,0,0,0,0,0,0,0,0,0,0
1,1,420207,19,19,19,19,19,19,19,19,19,19
1,1,420208,0,0,0,0,0,0,0,0,0,0
2,1,420208,0,0,0,0,0,0,0,0,0,0
1,1,420209,0,0,0,0,0,0,0,0,0,0
2,1,420209,0,0,0,0,0,0,0,0,0,0
1,1,420210,22,22,22,22,22,22,22,22,22,22
1,1,420211,24,24,24,24,24,24,24,24,24,24
1,1,420212,26,26,26,26,26,26,26,26,26,26
2,1,420212,0,0,0,0,0,10,0,0,0,0
1,1,420213,22,22,22,22,22,22,22,22,22,22
2,1,420213,0,0,0,0,0,0,0,0,0,0
1,1,420214,0,0,0,0,0,0,0,0,0,0
2,1,420214,0,0,0,0,0,0,0,0,0,0
1,1,420215,25,25,25,25,25,25,25,25,25,25
1,1,420216,0,0,0,0,0,0,0,0,0,0
2,1,420216,0,0,8,0,0,0,0,0,0,0
1,1,420217,0,0,0,0,0,0,0,0,0,0
1,1,420218,0,0,0,0,0,0,14,0,0,0
1,1,420219,0,0,0,0,0,10,0,0,0,0
2,1,420219,0,0,0,0,0,0,0,0,0,0
1,1,420220,26,26,26,26,26,26,26,26,26,26
1,1,420221,28,28,28,28,28,28,28,28,28,28
1,1,420222,8,8,8,8,8,8,8,8,8,8
1,1,420223,39,39,39,39,39,39,39,39,39,39
1,1,420224,0,0,0,0,0,0,0,0,0,0
1,1,420225,27,27,27,27,27,27,27,27,27,27
1,1,420226,0,0,0,0,0,0,0,0,0,0
1,1,420227,0,0,0,0,0,0,0,0,0,0
2,1,420227,0,0,0,0,0,0,0,0,0,0
1,1,420228,0,0,0,0,0,0,0,0,0,0
2,1,420228,0,0,0,0,0,0,0,0,0,0
1,1,420229,40,40,40,40,40,40,40,40,40,40
0,1,420230,0,0,0,0,0,0,0,9,0,7
1,1,420230,0,0,0,0,0,0,11,0,14,0
1,1,420231,12,12,12,12,12,12,12,12,12,12
0,1,420232,0,0,0,0,0,0,0,0,0,0
1,1,420232,0,0,0,0,0,0,0,0,0,0
1,1,420233,24,24,24,24,24,24,24,24,24,24
2,1,420233,0,0,0,0,0,0,0,0,0,0