VEH_NO,PER_NO,ST_CASE,P1,P2,P3,P4,P5,P6,P7,P8,P9,P10
1,1,420551,0,0,0,0,0,0,0,0,0,0
2,1,420551,0,0,0,0,0,0,0,0,0,0
1,1,420552,0,0,0,0,0,0,0,0,0,0
2,1,420552,0,0,0,0,0,0,0,0,0,0
1,1,420553,0,0,0,0,0,0,0,0,0,0
2,1,420553,0,0,0,0,0,0,0,0,0,0
1,1,420554,0,0,0,0,0,0,0,0,0,0
2,1,420554,0,0,0,0,0,0,0,0,0,0
0,1,420555,8,8,8,8,8,8,8,8,8,8
1,1,420555,0,0,0,0,0,0,0,0,0,0
0,1,420556,0,0,0,0,0,0,0,0,0,0
1,1,420556,0,0,0,0,0,0,0,0,0,0
1,1,420557,0,0,0,0,0,0,0,0,0,0
2,1,420557,0,0,0,0,0,0,0,0,0,0
1,1,420558,19,19,19,19,19,19,19,19,19,19
2,1,420558,0,0,0,0,0,0,0,0,0,0
1,1,420559,32,32,32,32,32,32,32,32,32,32
2,1,420559,0,0,0,0,0,0,0,0,0,0
1,1,420560,6,6,6,6,6,6,6,6,6,6
1,1,420561,0,5,0,0,0,0,0,0,0,0
2,1,420561,0,0,0,0,0,0,0,0,0,0
0,1,420562,14,14,14,14,14,14,14,14,14,14
1,1,420562,0,0,0,0,0,0,7,15,0,0
2,1,420562,0,0,0,0,0,0,0,0,0,0
1,1,420563,0,0,0,0,14,0,0,0,0,0
2,1,420563,0,0,0,0,0,0,0,0,0,0
1,1,420564,0,0,0,0,0,0,0,0,0,0
2,1,420564,0,0,0,0,0,0,0,0,0,0
1,1,420565,14,9,12,14,3,17,32,19,14,13
0,1,420566,26,15,16,8,0,0,19,43,19,0
0,2,420566,15,15,15,15,15,15,15,15,15,15
1,1,420566,0,0,0,0,14,0,12,0,0,0
1,1,420567,26,26,26,26,26,26,26,26,26,26
0,1,420568,29,29,29,29,29,29,29,29,29,29
1,1,420568,21,21,21,21,21,21,21,21,21,21
0,1,420569,14,14,14,14,14,14,14,14,14,14
1,1,420569,6,9,18,32,33,8,17,9,4,15
1,1,420570,0,0,0,0,0,0,0,0,0,0
1,1,420571,19,19,19,19,19,19,19,19,19,19
0,1,420572,0,0,0,0,0,0,0,0,0,0
1,1,420572,0,0,0,0,0,0,0,0,0,0
1,1,420573,7,7,7,7,7,7,7,7,7,7
2,1,420573,0,0,0,0,0,0,0,0,0,0
3,1,420573,0,0,0,0,0,0,0,0,0,0
1,1,420574,0,0,0,0,0,0,0,0,0,0
2,1,420574,0,0,0,0,0,0,0,0,0,0
3,1,420574,0,0,0,0,0,0,0,0,0,0
4,1,420574,0,0,0,0,0,0,0,0,0,0
5,1,420574,0,0,0,0,0,0,0,0,0,0
0,1,420575,0,0,0,0,0,0,0,0,0,0
0,2,420575,24,0,0,0,18,0,0,0,0,0
1,1,420575,0,0,0,0,0,0,0,0,11,0
1,1,420576,0,0,0,0,0,0,0,0,0,0
1,1,420577,0,0,0,0,0,0,0,0,0,0
1,1,420578,0,0,0,0,0,0,0,0,0,0
2,1,420578,0,0,0,0,0,0,0,0,0,0
1,1,420579,0,0,0,0,0,0,0,0,0,0
1,1,420580,22,22,22,22,22,22,22,22,22,22
1,1,420581,13,13,13,13,13,13,13,13,13,13
0,1,420582,0,0,14,0,0,0,25,0,0,0
1,1,420582,0,0,0,0,0,0,0,15,0,0
1,1,420583,22,22,22,22,22,22,22,22,22,22
2,1,420583,0,0,0,0,0,0,0,0,0,0
1,1,420584,0,0,0,0,0,0,0,0,0,0
2,1,420584,0,0,34,0,12,0,0,10,0,0
1,1,420585,0,0,0,0,0,0,0,0,0,0
2,1,420585,0,0,0,0,0,0,0,0,0,0
1,1,420586,0,0,0,0,0,0,0,0,0,0
2,1,420586,0,0,0,0,0,0,0,0,0,0
1,2,420587,0,0,0,0,0,0,0,0,0,0
2,1,420587,0,0,0,0,0,0,0,0,0,0
1,1,420588,0,0,0,0,0,0,0,0,0,0
1,1,420589,28,28,28,28,28,28,28,28,28,28
1,1,420590,0,0,0,0,0,0,0,0,0,0
2,1,420590,0,0,0,0,0,0,0,0,0,0
3,1,420590,0,0,0,0,0,0,0,0,0,0
1,1,420591,0,0,0,0,0,0,0,0,0,0
2,1,420591,0,0,0,0,0,0,0,0,0,0
3,1,420591,0,0,0,0,0,0,0,0,0,0
1,1,420592,20,20,20,20,20,20,20,20,20,20
2,1,420592,0,0,0,0,0,0,0,0,0,0
1,1,420593,0,0,0,0,0,0,0,0,0,0
2,1,420593,0,0,0,0,0,0,0,0,0,0
3,1,420593,0,0,0,0,0,0,0,0,0,0
1,1,420594,26,26,26,26,26,26,26,26,26,26
1,1,420595,5,5,5,5,5,5,5,5,5,5
1,1,420596,0,0,0,0,0,0,0,0,0,0
1,1,420597,0,0,0,0,0,0,0,0,0,0
1,1,420598,0,0,0,0,0,0,0,0,0,0
1,1,420599,21,21,21,21,21,21,21,21,21,21
1,1,420600,0,0,0,0,0,0,0,0,0,0
0,1,420601,0,0,0,0,0,0,0,0,0,0
1,1,420601,0,0,0,0,0,0,0,0,0,0
1,1,420602,18,18,18,18,18,18,18,18,18,18
1,1,420603,0,0,0,0,0,0,0,0,0,0
1,1,420604,15,7,14,23,12,26,17,18,4,17
1,1,420605,0,0,0,0,0,0,0,0,0,0
2,1,420605,0,0,0,0,0,0,0,0,0,0
1,1,420606,0,0,0,0,0,0,0,0,0,0
2,1,420606,0,0,0,0,0,0,0,0,0,0
1,1,420607,11,11,11,11,11,11,11,11,11,11
2,1,420607,0,0,0,0,0,0,0,0,0,0
1,1,420608,0,0,0,0,0,0,0,0,0,0
1,1,420609,15,15,15,15,15,15,15,15,15,15
1,1,420610,0,0,0,0,0,0,0,0,0,0
1,1,420611,0,0,0,0,0,0,0,0,0,0
1,1,420612,18,18,18,18,18,18,18,18,18,18
1,1,420613,26,26,26,26,26,26,26,26,26,26
1,1,420614,0,0,0,0,0,0,0,0,0,0
1,1,420615,0,0,0,0,0,0,0,0,0,0
2,1,420615,0,0,0,0,0,0,0,0,0,0
1,1,420616,2,2,2,2,2,2,2,2,2,2
1,1,420617,28,13,33,0,25,28,0,13,13,20
1,1,420618,0,0,0,0,0,0,0,0,0,0
1,1,420619,11,11,11,11,11,11,11,11,11,11
2,1,420619,0,0,0,0,0,0,11,0,0,0
1,1,420620,7,7,7,7,7,7,7,7,7,7
1,1,420621,15,16,28,11,44,7,19,31,9,16
1,1,420622,0,0,0,0,0,0,0,0,0,0
2,1,420622,0,0,0,0,0,0,0,0,0,0
1,1,420623,0,0,0,0,0,0,0,0,0,0
2,1,420623,0,0,0,0,0,0,0,0,0,0
1,1,420624,0,0,0,0,0,0,0,0,0,0
2,1,420624,0,0,0,0,0,0,0,0,8,0
1,1,420625,0,0,0,0,0,0,0,0,0,0
1,1,420626,19,19,19,19,19,19,19,19,19,19
1,1,420627,16,16,16,16,16,16,16,16,16,16
2,1,420627,9,9,9,9,9,9,9,9,9,9
1,1,420628,0,0,0,0,0,0,0,0,0,0
1,1,420629,12,12,12,12,12,12,12,12,12,12
1,1,420630,0,0,0,0,0,0,0,0,0,0
2,1,420630,0,0,0,0,0,0,0,0,0,0
1,1,420631,0,0,0,0,0,0,0,0,0,0
2,1,420631,0,0,0,0,0,0,0,0,0,0
1,1,420632,0,0,0,0,0,0,0,0,0,0
2,1,420632,0,0,0,0,0,0,0,0,0,0
1,1,420633,27,27,27,27,27,27,27,27,27,27
1,1,420634,0,0,0,0,0,0,0,0,0,0
2,1,420634,0,0,0,0,0,0,0,0,0,0
1,1,420635,0,0,0,0,0,0,0,0,0,0
2,1,420635,0,0,0,0,0,0,0,0,0,0
1,1,420636,0,0,0,0,0,0,18,5,0,0
1,1,420637,23,23,23,23,23,23,23,23,23,23
1,1,420638,0,0,0,0,0,0,0,0,0,0
2,1,420638,0,0,0,0,0,0,0,0,0,0
1,1,420639,24,24,24,24,24,24,24,24,24,24
2,1,420639,0,0,0,7,0,0,0,0,0,0
0,1,420640,0,0,0,0,0,0,0,0,0,0
1,1,420640,0,10,0,0,0,0,0,0,0,0
1,1,420641,0,0,0,0,0,0,0,0,0,0
2,1,420641,0,0,0,0,0,0,0,0,0,0
3,1,420641,0,0,0,0,0,0,0,0,0,0
4,1,420641,0,0,0,0,0,0,0,0,0,0
1,1,420642,0,0,0,0,0,0,0,0,0,0
2,1,420642,0,0,0,0,0,0,0,0,0,0
1,1,420643,21,21,21,21,21,21,21,21,21,21
2,1,420643,0,0,0,0,0,0,0,0,0,0
0,1,420644,0,0,0,0,0,0,0,0,0,0
1,1,420644,0,0,0,0,0,0,0,0,0,0
1,1,420645,0,0,0,0,0,0,0,0,0,0
2,1,420645,0,0,0,0,0,0,0,0,0,0
1,1,420646,16,16,16,16,16,16,16,16,16,16
1,1,420648,0,0,0,0,0,0,0,0,0,0
1,1,420650,0,0,0,0,0,0,0,0,0,0
2,1,420650,0,0,0,0,0,0,0,0,0,0
1,1,420651,8,8,8,8,8,8,8,8,8,8
2,1,420651,0,0,0,0,0,0,0,2,0,0
1,1,420652,9,16,12,0,5,10,19,30,17,3
1,1,420653,4,4,4,4,4,4,4,4,4,4
2,1,420653,0,0,0,13,0,0,0,0,0,0
1,1,420654,0,0,0,0,0,0,0,0,0,0
2,1,420654,0,0,0,0,0,0,0,0,0,0
1,1,420655,0,0,0,0,0,0,0,0,0,0
2,1,420655,0,0,0,0,0,0,0,0,0,0
1,1,420656,0,0,0,0,0,0,0,0,0,0
2,1,420656,0,0,0,0,0,0,0,0,0,0
1,1,420657,0,10,0,0,0,0,0,8,0,0
2,1,420657,0,0,0,0,0,0,0,0,0,0
1,1,420658,25,4,20,25,0,0,0,0,0,20
1,1,420659,18,0,0,23,9,23,9,7,22,35
1,1,420660,0,0,0,0,0,0,0,0,0,0
2,1,420660,0,0,0,0,0,0,0,0,0,0
1,1,420661,22,22,22,22,22,22,22,22,22,22
2,1,420661,1,1,1,1,1,1,1,1,1,1
1,1,420662,8,8,8,8,8,8,8,8,8,8
2,1,420662,0,0,0,0,0,0,0,0,0,0
1,1,420663,0,0,0,0,0,0,0,0,0,0
2,1,420663,0,0,0,0,0,0,0,0,0,0
1,1,420664,0,0,0,0,0,0,0,0,0,0
1,1,420665,24,24,24,24,24,24,24,24,24,24
1,1,420666,0,0,0,0,0,0,0,0,0,0
2,1,420666,0,0,0,0,0,0,0,0,0,0
1,1,420667,11,0,0,0,0,0,0,0,0,0
2,1,420667,0,0,0,0,0,0,0,0,0,0
1,1,420668,0,0,0,0,0,0,0,0,0,0
2,1,420668,0,0,0,0,0,0,0,0,0,0
1,1,420669,1,1,1,1,1,1,1,1,1,1
2,1,420669,0,0,0,0,0,0,0,0,0,0
1,1,420670,0,0,0,0,0,0,0,0,0,0
1,1,420671,7,7,7,7,7,7,7,7,7,7
1,1,420672,16,16,16,16,16,16,16,16,16,16
1,1,420673,0,0,0,0,0,0,0,0,0,0
2,1,420673,0,0,0,0,0,0,0,0,0,0
1,1,420674,25,25,25,25,25,25,25,25,25,25
1,1,420675,2,2,2,2,2,2,2,2,2,2
1,1,420676,0,0,0,0,0,0,0,0,0,0
1,1,420677,0,0,0,0,0,0,0,0,0,0
1,1,420678,8,17,27,12,16,0,9,12,16,0
1,1,420679,0,0,0,0,0,0,0,0,0,0
1,1,420680,20,20,20,20,20,20,20,20,20,20
1,1,420681,0,0,0,0,0,0,0,0,0,0
2,1,420681,0,0,0,0,0,0,0,0,0,0
1,1,420682,0,0,0,0,0,0,0,0,0,0
2,1,420682,0,0,0,0,0,0,24,0,0,0
1,1,420683,22,22,22,22,22,22,22,22,22,22
1,1,420684,0,0,0,0,33,10,22,0,9,16
1,1,420685,0,0,0,0,0,0,0,0,0,0
1,1,420686,0,0,0,0,0,0,0,0,0,10
1,1,420687,0,0,0,0,0,0,0,0,0,0
1,1,420688,21,21,21,21,21,21,21,21,21,21
1,1,420689,0,0,0,0,0,0,0,0,0,0
2,1,420689,0,0,0,19,0,0,0,0,0,0
3,1,420689,1,1,1,1,1,1,1,1,1,1
0,1,420690,0,0,0,0,0,0,0,0,0,0
0,2,420690,0,0,0,0,0,0,0,23,18,0
1,1,420690,0,0,0,0,0,0,0,0,0,0
1,1,420691,0,0,0,0,0,0,0,0,0,0
1,1,420692,0,0,0,0,0,0,0,0,0,0
2,1,420692,0,4,0,0,0,0,0,0,0,0
1,1,420693,0,0,0,0,0,0,0,0,0,0
2,1,420693,16,16,16,16,16,16,16,16,16,16
3,1,420693,11,11,11,11,11,11,11,11,11,11
0,1,420694,0,0,0,0,0,0,0,0,0,0
1,1,420694,0,0,0,0,0,0,0,0,0,0
1,1,420695,16,16,16,16,16,16,16,16,16,16
1,1,420696,17,17,17,17,17,17,17,17,17,17
1,1,420697,0,0,0,0,0,0,0,0,0,0
2,1,420697,16,16,16,16,16,16,16,16,16,16
1,1,420698,0,0,0,0,0,0,0,0,0,0
2,1,420698,0,0,0,0,0,0,0,0,0,0
1,1,420699,0,0,0,0,0,0,0,0,0,0
2,1,420699,0,0,0,0,0,0,0,0,0,0
3,1,420699,0,0,0,0,0,2,0,0,0,0
1,1,420700,0,0,0,0,0,0,0,0,0,0
2,1,420700,0,0,0,0,0,0,0,0,0,0
1,1,420701,16,6,17,4,5,0,3,0,0,0
1,1,420702,0,0,0,0,0,0,0,0,0,0
1,1,420703,0,0,0,0,0,0,0,0,0,0
2,1,420703,0,0,0,0,0,0,0,0,0,0
3,1,420703,0,0,0,0,0,0,0,0,0,0
1,1,420704,0,0,0,0,0,2,0,0,9,0
1,1,420705,0,0,0,0,0,0,0,0,0,0
2,1,420705,0,0,0,0,0,0,0,0,0,0
3,1,420705,0,0,0,0,0,0,0,0,0,0
1,1,420706,0,0,0,0,0,0,0,0,0,0
2,1,420706,0,0,0,0,0,0,0,0,0,0
3,1,420706,0,0,0,0,0,0,0,0,0,0
1,1,420707,21,21,21,21,21,21,21,21,21,21
1,1,420708,0,0,0,0,0,0,0,0,0,0
1,1,420709,0,0,0,0,0,0,0,0,0,0
1,1,420710,25,25,25,25,25,25,25,25,25,25
2,1,420710,0,0,0,0,0,0,0,0,0,0
3,1,420710,0,0,0,0,0,0,0,0,0,0
0,1,420711,0,0,0,0,0,0,0,0,0,0
1,1,420711,0,0,0,0,0,0,0,0,0,0
1,1,420712,0,0,0,0,0,0,0,0,0,0
1,1,420713,13,13,13,13,13,13,13,13,13,13
1,1,420714,0,0,0,0,0,0,0,0,0,0
2,1,420714,0,0,0,0,0,0,0,0,0,0
1,1,420715,4,4,4,4,4,4,4,4,4,4
1,1,420716,0,0,0,0,0,0,0,0,0,0
1,1,420717,0,0,0,0,0,0,0,0,0,0
1,1,420718,0,0,13,0,0,18,0,0,0,0
1,1,420719,0,0,0,0,0,0,0,0,0,0
2,1,420719,0,0,0,0,0,0,0,0,0,0
3,1,420719,0,0,0,0,0,0,0,0,0,0
4,1,420719,0,0,0,0,0,0,0,0,0,0
1,1,420720,7,10,12,15,47,15,20,22,10,26
1,1,420721,12,12,12,12,12,12,12,12,12,12
0,1,420722,0,0,0,0,0,0,0,0,0,0
1,1,420722,16,0,0,0,0,0,0,0,8,0
2,1,420722,0,0,0,0,0,0,0,0,0,0
1,1,420723,0,0,0,0,0,0,0,9,0,0
2,1,420723,0,0,0,0,0,0,0,0,0,0
3,1,420723,0,0,0,0,0,0,0,0,0,0
1,1,420724,11,0,42,0,0,0,8,0,0,23
2,1,420724,0,0,0,0,0,0,0,0,6,0
3,1,420724,0,0,0,0,0,0,0,0,0,0
1,1,420725,0,0,0,0,0,0,0,0,0,0
2,1,420725,0,0,0,0,0,0,0,0,0,0
1,1,420726,0,0,0,0,0,0,0,0,0,0
2,1,420726,0,0,0,0,0,0,0,0,0,0
3,1,420726,0,0,0,0,0,0,0,0,0,0
1,1,420727,0,0,0,0,0,0,0,0,0,0
1,1,420728,0,0,0,0,0,0,0,0,0,0
1,1,420729,0,0,0,0,0,0,0,0,0,0
1,1,420730,0,0,0,0,0,0,0,0,0,0
1,1,420731,6,6,6,6,6,6,6,6,6,6
1,1,420732,17,17,17,17,17,17,17,17,17,17
1,1,420733,14,14,14,14,14,14,14,14,14,14
2,1,420733,0,0,5,0,0,0,0,0,0,0
1,1,420734,0,0,0,0,0,0,0,0,0,0
2,1,420734,16,16,16,16,16,16,16,16,16,16
1,1,420735,0,0,0,0,0,0,0,0,0,0
1,1,420736,29,29,29,29,29,29,29,29,29,29
1,1,420737,23,23,23,23,23,23,23,23,23,23
1,1,420738,0,0,0,0,0,0,0,0,0,0
2,1,420738,0,0,0,0,0,0,0,0,0,0
1,1,420739,0,0,0,0,0,0,0,0,0,0
1,1,420740,0,0,0,0,0,0,0,0,0,0
1,1,420741,0,0,0,0,0,0,0,10,0,0
2,1,420741,0,0,0,0,0,0,0,0,0,0
1,1,420742,0,0,0,0,0,0,0,0,0,0
2,1,420742,0,0,0,0,0,10,0,0,0,0
1,1,420743,21,21,21,21,21,21,21,21,21,21
1,1,420744,0,0,0,0,0,0,0,0,0,0
1,1,420745,23,22,10,12,18,26,12,19,14,25
1,1,420746,27,27,27,27,27,27,27,27,27,27
2,1,420746,0,0,0,0,0,0,0,0,0,0
1,1,420747,0,0,0,0,0,0,0,0,0,0
2,1,420747,0,0,0,0,0,0,0,0,0,0
1,1,420748,0,0,0,0,0,0,0,0,0,0
2,1,420748,0,14,0,0,0,12,0,21,0,0
1,1,420749,0,0,0,0,0,0,0,0,0,0
0,1,420750,0,0,0,0,0,0,0,0,0,0
1,1,420750,0,0,0,0,0,0,0,0,0,0
0,1,420751,21,28,0,0,0,0,20,10,0,12
1,1,420751,0,0,0,0,0,0,0,0,0,0
1,1,420752,0,0,0,0,0,0,0,0,0,0
1,1,420753,0,0,0,0,0,0,0,0,0,0
1,1,420754,0,0,11,0,0,0,0,0,0,0
2,1,420754,0,0,0,0,0,0,0,0,0,0
1,1,420755,0,0,0,0,0,0,0,0,0,0
1,1,420756,16,16,16,16,16,16,16,16,16,16
1,1,420757,10,10,10,10,10,10,10,10,10,10
0,1,420758,0,0,0,0,0,0,0,0,0,0
1,1,420758,0,0,0,0,0,0,0,0,0,0
1,1,420759,0,0,0,0,0,0,0,0,0,0
2,1,420759,0,0,0,0,0,0,8,0,0,36
1,1,420760,0,0,0,0,0,0,0,0,0,0
2,1,420760,0,0,0,0,0,0,0,0,0,0
1,1,420761,0,0,0,0,0,0,0,0,0,0
2,1,420761,0,0,0,0,0,0,0,0,0,0
1,1,420762,18,8,23,30,7,13,8,11,17,4
1,1,420763,17,17,17,17,17,17,17,17,17,17
1,1,420764,0,0,0,0,0,0,0,0,0,0
1,1,420765,8,8,8,8,8,8,8,8,8,8
1,1,420766,21,21,21,21,21,21,21,21,21,21
1,1,420767,0,0,0,0,0,0,0,0,0,0
1,1,420768,16,16,16,16,16,16,16,16,16,16
0,1,420769,0,0,0,0,0,0,0,0,8,0
1,1,420769,0,0,0,0,0,0,0,0,0,0
0,1,420770,43,41,28,20,31,21,18,38,30,18
1,1,420770,0,0,0,8,6,0,0,0,0,0
1,1,420771,42,42,42,42,42,42,42,42,42,42
1,1,420772,30,30,30,30,30,30,30,30,30,30
1,1,420773,0,0,0,0,0,0,0,0,0,0
2,1,420773,23,23,23,23,23,23,23,23,23,23
1,1,420774,25,25,25,25,25,25,25,25,25,25
2,1,420774,31,31,31,31,31,31,31,31,31,31
1,1,420775,0,0,0,0,0,0,0,0,0,0
1,1,420776,0,0,0,0,0,0,0,0,0,0
1,1,420777,15,15,15,15,15,15,15,15,15,15
1,1,420778,28,21,10,21,24,19,12,18,19,12
1,1,420779,8,8,8,8,8,8,8,8,8,8
1,1,420780,11,11,11,11,11,11,11,11,11,11
1,1,420781,11,22,0,12,12,16,0,0,10,7
1,1,420782,8,8,8,8,8,8,8,8,8,8
1,1,420783,27,27,27,27,27,27,27,27,27,27
1,1,420784,5,5,5,5,5,5,5,5,5,5
2,1,420784,0,0,0,0,0,0,0,0,0,0
1,1,420785,0,0,0,0,0,0,0,0,0,0
1,1,420786,0,0,0,0,0,0,0,0,0,0
2,1,420786,0,0,0,0,0,0,0,0,0,0
1,1,420787,17,17,17,17,17,17,17,17,17,17
2,1,420787,0,0,0,0,0,0,0,0,0,0
1,1,420788,34,34,34,34,34,34,34,34,34,34
0,1,420789,0,0,0,0,0,0,0,0,0,0
1,1,420789,0,0,0,0,0,0,0,0,0,0
0,1,420790,0,0,0,0,0,0,0,0,0,0
1,1,420790,0,0,0,0,0,0,0,0,0,0
1,1,420791,19,19,19,19,19,19,19,19,19,19
1,1,420792,0,0,0,0,0,0,0,0,0,0
2,1,420792,0,0,0,0,0,0,0,0,0,0
1,1,420793,0,0,0,0,0,0,0,0,0,0
2,1,420793,0,0,0,0,0,0,0,0,0,0
1,1,420794,0,0,0,0,0,0,0,0,0,0
2,1,420794,0,0,0,0,0,0,0,0,0,0
3,1,420794,0,0,0,0,0,0,0,0,0,0
4,1,420794,0,0,0,0,0,0,0,0,0,0
5,1,420794,0,0,0,0,0,0,0,0,0,0
6,1,420794,0,0,0,0,0,0,0,0,0,0
7,1,420794,0,0,0,0,0,0,0,0,0,0
8,1,420794,0,0,0,0,0,0,0,0,0,0
9,1,420794,0,0,0,0,0,0,0,0,0,0
10,1,420794,0,0,0,0,0,0,0,0,0,0
1,1,420795,0,0,0,0,0,0,0,0,0,0
1,1,420796,0,0,0,0,0,0,0,0,0,0
1,1,420797,31,31,31,31,31,31,31,31,31,31
1,1,420798,0,0,0,0,0,0,0,0,0,0
2,1,420798,0,0,0,0,0,0,0,0,0,0
1,1,420799,11,11,11,11,11,11,11,11,11,11
1,1,420800,23,23,23,23,23,23,23,23,23,23
1,1,420801,0,0,0,0,0,0,0,0,0,0
2,1,420801,0,0,0,0,0,0,0,0,0,0
1,1,420802,0,0,0,0,0,0,0,0,0,0
2,1,420802,0,0,0,0,0,0,0,0,0,0
3,1,420802,0,0,0,0,0,0,0,0,0,0
4,1,420802,0,0,0,0,0,0,0,0,0,0
5,1,420802,0,0,0,0,0,0,0,0,0,0
1,1,420803,0,0,0,0,0,0,0,0,0,0
2,1,420803,0,0,0,0,0,0,0,0,0,0
3,1,420803,0,0,0,0,0,0,0,0,0,0
1,1,420804,0,0,0,0,0,0,0,0,0,0
1,1,420805,12,9,0,17,6,20,12,15,19,14
0,1,420806,0,0,0,0,0,0,0,0,0,0
1,1,420806,0,0,0,0,0,0,0,0,0,0
1,1,420807,13,13,13,13,13,13,13,13,13,13
2,1,420807,0,0,0,0,0,0,0,0,0,0
1,1,420808,6,6,6,6,6,6,6,6,6,6
1,1,420809,19,19,19,19,19,19,19,19,19,19
1,1,420810,0,0,0,0,0,0,0,0,0,0
2,1,420810,0,0,0,0,0,0,0,0,0,0
1,1,420811,0,0,0,0,0,0,0,0,0,0
0,1,420812,0,0,0,0,0,0,0,0,0,0
1,1,420812,24,28,19,11,17,25,30,23,16,15
1,1,420813,10,10,10,10,10,10,10,10,10,10
1,1,420814,12,12,12,12,12,12,12,12,12,12
1,1,420815,0,0,0,0,0,0,0,0,0,0
2,1,420815,0,0,0,0,0,0,0,0,0,0
1,1,420816,0,0,0,0,0,0,0,0,0,0
1,1,420817,0,20,0,0,0,0,0,0,0,0
2,1,420817,0,0,0,0,0,0,0,0,0,0
1,1,420818,30,17,9,23,23,25,22,9,17,37
1,1,420819,0,0,0,0,0,0,0,0,0,0
2,1,420819,0,0,0,0,0,0,0,0,0,13
1,1,420820,0,0,0,0,0,0,0,0,0,0
2,1,420820,7,13,0,0,4,0,2,0,3,8
1,1,420821,24,24,24,24,24,24,24,24,24,24
1,1,420822,25,25,25,25,25,25,25,25,25,25
1,1,420823,11,11,0,0,0,0,0,7,0,6
0,1,420824,1,1,1,1,1,1,1,1,1,1
1,1,420824,0,0,0,0,0,0,0,0,0,0
1,1,420825,11,9,12,10,0,13,14,24,10,11
1,1,420826,0,0,0,0,0,0,0,0,0,0
1,1,420827,16,16,16,16,16,16,16,16,16,16
1,1,420828,19,19,19,19,19,19,19,19,19,19
1,1,420829,23,23,23,23,23,23,23,23,23,23
1,1,420830,17,17,17,17,17,17,17,17,17,17
1,1,420831,0,0,0,0,0,0,0,0,0,0
1,1,420832,23,23,23,23,23,23,23,23,23,23
1,1,420833,20,20,20,20,20,20,20,20,20,20
1,1,420834,0,0,0,0,0,0,0,0,0,0
1,1,420835,0,0,0,0,0,0,0,0,0,0
1,1,420836,11,11,11,11,11,11,11,11,11,11
1,1,420837,7,7,7,7,7,7,7,7,7,7
1,1,420838,0,0,0,0,0,0,0,0,0,0
1,1,420839,25,25,25,25,25,25,25,25,25,25
1,1,420840,0,0,0,0,0,0,0,0,0,0
2,1,420840,0,0,0,0,0,0,0,0,0,0
1,1,420841,0,0,0,0,0,0,0,0,0,0
1,1,420842,0,0,0,0,0,0,0,0,0,0
2,1,420842,0,0,0,0,0,0,0,0,0,0
1,1,420843,0,0,0,0,0,0,0,0,0,0
2,1,420843,0,0,0,0,0,0,0,0,0,0
1,1,420844,0,0,0,13,0,0,0,0,0,0
1,1,420845,25,25,25,25,25,25,25,25,25,25
2,1,420845,0,0,0,0,0,0,0,0,0,0
1,1,420846,0,0,0,0,0,0,0,0,0,0
2,1,420846,0,0,0,0,0,0,0,0,0,0
1,1,420847,38,24,23,15,24,32,13,16,24,20
1,1,420848,0,0,0,0,0,0,0,0,0,0
2,1,420848,1,1,1,1,1,1,1,1,1,1
1,1,420849,18,18,18,18,18,18,18,18,18,18
1,1,420850,0,0,0,0,0,0,0,0,0,0
1,1,420851,23,23,23,23,23,23,23,23,23,23
1,1,420852,19,19,19,19,19,19,19,19,19,19
2,1,420852,0,0,0,0,0,0,0,0,0,0
1,1,420853,24,24,24,24,24,24,24,24,24,24
2,1,420853,0,0,0,0,0,0,0,0,0,0
1,1,420854,0,0,0,0,0,0,0,0,0,0
1,1,420855,18,18,18,18,18,18,18,18,18,18
1,1,420856,0,0,0,0,0,0,0,0,0,0
2,1,420856,0,0,0,0,0,0,0,0,0,0
1,1,420857,0,0,0,0,0,0,0,0,0,0
2,1,420857,0,0,0,0,0,0,0,0,0,0
1,1,420858,0,0,0,0,0,0,0,0,0,0
2,1,420858,0,0,0,0,0,0,0,0,0,0
1,1,420859,25,25,25,25,25,25,25,25,25,25
1,1,420860,18,18,18,18,18,18,18,18,18,18
1,1,420861,16,16,16,16,16,16,16,16,16,16
1,1,420862,0,0,0,0,0,0,0,0,0,0
2,1,420862,0,0,0,0,0,0,0,0,0,0
1,1,420863,14,14,14,14,14,14,14,14,14,14
2,1,420863,0,0,0,0,0,0,0,0,0,0
3,1,420863,0,0,0,0,0,0,0,0,0,0
1,1,420864,22,22,22,22,22,22,22,22,22,22
1,1,420865,0,0,0,0,0,0,0,0,0,0
2,1,420865,0,0,0,0,0,0,0,0,0,0
3,1,420865,0,0,0,0,0,0,0,0,0,0
4,1,420865,0,0,0,0,13,0,0,0,12,0
1,1,420866,0,0,0,0,0,0,0,0,0,0
2,1,420866,0,0,0,3,0,0,15,0,0,5
3,1,420866,0,0,0,0,0,3,0,0,0,0
1,1,420867,0,0,0,0,0,0,0,0,0,0
2,1,420867,0,0,0,0,0,0,0,0,0,0
0,1,420868,0,0,0,0,0,0,0,0,0,0