VEH_NO,PER_NO,ST_CASE,P1,P2,P3,P4,P5,P6,P7,P8,P9,P10
1,1,420868,0,0,0,0,0,0,0,0,0,0
1,1,420869,0,0,0,0,0,0,0,0,0,0
1,1,420870,0,0,0,0,0,0,0,0,0,0
2,1,420870,0,0,0,0,0,0,0,0,0,0
1,1,420871,2,2,2,2,2,2,2,2,2,2
2,1,420871,0,0,0,0,0,0,0,0,0,0
1,1,420872,32,32,32,32,32,32,32,32,32,32
2,1,420872,0,0,0,0,0,0,0,0,0,0
1,1,420873,0,0,0,0,0,0,0,0,0,0
1,1,420874,0,0,0,0,0,0,0,0,0,0
2,1,420874,0,0,0,0,0,0,0,0,0,0
1,1,420875,0,0,0,0,0,0,0,0,0,0
2,1,420875,0,0,0,0,0,0,0,0,0,0
3,1,420875,0,0,0,0,0,0,0,0,0,16
1,1,420876,15,15,15,15,15,15,15,15,15,15
2,1,420876,0,0,0,0,0,0,0,0,0,0
1,1,420877,21,21,21,21,21,21,21,21,21,21
1,1,420878,0,0,0,0,0,0,0,0,0,0
1,1,420879,5,0,0,0,0,0,0,0,0,0
2,1,420879,9,9,9,9,9,9,9,9,9,9
3,1,420879,0,0,0,0,0,0,0,6,0,0
1,1,420880,0,0,0,0,0,0,0,0,0,0
2,1,420880,0,0,0,0,0,0,0,0,0,0
1,1,420881,27,27,27,27,27,27,27,27,27,27
1,1,420882,0,0,0,0,0,0,0,0,0,0
1,1,420883,0,0,0,0,0,0,0,0,0,0
1,1,420884,7,7,7,7,7,7,7,7,7,7
2,1,420884,0,0,0,0,0,13,0,0,0,0
1,1,420885,0,0,0,0,0,0,0,0,0,0
2,1,420885,0,0,0,0,0,0,0,0,0,0
3,1,420885,0,0,0,0,0,0,0,0,0,0
1,1,420886,0,0,0,0,0,0,0,0,0,0
1,1,420887,0,0,0,0,0,0,0,0,0,0
2,1,420887,0,0,0,0,0,0,0,0,0,0
1,1,420888,0,25,22,19,6,8,13,0,0,11
0,1,420889,0,0,0,0,0,0,0,0,0,0
1,1,420889,0,0,0,14,6,11,0,0,0,0
1,1,420890,17,17,17,17,17,17,17,17,17,17
1,1,420891,0,0,0,0,0,0,0,0,0,0
2,1,420891,0,0,0,0,0,0,0,0,0,0
1,1,420892,1,1,1,1,1,1,1,1,1,1
2,1,420892,0,0,0,0,0,0,0,0,0,0
1,1,420893,0,0,0,0,0,0,0,0,0,0
2,1,420893,0,0,0,0,0,0,12,0,0,0
1,1,420894,14,14,14,14,14,14,14,14,14,14
1,1,420895,14,14,14,14,14,14,14,14,14,14
1,1,420896,0,0,0,0,0,0,0,0,0,0
0,1,420897,20,20,20,20,20,20,20,20,20,20
1,1,420897,0,0,0,0,0,0,22,0,0,0
0,1,420898,8,8,8,8,8,8,8,8,8,8
1,1,420898,14,24,5,6,6,15,23,6,14,5
0,1,420899,0,0,0,0,0,0,0,0,0,0
1,1,420899,0,0,0,0,0,0,0,0,0,0
0,1,420900,0,0,0,0,0,0,0,0,0,0
1,1,420900,0,0,0,0,0,0,0,0,0,0
0,1,420901,5,0,9,28,0,25,31,18,0,0
0,2,420901,0,0,0,0,0,0,0,0,0,0
1,1,420901,7,7,7,7,7,7,7,7,7,7
1,1,420902,17,17,17,17,17,17,17,17,17,17
1,1,420903,0,0,0,0,0,0,0,0,0,0
2,1,420903,0,0,0,0,0,0,0,0,0,0
0,1,420904,0,0,0,0,0,0,0,0,0,0
1,1,420904,0,0,0,0,0,0,0,0,0,0
1,1,420905,5,5,5,5,5,5,5,5,5,5
1,1,420906,0,0,0,0,0,0,0,0,0,0
2,1,420906,0,0,0,0,0,0,0,0,0,0
0,1,420907,22,13,19,18,47,18,41,13,12,0
1,1,420907,6,0,0,0,0,0,0,0,0,0
1,1,420908,22,22,22,22,22,22,22,22,22,22
2,1,420908,0,0,0,0,0,0,0,0,0,0
1,1,420909,0,0,0,0,0,0,0,0,0,0
2,1,420909,0,0,0,0,0,0,0,0,0,0
1,1,420910,1,1,1,1,1,1,1,1,1,1
0,1,420911,18,18,18,18,18,18,18,18,18,18
1,1,420911,0,0,4,0,0,17,0,0,0,0
1,1,420912,11,11,11,11,11,11,11,11,11,11
1,1,420913,0,0,0,0,0,0,0,0,0,0
2,1,420913,0,0,0,0,0,0,0,0,0,0
1,1,420914,0,0,0,0,0,0,0,0,0,0
0,1,420915,0,0,0,0,0,0,0,0,0,0
1,1,420915,0,0,0,0,0,0,0,0,0,0
1,1,420916,0,0,0,0,0,0,0,0,0,0
2,1,420916,0,0,0,0,0,0,0,0,0,0
0,1,420917,0,0,0,0,0,0,0,0,0,0
1,1,420917,0,0,0,0,0,0,0,0,0,0
1,1,420918,0,0,0,0,0,0,0,0,0,0
1,1,420919,15,0,8,0,0,17,13,0,0,5
1,1,420920,0,0,0,0,0,0,0,0,0,0
2,1,420920,0,0,0,0,0,0,0,0,0,0
0,1,420921,0,0,0,0,0,0,0,0,0,0
1,1,420921,12,10,18,0,0,0,18,22,11,0
1,1,420922,26,26,26,26,26,26,26,26,26,26
1,1,420923,25,25,25,25,25,25,25,25,25,25
1,1,420924,0,0,0,0,0,0,0,0,0,0
2,1,420924,0,0,0,0,0,0,0,0,0,0
1,1,420925,17,17,17,17,17,17,17,17,17,17
1,1,420926,0,0,0,0,0,0,0,0,0,0
1,1,420927,0,0,0,0,0,0,0,0,0,0
1,1,420928,0,0,0,0,0,0,0,0,0,0
1,1,420929,0,0,0,0,0,0,0,0,0,0
1,1,420930,0,0,0,0,0,0,0,0,0,0
2,1,420930,0,0,0,0,0,0,0,0,0,0
1,1,420931,0,0,0,0,0,0,0,0,0,0
2,1,420931,0,0,0,0,0,0,0,0,0,0
1,1,420932,24,24,24,24,24,24,24,24,24,24
0,1,420933,0,0,0,0,0,0,0,0,0,0
1,1,420933,0,0,0,0,0,0,0,0,0,0
1,1,420934,0,0,0,0,0,0,0,0,0,0
1,1,420935,0,0,0,0,0,0,0,0,0,0
1,1,420936,16,8,0,8,29,14,17,8,14,9
2,1,420936,0,0,0,0,0,0,0,0,0,0
1,1,420937,0,0,0,0,0,0,0,0,0,0
1,1,420938,0,0,0,0,0,0,0,0,0,0
2,1,420938,12,12,12,12,12,12,12,12,12,12
1,1,420939,0,0,0,0,0,0,0,0,0,0
2,1,420939,0,0,0,0,0,0,0,0,0,0
1,1,420940,0,0,0,0,0,0,0,0,0,0
2,1,420940,0,0,0,0,0,0,0,0,0,0
1,1,420941,0,0,0,0,0,0,0,0,0,0
1,1,420942,0,0,0,0,0,0,0,0,0,0
1,1,420943,14,14,14,14,14,14,14,14,14,14
1,1,420944,0,0,0,0,0,0,0,0,0,0
1,1,420945,21,21,21,21,21,21,21,21,21,21
1,1,420946,6,6,6,6,6,6,6,6,6,6
2,1,420946,0,0,0,0,0,0,0,0,0,0
1,1,420947,18,0,0,0,0,0,0,0,0,0
0,1,420948,0,0,0,0,0,0,0,0,0,0
1,1,420948,12,12,12,12,12,12,12,12,12,12
1,1,420949,0,0,0,0,0,0,0,0,0,0
2,1,420949,0,0,0,0,0,0,0,0,0,0
1,1,420950,0,0,0,0,0,0,0,0,0,0
2,1,420950,0,6,0,0,0,0,0,0,0,0
1,1,420951,0,0,0,0,0,0,0,0,0,0
2,1,420951,3,3,3,3,3,3,3,3,3,3
1,1,420952,23,23,23,23,23,23,23,23,23,23
1,1,420953,29,29,29,29,29,29,29,29,29,29
1,1,420954,14,14,14,14,14,14,14,14,14,14
1,1,420955,0,0,0,0,0,0,0,0,0,0
2,1,420955,0,0,0,0,0,0,0,17,0,0
1,1,420956,0,0,0,0,0,0,0,0,0,0
2,1,420956,0,0,0,0,0,0,0,0,0,0
1,1,420957,0,0,0,0,0,0,0,0,0,0
1,1,420958,0,0,0,0,0,0,0,0,0,0
1,1,420959,0,0,0,0,0,0,0,0,0,0
1,1,420960,9,9,9,9,9,9,9,9,9,9
1,1,420961,0,0,0,0,0,0,0,0,12,0
2,1,420961,7,0,0,0,0,0,0,0,0,13
1,1,420962,30,16,4,0,0,18,0,22,33,0
1,1,420963,28,28,28,28,28,28,28,28,28,28
1,1,420964,0,0,0,0,0,0,0,0,0,0
1,1,420965,20,20,20,20,20,20,20,20,20,20
2,1,420965,0,0,0,0,0,0,0,0,0,0
1,1,420966,11,11,11,11,11,11,11,11,11,11
1,1,420967,21,21,21,21,21,21,21,21,21,21
1,1,420968,27,27,27,27,27,27,27,27,27,27
1,1,420969,31,31,31,31,31,31,31,31,31,31
2,1,420969,0,0,0,0,0,0,0,0,0,0
0,1,420970,0,0,0,0,0,0,0,0,0,0
1,1,420970,0,13,6,0,16,0,9,0,0,30
1,1,420971,0,0,0,0,0,0,0,0,0,0
1,1,420972,6,18,0,0,0,0,18,0,11,0
0,1,420973,0,0,0,0,0,0,0,0,0,0
1,1,420973,0,0,0,0,0,0,0,0,0,0
1,1,420974,0,0,0,0,0,0,0,0,0,0
2,1,420974,0,0,0,0,0,0,0,0,0,0
1,1,420975,0,0,0,0,0,0,0,0,0,0
1,1,420976,13,13,13,13,13,13,13,13,13,13
1,1,420977,0,0,0,0,0,0,0,0,0,0
1,1,420978,0,0,0,0,0,0,0,0,0,0
2,1,420978,0,0,0,0,0,0,0,0,0,0
1,1,420979,0,0,0,0,0,0,0,0,0,0
1,1,420980,0,0,0,0,0,0,8,0,0,0
1,1,420981,0,0,0,0,0,0,0,0,0,0
1,1,420982,0,0,0,0,0,0,0,0,0,0
2,1,420982,29,15,7,12,9,8,3,6,13,12
0,1,420983,0,0,0,0,0,0,0,0,0,0
1,1,420983,0,0,0,0,0,0,0,0,6,0
1,1,420984,0,0,0,0,0,0,0,0,0,0
2,1,420984,0,0,0,0,0,0,0,0,0,0
3,1,420984,0,0,0,0,0,0,0,0,0,0
4,1,420984,0,0,0,0,0,0,0,0,0,0
1,1,420985,0,0,0,0,0,0,0,0,0,0
2,1,420985,0,0,0,0,0,0,0,0,0,0
3,1,420985,0,0,0,0,0,0,0,0,0,0
4,1,420985,0,0,0,0,0,0,0,0,0,0
1,1,420986,0,0,0,0,0,0,0,0,0,0
0,1,420987,0,0,0,0,0,0,0,0,0,0
1,1,420987,0,0,0,0,0,0,0,0,0,0
1,1,420988,27,27,27,27,27,27,27,27,27,27
1,1,420989,23,23,23,23,23,23,23,23,23,23
2,1,420989,0,0,0,0,0,0,0,0,0,0
1,1,420990,0,0,0,0,0,0,0,0,0,0
1,1,420991,13,13,13,13,13,13,13,13,13,13
1,1,420992,24,24,24,24,24,24,24,24,24,24
1,1,420993,0,0,0,0,0,0,10,0,0,0
2,1,420993,0,0,0,0,0,0,0,0,0,0
1,1,420994,0,0,0,0,0,0,0,0,0,0
2,1,420994,0,0,0,0,0,0,0,0,0,0
3,1,420994,0,0,0,0,0,0,0,0,0,0
1,1,420995,0,0,0,0,0,0,0,0,0,0
1,1,420996,0,0,0,0,0,0,0,0,0,0
2,1,420996,0,0,0,0,0,0,0,0,0,0
3,1,420996,0,0,0,0,0,0,0,0,0,0
1,1,420997,0,0,0,0,0,0,0,0,0,0
2,1,420997,0,0,0,0,0,0,0,0,0,0
1,1,420998,0,0,0,0,0,0,0,0,0,0
2,1,420998,0,0,0,0,0,0,1,0,0,0
0,1,420999,0,0,0,0,0,0,0,0,0,0
1,1,420999,18,8,22,11,22,12,20,19,12,18
1,1,421000,17,17,17,17,17,17,17,17,17,17
1,1,421001,15,15,15,15,15,15,15,15,15,15
1,1,421002,0,0,0,0,0,0,0,0,0,0
1,1,421003,0,0,0,0,0,0,0,0,0,0
2,1,421003,0,0,0,0,0,0,0,0,0,0
1,1,421004,0,0,0,0,0,0,0,0,0,0
1,1,421005,21,0,25,0,20,0,0,20,12,0
1,1,421006,0,0,0,0,0,0,0,0,0,0
2,1,421006,0,0,0,0,0,0,0,0,0,0
1,1,421007,0,0,0,0,0,0,0,0,0,0
2,1,421007,0,0,0,0,0,0,0,0,0,0
3,1,421007,0,0,0,0,0,0,0,0,0,0
4,1,421007,0,0,0,0,0,0,0,0,0,0
1,1,421008,32,32,32,32,32,32,32,32,32,32
1,1,421009,24,24,24,24,24,24,24,24,24,24
1,1,421010,24,24,24,24,24,24,24,24,24,24
1,1,421011,1,1,1,1,1,1,1,1,1,1
1,1,421012,0,0,0,0,0,0,0,0,0,0
0,1,421013,0,0,0,0,0,0,0,0,0,0
1,1,421013,18,18,18,18,18,18,18,18,18,18
1,1,421014,0,0,0,0,0,0,0,0,0,0
2,1,421014,0,0,0,0,0,0,0,0,0,0
3,1,421014,0,0,0,0,0,0,0,0,0,0
1,1,421015,0,0,0,0,0,0,0,0,0,0
2,1,421015,0,0,0,0,0,0,0,0,0,0
3,1,421015,0,0,0,0,0,0,0,0,0,0
4,1,421015,0,0,0,0,0,0,0,0,0,0
1,1,421016,0,0,0,0,0,0,0,0,0,0
2,1,421016,0,0,0,0,0,0,0,0,0,0
3,1,421016,0,0,0,0,0,0,0,0,0,0
0,1,421017,0,0,0,0,0,0,0,0,0,0
1,1,421017,0,0,0,0,0,0,0,0,0,0
1,1,421018,0,0,0,0,0,0,0,0,0,0
2,1,421018,0,0,0,0,0,0,0,5,0,0
1,1,421019,0,0,0,0,0,0,0,0,0,0
1,1,421020,0,0,0,0,0,0,0,0,0,0
2,1,421020,0,0,0,0,0,0,0,0,0,0
1,1,421021,0,0,0,0,0,0,0,0,0,0
2,1,421021,0,0,0,0,0,0,0,0,0,0
0,1,421022,0,0,0,0,0,0,17,0,0,0
1,1,421022,0,0,0,0,0,0,0,0,0,0
0,1,421023,0,0,0,0,0,0,0,0,0,0
1,1,421023,0,0,0,0,0,0,0,0,0,0
1,1,421024,0,0,0,0,0,0,0,0,0,0
2,1,421024,0,0,0,0,0,0,0,0,0,0
1,1,421025,0,0,0,0,0,0,0,0,0,0
2,1,421025,0,0,0,0,0,0,0,0,0,0
1,1,421026,0,0,0,0,0,0,0,0,0,0
0,1,421027,0,0,0,0,0,0,0,0,0,0
1,1,421027,0,0,0,0,0,0,0,0,0,0
1,1,421028,0,0,0,0,0,0,0,0,0,0
1,1,421029,0,0,0,0,0,0,0,0,0,0
2,1,421029,0,0,0,0,0,0,0,0,0,0
1,1,421030,0,0,0,0,0,0,0,0,0,0
1,1,421031,31,31,31,31,31,31,31,31,31,31
1,1,421032,10,10,10,10,10,10,10,10,10,10
2,1,421032,0,0,0,0,0,0,0,0,0,0
1,1,421033,16,16,16,16,16,16,16,16,16,16
1,1,421034,0,0,0,0,0,0,0,0,0,0
1,1,421035,18,18,18,18,18,18,18,18,18,18
1,1,421036,0,0,0,0,0,0,0,0,0,0
2,1,421036,0,0,0,0,0,0,0,0,0,0
0,1,421037,0,0,0,0,0,0,0,0,0,0
1,1,421037,0,0,0,0,0,0,0,0,0,0
1,1,421038,20,20,20,20,20,20,20,20,20,20
1,1,421039,0,0,0,0,0,0,0,0,0,0
1,1,421040,0,0,0,0,0,0,0,0,0,0
2,1,421040,0,0,0,0,0,0,0,0,0,0
1,1,421041,0,0,0,0,0,0,0,0,0,0
1,1,421042,0,0,0,0,0,0,0,0,0,0
2,1,421042,0,0,0,0,0,0,0,0,0,0
1,1,421043,0,0,0,0,0,0,0,0,10,0
2,1,421043,0,0,0,0,0,0,0,0,0,0
0,1,421044,0,0,0,0,0,0,0,0,0,0
1,1,421044,0,0,0,0,0,0,0,0,0,0
0,1,421045,0,0,0,0,0,0,0,0,0,0
1,1,421045,0,0,0,0,0,0,0,0,0,0
1,1,421046,0,0,0,0,0,0,0,0,0,0
2,1,421046,0,0,0,0,0,0,0,0,0,0
1,1,421047,0,0,0,0,0,0,0,0,0,0
2,1,421047,0,0,0,0,0,0,0,0,0,0
1,1,421048,0,0,0,0,0,0,0,0,0,0
1,1,421049,0,0,0,0,0,18,0,0,0,0
2,1,421049,0,0,0,0,0,0,0,0,0,0
1,1,421050,0,0,0,0,0,0,0,0,0,0
2,1,421050,0,0,0,0,0,0,0,0,0,0
1,1,421051,0,0,0,0,0,0,0,0,0,0
2,1,421051,0,0,0,0,0,0,0,0,0,0
1,1,421052,0,0,0,0,0,0,0,0,0,0
2,1,421052,0,0,0,0,0,0,0,0,0,0
1,1,421053,17,17,17,17,17,17,17,17,17,17
1,1,421054,0,0,0,0,0,0,0,0,0,0
2,1,421054,0,0,0,0,0,0,0,0,0,0
1,1,421055,0,0,0,0,0,0,0,0,0,0
2,1,421055,0,0,0,0,0,0,0,0,0,0
1,1,421056,17,17,17,17,17,17,17,17,17,17
1,1,421057,8,8,8,8,8,8,8,8,8,8
2,1,421057,0,0,0,0,0,0,0,0,0,0
1,1,421058,0,0,0,0,0,0,0,0,0,0
2,1,421058,0,0,0,0,0,0,0,0,0,0
1,1,421059,19,18,18,31,9,10,16,13,19,16
2,1,421059,0,0,0,0,0,0,0,0,0,0
1,1,421060,0,0,0,0,0,0,0,0,0,0
2,1,421060,0,0,0,0,0,0,0,0,0,0
1,1,421061,15,17,16,20,4,13,13,11,12,12
1,1,421062,0,0,0,0,0,0,0,0,0,0
1,1,421063,26,26,26,26,26,26,26,26,26,26
1,1,421064,0,0,0,0,0,0,0,0,0,0
1,1,421065,4,4,4,4,4,4,4,4,4,4
2,1,421065,0,0,0,0,0,0,10,0,0,0
0,1,421066,0,0,0,0,0,0,0,0,0,0
1,1,421066,0,0,0,0,0,0,0,0,0,0
1,1,421067,16,16,16,16,16,16,16,16,16,16
2,1,421067,0,0,0,0,0,0,0,0,0,23
1,1,421068,0,0,21,3,0,0,0,0,0,0
1,1,421069,0,0,13,30,19,0,26,0,0,0
1,1,421070,0,6,0,0,0,0,20,20,0,8
1,1,421071,0,0,0,0,0,0,0,0,0,0
1,1,421072,17,17,17,17,17,17,17,17,17,17
1,1,421073,0,0,0,0,0,0,0,0,0,0
2,1,421073,0,0,0,0,0,0,0,0,0,0
1,1,421074,0,0,0,0,0,0,5,0,0,0
1,1,421075,24,24,24,24,24,24,24,24,24,24
1,1,421076,20,20,20,20,20,20,20,20,20,20
2,1,421076,0,0,0,0,0,0,0,0,0,0
1,1,421077,0,0,0,0,0,0,0,0,0,0
1,1,421078,16,16,16,16,16,16,16,16,16,16
1,1,421079,21,21,21,21,21,21,21,21,21,21
1,1,421080,0,0,0,0,0,0,0,0,0,0
1,1,421081,15,15,15,15,15,15,15,15,15,15
1,1,421082,25,25,25,25,25,25,25,25,25,25
2,1,421082,0,0,0,0,0,0,0,0,0,0
1,1,421083,0,0,0,0,0,0,0,0,0,0
2,1,421083,0,0,0,0,0,0,11,0,0,12
1,1,421084,0,0,0,0,0,0,0,0,0,0
1,1,421085,0,0,0,0,0,0,0,0,0,0
1,1,421086,0,0,0,0,0,0,0,0,0,0
2,1,421086,0,0,0,0,0,0,0,0,0,0
1,1,421087,0,0,0,0,0,0,0,0,0,0
2,1,421087,0,0,0,0,0,0,0,0,0,0
1,1,421088,0,0,0,0,0,0,0,0,0,0
1,1,421089,0,0,0,0,0,0,0,0,0,0
1,1,421090,0,0,0,0,0,0,0,0,0,0
2,1,421090,0,0,0,0,0,0,0,0,0,0
1,1,421091,1,1,1,1,1,1,1,1,1,1
2,1,421091,0,0,0,0,0,0,0,0,0,0
1,1,421092,0,0,0,0,0,0,0,0,0,0
2,1,421092,0,0,0,0,0,0,0,0,0,0
1,1,421093,6,6,6,6,6,6,6,6,6,6
1,1,421094,22,13,42,10,4,21,20,20,9,19
0,1,421095,15,0,0,16,0,0,6,0,0,0
1,1,421095,0,0,0,0,0,0,0,0,0,0
1,1,421096,0,0,0,0,0,0,0,0,0,0
2,1,421096,0,0,0,0,0,0,0,0,0,0
1,1,421097,0,0,0,0,0,0,0,0,0,0
2,1,421097,0,0,0,16,0,14,4,0,18,13
1,1,421098,0,0,0,0,0,0,0,0,0,0
2,1,421098,0,0,0,0,0,0,0,0,0,0
1,1,421099,25,25,30,17,26,24,26,25,27,25
0,1,421100,0,0,0,0,0,0,0,0,0,0
1,1,421100,0,0,0,0,0,0,0,0,0,0
0,1,421101,14,14,14,14,14,14,14,14,14,14
1,1,421101,0,0,0,0,0,0,0,0,0,5
1,1,421102,0,0,0,0,0,0,0,0,0,0
2,1,421102,0,0,0,0,0,0,0,0,6,0
1,1,421103,0,0,0,0,0,18,0,0,0,0
1,1,421104,0,0,0,0,0,0,0,0,0,0
2,1,421104,0,0,0,0,12,0,0,0,0,0
1,1,421105,0,0,0,0,0,0,0,0,0,0
1,1,421106,29,29,29,29,29,29,29,29,29,29
0,1,421107,0,0,0,0,0,12,0,0,0,0
1,1,421107,0,0,0,0,0,0,0,0,0,0
1,1,421108,6,6,6,6,6,6,6,6,6,6
1,1,421109,19,19,19,19,19,19,19,19,19,19
0,1,421110,0,0,0,0,0,0,0,0,0,0
0,2,421110,0,0,0,0,0,0,0,0,0,0
1,1,421110,0,0,0,0,0,0,0,0,0,0
1,1,421111,15,15,15,15,15,15,15,15,15,15
1,1,421112,32,32,32,32,32,32,32,32,32,32
1,1,421113,0,0,0,0,0,0,0,0,0,0
1,1,421114,0,0,0,0,0,0,0,0,0,0
2,1,421114,0,0,0,0,0,0,0,0,0,0
1,1,421115,12,21,0,0,0,0,0,0,0,10
2,1,421115,0,0,0,0,0,0,0,0,0,0
3,1,421115,0,0,0,0,0,0,0,0,0,0
1,1,421116,13,15,16,12,18,0,0,16,31,23
2,1,421116,0,0,0,0,0,0,0,0,0,0
3,1,421116,0,0,0,0,0,8,0,0,0,0
1,1,421117,27,27,27,27,27,27,27,27,27,27
1,1,421118,30,30,30,30,30,30,30,30,30,30
1,1,421119,0,0,0,0,0,0,0,0,0,0
1,1,421120,0,0,0,0,0,0,0,0,0,0
2,1,421120,0,0,0,0,0,0,0,0,0,0
1,1,421121,0,0,0,0,0,0,0,17,0,0
2,1,421121,0,0,0,0,0,0,0,0,0,0
1,1,421122,0,0,0,0,0,0,0,0,0,0
1,1,421123,0,0,0,0,0,0,0,0,0,0
2,1,421123,0,0,0,0,0,0,0,0,0,0
1,1,421124,0,0,0,0,0,0,0,0,0,0
2,1,421124,0,0,0,0,0,0,0,0,0,0
1,1,421125,19,19,19,19,19,19,19,19,19,19
1,1,421126,5,5,5,5,5,5,5,5,5,5
2,1,421126,0,0,0,0,0,0,0,0,0,0
3,1,421126,0,0,0,0,0,0,0,0,0,0
1,1,421127,18,18,18,18,18,18,18,18,18,18
1,1,421128,0,0,0,0,0,0,0,0,0,0
2,1,421128,0,0,0,0,0,0,0,0,0,11
1,1,421129,0,0,0,0,0,0,0,0,0,0
2,1,421129,0,0,0,0,0,0,0,0,0,0
1,1,421130,0,0,0,0,0,0,0,0,0,0
2,1,421130,0,0,0,0,0,0,0,0,0,0
1,1,421131,0,0,0,0,0,0,0,0,0,0
2,1,421131,0,0,0,0,0,0,0,0,0,0
1,1,421132,25,25,25,25,25,25,25,25,25,25
1,1,421133,0,0,0,0,0,0,0,0,0,0
2,1,421133,0,0,0,0,0,0,0,0,0,0
1,1,421134,0,0,0,0,0,0,0,0,0,0
2,1,421134,0,0,0,0,0,0,0,0,0,0
1,1,421135,19,19,19,19,19,19,19,19,19,19
1,1,421136,0,0,0,0,0,0,0,0,0,0
2,1,421136,0,0,0,0,0,0,0,0,0,0
0,1,421137,3,3,3,3,3,3,3,3,3,3
1,1,421137,2,16,25,0,10,3,23,0,0,2
1,1,421138,0,0,0,0,0,0,0,0,0,0
2,1,421138,0,0,0,0,0,0,0,0,0,0
0,1,421139,0,0,0,0,0,0,0,0,0,0
1,1,421139,8,0,0,0,0,0,0,0,0,0
1,1,421140,0,0,0,0,0,0,0,0,0,0
2,1,421140,0,0,0,0,0,0,0,0,0,0
1,1,421141,0,0,0,0,0,0,0,0,0,0
1,1,421142,0,0,0,0,0,0,0,0,0,0
1,1,421143,28,28,28,28,28,28,28,28,28,28
1,1,421144,0,0,0,0,0,0,0,0,0,0
2,1,421144,0,0,0,0,0,0,0,0,0,0
3,1,421144,0,0,0,0,0,0,0,0,0,0
2,1,421145,0,0,0,0,0,0,0,0,0,0
3,1,421145,0,0,0,0,0,0,0,0,0,0
1,1,421146,0,0,0,0,0,0,0,0,0,0
2,1,421146,0,0,0,0,0,0,0,0,0,0
3,1,421146,0,0,0,0,0,0,0,0,0,0
1,1,421147,0,0,0,0,0,0,0,0,0,0
0,1,421148,0,0,0,0,0,0,0,0,0,0
1,1,421148,0,0,0,0,0,0,0,0,0,14
1,1,421149,18,18,18,18,18,18,18,18,18,18
1,1,421150,0,0,0,0,0,0,0,0,0,0
2,1,421150,0,0,0,0,0,0,0,0,0,0
1,1,421151,0,0,0,0,0,0,0,0,0,0
2,1,421151,0,0,0,0,0,0,0,0,0,0
1,1,421152,18,18,18,18,18,18,18,18,18,18
2,1,421152,0,0,0,19,0,0,0,0,0,0
1,1,421153,28,28,28,28,28,28,28,28,28,28
0,1,421154,0,0,0,0,0,0,0,0,0,0
1,1,421154,0,0,0,0,0,0,0,0,0,0
0,1,421155,0,0,0,0,0,0,0,0,0,0
1,1,421155,0,0,0,0,0,0,6,0,0,0
1,1,421156,0,0,0,0,0,0,0,0,0,0
2,1,421156,0,0,0,0,0,0,0,0,0,0
1,1,421157,18,18,18,18,18,18,18,18,18,18
0,1,421158,32,32,32,32,32,32,32,32,32,32
1,1,421158,0,0,0,0,0,0,0,0,11,0
1,1,421159,22,22,22,22,22,22,22,22,22,22
1,1,421160,22,22,22,22,22,22,22,22,22,22
0,1,421161,0,0,0,0,0,0,0,0,0,0
1,1,421161,0,15,0,0,0,0,0,0,0,0
1,1,421162,12,14,14,14,9,5,10,6,19,9
2,1,421162,0,0,0,0,0,0,0,0,0,4
1,1,421163,0,0,0,0,0,0,0,0,0,0
2,1,421163,0,0,0,0,0,0,0,0,0,0
3,1,421163,0,0,0,0,0,0,0,0,0,0
1,1,421164,0,0,0,0,0,0,0,0,0,0
2,1,421164,0,0,0,0,0,0,0,0,0,0
3,1,421164,0,0,0,0,0,0,0,0,0,0
4,1,421164,0,0,0,0,0,0,0,0,0,16
5,1,421164,0,0,0,0,0,0,0,0,0,0
1,1,421165,0,0,0,0,0,0,0,0,0,0
2,1,421165,0,0,0,0,0,0,0,0,0,0
1,1,421166,0,0,0,0,0,0,0,0,0,0
1,1,421167,0,0,0,0,0,0,0,0,0,0
2,1,421167,0,0,0,0,0,0,0,0,0,0
1,1,421168,0,0,0,0,0,0,0,0,0,0
2,1,421168,0,0,0,0,0,0,0,0,0,0
1,1,421169,0,0,0,0,0,0,0,0,0,0
2,1,421169,0,0,0,0,0,0,0,0,0,0
1,1,421170,10,10,10,10,10,10,10,10,10,10
1,1,421171,10,10,10,10,10,10,10,10,10,10
1,1,421172,0,0,0,0,0,0,0,23,8,0
2,1,421172,0,0,0,0,0,0,0,0,0,0
1,1,421173,0,0,0,0,0,0,0,0,0,0
2,1,421173,0,0,0,0,0,0,0,0,0,0
1,1,421174,24,13,12,10,6,12,10,22,14,12
2,1,421174,0,0,0,0,0,0,0,0,0,0
1,1,421175,0,0,0,0,0,0,0,0,0,0
1,1,421176,8,8,8,8,8,8,8,8,8,8
2,1,421176,0,0,0,0,0,0,0,0,0,0
1,1,421177,0,0,0,0,0,0,0,0,0,0
2,1,421177,0,0,0,0,0,0,0,0,0,0
1,1,421178,0,0,0,0,0,0,0,0,0,0
2,1,421178,0,0,0,0,0,0,0,0,0,0
1,1,421179,0,0,0,0,0,0,0,0,0,0
1,1,421180,22,22,22,22,22,22,22,22,22,22
1,1,421181,11,11,11,11,11,11,11,11,11,11
0,1,421182,0,0,0,0,0,0,0,0,0,0
1,1,421182,0,0,0,0,23,0,0,0,0,0
1,1,421183,0,0,0,0,0,0,0,0,0,0