VEH_NO,PER_NO,ST_CASE,P1,P2,P3,P4,P5,P6,P7,P8,P9,P10
2,1,421183,0,0,0,0,0,0,0,0,0,0
1,1,421184,0,0,0,0,0,0,0,0,0,0
0,1,421185,13,13,13,13,13,13,13,13,13,13
1,1,421185,0,0,0,0,0,0,0,0,0,0
1,1,421186,0,0,0,0,0,0,0,0,0,0
2,1,421186,0,3,0,0,0,0,0,0,0,0
1,1,421187,0,0,0,0,0,0,0,0,0,0
2,1,421187,0,0,0,0,0,0,0,0,0,0
1,1,421188,0,0,0,0,0,0,0,0,0,0
1,1,421189,10,10,10,10,10,10,10,10,10,10
1,1,421190,16,16,16,16,16,16,16,16,16,16
1,1,421191,2,2,2,2,2,2,2,2,2,2
2,1,421191,0,0,0,0,0,0,0,0,0,0
1,1,421192,0,0,15,11,0,14,0,11,0,20
1,1,421193,0,0,0,0,0,0,0,0,0,0
1,1,421194,14,14,14,14,14,14,14,14,14,14
1,1,421195,0,0,0,0,0,0,0,0,0,0
2,1,421195,0,0,0,0,0,0,0,0,0,0
1,1,421196,0,0,0,0,0,0,0,0,0,0
2,1,421196,0,0,0,0,0,0,0,0,0,0
0,1,421197,21,27,21,13,19,17,21,5,27,28
1,1,421197,0,0,0,0,0,0,0,0,6,0
1,1,421198,21,21,21,21,21,21,21,21,21,21
1,1,421199,27,27,27,27,27,27,27,27,27,27
1,1,421200,24,24,24,24,24,24,24,24,24,24
1,1,421201,1,1,1,1,1,1,1,1,1,1
1,1,421202,27,27,27,27,27,27,27,27,27,27
1,1,421203,24,0,0,26,22,0,18,17,0,0
2,1,421203,0,0,0,0,0,0,0,0,6,0
1,1,421204,18,18,18,18,18,18,18,18,18,18
1,1,421205,0,0,0,0,0,0,0,0,0,0
1,1,421206,0,0,0,0,0,0,0,0,0,0
2,1,421206,0,0,0,0,0,0,0,0,0,0
1,1,421207,20,20,20,20,20,20,20,20,20,20
1,1,421208,0,0,0,0,0,0,0,0,0,0
1,1,421209,0,0,0,0,0,0,0,0,0,0
1,1,421210,0,0,0,0,0,0,0,0,0,0
2,1,421210,0,0,0,0,0,0,0,0,0,0
3,1,421210,0,0,0,0,0,0,0,0,0,0
4,1,421210,0,0,0,0,0,0,0,0,0,0
1,1,421211,28,11,0,21,0,16,15,0,5,17
2,1,421211,0,0,0,0,0,0,0,0,0,0
1,1,421212,17,17,17,17,17,17,17,17,17,17
1,1,421213,0,0,0,0,0,0,0,0,0,0
1,1,421214,0,0,0,0,0,0,0,0,0,0
1,1,421215,0,0,0,0,0,0,0,0,0,0
2,4,421215,0,0,0,0,0,0,0,0,0,0
1,1,421216,0,0,0,0,0,0,0,0,0,0
2,1,421216,0,0,0,0,0,0,0,0,0,0
1,1,421217,2,2,2,2,2,2,2,2,2,2
2,1,421217,9,9,9,9,9,9,9,9,9,9
1,1,421218,0,0,0,0,0,0,0,0,0,0
2,1,421218,0,0,0,0,0,0,0,0,0,0
1,1,421219,14,14,14,14,14,14,14,14,14,14
2,1,421219,0,0,0,0,0,0,0,0,0,0
3,1,421219,0,0,0,0,0,0,0,0,0,0
0,1,421220,0,0,0,0,0,5,12,0,0,0
1,1,421220,23,0,0,10,0,0,0,0,0,0
2,1,421220,0,0,0,0,0,4,0,0,0,0
3,1,421220,0,0,0,0,0,0,0,0,0,0
0,1,421221,18,18,18,18,18,18,18,18,18,18
1,1,421221,1,1,1,1,1,1,1,1,1,1
1,1,421222,4,4,4,4,4,4,4,4,4,4
2,1,421222,5,0,0,0,4,0,0,0,0,0
1,1,421223,0,0,0,0,0,0,0,0,22,0
2,2,421223,0,0,0,0,7,0,0,0,0,0
1,1,421224,4,4,4,4,4,4,4,4,4,4
2,1,421224,0,0,0,0,0,0,0,0,0,0
1,1,421225,32,32,32,32,32,32,32,32,32,32
2,1,421225,0,0,0,0,0,0,0,0,0,0
0,1,421226,0,0,0,0,0,0,0,0,0,0
1,1,421226,0,0,3,0,0,0,0,0,0,0
1,1,421227,17,0,0,0,0,8,0,0,0,0
1,1,421228,26,26,26,26,26,26,26,26,26,26
1,1,421229,0,0,0,0,0,0,0,0,0,0
2,1,421229,0,0,0,0,0,0,0,0,0,0
1,1,421230,18,18,18,18,18,18,18,18,18,18
1,1,421231,14,14,14,14,14,14,14,14,14,14
2,1,421231,0,0,0,0,0,0,0,0,0,0
1,1,421232,3,3,3,3,3,3,3,3,3,3
2,1,421232,0,0,0,0,0,0,0,0,0,0
1,1,421233,0,0,0,0,0,0,0,0,0,0
2,1,421233,0,0,0,0,0,0,0,0,0,0
1,1,421234,24,24,24,24,24,24,24,24,24,24
1,1,421235,21,21,21,21,21,21,21,21,21,21
1,1,421236,0,0,0,0,0,0,0,0,0,0
1,1,421237,25,25,25,25,25,25,25,25,25,25
0,1,421238,0,0,0,0,0,0,0,0,0,0
1,1,421238,0,0,0,0,0,0,0,0,0,0
1,1,421239,0,0,0,0,0,0,0,0,0,0
2,1,421239,0,0,0,0,0,0,0,0,0,0
1,1,421240,11,11,11,11,11,11,11,11,11,11
1,1,421241,0,0,0,0,0,0,0,0,0,0
1,1,421242,0,0,0,0,0,0,0,0,0,0
1,1,421243,3,3,3,3,3,3,3,3,3,3
1,1,421244,0,0,0,0,0,0,0,0,0,0
1,1,421245,0,0,2,0,0,0,0,0,0,0
2,1,421245,0,0,0,0,0,0,0,0,0,0
1,1,421246,0,0,0,0,0,0,0,0,0,0
1,1,421247,14,14,14,14,14,14,14,14,14,14
1,1,421248,32,32,32,32,32,32,32,32,32,32
2,1,421248,0,0,0,0,0,0,0,0,0,0
1,1,421249,0,0,0,0,0,0,0,0,0,0
2,1,421249,0,0,0,0,0,0,0,0,0,17
1,1,421250,0,0,0,0,0,0,0,0,0,0
1,1,421251,1,1,1,1,1,1,1,1,1,1
1,1,421252,17,17,17,17,17,17,17,17,17,17
2,1,421252,0,0,0,0,0,0,0,0,0,0
1,1,421253,0,0,0,0,0,0,0,0,0,0
1,1,421254,14,14,14,14,14,14,14,14,14,14
0,1,421255,0,0,0,0,0,0,0,0,0,0
0,2,421255,0,0,0,0,0,0,0,0,0,0
1,1,421255,0,0,0,0,0,0,0,0,0,0
1,1,421256,0,0,0,0,0,0,0,0,0,0
2,1,421256,0,0,0,0,0,0,0,0,0,0
1,1,421257,0,0,0,0,0,0,0,0,0,0
1,1,421258,16,16,16,16,16,16,16,16,16,16
1,1,421259,0,0,0,0,0,0,0,0,0,0
2,1,421259,0,0,0,0,0,0,0,0,0,0
1,1,421260,0,0,0,0,0,12,0,15,0,31
1,1,421261,0,0,0,0,0,0,0,0,0,0
1,1,421262,0,0,0,0,0,0,0,0,0,0
1,1,421263,0,0,0,0,0,0,0,0,0,0
2,1,421263,0,0,0,0,0,0,0,0,0,0
1,1,421264,0,0,0,0,0,0,0,0,0,0
2,1,421264,0,0,0,0,0,0,6,0,0,0
1,1,421265,0,0,0,0,0,0,0,0,0,0
2,1,421265,0,0,0,0,0,0,0,0,0,0
1,1,421266,14,14,14,14,14,14,14,14,14,14
1,1,421267,0,0,0,0,0,0,0,0,0,0
2,1,421267,9,0,0,0,0,0,0,0,0,0
1,1,421268,0,0,0,0,0,9,0,0,0,0
1,1,421269,0,0,0,0,0,0,0,0,0,0
1,1,421270,0,0,0,0,0,0,0,0,0,0
2,1,421270,0,0,0,0,0,0,0,0,0,0
0,1,421271,0,0,0,0,0,0,0,0,0,0
0,2,421271,0,0,0,0,0,0,0,0,0,0
1,1,421271,0,0,0,0,0,0,0,0,0,0
1,1,421272,0,0,0,0,0,0,0,0,0,0
0,1,421273,0,0,0,0,0,0,0,0,0,0
1,1,421273,0,0,0,0,0,0,0,0,0,0
1,1,421274,20,20,20,20,20,20,20,20,20,20
2,1,421274,0,0,0,0,0,0,0,0,0,0
1,1,421275,0,0,0,0,0,0,0,0,0,0
2,1,421275,0,0,0,0,0,0,0,0,0,0
1,1,421276,0,0,0,0,0,0,0,0,0,0
1,1,421277,23,23,23,23,23,23,23,23,23,23
1,1,421278,0,0,0,0,0,0,0,0,0,0
2,1,421278,0,0,0,0,0,0,0,0,0,0
1,1,421279,12,12,12,12,12,12,12,12,12,12
1,1,421280,7,0,0,0,10,7,0,13,0,0
1,1,421281,0,0,0,0,0,0,0,0,0,0
1,1,421282,0,0,0,0,0,0,0,0,0,0
2,1,421282,0,0,0,0,0,0,0,0,0,0
3,1,421282,0,0,0,0,0,0,0,0,0,0
1,1,421283,0,0,0,0,0,0,0,0,0,0
2,1,421283,0,0,0,0,0,0,0,0,0,0
3,1,421283,0,0,0,0,0,0,0,0,0,0
1,1,421284,0,0,0,0,0,0,0,0,0,0
1,1,421285,0,7,0,6,0,0,7,10,0,5
1,1,421286,0,0,0,0,0,0,0,0,0,0
2,1,421286,0,0,0,0,0,0,0,0,0,0
0,1,421287,9,9,9,9,9,9,9,9,9,9
1,1,421287,0,0,0,0,0,0,0,0,0,0
1,1,421288,0,0,0,0,0,0,0,0,0,0
2,1,421288,0,0,0,0,0,0,0,0,0,0
3,1,421288,0,0,0,0,0,0,0,0,0,0
0,1,421289,0,0,0,0,0,12,0,0,0,11
1,1,421289,0,16,16,0,12,0,0,0,0,0
0,1,421290,0,0,0,0,0,0,0,0,0,0
1,1,421290,0,0,0,0,0,0,0,0,0,0
1,1,421291,12,0,13,12,12,16,9,15,14,22
2,1,421291,0,0,0,0,0,0,0,0,0,0
1,1,421292,0,0,0,0,0,0,0,0,0,0
2,1,421292,0,0,0,0,0,0,0,0,0,0
1,1,421293,0,0,0,0,0,0,0,18,0,0
2,1,421293,0,0,0,0,0,0,0,0,0,0
4,1,421293,0,0,0,0,0,0,0,0,0,0
1,1,421294,26,26,26,26,26,26,26,26,26,26
1,1,421295,15,15,15,15,15,15,15,15,15,15
1,1,421296,0,0,0,0,0,0,0,0,0,0
1,1,421297,0,0,0,0,0,0,0,0,0,0
2,1,421297,0,0,0,0,0,0,0,0,0,0
1,1,421298,0,0,0,0,0,0,0,0,0,0
2,1,421298,0,0,0,0,0,0,0,0,0,0
1,1,421299,23,23,23,23,23,23,23,23,23,23
2,1,421299,0,0,14,0,0,0,7,0,0,0
3,1,421299,0,0,0,0,0,0,0,0,0,0
4,1,421299,0,0,0,0,0,0,0,0,0,0
0,1,421300,0,0,0,0,0,0,0,0,0,0
1,1,421300,0,0,0,0,0,0,0,0,0,0
1,1,421301,15,15,15,15,15,15,15,15,15,15
0,1,421302,8,8,8,8,8,8,8,8,8,8
1,1,421302,0,0,0,0,0,0,0,0,0,0
1,1,421303,16,16,16,16,16,16,16,16,16,16
2,1,421303,0,0,0,0,0,0,0,0,0,0
1,1,421304,0,0,0,0,0,0,0,0,0,0
1,1,421305,19,19,19,19,19,19,19,19,19,19
1,1,421306,0,0,0,0,0,0,0,0,0,0
1,1,421307,6,6,6,6,6,6,6,6,6,6
2,1,421307,0,0,0,0,0,0,0,0,0,0
1,1,421308,24,24,24,24,24,24,24,24,24,24
1,1,421309,0,0,0,0,0,0,0,0,0,0
2,1,421309,0,0,0,0,0,0,0,0,0,0
1,1,421310,19,19,19,19,19,19,19,19,19,19
2,1,421310,0,0,0,0,0,0,0,0,0,0
3,1,421310,0,0,0,0,0,0,0,0,0,0
1,1,421311,22,22,22,22,22,22,22,22,22,22
1,1,421312,0,0,0,0,0,0,0,0,0,0
2,1,421312,0,0,0,0,0,0,0,0,0,0
1,1,421313,0,0,0,0,0,0,0,0,0,0
2,1,421313,0,0,0,0,0,0,0,0,0,0
1,1,421314,0,0,0,0,0,0,0,0,0,0
1,1,421315,0,16,0,0,2,4,16,20,0,0
1,1,421316,20,20,20,20,20,20,20,20,20,20
1,1,421317,0,0,0,0,0,0,0,0,0,0
1,1,421318,0,0,0,0,0,0,0,0,0,0
1,1,421319,0,0,0,0,0,0,12,0,0,0
2,1,421319,0,0,0,0,0,0,0,0,0,0
1,1,421320,0,0,0,0,0,0,0,0,0,0
2,1,421320,0,0,0,0,0,0,5,0,0,0
3,1,421320,0,0,0,0,0,0,0,0,0,0
1,1,421321,6,6,6,6,6,6,6,6,6,6
2,1,421321,0,0,0,0,0,0,0,0,0,0
3,1,421321,0,0,0,0,0,0,0,0,0,0
1,3,421322,0,0,0,0,0,0,0,0,0,0
1,1,421323,0,0,5,0,0,0,0,0,0,0
1,1,421324,0,0,0,0,0,0,0,0,0,0
0,1,421325,0,0,0,0,0,0,0,0,0,0
1,1,421325,0,0,0,0,0,0,0,0,0,0
1,1,421326,0,0,0,0,0,0,0,0,0,0
2,1,421326,0,0,0,0,0,0,0,0,0,0
0,1,421327,0,0,0,0,0,0,0,0,0,0
1,1,421327,0,0,0,0,0,0,0,0,0,0
2,1,421327,0,0,0,0,0,0,0,0,0,0
3,1,421327,0,0,0,0,0,0,0,0,0,0
1,1,421328,0,0,0,0,0,0,0,0,0,0
2,1,421328,0,0,0,0,0,0,0,0,0,0
1,1,421329,0,0,0,0,0,0,0,0,0,0
2,1,421329,20,0,0,0,0,0,0,0,0,0
1,1,421330,0,0,0,0,0,0,0,0,0,0
1,1,421331,0,0,0,0,0,0,0,0,0,0
1,1,421332,0,0,0,0,0,0,0,0,0,0
1,1,421333,24,18,39,20,22,20,15,20,3,15
1,1,421334,0,0,0,0,29,0,0,0,0,0
1,1,421335,0,0,0,0,0,0,0,0,0,0
2,1,421335,0,0,0,0,0,0,0,0,0,0
1,1,421336,0,0,0,0,0,0,0,0,0,0
2,1,421336,0,0,0,0,0,0,0,0,0,0
1,1,421337,0,0,0,0,0,0,0,0,0,0
2,1,421337,0,0,0,0,0,0,0,0,0,0
3,1,421337,0,0,0,0,0,0,0,0,0,0
0,1,421338,16,23,0,10,0,15,0,0,0,4
1,1,421338,0,0,0,0,0,0,0,0,0,0
1,1,421339,0,0,0,0,0,0,0,0,0,0
2,1,421339,0,0,0,0,0,0,0,0,0,0
1,1,421340,0,0,0,0,0,0,0,0,0,0
2,1,421340,0,0,0,0,0,0,0,0,0,0
1,1,421341,0,0,0,0,0,0,0,0,0,0
1,1,421342,0,0,0,0,0,0,0,0,0,0
2,1,421342,0,0,0,0,0,0,0,0,0,0
3,1,421342,0,0,0,0,0,0,0,0,0,0
1,1,421343,0,0,0,0,0,0,0,0,0,0
2,1,421343,0,0,0,0,0,0,0,0,0,0
1,1,421344,0,0,0,0,0,0,0,0,0,0
2,1,421344,0,0,0,0,0,0,0,0,0,0
0,1,421345,17,28,21,23,23,23,37,26,38,0
1,1,421345,0,0,0,0,0,0,0,0,0,5
1,1,421346,21,21,21,21,21,21,21,21,21,21
2,1,421346,0,0,0,0,0,0,0,0,0,0
0,1,421347,0,0,0,0,0,0,0,0,0,0
1,1,421347,0,6,0,0,0,0,0,0,0,0
1,1,421348,16,16,16,16,16,16,16,16,16,16
1,1,421349,13,13,13,13,13,13,13,13,13,13
2,1,421349,0,0,0,0,0,0,0,0,0,0
1,1,421350,10,7,7,0,8,0,0,14,4,21
2,1,421350,19,14,4,11,10,0,8,8,7,10
1,1,421351,15,15,15,15,15,15,15,15,15,15
0,1,421352,16,16,16,16,16,16,16,16,16,16
1,1,421352,9,21,19,22,12,31,15,20,16,17
1,1,421353,0,0,0,0,0,0,0,0,0,0
2,1,421353,0,0,0,0,0,0,0,0,0,0
1,1,421354,18,18,18,18,18,18,18,18,18,18
1,1,421355,2,17,9,23,10,26,11,14,4,24
1,1,421356,22,22,22,22,22,22,22,22,22,22
1,1,421357,13,27,12,19,6,24,19,10,18,17
1,1,421358,0,0,0,0,0,0,0,0,0,0
2,1,421358,0,0,0,0,0,0,0,0,0,0
1,1,421359,12,12,11,14,12,12,28,0,17,10
2,1,421359,0,0,0,0,0,0,0,0,0,0
0,1,421360,0,0,19,0,0,0,0,0,0,15
1,1,421360,0,0,18,0,0,0,0,0,0,0
1,1,440001,0,0,0,0,0,0,0,0,0,0
0,1,440002,21,21,21,21,21,21,21,21,21,21
1,1,440002,0,10,0,10,0,0,0,0,39,0
2,1,440002,22,0,0,0,25,0,0,0,0,0
1,1,440003,7,7,7,7,7,7,7,7,7,7
1,1,440004,23,23,23,23,23,23,23,23,23,23
1,1,440005,19,19,19,19,19,19,19,19,19,19
1,1,440006,14,14,14,14,14,14,14,14,14,14
1,1,440007,0,0,0,0,0,0,0,0,0,0
2,1,440007,0,0,0,0,0,0,0,0,0,0
1,1,440008,0,13,0,0,26,22,25,0,17,0
0,1,440009,0,0,0,0,0,0,0,0,0,0
0,2,440009,9,9,0,26,22,33,14,24,0,0
3,1,440009,0,0,0,0,0,0,0,0,0,0
0,1,440010,30,30,30,30,30,30,30,30,30,30
1,1,440010,10,11,10,0,0,10,0,0,6,13
1,1,440011,0,0,0,0,0,0,0,0,0,0
1,1,440012,22,22,22,22,22,22,22,22,22,22
2,1,440012,0,0,0,0,0,0,0,12,0,0
1,1,440013,25,25,25,25,25,25,25,25,25,25
1,1,440014,0,0,0,0,0,0,0,0,0,0
2,1,440014,15,16,22,6,0,15,26,0,18,16
1,1,440015,0,0,0,0,0,0,0,0,0,0
2,1,440015,0,0,0,0,0,0,0,0,0,0
0,1,440016,9,9,9,9,9,9,9,9,9,9
0,2,440016,9,9,9,9,9,9,9,9,9,9
1,1,440016,0,0,0,0,0,0,0,0,0,0
1,1,440017,0,0,0,0,0,0,0,0,0,0
1,1,440018,0,0,0,0,0,0,14,0,0,0
1,1,440019,0,0,0,0,0,0,0,0,0,0
0,1,440020,0,0,0,0,0,0,0,0,0,0
1,1,440020,14,14,14,14,14,14,14,14,14,14
1,1,440021,0,0,0,0,0,0,0,0,0,0
2,1,440021,0,0,0,0,0,0,0,0,0,0
0,1,440022,0,0,0,0,0,0,0,4,0,0
1,1,440022,0,0,0,0,0,0,0,0,0,0
0,1,440023,0,0,0,0,0,0,0,0,0,0
1,1,440023,0,0,0,0,0,0,0,0,0,0
1,1,440024,0,0,0,0,0,0,0,0,0,0
1,1,440025,23,23,23,23,23,23,23,23,23,23
1,1,440026,24,24,24,24,24,24,24,24,24,24
1,1,440027,19,0,0,0,0,0,0,0,0,14
1,1,440028,0,0,16,0,0,18,0,10,0,0
1,1,440029,0,0,0,0,0,0,0,0,0,0
2,1,440029,0,0,0,0,0,8,10,0,17,0
1,1,440030,10,10,10,10,10,10,10,10,10,10
0,1,440031,0,0,0,0,0,0,0,0,0,0
1,1,440031,0,0,0,0,0,0,0,0,0,0
1,1,440032,0,0,0,0,0,0,0,0,0,0
0,1,440033,15,15,15,15,15,15,15,15,15,15
1,1,440033,15,43,0,8,0,0,15,4,17,10
1,1,440034,0,0,0,0,0,0,0,0,0,0
1,1,440035,0,0,0,0,0,0,0,0,0,0
2,1,440035,0,0,0,0,0,0,0,0,0,0
1,1,440036,0,0,0,0,0,0,0,0,0,0
2,1,440036,0,0,0,0,0,0,0,0,0,0
1,1,440037,0,0,0,0,0,0,0,0,0,0
2,1,440037,0,0,0,0,0,0,0,0,0,0
3,1,440037,0,0,0,0,0,5,0,0,0,0
1,1,440038,4,4,4,4,4,4,4,4,4,4
1,1,440039,18,18,18,18,18,18,18,18,18,18
2,1,440039,0,0,0,0,0,31,0,7,23,16
1,1,440040,0,0,0,0,0,0,0,0,0,0
2,1,440040,0,0,0,0,0,0,0,0,0,0
1,1,440041,0,0,0,0,0,0,0,0,0,0
1,1,440042,20,20,20,20,20,20,20,20,20,20
1,1,440043,0,0,0,0,0,0,0,0,0,0
1,1,440044,18,18,18,18,18,18,18,18,18,18
1,1,440045,15,15,15,15,15,15,15,15,15,15
0,1,440046,0,0,0,0,0,0,0,0,0,0
1,1,440046,0,0,0,0,0,0,0,0,0,0
1,1,440047,26,26,26,26,26,26,26,26,26,26
1,1,440048,0,0,0,0,0,0,0,0,0,0
1,1,440049,0,0,0,0,0,0,0,0,0,0
2,1,440049,0,0,0,0,0,0,0,0,0,0
0,1,440050,2,2,2,2,2,2,2,2,2,2
1,1,440050,0,0,0,0,0,0,0,0,0,0
0,1,440051,0,0,0,0,0,0,0,0,0,0
1,1,440051,0,0,0,0,0,0,0,0,0,0
1,1,440052,0,0,0,0,0,0,0,0,0,0
1,1,440053,5,5,5,5,5,5,5,5,5,5
1,1,440054,20,20,20,20,20,20,20,20,20,20
1,1,440055,0,0,0,0,0,0,0,0,0,0
2,1,440055,0,0,0,0,0,0,0,0,0,0
0,1,440056,29,29,29,29,29,29,29,29,29,29
1,1,440056,0,0,0,0,0,0,0,0,0,0
1,1,440057,24,24,24,24,24,24,24,24,24,24
1,1,440058,15,15,15,15,15,15,15,15,15,15
1,1,440059,0,0,0,0,0,0,0,0,0,0
1,1,440060,0,0,0,0,0,0,0,0,0,0
2,1,440060,0,0,0,0,0,0,0,0,0,0
3,1,440060,0,0,0,0,0,0,0,0,0,0
1,1,440061,0,30,19,12,0,0,32,0,0,17
4,1,440061,0,0,0,0,0,0,0,0,0,0
0,1,440062,0,0,0,0,0,0,0,0,0,0
1,1,440062,0,0,0,0,0,0,0,0,0,0
1,1,440063,0,0,19,0,0,0,0,0,0,13
1,1,450001,11,19,0,12,0,0,0,30,13,0
2,1,450001,23,0,11,13,0,11,17,7,12,5
1,1,450002,17,17,17,17,17,17,17,17,17,17
1,1,450003,0,0,0,0,0,0,0,0,0,0
1,1,450004,0,0,0,0,0,0,0,0,0,0
2,1,450004,0,0,0,0,0,0,0,0,0,0
3,1,450004,0,0,0,0,0,15,0,0,0,26
1,1,450005,0,0,0,0,0,0,0,0,0,0
2,1,450005,18,18,18,18,18,18,18,18,18,18
0,1,450006,0,0,0,0,0,0,0,0,0,0
1,1,450006,0,0,7,7,0,30,0,0,11,11
1,1,450007,0,10,0,12,0,0,0,2,0,0
2,1,450007,0,0,0,0,0,0,0,0,0,0
1,1,450008,31,31,31,31,31,31,31,31,31,31
1,1,450009,14,14,14,14,14,14,14,14,14,14
1,1,450010,18,18,18,18,18,18,18,18,18,18
1,1,450011,9,9,9,9,9,9,9,9,9,9
0,1,450012,0,0,0,0,0,0,0,0,0,0
1,1,450012,0,0,0,0,7,0,0,11,0,0
1,1,450013,23,23,23,23,23,23,23,23,23,23
1,1,450014,0,0,5,0,0,0,0,0,0,0
2,1,450014,0,0,16,27,0,10,18,0,19,11
1,1,450015,0,0,0,0,0,4,0,0,0,0
2,1,450015,1,1,1,1,1,1,1,1,1,1
3,1,450015,0,0,0,0,0,0,0,0,0,0
1,1,450016,0,0,0,0,0,0,0,0,0,0
2,1,450016,17,17,17,17,17,17,17,17,17,17
1,1,450017,0,0,0,0,0,0,0,0,0,0
2,1,450017,0,0,0,0,0,0,0,0,0,0
1,1,450018,0,0,0,0,0,0,0,0,0,0
2,1,450018,0,0,0,0,0,0,0,0,0,0
1,1,450019,0,0,0,0,0,0,0,0,0,0
2,1,450019,0,0,0,0,0,0,0,0,0,0
0,1,450020,0,0,0,0,0,0,0,0,0,0
1,1,450020,0,0,0,0,0,0,0,0,0,0
1,1,450021,31,31,31,31,31,31,31,31,31,31
1,1,450022,12,12,12,12,12,12,12,12,12,12
1,1,450023,25,25,25,25,25,25,25,25,25,25
1,1,450024,6,6,6,6,6,6,6,6,6,6
1,2,450025,0,0,0,13,0,12,0,14,0,14
1,1,450026,0,0,0,0,0,0,0,0,0,0
0,1,450027,17,17,17,17,17,17,17,17,17,17
1,1,450027,0,0,0,14,0,19,11,0,0,0
1,1,450028,0,0,0,0,0,0,0,0,0,0
1,1,450029,18,0,0,0,13,29,0,18,32,15
1,1,450030,23,23,23,23,23,23,23,23,23,23
1,1,450031,0,0,0,0,0,0,0,0,0,0
2,1,450031,0,0,0,0,0,0,0,0,0,0
1,1,450032,0,0,0,0,0,6,0,0,0,0
1,1,450033,0,0,0,0,0,0,0,0,0,0
2,1,450033,0,0,0,0,0,0,0,0,0,0
3,1,450033,0,0,0,0,0,0,0,0,0,0
1,1,450034,31,31,31,31,31,31,31,31,31,31
1,1,450035,9,9,9,9,9,9,9,9,9,9
1,1,450036,0,0,0,0,0,0,0,0,0,0
0,1,450037,18,18,18,18,18,18,18,18,18,18
1,1,450037,0,0,0,0,0,0,15,0,0,0
1,1,450038,0,0,0,0,0,0,0,0,0,0
1,1,450039,0,0,0,0,0,0,0,0,0,0
2,1,450039,0,0,0,0,0,0,0,0,0,0
1,1,450040,0,0,0,0,0,0,0,0,0,0
1,1,450041,2,2,2,2,2,2,2,2,2,2
2,1,450041,17,17,17,17,17,17,17,17,17,17
1,1,450042,29,29,29,29,29,29,29,29,29,29
1,1,450043,21,21,21,21,21,21,21,21,21,21
1,1,450044,0,0,0,0,0,0,0,0,0,0
2,1,450044,0,0,0,0,0,0,0,0,0,0
1,1,450045,25,25,25,25,25,25,25,25,25,25
1,1,450046,26,26,26,26,26,26,26,26,26,26
1,1,450047,16,16,16,16,16,16,16,16,16,16
1,1,450048,0,25,16,6,0,19,14,3,16,28
0,1,450049,0,0,0,0,0,0,0,0,0,0
0,2,450049,11,0,0,0,0,0,0,9,0,0
1,1,450049,0,0,0,0,0,0,0,0,0,0
1,1,450050,27,27,27,27,27,27,27,27,27,27
1,1,450051,0,0,0,0,0,0,0,0,0,0
2,1,450051,0,0,0,0,0,0,0,0,0,0
3,1,450051,0,0,0,0,0,0,0,0,0,0
4,1,450051,0,0,0,0,0,0,0,0,0,0
1,1,450052,49,49,49,49,49,49,49,49,49,49
1,1,450053,11,11,11,11,11,11,11,11,11,11
1,1,450054,13,13,13,13,13,13,13,13,13,13
1,1,450055,40,40,40,40,40,40,40,40,40,40
1,1,450056,20,20,20,20,20,20,20,20,20,20
1,1,450057,0,0,0,0,0,0,0,0,0,0
2,1,450057,0,12,0,0,0,0,5,0,0,0
1,1,450058,26,26,26,26,26,26,26,26,26,26
0,1,450059,0,0,0,0,0,0,0,0,0,0
1,1,450059,24,0,0,0,0,0,18,0,0,0
1,1,450060,0,10,0,0,0,0,0,0,0,0
2,1,450060,0,0,0,0,0,0,0,0,0,0
0,1,450061,0,29,12,23,35,0,20,0,0,0
1,1,450061,0,0,0,0,0,0,0,0,0,0
1,1,450062,22,22,22,22,22,22,22,22,22,22
0,1,450063,18,18,18,18,18,18,18,18,18,18
1,1,450063,28,15,0,0,0,13,0,0,0,0
1,1,450064,0,0,0,0,0,0,9,0,0,0
2,1,450064,0,0,0,0,0,0,0,0,0,0
1,1,450065,0,0,0,0,0,0,23,0,0,0
1,1,450066,0,0,0,0,0,0,0,0,0,0
1,1,450067,0,0,0,0,0,0,0,0,0,0
1,1,450068,11,6,6,0,6,16,0,0,29,0
1,1,450069,0,0,0,0,0,0,0,0,0,0
1,1,450070,0,0,0,0,0,0,0,0,0,0
2,1,450070,22,0,0,24,0,0,0,0,0,0
1,1,450071,24,24,24,24,24,24,24,24,24,24
1,1,450072,0,5,0,0,7,8,0,0,0,15
1,1,450073,25,25,25,25,25,25,25,25,25,25
1,1,450074,7,7,7,7,7,7,7,7,7,7
1,1,450075,12,12,12,12,12,12,12,12,12,12
0,1,450076,17,17,17,17,17,17,17,17,17,17
1,1,450076,0,0,0,0,0,2,0,0,0,0
2,1,450076,0,0,0,0,0,0,0,0,0,0
1,1,450077,0,0,19,13,0,0,0,0,33,0
1,1,450078,0,0,0,0,0,0,0,0,0,0
1,1,450079,26,9,0,7,11,17,17,14,16,4