VEH_NO,PER_NO,ST_CASE,P1,P2,P3,P4,P5,P6,P7,P8,P9,P10
1,1,450415,0,0,7,0,0,20,0,0,8,0
1,1,450416,14,14,14,14,14,14,14,14,14,14
2,1,450416,0,0,0,0,10,0,0,0,0,0
1,1,450417,0,0,0,0,0,0,0,0,0,0
2,1,450417,0,0,0,0,0,0,5,0,0,0
1,1,450418,25,25,25,25,25,25,25,25,25,25
1,1,450419,29,29,29,29,29,29,29,29,29,29
1,1,450420,0,0,0,0,0,0,0,0,0,0
2,1,450420,0,0,0,0,0,0,0,0,0,0
3,1,450420,0,0,0,0,0,0,0,0,0,0
1,1,450421,0,0,0,0,0,0,0,0,0,0
1,1,450422,0,0,0,0,0,0,0,0,0,0
2,1,450422,0,0,0,0,0,0,0,0,0,0
1,1,450423,0,0,0,0,0,0,0,0,0,0
2,1,450423,0,0,0,0,0,0,0,0,0,0
1,1,450424,0,0,0,0,0,0,0,0,0,0
1,1,450425,18,18,18,18,18,18,18,18,18,18
1,1,450426,13,16,34,9,8,0,9,24,0,15
0,1,450427,16,16,16,16,16,16,16,16,16,16
1,1,450427,16,16,16,16,16,16,16,16,16,16
1,1,450428,18,18,18,18,18,18,18,18,18,18
1,1,450429,12,0,15,0,0,0,0,0,9,0
1,1,450430,0,0,0,0,0,0,0,0,0,0
2,1,450430,0,0,0,0,16,0,0,0,12,0
1,1,450431,9,9,9,9,9,9,9,9,9,9
1,1,450432,11,7,6,32,29,10,12,8,9,16
1,1,450433,0,0,0,0,0,0,0,0,0,0
1,1,450434,31,31,31,31,31,31,31,31,31,31
1,1,450435,1,1,1,1,1,1,1,1,1,1
1,1,450436,14,14,14,14,14,14,14,14,14,14
1,1,450437,0,0,0,26,14,0,9,3,5,0
1,1,450438,15,15,15,15,15,15,15,15,15,15
0,1,450439,32,27,0,14,26,16,0,0,35,0
1,1,450439,0,8,8,0,15,0,0,0,0,0
1,1,450440,12,20,5,13,9,6,17,0,13,0
1,1,450441,0,0,0,0,0,0,0,0,0,0
2,1,450441,15,15,15,15,15,15,15,15,15,15
1,1,450442,2,2,2,2,2,2,2,2,2,2
1,1,450443,0,0,0,0,0,0,0,0,0,0
2,1,450443,0,0,19,0,0,0,0,0,0,0
1,1,450444,23,23,23,23,23,23,23,23,23,23
1,1,450445,0,0,0,0,0,0,0,0,0,0
2,1,450445,0,0,0,0,0,0,0,0,0,0
1,1,450446,1,1,1,1,1,1,1,1,1,1
2,1,450446,0,0,5,0,0,0,7,10,0,5
3,1,450446,14,14,14,14,14,14,14,14,14,14
1,1,450447,0,0,0,26,0,0,0,0,0,0
2,1,450447,0,0,0,0,0,0,0,0,0,0
1,1,450448,0,0,0,0,0,0,0,0,0,0
2,1,450448,0,0,0,0,0,0,0,0,0,0
1,1,450449,0,0,0,0,0,0,0,0,0,0
2,1,450449,0,0,0,0,0,0,0,0,0,0
1,1,450450,0,0,0,0,0,0,0,0,0,0
2,1,450450,0,0,0,0,0,0,0,0,0,0
1,1,450451,0,0,0,0,0,0,0,0,0,0
2,1,450451,0,10,0,0,0,0,0,0,0,0
3,1,450451,0,0,0,0,0,0,0,0,0,0
0,1,450452,21,21,21,21,21,21,21,21,21,21
1,1,450452,9,0,8,0,0,0,0,0,0,0
2,1,450452,0,0,0,0,25,0,0,5,13,0
1,1,450453,0,0,0,0,0,0,0,0,0,0
2,1,450453,18,0,0,0,10,0,0,0,0,0
1,1,450454,22,0,0,18,0,0,0,20,0,0
1,1,450455,0,0,0,0,17,0,16,0,0,0
2,1,450455,24,24,24,24,24,24,24,24,24,24
1,1,450456,0,0,0,0,0,4,0,0,8,0
1,1,450457,41,41,41,41,41,41,41,41,41,41
1,1,450458,29,29,29,29,29,29,29,29,29,29
1,1,450459,25,25,25,25,25,25,25,25,25,25
1,1,450460,23,23,23,23,23,23,23,23,23,23
0,1,450461,19,19,19,19,19,19,19,19,19,19
1,1,450461,0,0,0,0,0,9,0,11,0,30
1,1,450462,5,5,5,5,5,5,5,5,5,5
1,1,450463,15,15,15,15,15,15,15,15,15,15
1,1,450464,32,3,0,11,15,0,0,7,0,14
0,1,450465,17,17,17,17,17,17,17,17,17,17
1,1,450465,18,17,10,38,13,12,15,20,9,33
1,1,450466,19,9,0,0,0,21,11,18,29,10
1,1,450467,21,21,21,21,21,21,21,21,21,21
1,1,450468,22,22,22,22,22,22,22,22,22,22
1,1,450469,19,19,19,19,19,19,19,19,19,19
1,1,450470,30,30,30,30,30,30,30,30,30,30
1,1,450471,0,0,0,0,0,0,0,0,0,0
1,1,450472,8,0,3,0,0,21,4,18,0,10
1,1,450473,0,10,12,0,0,12,0,0,3,0
2,1,450473,16,16,16,16,16,16,16,16,16,16
1,1,450474,17,17,17,17,17,17,17,17,17,17
0,1,450475,0,0,0,0,0,0,0,0,0,0
1,1,450475,0,0,0,3,0,0,0,0,0,0
1,1,450476,0,0,0,0,0,0,0,0,0,0
2,1,450476,0,0,0,0,0,0,0,0,0,0
1,1,450477,0,16,0,0,21,0,15,0,0,16
2,1,450477,0,0,0,0,0,0,0,0,12,0
1,1,450478,0,0,0,0,0,0,10,26,0,24
2,1,450478,21,21,21,21,21,21,21,21,21,21
1,1,450479,2,2,2,2,2,2,2,2,2,2
2,1,450479,0,0,0,0,0,0,0,0,0,0
1,1,450480,0,0,29,0,0,0,0,0,0,0
1,1,450481,0,0,0,0,0,0,0,0,0,0
1,1,450482,34,34,34,34,34,34,34,34,34,34
1,1,450483,21,17,28,41,17,10,0,9,35,30
1,1,450484,0,4,23,0,7,7,0,0,0,4
2,1,450484,7,7,7,7,7,7,7,7,7,7
3,1,450484,0,0,0,0,0,0,0,0,0,0
1,1,450485,24,24,24,24,24,24,24,24,24,24
0,1,450486,0,0,0,0,0,0,0,0,0,0
1,1,450486,0,11,15,0,22,10,11,0,15,19
1,1,450487,22,22,22,22,22,22,22,22,22,22
1,1,450488,29,29,29,29,29,29,29,29,29,29
1,1,450489,14,14,14,14,14,14,14,14,14,14
0,1,450490,36,36,36,36,36,36,36,36,36,36
1,1,450490,17,6,0,21,0,13,0,0,0,0
1,1,450491,23,23,23,23,23,23,23,23,23,23
1,1,450492,21,21,21,21,21,21,21,21,21,21
1,1,450493,0,0,0,0,0,0,0,0,0,0
2,1,450493,0,0,0,0,0,0,0,0,0,0
1,1,450494,0,0,0,0,0,0,0,0,0,0
2,1,450494,0,0,0,0,0,0,0,0,0,0
1,1,450495,0,0,0,0,0,0,0,0,0,0
1,1,450496,0,0,0,0,0,0,0,0,0,0
1,1,450497,0,0,0,0,0,0,0,0,0,0
2,1,450497,0,0,0,0,0,0,0,0,0,0
1,1,450498,0,0,0,0,0,0,0,0,0,0
1,1,450499,0,0,0,0,0,0,0,0,0,0
2,1,450499,0,0,0,0,0,0,0,0,0,0
3,1,450499,0,0,0,0,0,0,0,0,0,0
1,1,450500,0,0,4,0,0,0,0,7,0,12
2,1,450500,0,2,0,0,0,0,0,0,0,0
1,1,450501,0,0,9,0,0,0,0,0,0,0
2,1,450501,0,0,0,0,0,0,0,0,0,0
1,1,450502,13,13,13,13,13,13,13,13,13,13
1,1,450503,0,0,0,0,0,0,0,0,0,0
2,1,450503,0,0,0,0,0,0,0,0,0,0
1,1,450504,0,0,0,0,0,0,0,0,0,0
2,1,450504,13,0,0,10,0,5,13,20,0,5
1,1,450505,3,3,3,3,3,3,3,3,3,3
1,1,450506,0,0,0,0,0,0,0,0,0,0
1,1,450507,0,0,0,0,0,0,0,0,0,0
1,1,450508,27,27,27,27,27,27,27,27,27,27
1,1,450509,18,18,18,18,18,18,18,18,18,18
0,1,450510,15,15,15,15,15,15,15,15,15,15
1,1,450510,7,7,7,7,7,7,7,7,7,7
1,1,450511,26,0,0,39,7,0,21,13,0,0
2,1,450511,0,0,0,0,17,0,10,0,0,0
1,1,450512,0,0,0,0,0,9,18,0,0,0
2,1,450512,0,18,22,0,0,0,0,0,0,0
6,1,450512,0,0,0,0,0,0,0,0,0,0
1,1,450513,6,6,6,6,6,6,6,6,6,6
2,1,450513,15,15,15,15,15,15,15,15,15,15
1,1,450514,6,6,6,6,6,6,6,6,6,6
2,1,450514,0,0,0,0,0,0,0,0,0,0
1,1,450515,0,0,0,0,0,0,0,0,0,0
2,1,450515,0,0,0,0,0,0,0,0,0,0
1,1,450516,20,20,20,20,20,20,20,20,20,20
1,1,450517,27,27,27,27,27,27,27,27,27,27
1,1,450518,0,0,0,0,0,0,0,0,0,0
0,1,450519,0,0,0,0,0,0,0,0,0,0
1,1,450519,0,0,0,0,0,0,0,0,0,0
1,1,450520,58,58,58,58,58,58,58,58,58,58
1,1,450521,17,17,17,17,17,17,17,17,17,17
1,1,450522,0,0,0,0,0,0,0,0,0,0
2,1,450522,0,0,0,0,0,0,0,0,0,0
1,1,450523,0,0,0,0,0,0,0,0,0,0
1,1,450524,34,34,34,34,34,34,34,34,34,34
2,1,450524,0,0,0,0,0,0,0,0,0,0
0,1,450525,0,0,0,0,0,0,0,0,0,0
1,1,450525,7,0,0,18,0,0,0,0,0,16
1,1,450526,0,0,0,0,0,0,0,0,0,0
2,1,450526,0,0,0,0,0,0,0,0,0,0
0,1,450527,5,5,5,5,5,5,5,5,5,5
1,1,450527,0,0,0,0,0,0,0,0,0,0
1,1,450528,0,0,0,0,0,0,0,0,0,0
1,1,450529,23,9,31,17,14,12,20,24,28,3
1,1,450530,0,0,0,0,0,20,0,0,0,0
2,1,450530,0,0,0,0,3,0,0,0,0,0
0,1,450531,0,0,0,0,0,0,0,0,0,0
0,2,450531,14,0,0,0,16,4,0,0,0,17
1,1,450531,0,0,4,0,0,9,16,0,0,0
1,1,450532,0,4,0,3,0,20,0,0,0,0
1,1,450533,22,22,22,22,22,22,22,22,22,22
1,1,450534,0,0,0,0,0,0,0,0,3,0
2,1,450534,0,0,0,0,0,0,0,0,0,0
1,1,450535,0,0,4,0,0,0,10,0,0,0
2,1,450535,25,25,25,25,25,25,25,25,25,25
1,1,450536,39,39,39,39,39,39,39,39,39,39
1,1,450537,0,0,10,0,0,0,0,0,2,0
2,1,450537,0,0,0,0,0,0,0,0,0,0
1,1,450538,0,0,0,0,0,0,0,0,0,0
2,1,450538,0,0,0,0,0,0,0,0,0,0
1,1,450539,0,0,0,0,0,0,0,0,0,0
2,1,450539,0,0,0,0,0,0,0,0,0,0
1,1,450540,0,0,23,0,0,0,0,0,0,0
2,1,450540,0,0,0,0,0,0,0,0,0,0
1,1,450541,23,23,23,23,23,23,23,23,23,23
1,1,450542,0,0,0,0,0,0,0,0,0,0
2,1,450542,0,0,0,0,11,0,0,0,0,0
1,1,450543,0,0,0,0,0,0,0,0,0,0
1,1,450544,0,0,0,0,0,0,0,0,0,0
2,1,450544,0,0,0,0,0,0,0,0,0,0
1,1,450545,0,0,0,0,0,0,0,0,0,0
2,1,450545,0,0,0,0,0,0,0,0,0,0
0,1,450546,0,0,0,0,0,0,0,0,0,0
1,1,450546,32,0,0,0,0,0,0,0,0,0
1,1,450547,0,0,0,0,0,0,0,0,0,0
2,1,450547,0,0,0,0,0,0,0,9,0,0
1,1,450548,0,0,0,0,0,0,0,0,0,0
1,1,450549,0,0,0,0,0,0,0,0,0,0
1,1,450550,0,0,0,0,0,0,0,0,0,0
2,1,450550,0,10,0,0,0,0,0,0,14,0
1,1,450551,8,8,8,8,8,8,8,8,8,8
1,1,450552,23,23,23,23,23,23,23,23,23,23
1,1,450553,24,0,13,0,0,8,20,0,0,0
1,1,450554,23,23,23,23,23,23,23,23,23,23
1,1,450555,17,17,17,17,17,17,17,17,17,17
1,1,450557,0,0,0,0,0,0,0,5,6,0
2,1,450557,0,0,0,0,8,0,0,0,0,0
1,1,450558,0,0,0,0,0,0,0,0,0,0
2,1,450558,0,0,16,0,0,0,0,0,0,0
3,1,450558,0,0,0,0,0,12,0,0,0,0
1,1,450559,0,0,0,0,0,12,0,0,0,0
2,1,450559,4,4,4,4,4,4,4,4,4,4
3,1,450559,0,0,0,0,0,0,0,0,0,0
1,1,450560,12,12,12,12,12,12,12,12,12,12
1,1,450561,0,0,0,0,0,0,0,0,0,0
2,1,450561,0,14,0,0,0,0,0,0,0,0
1,1,450562,29,29,29,29,29,29,29,29,29,29
0,1,450563,10,10,10,10,10,10,10,10,10,10
1,1,450563,0,0,0,0,0,0,0,0,0,16
1,1,450564,0,0,0,0,0,0,0,0,0,0
1,1,450565,11,11,11,11,11,11,11,11,11,11
1,1,450566,37,37,37,37,37,37,37,37,37,37
1,1,450567,0,0,0,0,0,0,0,0,0,0
2,1,450567,0,0,0,0,0,0,0,0,0,0
1,1,450568,0,9,0,0,0,0,0,0,0,0
2,1,450568,0,0,0,0,0,0,0,9,0,0
1,1,450569,31,31,31,31,31,31,31,31,31,31
1,1,450570,0,0,0,0,0,0,0,0,0,0
2,1,450570,0,0,0,0,0,13,0,0,0,0
1,1,450571,13,0,0,0,0,9,0,0,0,0
1,1,450572,1,1,1,1,1,1,1,1,1,1
1,1,450573,21,21,21,21,21,21,21,21,21,21
1,1,450574,0,0,0,0,0,0,0,0,4,0
2,1,450574,24,0,0,0,0,0,0,0,0,0
1,1,450575,0,0,0,0,0,0,0,0,0,0
0,1,450576,32,0,18,8,23,0,0,0,0,0
1,1,450576,0,0,16,0,0,0,0,0,0,0
2,1,450576,0,0,0,0,0,0,0,9,0,0
0,1,450577,0,0,0,0,0,0,0,0,0,0
0,2,450577,0,0,0,0,0,0,0,0,0,0
1,1,450577,0,0,0,0,0,0,0,0,0,0
2,1,450577,0,0,0,0,0,0,0,0,0,0
1,1,450578,0,0,21,0,0,0,0,0,0,0
1,1,450579,23,23,23,23,23,23,23,23,23,23
1,1,450580,15,15,20,30,8,17,17,8,10,16
2,1,450580,0,10,0,0,16,0,0,13,0,0
1,1,450581,24,24,24,24,24,24,24,24,24,24
1,1,450582,16,13,20,21,7,21,12,0,19,4
1,1,450583,12,12,12,12,12,12,12,12,12,12
1,1,450584,0,0,0,0,0,0,0,0,0,0
1,1,450585,11,11,11,11,11,11,11,11,11,11
1,1,450586,0,0,0,18,19,0,4,10,0,0
0,1,450587,0,0,0,0,0,0,0,0,0,0
1,1,450587,0,0,0,0,0,0,0,0,0,0
1,1,450588,0,0,0,0,0,0,0,0,0,0
2,1,450588,0,0,0,0,0,0,0,0,0,0
1,1,450589,0,0,0,0,4,0,0,0,0,0
2,1,450589,0,0,0,0,0,0,0,0,0,0
0,1,450590,21,21,21,21,21,21,21,21,21,21
1,1,450590,0,0,0,0,16,0,0,0,0,0
2,1,450590,0,0,5,0,0,25,0,9,0,0
1,1,450591,24,24,24,24,24,24,24,24,24,24
1,1,450592,0,0,0,0,9,0,5,0,0,0
2,1,450592,27,27,27,27,27,27,27,27,27,27
0,1,450593,0,12,0,0,0,0,23,12,0,0
1,1,450593,10,0,0,0,0,0,0,0,0,8
0,1,450594,12,12,12,12,12,12,12,12,12,12
1,1,450594,15,23,24,5,15,16,12,8,8,27
1,1,450595,0,0,0,0,0,0,0,0,0,0
1,1,450596,0,0,0,0,0,0,0,0,0,0
2,1,450596,0,0,0,0,0,0,0,0,0,0
3,1,450596,0,0,0,0,0,0,0,0,0,0
0,1,450597,0,0,0,0,0,0,0,0,0,0
1,1,450597,0,0,13,0,0,26,0,4,0,0
1,1,450598,0,0,0,0,0,0,0,0,0,0
0,1,450599,0,0,0,0,0,0,0,0,0,0
1,1,450599,0,0,0,0,0,0,0,12,0,0
1,1,450600,0,0,0,0,0,0,0,0,0,0
2,1,450600,0,0,0,0,12,0,0,0,0,0
1,1,450601,23,10,25,26,17,22,19,25,12,15
0,1,450602,0,0,0,0,0,0,0,0,0,0
1,1,450602,0,0,0,32,0,0,0,0,0,0
1,1,450603,0,0,0,0,0,0,0,0,0,0
2,1,450603,0,0,0,0,0,0,0,0,0,0
0,1,450604,26,26,26,26,26,26,26,26,26,26
1,1,450604,5,6,0,0,0,0,0,0,9,0
1,1,450605,14,14,14,14,14,14,14,14,14,14
0,1,450606,0,0,0,0,0,0,0,0,0,0
1,1,450606,0,4,7,2,22,0,0,15,0,0
1,1,450607,17,17,17,17,17,17,17,17,17,17
0,1,450608,33,33,33,33,33,33,33,33,33,33
1,1,450608,0,0,0,4,3,9,0,0,10,20
1,1,450609,0,0,0,0,0,0,0,0,0,0
2,1,450609,21,0,12,18,10,15,6,16,13,22
1,1,450610,0,0,0,0,0,0,0,0,19,13
1,1,450611,22,22,22,22,22,22,22,22,22,22
1,1,450612,24,15,16,25,13,27,6,22,31,11
1,1,450613,1,1,1,1,1,1,1,1,1,1
1,1,450614,0,0,0,0,0,0,0,0,0,0
2,1,450614,0,0,0,0,0,0,0,0,0,0
1,1,450615,0,0,0,0,0,0,0,0,0,0
2,1,450615,0,0,0,0,0,0,0,0,0,0
1,1,450616,0,0,0,0,0,0,0,0,0,0
1,1,450617,0,0,0,0,0,0,0,0,0,0
1,1,450618,2,2,2,2,2,2,2,2,2,2
1,1,450619,0,0,0,0,0,0,0,0,0,0
1,1,450620,26,26,26,26,26,26,26,26,26,26
1,1,450621,8,9,0,7,0,0,21,0,0,0
2,1,450621,0,0,0,29,0,0,0,0,0,0
0,1,450622,17,17,17,17,17,17,17,17,17,17
1,1,450622,0,11,0,0,0,0,22,0,7,0
1,1,450623,0,0,0,0,0,26,0,0,0,0
2,1,450623,0,0,0,0,0,0,0,0,0,0
1,1,450624,0,0,0,0,0,0,0,0,0,0
2,1,450624,0,0,0,0,0,0,0,0,0,0
1,1,450625,0,0,0,0,0,0,0,0,0,0
2,1,450625,0,0,0,0,0,0,0,0,0,0
1,1,450626,0,0,0,0,0,0,0,0,0,0
2,1,450626,23,23,23,23,23,23,23,23,23,23
1,1,450627,0,0,0,0,0,0,0,0,0,0
2,1,450627,0,0,0,0,0,0,0,0,0,0
1,1,450628,11,17,15,26,0,31,26,6,11,9
1,1,450629,0,0,0,0,9,0,0,0,9,15
2,1,450629,17,17,17,17,17,17,17,17,17,17
0,1,450630,21,21,21,21,21,21,21,21,21,21
1,1,450630,0,0,11,0,0,0,0,0,0,0
1,1,450631,0,0,0,0,0,0,0,0,0,0
1,1,450632,0,0,0,0,0,0,0,6,0,0
2,1,450632,0,0,0,0,0,0,0,0,0,0
1,1,450633,25,25,25,25,25,25,25,25,25,25
1,1,450634,16,16,16,16,16,16,16,16,16,16
0,1,450635,12,12,12,12,12,12,12,12,12,12
1,1,450635,0,0,0,0,4,0,0,0,0,0
1,1,450636,0,0,0,0,0,0,0,0,0,0
2,1,450636,0,0,0,0,0,0,0,0,0,0
1,1,450637,0,0,0,0,10,17,0,0,0,11
1,1,450638,18,0,11,11,20,14,12,5,21,14
1,1,450639,0,0,0,0,0,0,0,0,0,0
1,1,450640,0,0,0,0,0,0,0,0,0,0
1,1,450641,29,29,29,29,29,29,29,29,29,29
2,1,450641,9,0,0,0,0,0,0,7,14,11
0,1,450642,10,10,10,10,10,10,10,10,10,10
1,1,450642,0,0,0,17,0,0,0,16,0,0
1,1,450643,18,18,18,18,18,18,18,18,18,18
1,1,450644,0,0,0,0,0,0,0,0,0,0
2,1,450644,0,0,0,0,0,0,0,0,0,0
3,1,450644,0,0,0,0,0,0,0,0,0,0
1,1,450645,0,0,0,0,0,0,0,0,0,0
2,1,450645,0,0,0,0,0,0,0,0,0,0
1,1,450646,0,0,0,0,0,0,0,0,0,0
2,1,450646,0,0,0,0,0,0,0,0,0,0
3,1,450646,0,7,0,8,7,14,0,8,9,5
1,1,450647,0,17,0,0,14,0,0,23,0,0
0,1,450648,0,20,20,0,0,0,0,0,0,0
0,2,450648,12,0,0,20,22,0,27,16,22,18
1,1,450648,0,0,0,0,0,0,0,0,21,0
2,1,450648,0,12,0,0,0,0,0,0,0,0
1,1,450649,14,13,0,0,4,8,11,4,0,0
2,1,450649,13,0,8,14,5,10,7,24,7,9
1,1,450650,18,34,2,0,0,0,0,0,0,0
1,1,450651,12,7,10,11,3,13,7,15,14,18
1,1,450652,0,0,0,0,0,0,0,0,0,0
0,1,450653,0,0,0,0,0,0,0,0,0,0
0,2,450653,0,0,0,0,0,0,0,0,0,0
0,3,450653,0,0,0,0,0,0,0,0,0,0
1,1,450653,0,5,0,0,12,13,0,0,0,0
0,1,450654,24,24,24,24,24,24,24,24,24,24
1,1,450654,0,9,0,0,0,0,0,2,8,0
1,1,450655,0,0,11,0,0,12,23,13,0,0
1,1,450656,23,23,23,23,23,23,23,23,23,23
1,1,450657,0,0,0,0,0,0,0,0,0,0
2,1,450657,0,0,0,0,0,0,0,0,0,0
1,1,450658,18,18,18,18,18,18,18,18,18,18
0,1,450659,20,3,18,0,14,30,10,9,27,20
1,1,450659,0,0,0,0,0,0,0,0,0,0
1,1,450660,0,0,0,0,0,0,0,0,0,0
2,1,450661,25,25,25,25,25,25,25,25,25,25
1,1,450662,0,0,0,0,0,0,0,0,0,0
1,1,450663,29,29,29,29,29,29,29,29,29,29
2,1,450663,0,0,0,0,0,0,0,0,0,0
1,1,450664,0,0,0,0,0,0,0,0,0,0
1,1,450665,0,0,0,0,0,0,0,0,0,0
2,1,450665,0,0,0,0,0,0,0,0,0,0
1,1,450666,0,0,0,0,0,0,0,0,5,0
1,1,450667,0,0,0,0,0,0,0,0,0,0
2,1,450667,0,0,0,0,0,0,0,0,0,0
3,1,450667,0,0,0,0,0,0,0,0,0,0
1,1,450668,14,14,14,14,14,14,14,14,14,14
1,1,450669,1,1,1,1,1,1,1,1,1,1
2,1,450669,0,0,0,0,0,0,0,0,0,8
1,1,450670,22,22,22,22,22,22,22,22,22,22
2,1,450670,0,0,14,0,12,0,0,8,0,0
1,1,450671,7,7,7,7,7,7,7,7,7,7
1,1,450672,0,0,0,0,0,0,0,0,0,0
2,1,450672,0,0,0,0,0,0,0,0,0,17
1,1,450673,0,0,0,0,0,0,0,0,0,0
1,1,450674,16,16,16,16,16,16,16,16,16,16
1,1,450675,23,5,15,14,7,9,15,11,18,10
1,1,450676,0,0,23,7,0,0,0,0,8,0
1,1,450677,0,0,0,0,0,0,0,0,0,0
2,1,450677,0,0,0,0,0,0,0,0,0,0
1,1,450678,0,0,0,0,0,0,0,0,0,0
2,1,450678,0,0,0,0,0,0,0,0,0,0
1,1,450679,6,18,16,8,13,14,9,23,6,30
1,1,450680,0,12,0,0,0,9,31,0,15,0
2,1,450680,12,26,17,12,31,13,7,22,9,12
1,1,450681,11,11,11,11,11,11,11,11,11,11
1,1,450682,0,0,0,0,0,8,0,0,0,0
1,1,450683,0,0,0,0,0,0,0,0,0,0
2,1,450683,14,0,6,0,0,0,0,0,3,0
1,1,450684,0,0,0,0,0,0,0,0,0,0
1,1,450685,0,16,0,19,0,0,0,0,0,14
2,1,450685,0,0,0,0,0,0,0,0,0,0
1,1,450686,24,0,0,5,18,28,12,12,25,0
1,1,450687,10,10,10,10,10,10,10,10,10,10
1,1,450688,17,17,17,17,17,17,17,17,17,17
1,1,450689,23,0,22,0,14,0,35,11,0,0
2,1,450689,0,0,0,0,0,0,0,8,0,0
0,1,450690,0,22,20,17,22,15,24,0,0,27
1,1,450690,0,0,0,0,0,0,14,0,8,0
1,1,450691,0,8,10,0,13,10,3,0,20,0
1,1,450692,0,0,0,0,0,0,0,0,0,0
2,1,450692,12,12,12,12,12,12,12,12,12,12
1,1,450693,4,4,4,4,4,4,4,4,4,4
1,1,450694,15,15,15,15,15,15,15,15,15,15
1,1,450695,0,0,0,26,2,0,22,0,0,19
1,1,450696,0,9,0,0,0,0,0,0,0,0
1,1,450697,0,26,16,16,11,13,34,0,18,12
1,1,450698,0,0,0,8,0,0,0,0,0,0
2,1,450698,0,0,16,21,0,0,2,0,0,0
1,1,450699,24,24,35,36,19,26,17,38,18,8
2,1,450699,0,0,0,0,0,0,0,0,0,0
1,1,450700,0,0,0,0,0,0,0,0,0,0
2,1,450700,26,26,26,26,26,26,26,26,26,26
1,1,450701,14,0,10,0,0,0,28,0,15,12
1,1,450702,0,0,0,0,0,0,3,0,0,0
2,1,450702,0,0,0,0,0,0,0,0,0,0
1,1,450703,9,9,9,9,9,9,9,9,9,9
0,1,450704,0,0,0,0,0,0,0,0,0,0
1,1,450704,0,0,0,0,0,0,0,0,0,0
1,1,450705,0,0,0,0,0,0,0,0,0,0
1,1,450706,0,0,0,0,0,0,0,0,0,0
2,1,450706,0,0,0,0,0,0,0,0,0,0
0,1,450707,0,0,0,0,0,12,0,0,0,0
1,1,450707,16,0,0,0,0,0,0,0,0,0
2,1,450707,0,0,0,0,0,0,0,0,0,0
3,1,450707,0,0,0,0,0,0,0,0,0,0
4,1,450707,0,0,0,0,0,0,0,0,0,0
0,1,450708,27,27,27,27,27,27,27,27,27,27
1,1,450708,0,14,0,10,0,0,0,0,0,0
1,1,450709,14,14,14,14,14,14,14,14,14,14
1,1,450710,0,0,0,6,7,0,0,0,0,0
1,1,450711,8,8,8,8,8,8,8,8,8,8
1,1,450712,29,29,29,29,29,29,29,29,29,29
1,1,450713,27,0,14,18,0,0,14,25,12,15
1,1,450714,24,24,24,24,24,24,24,24,24,24
1,1,450715,0,0,0,0,0,0,0,0,0,0
2,1,450715,0,0,0,0,0,0,0,0,0,0
1,1,450716,0,0,0,0,0,0,0,0,0,0
2,1,450716,0,0,0,0,0,0,0,0,0,0
1,1,450717,12,30,20,26,16,10,24,8,11,11
1,1,450718,0,0,0,0,0,0,11,0,0,0
1,1,450719,27,20,33,0,0,12,0,0,20,25
1,1,450720,11,11,11,11,11,11,11,11,11,11
1,1,450721,0,0,0,0,0,0,0,0,0,0
1,1,450722,0,0,0,0,0,0,0,0,0,0
1,1,450723,7,0,0,0,0,7,0,0,0,23
2,1,450723,0,0,0,0,0,0,0,0,0,0
1,1,450724,0,0,0,0,0,0,0,0,0,7
2,1,450724,3,3,3,3,3,3,3,3,3,3
1,1,450725,0,7,0,0,0,0,0,0,0,0
1,1,450726,0,0,0,0,0,0,0,0,0,0
2,1,450726,0,0,0,0,0,0,0,0,5,0
1,1,450728,15,15,15,15,15,15,15,15,15,15
1,1,450729,0,10,0,27,0,0,0,0,15,0
1,1,450730,0,16,21,17,4,0,0,0,23,13
0,1,450731,21,26,12,0,15,0,0,0,0,32
1,1,450731,0,18,0,0,0,30,0,0,0,0
1,1,450732,0,0,0,0,0,0,0,0,0,0
2,1,450732,0,0,9,0,0,0,0,0,0,0
1,1,450733,0,0,0,0,0,0,0,0,0,0
2,1,450733,13,14,0,8,0,4,17,4,23,8
1,1,450734,0,0,0,0,0,0,0,0,0,0
2,1,450734,0,0,0,0,0,0,0,0,0,0
1,1,450735,0,0,0,0,0,0,0,0,0,0
2,1,450735,0,0,0,0,0,0,0,0,0,0
1,1,450736,0,11,0,10,0,18,0,0,0,14