VEH_NO,PER_NO,ST_CASE,P1,P2,P3,P4,P5,P6,P7,P8,P9,P10
2,1,470113,0,0,0,0,0,0,0,0,0,0
3,1,470113,0,0,0,0,0,0,0,0,0,0
4,1,470113,0,0,0,0,0,0,0,0,0,0
5,1,470113,0,0,0,0,0,0,0,0,0,0
1,1,470114,24,24,24,24,24,24,24,24,24,24
2,1,470114,0,0,0,0,0,8,0,0,0,0
0,1,470115,0,24,12,27,0,24,0,16,0,22
1,1,470115,0,0,0,0,0,0,0,0,0,0
1,1,470116,0,0,0,0,0,0,0,0,0,0
1,1,470117,0,0,33,6,23,20,27,8,10,9
1,1,470118,0,0,0,0,0,0,0,0,0,0
2,1,470118,0,0,0,0,0,0,0,0,0,0
1,1,470119,18,15,16,23,10,23,17,28,9,21
0,1,470120,8,0,0,0,31,0,0,0,0,0
1,1,470120,0,0,0,0,0,0,0,0,0,0
0,1,470121,29,0,0,0,0,0,30,11,0,0
1,1,470121,0,0,0,0,0,0,0,0,0,0
1,1,470122,19,19,19,19,19,19,19,19,19,19
1,1,470123,0,0,0,0,0,0,0,0,0,0
2,1,470123,0,0,0,0,0,0,0,0,0,0
1,1,470124,0,0,0,0,0,0,0,0,0,0
2,1,470124,0,6,0,0,0,0,0,0,0,0
1,1,470125,12,12,12,12,12,12,12,12,12,12
1,1,470126,0,0,0,0,0,0,0,0,0,0
1,1,470127,0,0,0,0,0,0,0,0,0,0
1,1,470128,0,0,0,0,0,0,0,0,0,0
1,1,470129,0,0,0,0,0,0,0,0,0,0
1,1,470130,0,0,0,0,0,0,0,0,0,0
2,1,470130,0,0,0,0,0,0,0,0,0,0
1,1,470131,0,0,0,0,0,0,0,0,0,0
1,1,470132,17,17,17,17,17,17,17,17,17,17
1,1,470133,0,0,0,0,0,0,0,0,0,0
1,1,470134,0,16,0,0,0,0,0,0,0,0
1,1,470135,0,0,0,0,0,0,0,0,0,0
2,1,470135,0,0,0,0,0,0,0,0,0,0
1,1,470136,0,0,0,0,0,0,0,0,0,0
2,1,470136,0,0,0,0,0,0,0,0,0,0
1,1,470137,0,0,0,0,0,0,0,0,0,0
2,1,470137,0,0,0,0,0,0,0,0,0,0
3,1,470137,0,0,0,0,0,0,0,0,0,0
4,1,470137,0,0,0,0,0,0,0,0,0,0
5,1,470137,0,0,0,0,0,0,0,0,0,0
6,1,470137,0,0,0,0,0,0,0,0,0,0
1,1,470138,20,30,20,15,16,21,11,18,21,5
1,1,470139,0,0,0,0,0,0,0,0,0,0
2,1,470139,0,0,0,0,0,0,0,0,0,0
1,1,470140,0,0,0,0,0,0,0,0,0,0
2,1,470140,0,0,0,0,0,0,0,0,2,0
1,1,470141,0,0,0,0,0,0,0,0,0,0
2,1,470141,0,0,3,0,0,0,0,0,0,0
1,1,470142,0,0,0,0,13,0,0,0,0,0
2,1,470142,0,0,0,0,0,0,0,0,0,0
1,1,470143,0,0,0,0,0,0,0,0,0,0
2,1,470143,0,0,0,0,0,0,0,0,0,0
1,1,470145,0,0,0,0,0,0,0,0,0,0
0,1,470146,0,0,0,0,0,14,15,0,17,0
0,2,470146,0,0,0,0,2,0,7,0,0,0
1,1,470146,0,0,0,0,0,0,0,0,0,0
1,1,470147,0,0,0,0,0,0,0,0,0,0
2,1,470147,0,0,0,0,0,0,0,0,0,0
1,1,470148,0,0,0,0,0,0,0,0,0,0
1,1,470149,0,0,0,0,0,0,23,0,10,0
2,1,470149,0,0,0,0,0,0,0,0,0,0
1,1,470150,0,0,35,17,0,0,0,0,0,0
2,1,470150,0,0,0,0,0,0,0,0,0,0
1,1,470151,16,27,28,27,21,20,31,29,22,23
1,1,470152,21,21,21,21,21,21,21,21,21,21
1,1,470153,0,0,0,0,0,0,0,0,0,0
1,1,470154,0,0,0,0,0,0,0,0,0,0
1,1,470155,0,0,0,0,8,0,0,0,0,0
1,1,470156,7,0,0,0,0,0,0,0,0,0
2,1,470156,0,0,0,0,0,0,0,0,0,0
0,1,470157,0,0,0,4,2,0,0,0,21,0
1,1,470157,0,0,0,0,0,0,0,0,0,0
1,1,470158,35,35,35,35,35,35,35,35,35,35
1,1,470159,3,0,0,0,13,0,10,0,0,0
2,1,470159,0,0,0,0,0,0,0,0,0,0
1,1,470160,0,0,0,0,0,0,0,0,0,0
2,1,470160,0,16,0,0,0,0,0,0,0,0
1,1,470161,0,0,0,0,0,0,0,0,0,0
2,1,470161,0,0,0,0,0,0,0,0,0,0
1,1,470162,5,0,0,0,0,0,0,0,0,0
2,1,470162,0,0,0,14,0,0,5,0,0,0
3,1,470162,0,0,0,0,0,14,0,0,9,0
1,1,470163,0,0,0,0,0,0,0,0,0,0
2,1,470163,0,0,0,0,0,0,0,0,0,0
3,1,470163,0,0,0,0,0,0,0,0,0,0
1,1,470164,0,42,0,0,0,0,0,8,0,0
1,1,470165,0,0,0,0,0,0,0,0,0,0
1,1,470166,0,0,0,0,0,0,0,0,0,0
1,1,470167,19,0,25,0,21,20,19,0,7,24
1,1,470168,0,0,0,0,0,0,0,0,0,0
1,1,470169,14,0,0,0,0,13,0,21,0,0
0,1,470171,0,0,0,0,0,0,0,0,0,0
1,1,470171,0,0,0,0,0,0,0,0,0,0
0,1,470172,32,0,0,0,0,0,35,0,21,0
0,2,470172,0,0,0,0,0,0,0,0,0,0
0,3,470172,0,0,0,0,0,10,13,0,0,0
1,1,470172,0,0,0,0,0,9,0,0,0,0
1,1,470173,40,0,0,25,0,0,0,12,10,24
1,1,470174,7,0,0,0,5,0,0,0,0,0
2,1,470174,14,14,14,14,14,14,14,14,14,14
1,1,470175,0,0,0,0,0,0,0,0,0,0
2,1,470175,0,0,0,0,0,0,0,0,0,0
1,1,470176,0,0,0,0,0,0,0,0,0,0
1,1,470177,0,0,0,0,5,0,26,3,0,0
1,1,470178,0,0,0,0,0,0,0,0,0,0
2,1,470178,0,0,0,0,0,0,0,0,0,0
1,1,470179,0,0,0,0,0,0,0,0,0,0
1,1,470180,0,0,0,0,0,0,0,0,0,0
1,1,470181,22,0,0,12,0,7,6,0,8,0
1,1,470182,0,0,0,0,0,0,0,0,0,0
1,1,470183,0,0,0,0,0,0,0,0,0,0
1,1,470184,32,18,2,26,15,15,33,15,27,42
1,1,470185,10,10,10,10,10,10,10,10,10,10
1,1,470186,0,0,0,0,0,0,0,0,0,0
2,1,470186,0,0,0,0,0,0,0,0,0,0
1,1,470187,0,0,0,0,0,0,0,0,0,0
1,1,470188,0,0,0,0,0,0,0,0,0,0
2,1,470188,0,0,0,0,0,0,0,0,0,0
1,1,470189,24,24,24,24,24,24,24,24,24,24
1,1,470190,0,0,0,0,0,0,0,0,0,0
1,1,470191,0,0,0,0,0,0,0,0,0,0
2,1,470191,0,0,0,0,0,0,0,0,0,0
1,1,470192,22,0,18,0,15,0,0,17,16,0
1,1,470193,14,14,14,14,14,14,14,14,14,14
1,1,470194,0,0,0,0,0,0,0,0,0,0
2,1,470194,0,0,0,0,0,0,0,0,0,0
1,1,470195,36,36,36,36,36,36,36,36,36,36
1,1,470196,0,0,0,0,0,0,0,0,0,0
2,1,470196,0,0,0,0,0,0,0,0,0,0
3,1,470196,0,0,0,0,0,0,0,0,0,0
1,1,470197,0,0,0,0,0,0,0,0,0,0
1,1,470198,0,0,0,0,0,0,0,0,0,0
2,1,470198,0,0,0,0,0,0,0,0,0,0
1,1,470199,15,0,0,0,0,0,0,0,0,0
1,1,470200,31,31,31,31,31,31,31,31,31,31
1,1,470201,28,28,28,28,28,28,28,28,28,28
1,1,470202,0,0,0,0,0,0,0,0,0,0
1,1,470203,26,26,26,26,26,26,26,26,26,26
1,1,470204,5,5,5,5,5,5,5,5,5,5
1,1,470205,19,19,19,19,19,19,19,19,19,19
1,1,470206,17,17,17,17,17,17,17,17,17,17
1,1,470207,0,0,0,0,0,0,0,0,0,0
1,1,470208,28,28,28,28,28,28,28,28,28,28
1,1,470209,0,0,0,0,0,0,0,0,0,0
2,1,470209,0,0,0,0,0,0,0,0,0,0
1,1,470210,23,23,23,23,23,23,23,23,23,23
1,1,470211,0,26,0,0,0,0,0,0,0,25
1,1,470212,15,15,15,15,15,15,15,15,15,15
0,1,470213,25,25,25,25,25,25,25,25,25,25
1,1,470213,0,0,0,0,0,0,0,0,0,0
1,1,470214,9,17,20,21,12,0,17,13,13,16
1,1,470215,0,0,0,0,0,0,0,0,0,0
2,1,470215,0,0,0,0,0,0,0,0,0,0
3,1,470215,0,0,0,0,0,0,0,0,0,0
4,1,470215,0,0,0,0,0,0,0,0,0,0
1,1,470216,0,0,0,0,0,0,0,0,0,0
2,1,470216,0,0,0,0,0,0,0,0,0,0
3,1,470216,0,13,0,0,0,0,0,0,0,0
1,1,470217,0,0,0,0,0,0,0,0,0,0
1,1,470218,0,0,0,0,0,0,0,0,0,0
1,1,470219,0,0,0,0,0,0,0,0,0,0
1,1,470220,0,0,0,0,0,0,0,0,0,0
2,1,470220,0,0,0,0,0,0,0,0,0,0
0,1,470221,0,0,0,0,0,0,0,0,0,0
1,1,470221,0,0,0,0,0,0,0,0,0,0
2,1,470221,15,15,15,15,15,15,15,15,15,15
1,1,470222,0,0,0,0,0,0,0,0,0,0
2,1,470222,0,0,0,0,0,0,0,0,0,0
1,1,470223,0,0,0,0,0,0,0,0,0,0
2,1,470223,12,12,12,12,12,12,12,12,12,12
1,1,470224,0,0,21,0,0,0,10,20,5,9
1,1,470225,16,9,27,0,8,0,11,10,32,13
1,1,470226,0,0,0,0,6,0,0,0,0,0
0,1,470227,0,0,0,0,0,0,0,0,0,0
1,1,470227,0,0,0,0,0,0,0,0,0,0
1,1,470228,0,0,0,0,0,0,0,0,22,0
1,1,470229,28,17,27,26,16,14,29,28,20,25
1,1,470230,0,0,0,0,0,0,0,0,0,0
0,1,470231,0,0,0,0,0,0,24,0,0,34
1,1,470231,0,0,0,0,0,0,0,0,0,0
1,1,470232,25,25,25,25,25,25,25,25,25,25
1,1,470233,0,0,0,0,0,0,0,0,0,0
1,1,470234,0,0,0,0,0,0,0,0,0,0
2,1,470234,0,0,0,0,0,0,0,0,0,0
0,1,470235,23,0,17,28,0,14,0,0,0,0
1,1,470235,0,0,0,0,0,0,0,0,0,0
1,1,470236,15,15,15,15,15,15,15,15,15,15
1,1,470237,0,0,0,0,11,17,0,0,0,5
2,1,470237,0,0,0,0,0,0,0,0,0,0
1,1,470238,0,0,0,0,0,19,25,0,0,0
2,1,470238,0,0,0,0,0,0,0,0,0,0
1,1,470239,15,15,15,15,15,15,15,15,15,15
1,1,470240,14,14,14,14,14,14,14,14,14,14
1,1,470241,12,12,12,12,12,12,12,12,12,12
1,1,470242,0,0,0,0,0,0,0,0,0,0
2,1,470242,0,0,0,0,0,0,0,0,0,0
1,1,470243,0,0,0,0,0,0,0,0,0,0
1,1,470244,0,0,0,0,0,0,0,0,0,0
1,1,470245,0,0,0,0,0,3,0,0,0,0
2,1,470245,0,0,0,0,0,0,0,0,0,0
3,1,470245,0,0,0,0,0,0,6,0,0,0
1,1,470246,15,15,15,15,15,15,15,15,15,15
2,1,470246,0,0,0,0,0,0,0,0,0,0
1,1,470247,0,7,0,0,0,4,0,0,0,0
1,1,470248,0,0,0,0,0,0,0,0,0,0
2,1,470248,0,0,0,0,0,0,0,0,0,0
1,1,470249,21,27,0,0,0,0,22,0,0,0
0,1,470250,0,0,0,0,0,0,0,0,17,0
1,1,470250,0,0,0,0,0,0,0,0,0,0
1,1,470251,28,28,28,28,28,28,28,28,28,28
1,1,470252,0,0,0,0,0,0,0,0,0,0
1,1,470253,0,0,0,0,0,0,0,0,0,0
1,1,470254,0,0,0,0,0,0,0,0,0,0
1,1,470255,2,2,2,2,2,2,2,2,2,2
2,1,470255,0,0,0,0,0,0,0,0,0,0
0,1,470256,0,0,0,0,0,26,0,0,0,0
1,1,470256,0,0,0,3,0,0,0,0,0,0
1,1,470257,0,0,0,0,0,0,0,0,0,0
2,1,470257,0,0,0,0,0,0,0,0,0,0
1,1,470258,0,0,0,0,0,0,0,0,0,0
2,1,470258,0,0,0,0,0,0,0,0,0,0
1,1,470259,0,0,0,0,0,0,0,0,0,0
2,1,470259,0,0,0,0,0,0,0,0,0,0
1,1,470260,0,0,0,0,0,0,0,0,0,0
1,1,470261,0,0,0,0,0,0,0,0,0,0
2,1,470261,0,0,0,0,0,0,0,0,0,0
1,1,470262,0,0,0,0,0,0,0,0,0,0
2,1,470262,0,0,0,0,0,0,0,0,0,0
1,1,470263,26,38,20,20,25,28,34,29,30,37
1,1,470264,0,0,0,0,0,0,0,0,0,0
2,1,470264,0,0,0,0,0,0,0,0,0,0
1,1,470265,7,7,7,7,7,7,7,7,7,7
1,1,470266,0,31,0,7,0,17,0,11,22,0
1,1,470267,21,21,21,21,21,21,21,21,21,21
1,1,470268,14,14,14,14,14,14,14,14,14,14
1,1,470269,0,0,0,0,0,0,0,0,0,0
1,1,470270,23,23,23,23,23,23,23,23,23,23
2,1,470270,0,0,0,0,0,0,0,0,0,0
1,1,470271,0,0,0,0,0,0,0,0,0,0
2,1,470271,0,0,0,0,0,0,0,0,0,0
1,1,470272,0,0,0,0,0,0,0,0,0,0
2,1,470272,0,0,0,0,15,22,0,0,0,0
1,1,470273,0,0,0,0,0,0,0,0,0,0
2,1,470273,0,0,0,0,2,0,0,0,7,0
1,1,470274,0,0,0,0,0,0,0,0,0,0
2,1,470274,0,0,0,0,0,0,0,0,0,0
1,1,470275,0,0,0,0,0,0,0,0,0,0
2,1,470275,9,9,9,9,9,9,9,9,9,9
1,1,470276,9,9,9,9,9,9,9,9,9,9
1,1,470277,0,0,0,0,0,0,0,0,0,0
2,1,470277,0,0,0,0,0,0,0,0,0,0
3,1,470277,0,0,0,0,0,0,0,0,0,0
1,1,470278,2,2,2,2,2,2,2,2,2,2
1,1,470279,7,7,7,7,7,7,7,7,7,7
2,1,470279,0,0,0,0,0,0,0,0,0,0
1,1,470280,0,0,20,0,0,0,0,0,0,22
1,1,470281,29,29,29,29,29,29,29,29,29,29
1,1,470282,16,0,0,0,0,0,0,0,0,0
0,1,470284,0,0,0,0,0,0,0,0,0,0
0,2,470284,0,0,0,0,0,0,0,0,0,0
1,1,470284,0,0,0,0,0,0,0,0,0,0
2,1,470284,0,0,0,0,0,0,0,0,0,0
1,1,470285,4,4,4,4,4,4,4,4,4,4
1,1,470286,23,23,23,23,23,23,23,23,23,23
1,1,470287,0,0,0,0,0,0,0,0,0,0
2,1,470287,0,0,0,0,0,0,0,0,0,0
1,1,470288,0,0,0,0,0,0,0,0,0,0
1,1,470289,0,0,0,0,0,4,0,0,0,0
2,1,470289,0,0,0,21,11,0,0,0,0,0
3,1,470289,0,0,0,0,0,0,0,0,0,0
1,1,470290,0,0,0,0,0,0,0,0,0,0
2,1,470290,0,0,0,0,0,0,0,0,0,0
1,1,470291,0,0,0,0,0,0,0,0,0,0
2,1,470291,0,0,0,0,0,0,0,0,0,0
0,1,470292,0,0,0,0,0,0,0,0,0,0
1,1,470292,0,0,0,0,0,0,0,0,0,0
1,1,470293,7,0,25,5,0,15,0,0,26,0
1,1,470294,0,0,0,0,0,0,0,0,0,0
1,1,470295,16,14,0,0,0,0,0,0,0,0
2,1,470295,0,0,0,0,0,0,0,0,0,0
1,1,470296,10,10,10,10,10,10,10,10,10,10
2,1,470296,0,0,0,0,0,0,0,0,0,0
1,1,470297,4,4,4,4,4,4,4,4,4,4
1,1,470298,0,0,0,0,0,0,0,0,0,0
2,1,470298,0,0,0,0,0,0,8,10,11,10
1,1,470299,0,0,0,0,0,0,0,0,0,0
2,1,470299,0,0,0,0,0,0,0,0,0,0
3,1,470299,0,0,0,0,0,0,0,0,0,0
1,1,470300,0,0,15,0,0,0,0,0,0,0
1,1,470301,0,0,0,0,0,0,0,0,0,0
2,1,470301,0,0,0,0,0,0,0,0,0,0
0,1,470302,0,25,0,22,10,0,44,23,0,18
1,1,470302,0,0,0,0,0,0,0,0,0,0
0,1,470303,20,20,20,20,20,20,20,20,20,20
1,1,470303,0,0,0,0,0,0,0,0,0,0
1,1,470304,7,0,0,0,0,0,0,0,0,0
2,1,470304,0,0,0,0,0,0,0,0,0,0
1,1,470305,0,0,0,0,0,0,0,0,0,0
2,1,470305,0,0,0,0,0,0,0,0,0,0
1,1,470306,0,0,0,0,0,0,0,0,0,0
2,1,470306,0,0,0,0,0,0,0,0,0,0
1,1,470307,0,0,0,0,0,0,0,0,0,0
1,1,470308,18,18,18,18,18,18,18,18,18,18
2,1,470308,0,0,0,0,0,0,0,0,0,0
1,1,470309,0,0,0,0,0,0,0,0,0,0
2,1,470309,0,0,0,12,0,0,0,0,0,0
1,1,470310,9,0,0,0,0,0,13,8,0,17
2,1,470310,0,0,0,0,0,0,0,0,0,0
1,1,470311,17,21,0,0,0,0,12,2,36,0
0,1,470312,15,0,23,38,0,20,36,0,34,10
1,1,470312,0,0,0,0,0,0,0,0,0,0
0,1,470313,0,0,20,0,0,0,8,25,0,0
1,1,470313,16,16,16,16,16,16,16,16,16,16
1,1,470314,23,19,8,12,12,14,13,27,29,6
1,1,470315,0,0,0,0,0,0,0,0,0,0
2,1,470315,0,0,0,0,0,0,0,0,0,0
1,1,470316,0,0,0,0,0,0,0,0,0,0
2,1,470316,0,0,0,0,0,0,0,0,0,0
1,1,470317,21,21,21,21,21,21,21,21,21,21
1,1,470318,26,20,16,18,30,25,24,24,28,22
1,1,470319,0,0,0,0,0,0,0,0,0,0
2,1,470319,0,0,0,0,0,0,0,0,0,0
1,1,470320,0,0,0,0,0,0,0,0,0,0
2,1,470320,0,0,0,0,0,0,0,0,0,0
3,1,470320,0,0,0,0,0,0,0,0,0,0
4,1,470320,0,0,0,0,0,0,0,0,0,0
1,1,470321,0,0,0,0,0,0,0,0,0,0
0,1,470322,19,16,23,24,0,12,19,0,27,17
1,1,470322,14,0,38,0,0,0,14,5,0,0
1,1,470323,0,0,0,0,0,0,0,0,0,0
2,1,470323,0,0,0,12,0,0,0,0,0,0
1,1,470324,0,0,0,0,0,0,0,0,0,0
1,1,470325,23,23,23,23,23,23,23,23,23,23
2,1,470325,0,0,0,10,0,0,0,0,0,0
1,1,470326,0,16,0,0,14,0,13,0,23,0
1,1,470327,0,0,0,0,0,0,0,0,0,0
2,1,470327,6,0,6,0,5,0,5,0,0,0
1,1,470328,13,0,0,0,0,0,0,0,0,0
2,1,470328,0,0,0,0,0,0,0,0,0,0
1,1,470329,0,0,0,0,0,0,0,0,0,0
1,1,470330,0,20,25,12,14,17,8,0,20,0
1,1,470331,18,18,18,18,18,18,18,18,18,18
1,1,470332,0,0,0,0,0,0,0,0,0,0
2,1,470332,0,0,0,0,0,0,0,0,0,0
1,1,470333,0,0,0,0,0,0,0,0,0,0
2,1,470333,0,0,0,0,0,0,0,0,0,0
1,1,470334,0,13,15,0,7,0,0,0,0,0
1,1,470335,11,18,18,0,8,9,0,25,27,0
1,1,470336,0,0,25,12,0,0,0,0,0,2
1,1,470337,0,0,5,15,0,0,0,0,0,0
1,1,470338,13,13,13,13,13,13,13,13,13,13
1,1,470339,0,0,0,0,0,0,0,0,12,0
2,1,470339,0,0,0,0,0,0,0,0,0,0
1,1,470340,0,0,0,0,0,0,0,0,14,0
1,1,470341,0,21,0,0,23,33,0,0,0,0
1,1,470342,0,0,0,0,0,0,0,0,0,0
1,1,470343,5,5,5,5,5,5,5,5,5,5
1,1,470344,0,0,0,0,0,0,0,0,0,0
2,1,470344,0,0,0,0,0,0,0,0,0,0
1,1,470345,0,0,0,0,0,0,0,0,0,0
2,1,470345,0,0,0,0,0,0,0,0,0,0
1,1,470346,0,0,0,0,0,0,0,0,0,0
1,1,470347,0,0,0,0,0,0,0,0,0,0
1,1,470348,18,18,18,18,18,18,18,18,18,18
1,1,470349,0,0,0,0,0,0,0,0,0,0
2,1,470349,0,0,0,0,0,0,0,0,0,0
1,1,470350,23,23,23,23,23,23,23,23,23,23
1,1,470351,15,15,15,15,15,15,15,15,15,15
2,1,470351,3,3,3,3,3,3,3,3,3,3
1,1,470352,18,0,0,0,7,30,11,14,0,0
1,1,470353,0,0,28,0,0,0,0,0,0,0
2,1,470353,0,0,0,0,0,0,0,0,0,0
1,1,470355,0,0,0,0,13,0,0,31,13,0
1,1,470356,13,19,13,16,15,16,22,8,34,15
1,1,470357,0,0,0,0,0,0,0,0,0,0
2,1,470357,2,2,2,2,2,2,2,2,2,2
1,1,470358,19,19,19,19,19,19,19,19,19,19
1,1,470359,2,2,2,2,2,2,2,2,2,2
0,1,470360,0,0,0,0,0,0,0,0,0,0
1,1,470360,0,0,0,0,0,0,0,0,0,0
1,1,470361,0,0,0,0,0,0,0,0,0,0
2,1,470361,0,0,0,0,0,0,0,0,0,0
1,1,470362,0,0,0,0,0,0,0,0,9,0
2,1,470362,0,0,0,0,0,0,0,0,0,0
1,1,470363,0,0,0,0,0,0,0,0,0,0
1,1,470364,0,0,0,0,0,0,0,0,0,0
2,1,470364,0,0,0,0,0,0,0,0,0,0
1,1,470365,0,0,15,0,0,0,0,0,26,0
1,1,470366,35,16,20,11,14,24,18,11,11,14
1,1,470367,0,0,0,0,0,0,0,0,0,0
1,1,470368,0,0,0,0,0,0,0,0,8,15
1,1,470369,0,0,0,0,0,0,0,0,0,0
1,1,470370,12,12,12,12,12,12,12,12,12,12
1,1,470371,14,23,0,0,15,14,23,26,29,15
1,1,470372,5,5,5,5,5,5,5,5,5,5
0,1,470373,0,0,0,0,0,0,0,0,0,0
1,1,470373,0,0,0,0,0,0,0,0,0,0
1,1,470374,12,0,0,0,0,0,0,0,0,14
2,1,470374,0,0,0,0,0,0,0,0,0,0
0,1,470375,0,0,0,0,0,0,0,0,0,0
1,1,470375,0,0,0,0,0,0,0,0,0,0
0,1,470376,0,0,0,13,0,0,21,9,0,0
1,1,470376,0,0,0,0,0,0,0,0,0,0
1,1,470377,0,0,0,0,0,0,0,0,0,0
2,1,470377,0,0,0,0,0,0,0,0,0,0
1,1,470379,0,0,0,0,0,0,0,0,0,0
2,1,470379,0,0,0,0,0,0,0,12,0,0
3,1,470379,0,0,0,0,0,0,0,0,0,0
0,1,470380,37,0,15,0,0,0,20,0,0,0
1,1,470380,0,0,0,0,0,0,0,0,0,0
1,1,470381,0,0,0,0,0,0,0,0,0,0
2,1,470381,0,0,0,0,0,0,0,0,0,0
1,1,470382,0,0,0,0,0,0,0,0,0,0
2,1,470382,0,0,0,0,0,0,0,0,0,0
1,1,470383,0,0,47,32,19,0,0,0,13,0
1,1,470384,26,26,26,26,26,26,26,26,26,26
1,1,470385,0,0,0,0,0,0,0,0,0,0
2,1,470385,0,0,13,0,0,0,0,0,0,0
1,1,470386,0,0,0,0,0,0,0,0,0,0
2,1,470386,0,0,0,0,0,0,0,0,0,0
1,1,470387,0,0,0,0,0,0,0,0,0,0
2,1,470387,22,22,22,22,22,22,22,22,22,22
0,1,470388,0,0,0,0,0,0,0,0,0,0
1,1,470388,0,0,31,0,16,0,0,0,8,0
1,1,470389,0,0,0,0,0,0,0,0,0,0
1,1,470390,0,0,0,0,0,0,0,0,0,0
1,1,470392,0,0,0,0,0,0,0,0,0,9
1,1,470393,0,0,0,0,0,0,0,0,0,0
1,1,470394,0,0,0,0,0,0,0,0,0,0
2,1,470394,0,0,0,0,0,0,0,0,0,0
1,1,470395,0,0,0,0,0,27,0,0,0,10
2,1,470395,0,0,0,0,0,0,0,0,0,0
3,1,470395,0,0,0,0,0,0,0,0,0,0
1,1,470396,26,26,26,26,26,26,26,26,26,26
2,1,470396,10,0,0,0,0,0,0,0,0,0
1,1,470397,39,39,39,39,39,39,39,39,39,39
1,1,470398,0,0,0,0,0,0,0,0,0,0
2,1,470398,0,0,0,0,0,0,0,0,0,0
3,1,470398,0,0,0,0,0,0,0,0,0,0
0,1,470399,11,11,11,11,11,11,11,11,11,11
1,1,470399,0,0,0,0,0,0,0,0,0,0
2,1,470399,8,8,8,8,8,8,8,8,8,8
1,1,470400,0,0,0,0,0,15,0,6,0,0
1,1,470401,0,0,0,0,0,0,0,0,0,0
1,1,470402,0,0,0,0,0,0,3,0,0,0
2,1,470402,0,0,0,0,0,0,0,0,0,0
1,1,470403,0,18,14,0,0,29,16,35,20,12
1,1,470404,0,0,0,0,14,0,0,0,0,7
1,1,470405,0,0,0,0,0,0,0,0,0,0
2,1,470405,0,0,0,0,0,0,0,0,0,0
1,1,470406,0,0,0,0,0,0,0,0,0,0
1,1,470407,0,0,0,0,0,0,0,0,0,0
2,1,470407,0,0,9,0,0,0,0,0,0,0
1,1,470408,0,0,0,0,0,0,0,0,0,0
1,1,470409,1,1,1,1,1,1,1,1,1,1
2,1,470409,0,0,0,0,0,0,0,0,0,0
1,1,470410,0,0,0,0,0,0,0,0,0,0
1,1,470411,0,0,0,0,0,0,0,0,0,0
2,1,470411,0,0,0,0,0,0,0,0,0,0
1,1,470412,0,0,0,0,0,0,0,0,0,0
1,1,470413,35,35,35,35,35,35,35,35,35,35
1,1,470414,0,0,0,0,0,0,0,0,0,0
2,1,470414,0,0,0,0,0,0,0,0,0,0
1,1,470416,27,27,27,27,27,27,27,27,27,27
1,1,470417,0,10,0,0,0,0,0,23,14,17
1,1,470418,0,0,0,0,0,0,0,0,0,0
2,1,470418,0,0,0,0,0,0,0,0,0,0
1,1,470419,0,0,0,0,0,0,0,0,0,0
1,1,470420,8,8,8,8,8,8,8,8,8,8
2,1,470420,0,0,0,0,0,0,0,0,0,0
3,1,470420,24,0,0,0,4,0,0,0,0,0
1,1,470421,0,0,0,0,0,0,0,0,0,0
2,1,470421,0,0,0,0,0,0,0,0,0,0
0,1,470422,0,0,0,0,0,0,0,0,0,0
1,1,470422,0,0,0,0,0,0,0,0,0,0
1,1,470423,40,24,14,21,21,26,31,11,11,13
1,1,470424,0,0,0,0,0,0,0,0,0,0
0,1,470425,8,21,0,0,0,19,0,18,0,14
1,1,470425,0,0,0,0,0,0,0,0,0,0
0,1,470426,0,0,0,0,0,0,0,0,0,0
1,1,470426,0,0,0,0,0,0,0,0,0,0
1,1,470427,0,0,0,0,0,0,0,0,0,0
1,1,470428,0,0,0,0,0,0,0,0,0,0
2,1,470428,0,0,0,0,0,0,0,0,0,0
1,1,470429,0,0,0,0,0,0,0,0,0,0
2,1,470429,1,1,1,1,1,1,1,1,1,1
1,1,470430,0,0,0,0,0,0,0,0,0,0
2,1,470430,0,0,0,0,0,0,0,0,0,0
1,1,470431,0,0,0,0,0,0,0,0,0,0
2,1,470431,12,0,0,0,0,0,0,0,0,0
1,1,470432,0,0,0,0,0,0,0,0,0,0
2,1,470432,0,0,0,0,0,0,0,0,0,0
1,1,470433,0,0,0,0,0,0,0,0,0,0
1,1,470434,0,0,0,0,0,0,0,0,0,0
2,1,470434,0,0,0,0,0,0,0,0,0,0
1,1,470435,0,0,0,0,0,0,0,0,0,0
1,1,470436,22,22,22,22,22,22,22,22,22,22
0,1,470437,19,23,21,0,20,31,18,22,6,25
1,1,470437,0,0,0,20,0,0,0,0,0,0
1,1,470438,0,0,0,0,0,0,0,0,0,0
2,1,470438,0,0,0,0,0,0,0,0,0,0
1,1,470439,0,0,0,0,0,0,0,0,0,0
1,1,470440,0,0,0,0,0,0,0,0,0,0
2,1,470440,0,0,0,0,0,0,0,0,0,0
1,1,470441,0,0,0,0,0,0,0,0,0,0
2,1,470441,21,17,18,18,22,17,24,28,17,15
1,1,470442,20,20,20,20,20,20,20,20,20,20
2,1,470442,6,6,6,6,6,6,6,6,6,6
1,1,470443,0,0,0,0,0,0,0,0,0,0
1,1,470444,0,0,0,0,0,0,0,0,0,0
2,1,470444,0,0,0,0,0,0,0,0,0,0
1,1,470445,0,0,0,0,0,0,0,0,0,0
1,1,470446,12,12,12,12,12,12,12,12,12,12