VEH_NO,PER_NO,ST_CASE,P1,P2,P3,P4,P5,P6,P7,P8,P9,P10
1,1,470447,0,0,0,0,0,0,0,0,0,0
2,1,470447,2,2,2,2,2,2,2,2,2,2
1,1,470448,0,7,0,0,0,6,4,16,0,0
2,1,470448,8,0,0,0,0,7,0,0,0,0
1,1,470449,0,0,0,0,0,0,0,0,0,0
1,1,470450,15,0,0,19,0,14,0,0,0,0
1,1,470451,0,0,0,0,0,0,0,0,0,0
2,1,470451,0,0,0,0,0,0,0,0,0,0
1,1,470452,10,10,10,10,10,10,10,10,10,10
1,1,470453,7,7,7,7,7,7,7,7,7,7
1,1,470454,0,0,0,0,0,0,0,0,0,0
1,1,470455,0,0,0,0,0,0,0,0,0,0
2,1,470455,0,0,0,0,0,0,0,0,0,0
1,1,470456,8,0,0,0,0,0,0,10,0,10
2,1,470456,0,0,0,0,0,0,0,0,0,0
1,1,470457,0,0,0,0,0,0,0,0,0,0
2,1,470457,0,0,0,0,0,0,0,0,0,0
1,1,470458,0,0,0,0,0,0,0,0,0,0
2,1,470458,0,0,0,0,0,0,0,0,0,0
1,1,470459,0,0,0,0,0,0,0,0,0,0
2,1,470459,0,6,0,0,0,0,0,0,0,0
1,1,470460,19,13,23,24,4,18,6,16,27,24
1,1,470461,14,14,14,14,14,14,14,14,14,14
1,1,470462,0,0,0,0,0,0,0,17,0,0
2,1,470462,0,0,0,0,0,0,0,0,0,0
0,1,470463,21,0,22,26,0,27,0,16,0,28
1,1,470463,0,0,2,0,0,7,7,0,0,0
1,1,470464,0,0,0,0,0,0,0,0,0,0
1,1,470465,6,0,21,8,22,17,18,13,13,8
1,1,470466,15,15,15,15,15,15,15,15,15,15
2,1,470466,0,0,0,0,0,0,0,0,0,0
1,1,470467,0,0,0,0,0,0,0,0,0,0
1,1,470468,10,10,10,10,10,10,10,10,10,10
1,1,470469,28,28,28,28,28,28,28,28,28,28
2,1,470469,0,0,0,0,0,0,0,0,0,0
0,1,470470,0,15,8,0,0,0,0,0,0,0
1,1,470470,0,0,0,0,0,0,0,0,0,0
1,1,470471,0,0,0,0,0,0,0,0,0,0
2,1,470471,0,0,0,0,0,0,0,0,0,0
0,1,470472,0,27,29,0,27,0,28,9,44,19
1,1,470472,0,0,0,0,0,0,0,0,0,0
1,1,470473,0,0,0,0,0,0,0,0,0,0
1,1,470474,0,0,2,0,8,0,0,0,0,0
1,1,470475,13,13,13,13,13,13,13,13,13,13
2,1,470475,0,0,0,0,0,0,0,0,0,0
1,1,470476,8,8,8,8,8,8,8,8,8,8
1,1,470477,0,0,0,0,0,0,0,0,0,0
1,1,470478,0,0,0,0,0,0,0,0,0,0
2,1,470478,0,0,0,0,0,0,0,0,3,0
1,1,470479,0,0,0,0,0,0,0,0,0,0
2,1,470479,0,0,0,0,0,0,0,0,0,0
1,1,470480,0,0,0,0,0,0,0,0,0,0
2,1,470480,0,0,0,0,0,0,0,0,0,0
1,1,470481,17,17,17,17,17,17,17,17,17,17
2,1,470481,0,0,0,0,0,0,0,0,0,0
1,1,470482,0,0,0,0,0,0,0,13,0,0
2,1,470482,0,0,0,0,0,0,0,0,0,0
1,1,470483,0,0,0,0,0,0,0,0,0,0
2,1,470483,0,24,10,0,0,0,0,0,15,20
1,1,470484,0,0,0,0,0,0,0,0,0,0
2,1,470484,0,0,0,3,0,0,0,3,0,0
1,1,470485,0,0,0,0,0,0,0,0,0,0
1,1,470486,0,0,0,0,0,0,0,0,0,0
2,1,470486,0,0,0,0,0,0,0,0,0,0
1,1,470487,0,0,0,0,0,0,0,0,0,4
1,1,470488,20,20,20,20,20,20,20,20,20,20
1,1,470489,0,33,14,15,5,11,22,14,16,0
1,1,470490,0,0,0,0,0,0,0,0,0,0
1,1,470491,0,0,0,0,0,0,0,0,0,0
2,1,470491,0,0,0,0,0,0,0,0,0,0
1,1,470492,14,14,14,14,14,14,14,14,14,14
2,1,470492,0,0,0,0,0,0,0,0,0,0
1,1,470493,0,0,0,0,0,0,0,11,10,0
1,1,470494,12,12,12,12,12,12,12,12,12,12
2,1,470494,0,0,0,0,0,0,0,0,0,0
1,1,470495,17,0,0,33,0,0,0,0,20,23
2,1,470496,0,0,6,0,0,16,0,12,14,0
1,1,470497,0,0,15,0,0,0,0,0,0,20
2,1,470497,0,0,0,0,0,0,0,0,0,0
1,1,470498,11,11,11,11,11,11,11,11,11,11
1,1,470499,0,0,0,0,0,0,0,0,0,0
2,1,470499,19,19,19,19,19,19,19,19,19,19
3,1,470499,0,0,0,0,0,0,0,0,0,0
1,1,470500,0,0,14,0,0,0,0,0,0,0
1,1,470501,0,0,0,0,0,0,0,0,0,0
2,1,470501,0,0,0,0,0,0,0,0,0,0
1,1,470502,0,0,0,0,0,0,0,0,0,0
2,1,470502,35,0,0,0,0,0,11,0,0,0
1,1,470503,21,21,21,21,21,21,21,21,21,21
2,1,470503,0,0,0,0,0,0,0,0,0,0
1,1,470504,0,0,0,0,0,0,0,0,0,0
1,1,470505,0,0,0,0,0,2,0,0,0,0
2,1,470505,21,0,0,0,0,0,0,0,0,0
1,1,470506,0,0,0,0,0,0,0,0,0,0
2,1,470506,0,0,0,0,0,0,0,0,0,0
1,1,470507,0,0,0,0,0,0,0,0,0,0
1,1,470509,0,0,0,0,0,0,0,0,0,0
2,1,470509,0,0,0,0,0,0,0,0,0,0
1,1,470510,0,0,0,0,0,0,0,0,0,0
2,1,470510,0,0,0,0,0,0,0,0,0,0
1,1,470511,27,27,27,27,27,27,27,27,27,27
0,1,470512,0,0,0,0,0,0,0,0,0,0
1,1,470512,0,0,0,0,0,0,0,0,0,0
1,1,470513,0,19,0,13,22,0,0,15,16,18
1,1,470514,0,0,0,0,0,0,0,4,0,0
2,1,470514,0,0,0,3,0,0,0,0,0,0
1,1,470515,15,15,15,15,15,15,15,15,15,15
1,1,470516,0,0,0,0,0,0,0,0,0,0
2,1,470516,0,0,0,0,0,0,0,0,0,0
3,1,470516,0,0,0,0,0,0,0,0,0,0
4,1,470516,0,0,0,0,0,0,0,0,0,0
1,1,470517,0,0,0,0,0,0,0,0,0,0
2,1,470517,0,0,0,0,0,0,0,0,0,0
1,1,470518,0,0,0,0,0,0,0,0,0,0
1,1,470519,0,0,0,0,0,0,0,0,0,0
1,1,470520,0,0,0,0,0,0,0,0,0,0
2,1,470520,0,0,0,0,0,0,0,0,0,0
1,1,470521,0,0,0,0,0,0,0,0,0,0
0,1,470522,0,0,0,0,0,0,0,0,0,0
1,1,470522,0,0,0,0,0,0,0,0,0,0
1,1,470523,20,20,20,20,20,20,20,20,20,20
2,1,470523,0,0,0,0,0,0,0,0,0,0
1,1,470524,18,0,15,0,16,0,0,3,6,14
1,1,470525,0,18,0,0,0,0,0,0,17,0
2,1,470525,0,0,0,0,0,0,0,0,0,0
3,1,470525,0,0,0,0,0,0,0,0,0,0
1,1,470526,0,0,0,0,0,0,0,0,0,0
1,1,470527,0,0,0,0,0,0,0,0,0,0
2,1,470527,0,0,0,0,0,0,0,0,0,0
1,1,470528,25,25,25,25,25,25,25,25,25,25
1,1,470529,34,34,34,34,34,34,34,34,34,34
1,1,470530,0,0,0,0,0,0,0,0,0,0
1,1,470531,26,35,0,21,26,35,11,20,14,20
1,1,470532,0,0,0,0,0,0,0,0,0,0
2,1,470532,0,0,0,0,0,0,0,0,0,0
1,1,470533,10,16,6,0,5,0,9,0,0,0
1,1,470534,16,0,0,0,0,25,0,0,11,0
1,1,470535,20,20,20,20,20,20,20,20,20,20
1,1,470536,0,0,0,0,0,0,0,0,0,0
2,1,470536,0,0,0,0,0,0,0,0,0,0
1,1,470537,22,22,22,22,22,22,22,22,22,22
1,1,470538,18,30,15,0,14,13,0,7,28,0
2,1,470538,0,0,0,0,0,0,0,0,0,0
1,1,470539,0,0,0,0,0,0,0,0,0,0
1,1,470540,18,18,18,18,18,18,18,18,18,18
1,1,470541,0,0,0,0,0,0,0,0,0,0
1,1,470542,0,0,0,0,0,0,0,0,0,0
2,1,470542,2,2,2,2,2,2,2,2,2,2
1,1,470543,14,14,14,14,14,14,14,14,14,14
1,1,470544,13,13,13,13,13,13,13,13,13,13
1,1,470545,0,0,0,0,0,0,0,0,0,0
1,1,470546,0,0,0,0,0,0,0,0,0,0
1,1,470547,0,19,37,0,0,0,0,15,3,0
1,1,470548,11,0,0,0,22,15,0,12,23,24
1,1,470549,5,5,5,5,5,5,5,5,5,5
2,1,470549,0,0,0,0,0,0,0,0,0,0
1,1,470550,0,0,0,0,19,0,0,0,0,16
1,1,470551,0,0,0,0,0,0,0,0,0,0
2,1,470551,0,0,0,0,0,0,0,0,0,0
1,1,470552,29,13,13,0,15,0,0,0,18,27
1,1,470553,12,0,7,0,25,0,0,20,0,0
1,1,470554,15,15,15,15,15,15,15,15,15,15
1,1,470555,47,11,0,7,3,26,0,10,27,4
2,1,470556,0,0,0,0,0,0,0,0,0,0
1,1,470557,2,2,2,2,2,2,2,2,2,2
1,1,470558,0,0,0,0,0,0,0,0,0,0
2,1,470558,0,0,0,0,0,0,12,0,0,0
1,1,470559,0,0,9,0,0,0,0,0,0,0
1,1,470560,18,18,18,18,18,18,18,18,18,18
2,1,470560,0,0,0,0,0,0,0,0,0,0
1,1,470561,0,0,0,0,0,0,0,0,0,0
2,1,470561,0,0,0,0,0,0,0,0,0,0
1,1,470562,16,15,0,0,0,0,0,19,13,0
1,1,470563,25,39,28,19,15,42,6,27,29,30
1,1,470564,0,0,0,0,0,0,0,0,0,0
1,1,470565,24,0,38,32,9,6,0,0,0,0
1,1,470566,0,0,0,0,0,0,0,0,0,0
1,1,470567,0,0,0,0,0,0,0,0,0,0
2,1,470567,0,0,0,0,0,0,0,0,0,0
1,1,470568,0,0,0,0,0,14,0,0,0,0
1,1,470569,0,0,0,0,0,0,0,0,0,0
1,1,470570,0,0,0,0,0,0,0,0,0,0
1,1,470571,0,0,0,0,8,0,11,14,0,0
2,1,470571,9,0,22,15,0,0,0,23,0,9
1,1,470572,10,4,4,11,14,15,0,16,13,0
0,1,470573,0,0,0,0,0,0,0,0,0,0
1,1,470573,0,0,0,0,0,0,0,0,0,0
1,1,470574,0,0,0,0,0,0,0,0,0,0
2,1,470574,0,0,0,0,0,0,0,0,0,0
1,1,470575,0,0,0,31,27,4,7,8,10,0
2,1,470575,0,0,0,0,0,0,0,0,0,0
1,1,470576,0,0,14,0,17,0,31,12,0,10
1,1,470577,0,0,0,0,0,0,0,0,0,0
2,1,470577,0,0,0,0,0,0,0,0,0,0
1,1,470578,0,0,0,0,0,0,0,0,0,0
2,1,470578,2,2,2,2,2,2,2,2,2,2
1,1,470579,0,0,0,0,0,0,0,0,0,0
2,1,470579,0,0,0,0,0,0,0,0,0,0
1,1,470580,13,13,13,13,13,13,13,13,13,13
1,1,470581,18,18,18,18,18,18,18,18,18,18
1,1,470582,0,0,0,0,0,0,0,0,0,0
1,1,470583,0,0,0,0,0,0,0,0,0,0
2,1,470583,0,0,0,0,0,0,0,0,0,0
3,1,470583,0,0,0,0,0,0,0,0,0,0
1,1,470584,0,0,0,0,0,0,0,0,0,0
1,1,470585,0,0,0,0,0,0,0,0,0,0
1,1,470586,0,0,0,0,0,0,0,0,0,0
1,1,470587,21,15,0,16,0,21,18,8,18,16
1,1,470588,0,0,0,0,0,0,27,0,0,0
1,1,470589,0,0,0,0,0,0,0,0,0,0
2,1,470589,0,0,0,0,0,0,0,0,0,0
1,1,470590,12,12,12,12,12,12,12,12,12,12
2,1,470590,18,18,18,18,18,18,18,18,18,18
3,1,470590,10,0,0,0,0,0,5,0,0,9
1,1,470591,0,0,0,0,0,0,0,0,0,0
2,1,470591,0,0,0,0,0,0,0,0,0,0
1,1,470592,0,0,0,0,0,0,0,0,0,0
1,1,470593,0,0,0,0,0,0,0,0,0,0
1,1,470594,0,0,0,0,0,0,0,0,0,0
1,1,470595,0,0,0,0,0,0,0,0,0,0
2,1,470595,0,0,0,0,0,0,0,0,0,0
1,1,470596,0,0,0,0,0,0,0,0,0,0
2,1,470596,0,0,0,0,0,0,0,0,0,0
1,1,470597,0,0,0,0,0,0,0,0,0,0
1,1,470598,0,0,0,0,0,0,0,0,0,0
2,1,470598,0,0,0,0,0,0,0,0,0,0
1,1,470599,0,0,0,0,0,0,0,0,0,0
1,1,470600,0,0,8,0,11,0,0,33,0,0
1,1,470601,0,0,0,0,0,0,0,0,0,0
2,1,470601,0,0,0,0,0,0,0,0,0,0
1,1,470602,0,0,0,0,0,0,2,0,13,19
1,1,470603,24,24,24,24,24,24,24,24,24,24
1,1,470604,92,92,92,92,92,92,92,92,92,92
1,1,470605,0,0,0,0,0,0,0,0,0,0
2,1,470605,0,0,0,0,0,0,0,0,0,0
1,1,470606,0,0,0,0,0,0,0,0,0,0
1,1,470607,0,0,0,0,0,0,0,0,0,0
2,1,470607,0,0,0,0,0,0,0,0,0,0
1,1,470608,7,7,7,7,7,7,7,7,7,7
2,1,470608,0,0,0,0,0,0,0,0,0,0
1,1,470609,8,0,0,0,0,0,14,0,0,0
2,1,470609,0,0,0,0,0,0,0,0,0,0
1,1,470610,0,0,0,0,0,0,0,0,0,0
2,1,470610,0,0,0,0,0,0,0,0,0,0
1,1,470611,34,26,27,31,28,33,16,13,22,18
1,1,470612,28,18,21,12,11,21,13,0,0,20
1,1,470613,0,0,0,0,0,0,0,0,0,0
2,1,470613,0,0,0,0,0,0,0,0,0,0
1,1,470614,0,0,0,0,0,0,0,0,0,0
1,1,470615,1,1,1,1,1,1,1,1,1,1
2,1,470615,0,0,0,0,0,0,0,0,0,0
1,1,470616,0,5,0,0,14,0,0,0,0,0
1,1,470617,0,0,0,0,0,0,0,0,0,0
1,1,470618,6,6,6,6,6,6,6,6,6,6
2,1,470618,0,0,0,0,0,0,0,0,0,0
3,1,470618,0,0,0,0,0,0,0,0,0,0
4,1,470618,0,0,0,0,0,0,0,0,0,0
1,1,470619,0,0,0,0,0,0,0,0,0,0
2,1,470619,0,0,0,0,0,0,0,0,0,0
1,1,470620,0,0,0,0,0,0,0,0,0,0
1,1,470621,0,0,0,0,0,0,0,0,11,0
2,1,470621,0,0,0,0,0,0,0,0,0,0
3,1,470621,0,0,0,0,0,0,0,0,8,0
1,1,470623,0,0,0,0,0,0,0,0,0,0
2,1,470623,0,0,0,0,5,0,0,0,0,0
1,1,470624,0,0,0,0,0,0,0,0,0,0
2,1,470624,0,0,0,0,0,0,0,0,0,0
1,1,470625,12,10,7,4,24,0,9,17,23,20
1,1,470627,0,0,0,0,0,0,0,0,0,0
2,1,470627,0,0,0,0,0,5,24,0,0,0
3,1,470627,21,23,0,0,20,9,0,9,19,15
1,1,470628,24,16,6,0,0,16,16,0,15,0
0,1,470629,0,0,15,0,20,13,17,0,27,20
1,1,470629,0,0,0,0,0,0,0,0,0,0
1,1,470630,0,0,0,0,0,0,0,0,10,0
1,1,470631,0,0,0,0,0,0,0,0,0,0
1,1,470633,0,0,0,0,10,0,0,0,0,0
1,1,470634,0,18,39,0,0,3,0,0,0,0
2,1,470634,0,0,0,0,0,0,0,0,0,0
1,1,470635,0,0,0,0,0,0,0,0,0,0
2,1,470635,0,0,0,0,0,0,0,0,0,0
1,1,470636,22,17,15,10,19,36,0,22,0,0
1,1,470637,10,10,10,10,10,10,10,10,10,10
1,1,470638,31,31,31,31,31,31,31,31,31,31
1,1,470639,0,0,0,0,0,0,0,0,0,0
2,1,470639,0,0,13,0,0,0,0,8,14,0
1,1,470640,0,0,0,0,0,0,0,0,0,0
2,1,470640,0,0,0,0,0,0,0,0,0,0
1,1,470641,0,0,0,0,0,0,0,0,0,0
0,1,470642,0,0,18,0,9,0,0,0,0,0
1,1,470642,0,0,0,0,0,0,0,0,0,0
1,1,470643,0,0,0,0,0,0,0,0,0,18
2,1,470643,0,0,0,0,0,0,0,0,0,0
3,1,470643,0,0,0,0,0,0,0,0,0,0
1,1,470644,7,7,7,7,7,7,7,7,7,7
1,1,470645,0,0,30,22,15,9,16,0,12,0
1,1,470646,8,8,8,8,8,8,8,8,8,8
1,1,470647,0,0,0,0,0,0,0,0,0,0
1,1,470648,0,0,0,0,0,0,5,0,0,0
1,1,470649,0,0,0,0,0,0,0,0,0,0
1,1,470650,0,0,0,0,0,0,0,0,0,0
1,1,470652,0,0,0,0,0,0,0,0,0,0
2,1,470652,0,0,0,0,0,0,0,8,0,10
1,1,470653,0,0,0,0,0,0,0,0,0,0
1,1,470654,0,0,0,18,12,19,13,16,4,0
1,1,470655,0,0,0,0,0,0,0,0,0,0
2,1,470655,17,23,11,17,17,17,18,15,11,9
3,1,470655,0,0,0,0,0,0,0,0,0,0
1,1,470656,0,0,0,2,0,0,14,0,0,3
1,1,470657,0,0,33,0,0,0,0,0,0,0
1,1,470658,0,0,0,0,0,0,0,0,0,0
2,1,470658,0,0,0,0,0,0,0,0,0,0
1,1,470659,0,0,0,0,0,0,0,0,0,0
2,1,470659,0,0,0,14,0,0,0,5,0,4
1,1,470660,2,2,2,2,2,2,2,2,2,2
2,1,470660,0,0,0,0,0,0,0,0,0,0
1,1,470661,0,0,0,0,0,0,0,0,0,0
1,1,470662,0,0,0,0,0,0,0,0,0,0
2,1,470662,0,0,0,0,0,0,0,0,0,0
1,1,470663,0,0,0,0,14,0,0,0,0,0
2,1,470663,0,0,0,0,0,0,0,0,0,0
2,1,470664,0,0,0,0,0,0,0,0,0,0
1,1,470665,0,12,11,11,8,10,0,4,17,5
1,1,470666,0,0,0,0,0,11,14,0,0,0
2,1,470666,0,0,0,0,0,0,0,0,0,0
1,1,470667,0,0,0,0,0,0,0,0,0,0
2,1,470667,0,0,0,0,0,0,0,0,0,0
1,1,470668,15,8,0,0,29,0,0,0,15,0
1,1,470669,14,33,16,0,0,19,10,0,37,0
1,1,470670,0,0,0,0,0,0,0,0,0,0
2,1,470670,0,26,0,6,0,0,0,0,6,12
1,1,470671,20,20,20,20,20,20,20,20,20,20
1,1,470673,0,0,0,0,0,0,0,0,0,0
2,1,470673,0,0,0,0,0,0,0,0,0,0
1,1,470674,10,10,10,10,10,10,10,10,10,10
1,1,470675,0,0,0,0,0,0,0,0,0,0
1,1,470676,0,0,0,0,0,0,0,0,0,0
2,1,470676,0,0,0,0,0,0,0,0,0,0
1,1,470677,0,29,34,30,0,16,23,0,0,21
1,1,470678,5,5,5,5,5,5,5,5,5,5
1,1,470679,20,0,16,13,0,11,11,32,8,21
1,1,470680,10,20,48,17,18,32,32,24,7,17
1,1,470681,11,11,11,11,11,11,11,11,11,11
1,1,470682,0,0,0,0,0,0,0,0,0,0
2,1,470682,34,0,0,0,0,0,0,0,11,0
1,1,470683,20,15,16,0,21,0,16,12,14,0
1,1,470684,0,0,0,0,0,0,0,0,0,0
1,1,470685,11,16,11,30,0,0,7,10,10,0
2,1,470685,0,0,0,0,0,0,0,0,0,0
1,1,470686,24,24,24,24,24,24,24,24,24,24
0,1,470687,0,0,0,0,0,0,0,0,0,0
1,1,470687,0,0,0,0,0,0,0,0,0,0
0,1,470688,28,0,0,0,0,12,0,7,0,0
1,1,470688,0,0,0,0,16,0,15,0,0,0
1,1,470689,0,0,0,0,0,0,0,0,0,0
2,1,470689,0,0,0,0,0,0,0,0,0,0
1,1,470690,30,26,31,8,32,25,16,21,13,28
1,1,470691,0,0,30,15,0,0,12,7,10,12
1,1,470692,0,0,0,0,0,7,0,0,0,0
2,1,470692,0,0,0,0,0,0,0,0,0,0
1,1,470693,0,0,0,0,0,0,0,0,0,0
2,1,470693,0,0,0,0,0,0,0,0,0,0
1,1,470694,0,0,0,0,32,0,0,0,18,0
2,1,470694,0,0,0,0,0,0,0,0,0,10
1,1,470695,0,0,0,0,0,0,0,0,0,0
2,1,470695,0,0,0,0,0,0,0,0,0,0
1,1,470696,14,14,35,19,22,29,20,18,18,44
1,1,470697,29,29,29,29,29,29,29,29,29,29
1,1,470698,16,16,16,16,16,16,16,16,16,16
2,1,470698,0,0,0,0,0,0,0,0,0,0
1,1,470699,0,10,0,0,22,0,36,13,33,0
1,1,470700,0,0,0,0,0,0,0,0,8,0
2,1,470700,0,0,0,0,0,0,0,0,0,0
1,1,470701,0,0,0,0,0,0,0,0,0,0
2,1,470701,0,0,0,0,0,0,0,0,0,0
1,1,470702,0,0,0,0,0,0,0,0,0,0
2,1,470702,0,0,0,0,0,0,9,0,0,5
1,1,470703,6,6,6,6,6,6,6,6,6,6
2,1,470703,0,0,0,0,0,0,0,0,0,0
3,1,470703,0,0,0,0,0,0,0,0,0,0
1,1,470704,0,0,0,0,0,0,0,0,0,0
2,1,470704,0,0,0,0,0,0,0,0,0,0
3,1,470704,0,0,0,0,0,0,0,0,0,0
1,1,470705,17,17,17,17,17,17,17,17,17,17
1,1,470706,10,10,10,10,10,10,10,10,10,10
1,1,470707,0,0,0,0,0,0,0,0,0,0
1,1,470708,0,0,0,0,0,0,0,22,0,0
2,1,470708,0,3,14,19,0,0,24,20,2,14
1,1,470709,0,0,0,38,0,0,0,21,0,17
1,1,470710,0,0,0,0,0,0,0,0,0,0
2,1,470710,0,0,0,0,0,0,0,0,0,0
3,1,470710,0,0,0,0,0,0,0,0,0,0
1,1,470711,28,28,28,28,28,28,28,28,28,28
1,1,470712,22,22,22,22,22,22,22,22,22,22
2,1,470712,0,0,0,0,0,0,0,0,0,0
1,1,470713,0,0,0,0,0,0,0,0,0,0
1,1,470714,0,0,0,0,0,0,0,13,0,0
1,1,470715,0,0,0,0,0,0,0,9,17,0
1,1,470716,0,0,0,0,0,0,0,0,0,0
2,1,470716,11,11,11,11,11,11,11,11,11,11
1,1,470717,0,0,0,0,0,0,0,7,0,0
1,1,470718,0,0,11,0,6,7,0,0,0,0
0,1,470719,0,0,0,0,0,0,0,26,0,0
1,1,470719,0,0,0,0,0,0,0,0,0,0
1,1,470720,0,0,0,0,0,0,0,0,0,0
1,1,470721,0,0,6,0,0,0,13,0,0,0
2,1,470721,0,0,0,0,0,0,0,0,0,0
1,1,470722,0,0,25,0,0,0,0,0,0,0
1,1,470723,0,0,0,0,0,0,0,0,0,0
2,1,470723,12,0,7,15,17,0,14,0,0,9
1,1,470724,0,0,0,0,0,0,0,0,0,0
1,1,470725,5,0,0,0,0,0,0,0,0,0
2,1,470725,0,0,0,0,0,0,0,0,0,0
1,1,470726,10,10,10,10,10,10,10,10,10,10
2,1,470726,0,0,0,0,0,0,0,0,0,0
1,1,470727,7,7,7,7,7,7,7,7,7,7
1,1,470728,0,0,0,0,0,0,0,0,0,0
2,1,470728,0,0,0,11,0,0,0,0,0,0
1,1,470729,0,0,0,0,0,0,0,0,0,0
2,1,470729,0,0,0,0,0,0,0,0,0,0
1,1,470730,0,0,0,0,0,0,0,9,0,0
1,1,470731,19,19,19,19,19,19,19,19,19,19
0,1,470732,18,16,20,18,0,23,0,24,15,18
1,1,470732,0,0,14,0,0,0,0,0,0,0
1,1,470733,0,9,14,20,16,0,0,0,13,0
1,1,470734,0,0,0,0,0,0,0,0,0,0
2,1,470734,0,0,0,0,0,0,0,0,0,0
3,1,470734,0,0,0,0,0,0,0,0,0,0
1,1,470735,14,0,0,0,39,27,0,0,16,39
1,1,470736,0,0,0,0,0,0,0,0,0,0
2,1,470736,0,0,0,0,0,0,0,0,0,29
3,1,470736,0,0,0,0,0,0,0,0,0,0
1,1,470737,16,37,26,23,21,0,21,0,14,0
2,1,470737,0,0,0,0,0,0,0,0,0,0
1,1,470738,0,0,0,0,0,0,0,0,3,0
2,1,470738,0,0,0,0,0,0,0,0,0,0
1,1,470739,20,22,13,0,0,18,0,16,0,0
0,1,470740,0,0,0,0,0,0,0,0,0,0
0,2,470740,0,0,0,0,0,0,0,0,0,0
1,1,470740,0,0,0,0,0,0,10,0,0,0
2,1,470740,0,0,0,0,0,0,0,0,0,21
1,1,470741,9,21,16,18,0,0,0,0,0,0
2,1,470741,9,0,0,0,0,0,0,0,0,0
0,1,470742,16,0,17,0,0,17,0,13,0,0
1,1,470742,0,0,0,0,0,0,0,0,0,0
1,1,470743,0,0,0,0,0,0,0,0,0,0
2,1,470743,0,0,14,0,0,12,0,0,20,0
1,1,470744,14,14,14,14,14,14,14,14,14,14
2,1,470744,0,0,0,0,0,0,0,0,0,0
1,1,470745,0,0,0,0,0,0,0,0,29,0
1,1,470746,11,23,13,17,14,8,0,21,11,20
1,1,470747,29,0,0,13,14,20,0,0,0,14
2,1,470747,0,0,0,0,0,7,0,0,0,0
1,1,470748,0,0,25,0,0,10,0,0,16,14
2,1,470748,0,0,0,0,0,0,0,0,0,0
1,1,470749,0,10,32,19,22,26,43,9,19,31
1,1,470750,0,15,0,25,23,0,0,0,0,0
1,1,470751,0,0,0,0,0,0,0,0,0,0
2,1,470751,0,0,0,0,0,0,0,0,0,0
1,1,470752,19,18,0,6,0,0,15,22,20,17
0,1,470753,34,4,0,0,0,23,22,0,45,37
1,1,470753,0,0,0,0,0,0,0,0,0,0
1,1,470754,20,0,0,21,0,0,11,0,11,0
1,1,470755,0,0,0,0,0,0,0,0,0,0
2,1,470755,0,0,0,0,0,0,0,0,0,0
1,1,470756,0,0,0,0,4,0,0,0,0,0
1,1,470757,16,16,16,16,16,16,16,16,16,16
1,1,470758,0,0,0,0,0,0,4,0,6,0
1,1,470759,0,0,0,0,0,0,0,0,0,0
1,1,470760,24,8,0,21,17,9,5,17,10,16
2,1,470760,23,23,23,23,23,23,23,23,23,23
1,1,470761,54,23,19,11,22,21,18,22,5,25
1,1,470762,17,17,17,17,17,17,17,17,17,17
1,1,470763,0,0,0,0,0,0,0,0,0,0
2,1,470763,0,0,0,0,0,0,0,0,0,0
3,1,470763,0,0,0,0,0,0,0,0,0,0
1,1,470764,0,0,0,0,0,0,0,0,0,0
2,1,470764,0,0,0,0,0,0,5,0,0,0
3,1,470764,0,0,0,0,0,0,0,0,0,0
4,1,470764,0,0,11,0,0,0,0,0,0,22
5,1,470764,0,0,0,0,0,0,0,0,0,0
6,1,470764,0,0,0,0,0,0,0,0,0,0
7,1,470764,0,0,0,0,0,0,0,0,0,0
1,1,470765,18,12,0,0,0,23,14,18,13,0
1,1,470766,0,0,0,0,0,0,5,0,0,0
2,1,470766,0,0,0,0,0,0,0,0,0,0
1,1,470767,13,13,13,13,13,13,13,13,13,13
1,1,470768,28,28,28,28,28,28,28,28,28,28
1,1,470769,18,0,0,19,12,0,0,0,0,7
1,1,470770,0,0,0,0,0,0,0,0,0,0
2,1,470770,0,0,0,0,0,0,0,0,0,0
3,1,470770,0,0,0,0,0,0,0,0,0,0
1,1,470771,28,19,20,25,13,27,8,25,14,11
1,1,470772,0,0,0,0,0,0,0,0,0,0
1,1,470773,0,0,0,0,0,0,0,0,0,17
2,1,470773,0,0,0,0,0,0,0,7,13,0
1,1,470774,16,16,16,16,16,16,16,16,16,16
1,1,470775,0,0,0,0,0,0,0,0,0,0
2,1,470775,0,0,0,0,0,0,0,0,0,0
1,1,470776,0,0,0,0,0,0,0,0,0,0
2,1,470776,14,14,14,14,14,14,14,14,14,14
1,1,470777,0,0,0,0,0,0,0,0,0,0
1,1,470778,0,10,23,0,0,0,0,36,17,0
1,1,470779,12,12,12,12,12,12,12,12,12,12
1,1,470780,16,16,16,16,16,16,16,16,16,16
1,1,470781,0,0,0,0,0,0,0,0,0,0
1,1,470782,23,0,9,6,16,0,0,21,30,19
1,1,470783,0,0,0,0,0,0,0,0,0,0
2,1,470783,0,0,0,0,0,0,0,0,0,0
1,1,470784,9,9,9,9,9,9,9,9,9,9