VEH_NO,PER_NO,ST_CASE,P1,P2,P3,P4,P5,P6,P7,P8,P9,P10
1,1,470785,28,28,28,28,28,28,28,28,28,28
1,1,470786,22,22,22,22,22,22,22,22,22,22
2,1,470786,15,15,15,15,15,15,15,15,15,15
1,1,470787,27,27,27,27,27,27,27,27,27,27
1,1,470788,0,0,0,0,0,0,0,0,0,0
1,1,470789,0,0,0,0,0,0,0,0,0,0
1,1,470790,0,0,0,0,0,0,0,0,0,0
1,1,470791,0,0,0,0,0,0,0,0,0,0
1,1,470792,25,13,16,30,0,0,29,8,12,13
2,1,470792,0,0,0,0,0,0,0,0,0,0
1,1,470793,0,16,30,0,17,18,16,0,24,7
1,1,470794,16,16,16,16,16,16,16,16,16,16
1,1,470795,0,0,0,0,0,0,0,0,0,0
1,1,470796,0,0,0,0,0,0,0,0,0,0
2,1,470796,0,0,0,0,0,0,0,0,0,0
1,1,470797,0,0,0,13,0,0,0,0,0,0
2,1,470797,0,0,0,0,0,0,0,0,0,0
1,1,470798,13,13,13,13,13,13,13,13,13,13
1,1,470799,0,0,0,0,0,0,0,0,0,0
1,1,470800,0,0,0,0,0,0,0,0,0,0
0,1,470801,22,22,22,22,22,22,22,22,22,22
1,1,470801,0,0,0,0,0,0,0,0,0,0
1,1,470802,0,0,0,0,0,0,0,0,0,0
2,1,470802,7,0,0,0,0,0,0,0,0,0
1,1,470803,0,0,0,0,0,0,0,0,0,0
2,1,470803,0,0,0,0,0,0,0,0,0,0
3,1,470803,0,0,0,0,0,0,0,0,0,0
1,1,470804,19,19,19,19,19,19,19,19,19,19
1,1,470805,11,11,11,11,11,11,11,11,11,11
1,1,470806,0,0,0,0,0,0,0,0,0,0
1,1,470807,0,0,0,0,0,0,0,16,0,0
2,1,470807,0,0,0,0,0,0,0,11,9,0
1,1,470808,0,0,0,0,0,0,0,0,0,0
2,1,470808,0,0,0,0,7,0,0,0,0,0
1,1,470809,0,0,0,0,0,0,0,0,0,0
1,1,470810,5,5,5,5,5,5,5,5,5,5
2,1,470810,0,0,0,0,0,0,0,0,0,0
1,1,470811,0,17,0,0,0,0,0,0,0,0
0,1,470812,0,0,0,0,0,0,0,0,0,0
1,1,470812,1,1,1,1,1,1,1,1,1,1
1,1,470813,0,0,0,0,0,0,0,0,0,0
1,1,470814,0,0,0,0,0,0,0,0,0,0
1,1,470815,0,0,0,0,0,0,0,0,0,0
1,1,470816,0,13,9,21,10,0,0,16,0,0
1,1,470817,22,0,0,0,0,0,17,12,0,19
1,1,470818,17,17,17,17,17,17,17,17,17,17
2,1,470818,0,0,0,0,0,0,0,0,0,0
1,1,470819,0,0,3,0,0,0,0,0,17,5
1,1,470820,20,20,20,20,20,20,20,20,20,20
1,1,470821,0,0,0,0,0,0,0,0,0,0
1,1,470822,0,0,6,0,18,6,18,35,16,0
1,1,470823,35,0,19,17,0,15,24,0,14,0
2,1,470823,0,0,0,0,0,0,0,0,0,0
3,1,470823,0,0,0,0,0,0,0,0,0,0
1,1,470824,0,0,14,8,18,0,0,23,10,0
0,1,470825,34,0,6,17,0,0,0,19,0,0
1,1,470825,0,0,0,0,0,0,0,0,0,0
1,1,470826,0,0,0,0,0,0,0,0,0,0
1,1,470827,20,20,20,20,20,20,20,20,20,20
1,1,470828,8,8,8,8,8,8,8,8,8,8
1,1,470829,21,21,21,21,21,21,21,21,21,21
0,1,470830,0,0,0,0,0,0,0,0,0,0
1,1,470830,0,0,0,0,0,0,0,0,0,0
1,1,470831,0,0,0,0,0,0,0,0,0,0
1,1,470832,0,0,0,0,0,0,0,0,0,0
2,1,470832,0,0,0,0,0,0,0,0,0,0
1,1,470833,0,0,0,0,0,0,8,0,0,0
2,1,470833,0,0,0,0,0,0,0,0,0,0
1,1,470834,0,0,0,0,0,0,0,0,0,0
2,1,470834,0,0,0,0,0,0,0,0,0,0
1,1,470835,0,12,0,12,0,0,0,0,0,14
1,1,470836,5,7,11,13,23,22,15,15,14,16
2,1,470836,0,0,0,0,0,0,0,0,31,0
1,1,470837,16,18,4,20,8,0,0,0,0,15
2,1,470837,4,0,0,0,0,0,13,0,0,0
1,1,470838,9,22,22,23,11,4,0,0,0,10
1,1,470839,0,0,0,0,0,0,0,0,0,0
1,1,470840,0,0,0,0,0,0,0,0,0,0
2,1,470840,0,0,0,0,0,0,0,0,0,0
1,1,470841,0,0,0,0,0,0,0,14,0,0
2,1,470841,0,0,0,0,0,0,0,0,0,0
1,1,470842,0,0,0,0,0,0,0,0,0,0
0,1,470843,12,0,0,0,0,0,12,0,9,17
1,1,470843,0,0,19,0,0,0,0,0,0,0
1,1,470844,23,23,23,23,23,23,23,23,23,23
1,1,470845,2,2,2,2,2,2,2,2,2,2
1,1,470846,0,0,8,15,13,21,0,12,30,5
1,1,470847,0,0,30,0,0,8,0,0,0,0
2,1,470847,0,0,7,0,0,0,0,0,0,0
1,1,470848,25,25,25,25,25,25,25,25,25,25
1,1,470849,12,9,12,0,15,16,0,0,0,0
1,1,470850,0,0,0,0,0,0,0,0,0,0
1,1,470851,0,0,0,0,0,0,0,0,0,0
1,1,470852,0,0,0,0,0,0,0,0,0,0
2,1,470852,0,0,0,0,0,0,0,0,0,0
1,1,470853,0,0,0,0,0,0,0,0,0,0
2,1,470853,0,0,0,0,0,0,0,0,0,0
1,1,470854,0,0,0,0,0,0,0,0,0,0
1,1,470855,0,0,0,0,0,0,0,0,0,0
2,1,470855,0,0,0,0,0,0,0,0,0,0
1,1,470856,6,6,6,6,6,6,6,6,6,6
2,1,470856,0,0,0,0,0,0,0,0,0,0
1,1,470857,0,0,0,0,0,0,0,0,0,0
2,1,470857,0,0,0,0,0,0,6,0,0,0
1,1,470858,0,0,0,0,0,0,0,0,0,0
2,1,470858,0,0,0,0,0,0,0,0,0,0
0,1,470859,22,25,12,0,16,26,22,0,12,24
1,1,470859,0,0,12,18,0,0,0,0,0,0
1,1,470860,0,0,0,0,0,0,0,0,13,0
1,1,470861,0,0,0,0,0,0,0,0,0,0
2,1,470861,0,0,0,0,0,0,0,0,0,0
1,1,470862,0,0,0,0,0,0,0,0,0,0
2,1,470862,0,0,0,0,0,0,0,0,0,0
1,1,470863,0,0,8,0,29,0,0,8,12,0
2,1,470863,0,0,0,0,0,0,0,0,0,0
1,1,470864,8,5,7,23,11,4,9,31,15,18
2,1,470864,24,15,12,13,19,0,0,0,0,18
1,1,470865,20,0,0,0,0,0,0,33,0,0
1,1,470866,22,22,22,22,22,22,22,22,22,22
1,1,470867,0,12,0,0,0,0,0,0,0,0
1,1,470868,0,0,0,9,4,0,0,0,0,0
1,1,470869,0,0,0,0,0,0,0,0,14,0
2,1,470869,0,0,0,0,0,0,0,0,0,0
0,1,470870,0,0,0,0,0,0,0,0,0,0
1,1,470870,0,0,0,0,0,0,0,0,0,0
1,1,470871,0,31,0,8,0,0,18,0,0,0
2,1,470871,0,0,0,0,0,0,0,0,0,0
1,1,470872,0,6,10,8,0,20,14,0,0,0
1,1,470873,14,16,14,9,27,18,36,20,24,0
1,1,470874,0,0,16,0,2,0,0,24,6,0
0,1,470875,0,0,0,0,0,0,0,0,0,0
1,1,470875,0,0,0,0,0,0,0,0,0,0
0,1,470876,44,44,44,44,44,44,44,44,44,44
1,1,470876,0,0,0,0,0,0,0,0,0,0
1,1,470877,17,0,0,0,7,0,0,32,0,0
2,1,470877,0,0,0,0,7,0,0,0,0,0
1,1,470878,0,0,0,0,0,0,0,0,0,0
2,1,470878,0,0,0,0,0,0,0,0,0,0
1,1,470879,0,0,0,0,0,0,4,0,0,0
0,1,470880,0,30,0,17,0,0,27,0,0,19
1,1,470880,0,0,0,0,0,0,0,0,0,0
1,1,470881,12,12,12,12,12,12,12,12,12,12
1,1,470882,0,0,0,0,0,0,0,0,0,0
2,1,470882,0,0,0,0,0,0,0,0,0,0
2,1,470883,0,0,0,0,0,0,0,0,0,0
3,1,470883,0,0,13,0,0,0,0,0,20,0
1,1,470884,0,0,0,0,0,0,0,0,0,0
2,1,470884,0,0,0,0,0,0,0,0,0,0
1,1,470885,0,0,0,0,0,0,0,0,0,0
2,1,470885,0,0,0,0,0,0,0,0,0,0
1,1,470886,0,0,0,0,0,0,0,0,0,0
1,1,470887,0,0,0,0,0,0,0,0,0,0
1,1,470888,17,17,17,17,17,17,17,17,17,17
1,1,470889,0,8,0,13,0,0,15,0,0,21
1,1,470890,20,11,19,13,9,12,12,26,24,11
1,1,470891,0,0,0,0,0,0,0,0,0,0
2,1,470891,0,0,0,0,0,0,0,0,0,0
3,1,470891,0,0,0,0,0,0,0,0,0,0
1,1,470892,16,28,7,31,38,25,11,17,26,17
1,1,470893,25,10,16,5,0,38,7,18,9,9
1,1,470894,0,0,0,0,0,0,0,0,0,0
2,1,470894,0,0,0,0,0,0,0,0,0,0
1,1,470895,0,0,0,0,0,0,0,0,0,0
2,1,470895,0,0,0,0,0,0,0,0,0,0
1,1,470896,0,0,0,0,0,0,0,0,0,0
2,1,470896,0,0,0,0,0,0,0,0,0,0
1,1,470897,0,0,0,0,0,0,0,0,0,0
2,1,470897,0,0,0,0,0,0,0,0,0,0
1,1,470898,0,0,0,0,0,0,0,0,0,0
2,1,470898,0,0,0,0,0,0,0,0,0,0
1,1,470899,0,0,0,0,0,0,0,0,0,0
1,1,470900,0,13,0,0,0,0,0,0,0,0
2,1,470900,0,0,0,0,0,0,0,0,0,0
1,1,470901,7,7,7,7,7,7,7,7,7,7
1,1,470902,0,0,0,0,0,0,12,0,16,0
1,1,470903,0,0,0,0,0,0,0,0,0,13
2,1,470903,0,0,0,0,0,0,0,0,0,0
1,1,470904,0,0,0,0,0,0,0,0,0,0
1,1,470905,9,17,6,15,31,9,14,5,20,5
1,1,470906,1,1,1,1,1,1,1,1,1,1
2,1,470906,0,0,0,0,0,0,0,0,0,0
1,1,470907,0,0,0,0,0,0,0,0,0,0
1,1,470908,0,0,0,0,0,0,0,0,0,0
2,1,470908,0,0,0,0,0,0,0,0,0,0
3,1,470908,0,0,0,0,0,0,0,0,0,0
1,1,470909,0,0,0,0,0,0,0,0,0,0
0,1,470910,3,3,3,3,3,3,3,3,3,3
1,1,470910,0,0,0,0,0,0,0,0,0,0
0,1,470911,0,8,15,28,22,0,0,0,23,0
1,1,470911,0,0,0,0,0,0,0,0,0,0
0,1,470912,0,18,0,22,0,0,23,32,0,0
0,2,470912,0,11,34,0,0,0,0,0,0,0
1,1,470912,21,21,21,21,21,21,21,21,21,21
1,1,470913,0,0,10,0,16,32,22,0,0,0
2,1,470913,0,0,0,0,0,0,0,0,0,0
1,1,470914,0,7,14,17,12,0,16,13,7,8
2,1,470914,15,11,8,4,8,11,7,12,8,15
1,1,470915,6,0,0,0,22,12,4,0,0,0
1,1,470916,0,0,0,0,0,0,0,0,0,0
2,1,470916,0,0,0,0,0,0,0,0,0,0
1,1,470917,0,0,0,0,0,0,0,0,0,0
2,1,470917,0,0,0,0,0,0,0,0,0,0
1,1,470918,0,0,0,0,0,0,0,0,0,0
2,1,470918,0,0,0,0,0,0,0,0,0,0
1,1,470919,0,12,0,0,0,0,0,0,0,0
2,1,470919,0,0,0,0,0,0,0,0,0,0
1,1,470920,0,0,2,8,0,0,7,0,0,0
2,1,470920,0,0,0,0,0,0,0,0,0,0
1,1,470921,0,0,0,0,8,0,0,0,0,0
2,1,470921,0,0,0,0,0,0,0,0,0,0
1,1,470922,0,0,0,0,0,0,0,0,0,0
1,1,470923,0,0,0,0,0,0,0,0,0,0
1,1,470924,0,0,0,0,0,0,0,0,0,0
2,1,470924,0,0,0,0,0,0,0,0,0,0
1,1,470925,0,0,0,0,0,0,0,0,0,0
1,1,470926,0,0,0,0,0,0,0,0,0,0
2,1,470926,0,0,0,0,0,0,0,0,0,0
1,1,470927,0,0,0,0,0,0,0,0,0,0
1,1,470928,16,13,11,23,7,12,0,6,0,0
1,1,470929,4,4,4,4,4,4,4,4,4,4
2,1,470929,0,0,0,0,0,0,0,0,0,0
1,1,470930,0,0,0,0,0,0,0,0,0,0
2,1,470930,0,0,0,11,0,0,0,0,0,0
1,1,470931,0,12,0,0,0,0,0,0,6,14
1,1,470932,0,0,0,0,0,0,0,0,0,0
1,1,470933,0,0,0,0,0,0,0,0,0,0
2,1,470933,0,0,0,0,0,0,0,0,0,0
1,1,470934,15,0,0,0,0,0,0,0,0,0
1,1,470935,0,11,0,0,0,0,0,0,0,4
1,1,470936,0,0,0,0,0,0,0,0,0,0
2,1,470936,0,0,0,8,0,0,0,0,0,0
1,1,470937,0,0,0,0,0,0,0,0,0,0
2,1,470937,0,0,0,0,0,0,0,0,0,0
1,1,470938,33,0,26,18,35,35,16,16,5,23
1,1,470939,0,0,0,0,0,0,0,0,0,0
2,1,470939,0,0,0,0,0,0,0,0,0,0
1,1,470940,0,0,14,13,0,0,0,0,22,0
1,1,470941,0,3,0,0,0,0,0,0,0,0
1,1,470942,0,0,0,26,24,0,45,0,0,0
1,1,470943,0,0,0,0,0,0,0,0,0,0
2,1,470943,0,0,0,0,0,0,0,0,0,0
1,1,470944,23,20,28,0,14,24,8,28,31,22
0,1,470945,0,0,0,0,0,0,0,0,0,0
1,1,470945,0,0,0,0,0,0,0,0,0,0
1,1,470946,0,0,0,7,0,0,0,0,0,0
2,1,470946,12,0,0,0,0,0,9,0,0,0
0,1,470947,0,35,31,14,0,29,0,8,0,0
1,1,470947,0,0,0,0,0,1,0,0,0,0
1,1,470948,0,0,0,0,0,0,0,0,0,0
2,1,470948,0,0,0,0,0,0,0,0,0,0
1,1,470949,0,0,0,0,0,0,0,0,0,0
2,1,470949,0,0,0,0,0,0,0,0,0,0
1,1,470950,0,0,0,0,0,0,0,0,0,0
1,1,470951,24,24,24,24,24,24,24,24,24,24
1,1,470952,0,0,0,0,0,19,0,0,0,0
2,1,470952,0,0,0,0,13,0,0,0,0,0
1,1,470953,0,0,22,0,0,11,0,0,0,0
2,1,470953,0,0,0,0,0,0,9,0,0,0
1,1,470954,0,0,0,0,0,0,0,0,0,0
2,1,470954,0,0,0,0,0,0,0,0,0,0
1,1,470955,0,0,0,0,0,0,0,0,0,0
1,1,470956,23,29,30,16,21,8,21,0,16,32
1,1,470957,0,0,21,0,0,7,0,0,0,13
1,1,470958,11,11,11,11,11,11,11,11,11,11
1,1,470959,0,0,0,0,0,0,0,0,0,0
2,1,470959,0,0,22,0,0,0,0,0,15,8
1,1,470960,4,4,4,4,4,4,4,4,4,4
2,1,470960,0,0,0,0,0,0,0,0,0,0
1,1,470961,0,0,0,13,0,0,0,0,18,0
2,1,470961,0,0,0,0,0,0,0,0,0,0
1,1,470962,9,0,0,0,12,5,0,0,0,15
2,1,470962,0,7,0,0,6,20,12,12,0,0
1,1,470963,0,12,26,18,16,0,0,35,0,0
1,1,470964,0,7,0,0,10,0,0,0,0,0
1,1,470965,0,0,0,0,0,0,0,0,0,0
1,1,470966,0,0,0,0,0,0,0,0,0,0
2,1,470966,0,0,0,0,0,0,0,0,0,0
1,1,470967,0,0,0,0,0,0,0,0,0,0
2,1,470967,0,0,0,0,0,0,5,0,0,0
1,1,470968,0,0,0,0,0,0,0,0,0,0
2,1,470968,0,0,0,0,0,0,15,0,5,0
1,1,470969,0,0,0,0,0,0,0,0,0,0
2,1,470969,0,0,0,0,0,0,0,0,0,0
1,1,470970,0,0,0,0,0,0,0,0,0,0
2,1,470970,0,0,0,0,0,0,0,0,0,0
3,1,470970,0,0,0,0,0,0,0,0,0,0
4,1,470970,0,0,0,0,0,0,0,0,0,0
1,1,470971,0,0,0,0,6,0,0,0,0,0
1,1,470972,0,0,0,0,0,0,0,21,0,0
2,1,470972,0,0,0,0,0,0,0,0,0,0
1,1,470973,0,0,0,0,0,0,0,0,0,0
2,1,470973,0,0,4,0,0,0,0,0,0,0
1,1,470974,23,0,0,0,0,0,12,0,0,0
0,1,480002,16,16,16,16,16,16,16,16,16,16
1,1,480002,0,0,0,0,0,0,36,0,0,0
1,1,480003,18,18,18,18,18,18,18,18,18,18
0,1,480004,36,36,36,36,36,36,36,36,36,36
1,1,480004,23,0,0,0,0,0,0,0,0,0
1,1,480005,28,28,28,28,28,28,28,28,28,28
0,1,480006,11,11,11,11,11,11,11,11,11,11
1,1,480006,4,4,4,4,4,4,4,4,4,4
1,1,480007,0,0,0,0,0,0,0,0,0,0
2,1,480007,0,0,0,0,0,0,0,0,0,0
3,1,480007,0,0,0,0,0,0,0,0,0,0
1,1,480008,0,0,0,0,0,0,0,0,0,0
2,1,480008,0,0,0,0,0,0,0,0,0,0
1,1,480009,0,3,0,12,12,0,0,0,11,0
1,1,480010,23,23,23,23,23,23,23,23,23,23
1,1,480011,0,0,0,0,0,0,0,0,0,0
2,1,480011,0,0,0,0,0,0,0,0,0,0
0,1,480012,0,0,0,0,0,0,0,0,0,0
1,1,480012,0,0,0,0,0,0,0,0,0,0
1,1,480013,0,0,0,0,0,0,0,12,0,0
2,1,480013,0,0,0,0,0,0,0,0,0,0
0,1,480014,0,0,0,0,0,0,0,0,0,0
1,1,480014,0,0,0,0,0,0,12,0,0,17
1,1,480015,0,0,0,0,0,0,0,0,0,0
2,1,480015,0,0,0,0,0,0,0,0,0,0
3,1,480015,0,0,0,0,0,0,0,0,0,0
1,1,480016,9,9,9,9,9,9,9,9,9,9
1,1,480017,16,16,16,16,16,16,16,16,16,16
1,1,480018,15,0,21,5,0,0,11,0,0,11
1,1,480019,0,0,0,0,0,0,0,0,0,0
1,1,480020,0,34,22,26,15,0,0,0,24,15
2,1,480020,0,19,0,0,0,0,0,0,0,0
1,1,480021,14,0,12,0,0,19,0,9,17,35
1,1,480022,25,9,0,0,14,43,0,0,0,13
0,1,480023,20,0,0,0,24,0,32,0,0,0
1,1,480023,11,4,15,0,9,0,0,8,12,0
0,1,480024,0,0,0,0,9,12,0,0,0,0
1,1,480024,0,0,0,0,0,0,0,0,0,0
1,1,480025,13,0,0,8,15,12,7,7,10,21
2,1,480025,0,0,0,0,0,0,0,0,0,0
1,1,480026,0,11,0,0,0,0,18,33,0,0
2,1,480026,0,0,0,0,0,0,0,0,0,0
3,1,480026,0,0,0,0,0,16,0,0,0,0
0,1,480027,23,13,16,12,6,11,22,0,0,54
1,1,480027,0,0,0,0,0,0,0,0,0,0
2,1,480027,0,0,0,0,0,0,0,0,0,0
1,1,480028,0,0,0,0,0,0,0,0,0,0
2,1,480028,0,0,0,0,0,0,0,0,8,0
2,1,480029,0,0,0,0,0,0,0,0,0,0
1,1,480030,13,13,13,13,13,13,13,13,13,13
1,1,480031,0,0,0,0,0,0,0,0,0,0
2,1,480031,0,0,0,0,0,0,0,0,0,0
1,1,480032,0,0,0,0,0,0,0,0,0,0
2,1,480032,0,0,0,0,0,0,0,0,0,0
1,1,480033,33,33,33,33,33,33,33,33,33,33
1,1,480034,0,0,0,0,0,0,0,0,0,0
0,1,480035,10,10,10,10,10,10,10,10,10,10
1,1,480035,0,0,0,0,0,0,0,0,0,0
0,1,480036,30,30,30,30,30,30,30,30,30,30
1,1,480036,7,0,0,0,11,0,0,0,0,0
1,1,480037,23,23,23,23,23,23,23,23,23,23
1,1,480038,5,5,5,5,5,5,5,5,5,5
2,1,480038,22,0,0,0,0,0,0,0,0,0
1,1,480039,0,0,0,0,0,0,0,0,0,0
2,1,480039,0,0,0,0,0,0,0,12,0,0
1,1,480040,0,0,0,0,0,0,0,0,0,0
1,1,480041,0,0,0,0,0,0,0,0,0,0
2,1,480041,0,10,12,0,0,0,0,0,10,0
3,1,480041,0,0,0,0,0,0,0,0,0,0
1,1,480042,0,0,0,0,0,0,0,0,0,0
2,1,480042,0,0,0,0,0,0,0,0,0,0
1,1,480043,0,0,0,0,0,0,0,0,0,0
2,1,480043,0,0,0,0,0,0,0,0,0,0
1,1,480044,25,18,24,19,39,0,0,17,23,0
0,1,480045,0,0,0,0,0,0,0,0,0,0
1,1,480045,0,0,0,0,0,0,0,0,0,0
2,1,480045,0,0,0,0,0,0,0,0,0,0
3,1,480045,0,0,0,0,0,0,0,0,0,0
1,1,480046,0,0,0,0,0,0,0,0,0,0
2,1,480046,0,0,0,0,0,0,0,0,0,0
1,1,480047,0,0,0,0,0,0,0,0,0,0
2,1,480047,0,0,0,0,0,0,0,0,0,0
1,1,480048,0,20,22,0,0,24,0,0,0,0
1,1,480049,0,0,0,0,0,0,0,0,26,0
1,1,480050,0,0,0,0,0,0,0,0,0,0
2,1,480050,0,0,0,0,0,0,0,0,0,0
1,1,480051,0,0,0,0,0,0,0,0,0,0
2,1,480051,0,0,0,0,0,0,0,0,0,0
1,1,480052,0,0,0,0,0,0,0,0,0,0
2,1,480052,0,0,0,0,0,0,0,0,0,0
1,1,480053,0,0,0,0,0,0,0,0,0,0
1,1,480054,0,0,0,0,0,0,0,0,0,0
2,1,480054,0,0,0,0,0,0,0,0,0,0
3,1,480054,0,0,15,0,0,0,0,0,0,0
1,1,480055,2,2,2,2,2,2,2,2,2,2
2,1,480055,0,0,0,0,0,0,0,0,0,0
1,1,480056,17,17,17,17,17,17,17,17,17,17
1,1,480057,21,21,21,21,21,21,21,21,21,21
1,1,480058,15,21,17,16,23,23,11,20,8,11
2,1,480058,13,0,13,0,0,24,0,9,0,0
1,1,480059,0,5,0,0,0,14,9,0,0,6
2,1,480059,16,0,0,0,12,0,0,0,0,0
1,1,480060,12,12,12,12,12,12,12,12,12,12
1,1,480061,0,0,0,0,0,0,0,0,0,0
0,1,480062,18,18,18,18,18,18,18,18,18,18
1,1,480062,11,9,0,0,7,6,0,12,18,0
0,1,480063,13,13,13,13,13,13,13,13,13,13
1,1,480063,14,14,14,14,14,14,14,14,14,14
1,1,480064,9,4,0,0,0,0,0,0,8,6
2,1,480064,16,16,16,16,16,16,16,16,16,16
1,1,480065,11,11,11,11,11,11,11,11,11,11
1,1,480066,16,16,16,16,16,16,16,16,16,16
1,1,480067,0,0,0,0,0,0,0,0,0,0
2,1,480067,0,0,0,0,0,0,0,0,0,0
1,1,480068,0,0,0,0,0,0,0,7,0,0
1,1,480069,0,0,0,0,0,0,0,0,0,0
1,1,480070,0,0,0,0,0,0,0,0,0,0
2,1,480070,0,0,0,0,0,0,0,0,0,0
0,1,480071,0,0,0,0,0,0,0,0,0,0
2,1,480071,0,0,9,0,0,0,0,0,0,0
1,1,480072,0,0,0,0,0,0,0,0,0,0
2,1,480072,16,16,16,16,16,16,16,16,16,16
0,1,480073,0,0,0,0,0,0,0,0,0,0
1,1,480073,0,0,0,0,0,0,0,0,0,0
0,1,480074,0,0,0,0,0,0,0,0,0,0
1,1,480074,0,0,12,0,0,0,0,0,0,0
0,1,480075,0,0,0,4,0,0,0,0,12,0
1,1,480075,0,10,0,0,0,0,11,0,0,0
1,1,480076,0,0,0,0,0,0,0,0,0,0
1,1,480077,0,0,0,0,0,0,0,0,0,0
1,1,480078,0,0,0,0,0,0,0,0,0,0
1,1,480079,0,0,0,0,0,0,0,0,0,0
2,1,480079,0,0,0,0,0,0,0,0,0,13
1,1,480080,0,0,22,10,21,20,18,23,0,20
1,1,480081,0,0,0,0,0,0,0,0,0,0
2,1,480081,0,0,0,0,0,0,0,0,0,0
1,1,480082,0,0,0,0,0,0,0,0,0,0
1,1,480083,0,0,0,0,0,0,0,0,0,0
2,1,480083,19,19,19,19,19,19,19,19,19,19
1,1,480084,0,0,0,0,0,0,0,0,0,0
1,1,480085,0,0,0,0,0,0,0,0,0,0
2,1,480085,0,0,0,0,0,0,0,0,0,0
1,1,480086,17,17,17,17,17,17,17,17,17,17
1,1,480087,6,6,6,6,6,6,6,6,6,6
1,1,480088,6,6,6,6,6,6,6,6,6,6
2,1,480088,0,0,0,0,0,0,0,0,0,0
3,1,480088,0,0,0,0,0,0,0,0,0,0
1,1,480089,0,0,7,0,0,3,0,0,27,11
1,1,480090,0,0,0,0,0,0,0,0,0,0
2,1,480090,0,0,0,0,0,0,0,0,0,0
3,1,480090,0,0,0,0,0,0,0,0,0,0
1,1,480091,0,17,8,21,12,26,20,27,9,13
2,1,480091,0,11,14,15,0,0,5,0,0,0
1,1,480092,0,0,0,0,0,0,0,0,0,0
2,1,480092,0,0,0,0,0,0,0,0,0,0
3,1,480092,17,0,0,0,0,0,0,0,0,0
4,1,480092,0,0,0,0,0,0,0,0,0,0
5,1,480092,0,0,0,0,0,0,0,0,0,6
1,1,480094,0,0,0,0,0,0,0,0,8,0
1,1,480095,9,3,0,14,0,0,26,13,6,0
2,1,480095,0,0,0,0,0,0,0,0,0,0
1,1,480096,0,0,0,0,0,0,0,0,0,0
2,1,480096,0,0,0,0,0,0,0,0,0,0
1,1,480097,11,11,11,11,11,11,11,11,11,11
1,1,480098,0,0,0,0,0,0,0,0,0,0
2,1,480098,0,0,0,0,0,0,0,0,0,0
3,1,480098,0,0,15,0,0,0,0,0,0,0
1,1,480099,0,0,0,0,0,0,0,0,0,0
1,1,480100,1,1,1,1,1,1,1,1,1,1
2,1,480101,0,0,0,0,0,0,0,0,0,0
1,1,480102,10,0,5,0,0,0,0,0,7,0
1,1,480103,21,21,21,21,21,21,21,21,21,21
1,1,480104,0,0,0,0,0,0,0,0,0,0
2,1,480104,0,0,0,0,0,0,0,0,0,0
1,1,480105,0,0,0,0,0,0,0,0,0,0
2,1,480105,0,0,0,0,0,0,0,3,0,0
0,1,480106,0,0,0,0,0,0,0,0,0,0
1,1,480106,0,0,0,0,0,0,0,0,0,0
2,1,480106,0,0,0,0,11,0,0,0,0,0
1,1,480107,0,0,0,0,0,0,0,26,11,13
1,1,480108,0,0,0,0,0,0,0,0,0,0
2,1,480108,0,0,0,0,0,0,0,0,0,0
1,1,480109,0,0,0,0,0,0,0,16,0,0
1,1,480110,0,16,0,17,17,0,0,3,26,0
1,1,480111,0,0,0,0,0,0,0,0,0,0
2,1,480111,0,0,17,0,0,0,0,0,0,0
1,1,480112,34,34,34,34,34,34,34,34,34,34
1,1,480113,0,0,0,0,0,0,0,0,0,0
2,1,480113,0,24,0,0,0,0,0,0,0,0
0,1,480114,3,3,3,3,3,3,3,3,3,3
1,1,480114,0,0,0,0,12,10,0,0,0,0
0,1,480115,6,0,0,0,0,0,0,0,0,20
1,1,480115,0,13,0,0,0,0,0,0,10,0
0,1,480116,19,19,19,19,19,19,19,19,19,19
1,1,480116,0,0,0,0,0,0,0,0,0,0
1,1,480117,0,0,0,0,0,0,0,0,0,0
1,1,480118,22,22,22,22,22,22,22,22,22,22
2,1,480118,0,22,0,0,0,0,0,0,23,0
1,1,480119,5,9,25,32,25,16,24,0,0,0
1,1,480120,0,0,0,0,0,0,0,0,0,0
1,1,480121,6,6,6,6,6,6,6,6,6,6
1,1,480122,0,0,0,0,0,0,0,0,0,0
2,1,480122,0,0,0,21,0,0,0,0,0,0
1,1,480123,21,21,21,21,21,21,21,21,21,21
1,1,480124,14,14,14,14,14,14,14,14,14,14
1,1,480125,0,0,0,0,0,0,0,0,0,0
1,1,480126,16,16,16,16,16,16,16,16,16,16
1,1,480128,20,20,20,20,20,20,20,20,20,20
1,1,480129,0,0,0,0,0,0,0,0,0,0
2,1,480129,0,0,0,13,0,0,0,0,0,0
3,1,480129,0,0,0,0,0,0,0,0,0,0
1,1,480130,0,0,0,14,0,0,0,0,0,0
1,1,480131,0,0,0,0,0,0,0,0,0,0
2,1,480131,0,0,0,0,0,0,0,0,0,0
1,1,480132,11,0,4,0,0,0,0,4,3,0
2,1,480132,0,0,0,0,0,0,0,0,0,0
1,1,480133,17,17,17,17,17,17,17,17,17,17
1,1,480134,0,0,17,0,0,0,0,0,0,0
1,1,480135,0,0,0,0,0,0,0,0,0,0
1,1,480136,0,0,0,0,0,0,0,0,0,0
1,1,480137,0,26,5,11,0,22,11,0,10,0