VEH_NO,PER_NO,ST_CASE,P1,P2,P3,P4,P5,P6,P7,P8,P9,P10
1,1,480138,12,0,17,0,0,0,0,0,0,0
1,1,480139,0,0,0,0,0,0,0,0,0,0
0,1,480140,0,0,0,18,0,0,21,0,0,24
1,1,480140,0,0,0,0,0,0,0,0,0,0
1,1,480141,0,0,0,0,0,0,0,0,0,0
2,1,480141,0,0,0,0,0,0,0,0,0,0
3,1,480141,0,0,0,0,0,0,0,0,0,0
1,1,480142,0,0,0,0,0,0,0,0,0,0
1,1,480143,35,35,35,35,35,35,35,35,35,35
2,1,480143,0,0,0,0,0,0,0,0,0,0
0,1,480144,0,0,0,0,0,0,0,0,0,0
1,1,480144,0,0,0,0,0,0,10,0,0,0
3,1,480144,0,0,15,0,0,0,0,0,0,0
1,1,480145,28,0,0,9,0,0,0,20,0,0
2,1,480145,4,0,0,0,7,18,0,0,0,0
0,1,480146,0,0,0,0,0,0,0,0,0,0
0,2,480146,0,0,21,0,0,11,9,0,16,0
1,1,480146,0,0,0,0,0,0,0,0,0,0
1,1,480147,0,0,0,0,0,0,0,0,0,0
2,1,480147,4,4,4,4,4,4,4,4,4,4
1,1,480148,18,18,18,18,18,18,18,18,18,18
1,1,480149,4,4,4,4,4,4,4,4,4,4
1,1,480150,0,0,0,0,0,0,0,0,0,0
2,1,480150,0,0,0,0,0,0,0,0,0,0
1,1,480151,13,13,13,13,13,13,13,13,13,13
2,1,480151,8,8,8,8,8,8,8,8,8,8
1,1,480152,5,0,0,0,0,0,0,0,0,0
2,1,480152,0,0,0,0,0,0,0,0,0,9
1,1,480153,0,0,17,12,0,9,12,20,0,0
1,1,480154,8,0,0,0,0,0,0,0,0,0
2,1,480154,0,0,0,0,0,0,0,0,0,0
1,1,480155,0,0,0,0,0,0,0,0,0,0
2,1,480155,0,0,0,0,0,0,0,0,0,0
1,1,480156,28,28,28,28,28,28,28,28,28,28
1,1,480157,15,7,34,0,0,20,13,0,0,35
1,1,480158,0,4,23,13,14,9,0,0,0,0
1,1,480159,0,0,0,0,0,0,10,0,0,0
2,1,480159,11,0,0,0,0,0,0,0,13,0
1,1,480160,38,38,38,38,38,38,38,38,38,38
1,1,480161,0,0,0,0,0,0,8,0,0,5
2,1,480161,3,0,0,5,11,0,24,7,29,16
3,1,480161,9,0,0,0,0,0,0,0,0,0
4,1,480161,0,5,0,0,20,8,0,0,0,0
1,1,480162,28,28,28,28,28,28,28,28,28,28
1,1,480163,0,14,0,11,0,2,0,0,0,0
1,1,480164,27,27,27,27,27,27,27,27,27,27
1,1,480165,0,0,0,0,0,0,0,0,0,0
2,1,480165,15,15,15,15,15,15,15,15,15,15
1,1,480166,0,0,0,0,21,0,0,0,5,0
2,1,480166,0,0,0,0,0,0,0,0,0,0
1,1,480167,0,0,0,0,0,14,16,0,16,0
1,1,480168,17,17,17,17,17,17,17,17,17,17
2,1,480168,12,0,0,0,0,0,0,0,0,0
1,1,480169,0,0,0,0,0,0,0,0,0,0
2,1,480169,0,0,0,0,0,0,0,0,0,0
1,1,480170,17,25,20,14,23,17,25,17,12,13
2,1,480170,7,0,0,0,0,0,0,0,0,0
1,1,480171,0,32,14,18,0,15,19,16,0,14
2,1,480171,10,0,0,0,21,5,0,0,0,0
1,1,480172,17,17,17,17,17,17,17,17,17,17
2,1,480172,3,0,0,0,0,0,0,0,15,15
1,1,480173,5,5,5,5,5,5,5,5,5,5
2,1,480173,9,0,0,15,0,8,0,0,0,0
3,1,480173,19,24,10,10,0,0,0,10,0,0
0,1,480174,20,20,20,20,20,20,20,20,20,20
1,1,480174,0,0,0,12,11,7,0,0,0,0
0,1,480175,0,26,0,25,0,17,0,13,0,11
1,1,480175,0,0,0,0,0,0,0,0,0,0
1,1,480176,9,23,26,18,22,12,18,17,6,11
1,1,480177,0,0,0,0,0,0,0,0,0,0
0,1,480178,0,0,0,0,0,0,0,0,0,0
1,1,480178,0,0,0,12,0,0,24,0,0,0
1,1,480179,0,0,7,0,0,7,0,0,0,0
1,1,480180,0,0,0,0,0,0,0,0,0,0
2,1,480180,0,0,0,0,0,0,0,0,0,0
1,1,480181,0,0,24,0,0,60,17,0,0,0
1,1,480182,10,0,0,0,21,0,0,0,0,0
1,1,480183,23,23,23,23,23,23,23,23,23,23
1,1,480184,0,0,0,0,0,0,0,0,0,0
2,1,480184,0,0,0,0,0,0,0,0,0,0
1,1,480185,0,0,0,0,14,0,0,0,0,0
2,1,480185,0,0,0,0,0,0,0,0,4,0
3,1,480185,0,0,0,0,0,0,0,0,0,0
4,1,480185,0,0,0,0,0,0,0,0,0,0
1,1,480186,0,0,0,0,0,0,0,0,0,0
1,1,480187,0,0,0,0,0,0,0,0,0,0
1,1,480188,22,22,22,22,22,22,22,22,22,22
1,1,480189,0,0,0,0,0,0,0,0,0,0
1,1,480190,0,0,0,0,0,0,0,0,0,0
1,1,480191,0,0,0,0,0,0,0,0,0,0
2,1,480191,0,0,0,0,0,0,0,0,0,0
1,1,480192,16,16,16,16,16,16,16,16,16,16
1,1,480193,0,0,10,0,0,0,0,0,0,0
1,1,480194,0,0,0,0,0,0,0,0,0,0
2,1,480194,0,0,0,0,0,0,0,0,0,0
1,1,480195,0,0,0,0,0,0,5,9,0,0
2,1,480195,0,7,0,0,0,0,0,22,0,0
1,1,480196,3,3,3,3,3,3,3,3,3,3
0,1,480198,28,28,28,28,28,28,28,28,28,28
1,1,480198,0,0,0,0,0,0,0,0,0,0
1,1,480199,0,0,0,0,0,0,0,0,0,0
2,1,480199,0,0,0,0,0,0,0,0,0,0
1,1,480200,0,0,0,0,0,0,0,0,0,0
2,1,480200,0,0,0,0,0,0,0,0,0,0
1,1,480201,0,0,0,0,0,0,0,0,0,0
2,1,480201,0,0,0,0,0,0,0,0,0,0
1,1,480202,16,16,16,16,16,16,16,16,16,16
1,1,480203,5,0,0,0,0,0,0,0,0,0
2,1,480203,0,0,0,0,0,11,0,0,0,0
1,1,480204,0,0,0,0,0,0,0,0,0,0
1,1,480205,24,24,24,24,24,24,24,24,24,24
1,1,480206,20,20,20,20,20,20,20,20,20,20
2,1,480206,0,14,8,0,0,0,0,0,14,0
1,1,480207,0,0,0,0,0,0,0,0,0,0
1,1,480208,0,0,0,0,0,0,0,0,0,0
2,1,480208,0,0,0,0,0,0,0,0,5,0
1,1,480209,19,0,18,0,0,0,0,0,42,0
1,1,480210,0,0,0,12,16,0,0,0,11,0
2,1,480210,0,0,0,0,0,0,16,0,0,0
0,1,480211,0,0,0,0,0,0,0,0,0,0
1,1,480211,4,3,0,0,0,9,0,0,14,0
1,1,480212,0,0,0,0,0,13,0,0,24,0
2,1,480212,0,0,0,4,7,0,0,0,0,0
1,1,480213,14,14,14,14,14,14,14,14,14,14
1,1,480214,2,2,2,2,2,2,2,2,2,2
2,1,480214,0,0,0,0,0,0,0,0,0,0
1,1,480215,0,0,0,0,0,7,9,0,0,0
1,1,480216,0,0,0,0,0,0,0,0,0,0
1,1,480217,34,34,34,34,34,34,34,34,34,34
1,1,480218,19,19,19,19,19,19,19,19,19,19
1,1,480219,12,12,12,12,12,12,12,12,12,12
1,1,480220,0,0,0,0,0,0,0,0,0,0
2,1,480220,12,12,12,12,12,12,12,12,12,12
1,1,480221,15,0,0,4,5,0,0,0,0,0
2,1,480221,0,0,0,0,0,0,0,0,0,0
1,1,480222,0,0,0,0,0,0,0,0,0,0
2,1,480222,0,0,0,0,0,0,0,0,0,0
1,1,480223,0,0,0,0,0,0,0,0,0,0
2,1,480223,0,0,0,0,0,0,0,0,0,0
3,1,480223,5,0,0,0,0,0,0,0,0,0
1,1,480224,0,0,0,0,0,0,0,0,0,0
2,1,480224,0,0,0,0,0,0,0,0,0,0
1,1,480225,0,0,0,0,0,0,0,0,0,0
2,1,480225,0,0,0,0,0,0,0,0,0,0
1,1,480227,0,0,0,0,0,0,0,0,0,0
2,1,480227,0,0,0,0,0,0,0,0,0,0
1,1,480228,0,0,0,0,0,0,0,0,0,0
1,1,480229,0,10,22,5,14,23,0,24,25,4
2,1,480229,0,0,0,0,0,0,0,0,0,0
1,1,480230,0,0,0,0,0,0,5,0,11,0
2,1,480230,0,0,0,0,6,18,29,0,26,0
1,1,480231,15,0,0,12,0,0,0,0,0,0
2,1,480231,0,0,0,0,0,13,0,0,0,6
1,1,480232,0,0,0,0,0,0,0,0,0,0
1,1,480233,0,0,0,0,0,0,0,0,0,0
2,1,480233,0,0,0,0,0,0,0,0,0,0
1,1,480234,0,0,0,0,0,0,18,0,0,0
2,1,480234,0,0,0,0,0,0,0,0,0,0
3,1,480234,0,0,0,0,0,0,0,0,0,0
4,1,480234,0,0,0,0,0,0,0,0,0,0
1,1,480235,0,0,0,0,0,0,0,0,0,0
2,1,480235,0,0,0,0,0,0,0,0,0,0
3,1,480235,0,0,0,0,0,0,0,0,0,0
4,1,480235,0,0,0,0,0,0,0,0,0,0
1,1,480236,0,0,0,0,0,0,0,0,0,0
2,1,480236,0,0,0,0,0,0,0,0,0,0
1,1,480237,0,0,0,14,0,0,0,0,0,11
2,1,480237,0,0,0,0,0,0,0,0,0,0
1,1,480238,12,12,12,12,12,12,12,12,12,12
1,1,480239,15,15,15,15,15,15,15,15,15,15
1,1,480240,0,0,0,0,0,0,0,0,0,0
2,1,480240,12,0,0,0,0,0,0,0,0,0
1,1,480241,31,31,31,31,31,31,31,31,31,31
1,1,480242,0,24,16,27,25,0,12,0,17,0
1,1,480243,0,0,7,0,0,0,0,0,0,0
2,1,480243,0,0,0,0,0,0,0,0,0,0
1,1,480244,0,0,0,0,0,0,0,0,0,0
2,1,480244,23,23,23,23,23,23,23,23,23,23
1,1,480245,15,0,0,22,0,0,0,25,16,20
1,1,480246,0,0,0,0,0,0,0,0,0,0
2,1,480246,0,0,0,0,0,0,0,0,0,0
1,1,480247,13,13,13,13,13,13,13,13,13,13
1,1,480248,0,0,0,0,0,0,28,21,0,0
1,1,480249,16,16,16,16,16,16,16,16,16,16
1,1,480250,0,0,0,0,0,0,0,0,0,15
2,1,480250,0,0,0,9,0,0,0,0,0,0
1,1,480251,26,26,26,26,26,26,26,26,26,26
1,1,480252,0,0,0,0,0,0,0,0,0,0
2,1,480252,0,0,0,0,0,2,0,0,0,0
1,1,480253,10,0,0,0,0,0,0,0,0,0
2,1,480253,0,0,0,0,0,0,0,0,0,0
1,1,480254,9,9,9,9,9,9,9,9,9,9
1,1,480255,11,11,11,11,11,11,11,11,11,11
1,1,480256,23,23,23,23,23,23,23,23,23,23
1,1,480257,0,0,0,0,0,0,0,0,0,0
0,1,480258,7,7,7,7,7,7,7,7,7,7
1,1,480258,0,0,0,0,0,0,0,0,0,0
1,1,480259,16,16,16,16,16,16,16,16,16,16
1,1,480260,0,0,0,0,0,0,0,0,0,0
1,1,480261,0,0,0,0,15,0,0,0,0,10
2,1,480261,0,0,0,0,0,0,0,0,0,0
0,1,480262,52,52,52,52,52,52,52,52,52,52
1,1,480262,0,13,0,0,14,0,11,0,0,0
2,1,480262,0,0,0,0,8,5,0,0,0,0
1,1,480263,0,0,0,0,0,0,0,25,0,0
2,1,480263,0,0,0,0,0,0,0,0,0,0
1,1,480264,0,0,0,0,0,0,0,0,0,0
1,1,480265,0,0,23,15,0,0,0,0,0,0
2,1,480265,0,0,6,0,0,0,11,13,0,0
1,1,480266,0,0,0,0,0,0,0,0,0,27
2,1,480266,0,0,0,0,0,0,0,0,0,0
1,1,480267,18,18,18,18,18,18,18,18,18,18
0,1,480268,0,0,0,0,0,0,0,0,0,0
1,1,480268,0,0,0,15,0,0,0,0,0,0
1,1,480269,20,20,20,20,20,20,20,20,20,20
1,1,480270,0,0,0,0,0,0,0,0,0,0
1,1,480271,0,0,0,0,0,0,0,0,0,0
1,1,480273,14,14,14,14,14,14,14,14,14,14
0,1,480274,0,0,0,16,0,0,11,0,0,0
1,1,480274,0,20,19,0,0,19,0,0,0,0
1,1,480275,0,0,0,0,0,0,0,0,0,0
2,1,480275,0,0,0,0,0,0,0,0,0,0
3,1,480275,0,0,0,0,0,0,0,0,0,0
1,1,480276,0,0,0,0,0,0,0,0,0,0
2,1,480276,0,0,0,0,0,0,0,0,0,0
1,1,480277,0,0,0,21,0,0,0,0,0,0
0,1,480278,28,28,28,28,28,28,28,28,28,28
1,1,480278,0,8,0,0,0,0,0,0,0,0
1,1,480279,27,27,27,27,27,27,27,27,27,27
2,1,480279,0,0,0,0,0,0,0,0,0,0
1,1,480280,0,0,0,0,0,0,0,0,0,0
2,1,480280,0,0,0,0,0,0,0,0,0,0
3,1,480280,0,0,0,0,0,0,0,0,0,0
1,1,480281,24,24,24,24,24,24,24,24,24,24
1,1,480282,2,2,2,2,2,2,2,2,2,2
1,1,480283,0,0,0,0,0,0,0,0,0,0
1,1,480284,0,0,0,0,0,30,0,0,11,34
1,1,480285,0,0,0,0,0,0,0,0,0,0
0,1,480286,45,45,45,45,45,45,45,45,45,45
1,1,480286,0,0,0,0,17,0,0,0,0,0
1,1,480287,0,10,0,0,0,0,0,0,0,0
1,1,480288,0,0,0,0,0,0,0,0,0,0
1,1,480289,0,0,0,0,0,0,0,0,6,0
2,1,480289,0,0,0,0,0,17,0,0,0,0
1,1,480290,0,0,0,0,0,0,0,0,0,0
2,1,480290,0,0,0,0,0,0,0,0,0,0
1,1,480291,5,5,5,5,5,5,5,5,5,5
1,1,480292,0,25,21,0,13,19,0,0,0,0
1,1,480293,17,17,17,17,17,17,17,17,17,17
2,1,480293,0,0,0,0,0,0,0,0,0,0
1,1,480294,0,0,0,0,0,0,0,0,0,0
1,1,480295,0,0,0,0,0,0,21,0,0,0
0,1,480296,0,0,0,4,17,0,28,0,0,0
1,1,480296,0,8,31,0,24,0,0,11,0,0
1,1,480297,23,23,23,23,23,23,23,23,23,23
2,1,480297,0,0,0,0,0,0,0,0,0,0
1,1,480298,0,0,0,0,0,0,0,0,0,0
2,1,480298,0,0,0,0,0,0,0,0,0,0
1,1,480299,10,10,10,10,10,10,10,10,10,10
1,1,480300,26,26,26,26,26,26,26,26,26,26
2,1,480300,0,7,0,0,0,0,38,0,0,15
1,1,480301,25,25,25,25,25,25,25,25,25,25
2,1,480301,14,0,0,0,0,0,0,20,0,0
1,1,480302,13,13,13,13,13,13,13,13,13,13
2,1,480302,3,2,21,14,17,8,17,33,30,10
1,1,480303,0,0,0,0,0,0,0,0,0,0
2,1,480303,0,0,0,27,0,0,0,0,0,0
1,1,480304,13,10,7,17,15,32,18,22,15,13
1,1,480305,0,0,0,0,0,0,0,0,0,0
2,1,480305,0,0,0,0,0,0,0,0,0,0
3,1,480305,0,0,0,0,0,0,0,0,0,0
4,1,480305,0,0,0,0,0,0,0,0,9,0
5,1,480305,0,0,0,0,0,0,0,0,0,0
6,1,480305,0,14,0,0,0,0,0,0,0,0
0,1,480306,0,0,0,0,0,21,0,0,0,26
1,1,480306,0,0,0,0,0,0,0,0,0,0
1,1,480307,14,14,14,14,14,14,14,14,14,14
1,1,480308,0,0,0,0,0,0,0,0,0,0
1,1,480309,13,13,13,13,13,13,13,13,13,13
1,1,480310,12,12,12,12,12,12,12,12,12,12
1,1,480311,7,0,6,0,8,0,0,0,0,0
2,1,480311,0,0,0,0,10,0,0,0,0,9
1,1,480312,32,32,32,32,32,32,32,32,32,32
1,1,480313,0,0,0,15,0,0,0,0,0,0
2,1,480313,0,0,0,0,0,0,0,0,0,0
3,1,480313,0,0,0,0,0,0,0,0,0,0
4,1,480313,0,0,0,0,0,0,0,0,0,0
1,1,480314,14,0,0,0,0,0,0,0,0,0
2,1,480314,0,0,0,0,0,0,0,0,0,0
1,1,480315,0,0,0,0,0,0,0,0,0,0
2,1,480315,0,4,0,0,12,0,0,0,0,0
1,1,480316,0,0,0,11,0,0,0,0,0,0
2,1,480316,0,0,0,0,0,0,0,0,0,0
1,1,480317,18,18,18,18,18,18,18,18,18,18
2,1,480317,0,0,0,0,0,0,0,0,0,0
1,1,480318,0,0,0,0,0,0,0,0,0,0
1,1,480319,0,0,0,0,0,0,0,0,0,0
2,1,480319,17,17,17,17,17,17,17,17,17,17
1,1,480320,0,12,16,27,0,0,29,8,26,0
2,1,480320,0,0,0,0,0,0,0,0,0,0
1,1,480321,11,0,16,17,11,9,0,22,11,20
2,1,480321,0,0,0,0,0,7,0,0,0,0
1,1,480322,0,0,0,0,0,0,0,0,0,0
1,1,480323,0,0,0,0,0,0,0,0,0,0
2,1,480323,0,0,0,0,0,0,0,0,0,0
1,1,480324,8,8,8,8,8,8,8,8,8,8
2,1,480324,0,0,0,0,0,0,0,0,0,0
1,1,480325,30,30,30,30,30,30,30,30,30,30
0,1,480326,34,34,34,34,34,34,34,34,34,34
1,1,480326,0,0,0,0,0,0,0,0,0,0
1,1,480327,0,0,0,0,0,0,0,0,0,0
2,1,480327,0,0,0,0,0,0,0,0,0,0
0,1,480328,0,0,0,0,0,0,0,0,0,0
1,1,480328,0,13,27,5,0,0,0,0,0,0
0,1,480329,0,0,0,0,0,0,0,0,0,0
1,1,480329,0,0,6,0,0,0,11,0,0,14
1,1,480330,0,18,21,26,0,20,0,10,6,0
0,1,480331,18,18,18,18,18,18,18,18,18,18
1,1,480331,13,7,0,0,20,0,0,0,0,0
1,1,480332,0,19,19,0,0,0,6,0,19,15
2,1,480332,0,0,23,0,0,0,0,12,0,0
3,1,480332,0,0,0,0,0,0,0,0,0,0
1,1,480333,0,0,0,0,0,0,0,0,0,0
2,1,480333,0,0,0,0,0,0,0,0,0,0
1,1,480334,15,0,0,0,0,0,0,0,0,0
2,1,480334,0,0,0,0,0,0,0,0,0,0
1,1,480335,0,0,0,0,0,11,0,0,0,12
2,1,480335,9,15,8,31,22,0,11,18,17,6
1,1,480336,0,0,0,0,0,0,0,0,0,0
2,1,480336,0,0,0,0,0,0,0,0,0,0
1,1,480337,0,0,0,0,0,0,0,0,0,0
2,1,480337,0,0,0,0,0,0,0,0,0,4
3,1,480337,0,0,0,0,0,0,0,0,0,0
1,1,480338,21,21,21,21,21,21,21,21,21,21
1,1,480339,0,0,0,0,0,0,0,0,0,0
1,1,480340,0,29,0,0,0,0,11,0,6,0
1,1,480341,16,16,16,16,16,16,16,16,16,16
1,1,480342,0,0,0,0,0,0,0,0,0,0
1,1,480343,13,13,13,13,13,13,13,13,13,13
1,1,480344,24,24,24,24,24,24,24,24,24,24
1,1,480345,21,21,21,21,21,21,21,21,21,21
1,1,480346,12,0,0,24,5,8,14,26,15,0
1,1,480347,0,0,0,0,0,33,33,0,0,10
1,1,480348,0,0,0,0,0,0,0,0,0,0
2,1,480348,0,0,0,0,0,0,0,0,0,0
1,1,480349,21,21,21,21,21,21,21,21,21,21
1,1,480350,17,17,17,17,17,17,17,17,17,17
1,1,480351,0,0,0,0,0,0,0,21,0,5
1,1,480352,21,21,21,21,21,21,21,21,21,21
1,1,480353,14,0,12,9,0,15,35,14,0,22
0,1,480354,0,0,0,0,0,0,0,23,0,0
0,2,480354,0,0,0,0,0,0,0,0,16,0
1,1,480354,0,0,0,0,0,0,0,0,0,0
1,1,480355,16,16,16,16,16,16,16,16,16,16
1,1,480356,0,22,0,22,0,0,19,17,11,13
1,1,480357,0,0,0,0,0,0,0,0,0,0
2,1,480357,0,0,0,0,0,0,0,0,0,0
1,1,480358,0,0,0,0,0,0,0,0,0,0
2,1,480358,0,0,0,0,0,0,0,0,0,0
1,1,480359,0,0,0,0,0,0,0,0,0,0
2,1,480359,0,0,0,0,0,0,0,0,0,0
3,1,480359,0,0,0,0,0,0,0,0,0,0
0,1,480360,0,0,0,0,0,0,0,0,0,0
1,1,480360,0,0,0,0,0,0,0,0,0,0
1,1,480361,0,0,0,0,0,0,0,0,0,0
2,1,480361,0,0,0,0,0,0,0,0,0,0
1,1,480362,0,0,0,0,0,0,0,0,0,0
2,1,480362,0,0,9,0,7,3,0,0,0,0
1,1,480363,0,0,0,0,0,0,0,0,0,0
2,1,480363,0,0,0,0,0,0,0,7,0,0
1,1,480364,11,11,11,11,11,11,11,11,11,11
2,1,480364,0,0,0,0,0,0,0,0,0,0
1,1,480365,5,5,5,5,5,5,5,5,5,5
1,1,480366,0,0,0,0,0,0,0,14,21,0
2,1,480366,0,11,0,0,0,0,0,0,0,0
3,1,480366,0,0,0,0,0,0,0,0,0,0
1,1,480367,20,20,20,20,20,20,20,20,20,20
1,1,480368,0,0,0,0,0,0,0,0,0,0
2,1,480368,0,13,0,0,0,0,0,0,0,0
3,1,480368,0,0,0,0,0,0,0,0,0,0
1,1,480369,15,0,0,0,0,0,0,0,0,0
2,1,480369,0,0,0,0,0,0,0,0,0,0
1,1,480370,19,19,19,19,19,19,19,19,19,19
1,1,480371,21,21,21,21,21,21,21,21,21,21
1,1,480372,17,17,17,17,17,17,17,17,17,17
1,1,480373,17,17,17,17,17,17,17,17,17,17
1,1,480374,0,0,0,0,0,0,0,0,0,0
1,1,480375,0,0,0,0,0,0,0,0,0,18
2,1,480375,22,19,19,33,21,18,14,9,22,19
1,1,480376,0,0,0,25,0,0,0,27,0,0
2,1,480376,0,0,0,0,0,0,0,0,0,19
3,1,480376,0,0,0,0,0,0,0,4,0,0
0,1,480377,0,0,0,0,0,0,0,0,0,0
1,1,480377,0,0,0,0,28,0,11,0,2,0
1,1,480378,24,24,24,24,24,24,24,24,24,24
2,1,480378,15,15,15,15,15,15,15,15,15,15
1,1,480379,12,12,12,12,12,12,12,12,12,12
2,1,480379,0,0,0,0,0,0,0,0,0,4
1,1,480380,18,23,0,0,14,0,0,11,0,0
1,1,480381,17,17,17,17,17,17,17,17,17,17
1,1,480382,23,12,0,4,3,0,0,0,0,7
1,1,480383,21,21,21,21,21,21,21,21,21,21
2,1,480383,0,0,0,0,0,0,0,0,0,0
1,1,480384,16,19,6,11,19,31,12,25,23,15
1,1,480385,0,0,0,27,0,0,0,7,0,0
1,1,480386,23,23,23,23,23,23,23,23,23,23
1,1,480387,25,25,25,25,25,25,25,25,25,25
0,1,480388,0,0,0,0,0,0,0,0,0,0
1,1,480388,0,0,0,0,0,3,0,0,0,0
1,1,480389,28,0,0,28,0,0,20,14,30,0
1,1,480390,0,0,0,0,0,0,0,0,0,0
2,1,480390,0,0,0,0,0,0,0,0,0,0
1,1,480391,14,14,14,14,14,14,14,14,14,14
2,1,480391,6,0,0,0,0,4,0,0,0,9
1,1,480392,0,0,0,0,0,0,0,0,0,0
1,1,480393,0,8,19,0,0,15,0,18,0,0
2,1,480393,30,30,30,30,30,30,30,30,30,30
1,1,480394,23,17,18,10,9,10,21,8,17,30
2,1,480394,0,0,0,16,0,0,6,0,0,0
0,1,480395,0,0,0,0,0,0,0,0,0,0
1,1,480395,0,22,0,0,0,0,0,9,0,0
1,1,480396,0,0,0,0,0,0,0,0,0,0
0,1,480397,0,17,0,36,25,29,24,12,0,0
1,1,480397,10,0,0,0,9,0,0,0,20,0
1,1,480398,0,0,0,0,0,0,0,0,0,0
1,1,480399,24,24,24,24,24,24,24,24,24,24
1,1,480400,0,0,0,0,0,0,0,0,0,0
2,1,480400,0,9,13,0,0,0,18,0,0,0
0,1,480401,0,0,0,0,0,0,0,0,0,0
1,1,480401,0,0,0,0,0,0,0,0,0,0
1,1,480402,0,0,0,0,0,0,0,0,0,0
2,1,480402,0,0,0,0,0,0,0,0,0,0
1,1,480403,0,0,0,0,0,0,0,0,0,0
2,1,480403,0,8,0,0,0,9,0,0,0,11
1,1,480404,14,14,14,14,14,14,14,14,14,14
1,1,480405,5,12,24,17,11,7,4,9,18,8
1,1,480406,21,21,21,21,21,21,21,21,21,21
1,1,480407,0,0,0,0,0,0,0,0,0,15
1,1,480408,0,15,0,0,0,0,0,22,0,0
1,1,480409,0,0,0,0,10,0,0,0,0,0
2,1,480409,0,14,0,0,0,0,0,0,0,0
1,1,480410,43,43,43,43,43,43,43,43,43,43
2,1,480410,0,0,0,0,0,18,0,0,0,0
3,1,480410,0,0,0,0,0,0,0,0,11,0
1,1,480411,21,21,21,21,21,21,21,21,21,21
1,1,480412,0,0,0,0,0,0,0,0,0,0
1,1,480413,13,13,13,13,13,13,13,13,13,13
1,1,480414,0,0,0,0,0,0,0,0,0,0
2,1,480414,16,16,16,16,16,16,16,16,16,16
1,1,480415,9,9,9,9,9,9,9,9,9,9
1,1,480416,0,0,0,0,0,0,0,0,0,0
1,1,480417,0,0,0,0,0,0,0,0,0,0
1,1,480418,0,0,0,7,0,0,0,17,0,0
2,1,480418,0,0,0,0,0,0,0,0,0,0
1,1,480419,7,7,7,7,7,7,7,7,7,7
1,1,480420,0,0,0,0,0,0,0,0,0,0
2,1,480420,0,0,0,0,0,0,0,0,0,0
1,1,480422,16,16,16,16,16,16,16,16,16,16
1,1,480423,0,0,0,0,0,0,0,0,0,0
2,1,480423,0,0,0,0,0,0,0,0,0,0
1,1,480424,0,0,17,18,14,11,13,16,20,16
1,1,480425,1,1,1,1,1,1,1,1,1,1
1,1,480426,0,0,0,0,0,0,0,0,0,0
1,1,480427,0,0,0,0,0,0,0,0,0,0
1,1,480428,18,18,18,18,18,18,18,18,18,18
2,1,480428,0,0,0,0,0,0,0,0,0,0
1,1,480430,11,11,11,11,11,11,11,11,11,11
2,1,480430,0,0,0,0,0,0,0,0,0,0
1,1,480431,0,0,0,0,0,0,0,6,0,0
1,1,480432,0,0,0,0,0,0,0,0,0,8
2,1,480432,0,3,0,0,0,0,0,0,0,0
3,1,480432,0,0,0,0,0,0,0,0,0,0
1,1,480433,0,22,14,6,20,21,29,23,5,10
0,1,480434,0,0,0,0,0,0,0,0,0,0
1,1,480434,0,0,0,0,0,0,0,0,0,0
1,1,480435,17,17,17,17,17,17,17,17,17,17
2,1,480435,0,0,0,0,0,0,0,0,0,0
1,1,480436,27,27,27,27,27,27,27,27,27,27
2,1,480436,0,0,0,0,4,0,0,0,0,0
1,1,480437,0,17,9,14,23,0,26,5,0,0
1,1,480438,2,2,2,2,2,2,2,2,2,2
1,1,480439,0,0,0,0,0,0,0,0,0,0
2,1,480439,0,0,0,0,0,0,0,0,0,0
1,1,480440,0,0,0,0,0,0,0,0,0,0
1,1,480441,0,0,11,0,0,0,0,0,0,0
2,1,480441,8,0,0,0,0,0,0,0,0,10
1,1,480442,0,0,0,0,8,0,0,12,0,0
2,1,480442,0,0,0,0,0,0,0,0,0,0
1,1,480443,8,8,8,8,8,8,8,8,8,8
2,1,480443,7,7,7,7,7,7,7,7,7,7
3,1,480443,0,21,0,0,0,0,0,0,0,0
1,1,480444,0,9,0,0,0,0,0,0,0,0
2,1,480444,0,2,0,0,0,0,0,0,0,0
0,1,480445,0,0,0,0,12,0,0,0,0,0
1,1,480445,0,0,0,11,0,0,0,0,0,0
1,1,480446,0,0,0,0,0,0,0,0,0,0
1,1,480447,0,0,0,0,0,0,0,0,0,0
2,1,480447,0,0,0,0,0,0,0,0,0,0
1,1,480448,0,0,0,0,0,0,0,0,0,0
2,1,480448,0,0,0,14,0,0,0,10,0,0
3,1,480448,0,0,0,0,0,0,0,0,0,0
4,1,480448,0,26,11,0,0,0,0,0,5,0
1,1,480449,0,0,14,16,0,21,0,0,0,0