VEH_NO,PER_NO,ST_CASE,P1,P2,P3,P4,P5,P6,P7,P8,P9,P10
0,1,480450,0,0,0,0,0,0,0,0,0,0
1,1,480450,0,22,7,0,0,0,0,0,0,0
1,1,480451,13,4,0,0,0,0,0,0,0,0
2,1,480451,8,8,8,8,8,8,8,8,8,8
1,1,480452,0,0,0,0,0,0,0,0,0,0
1,1,480453,0,0,18,16,21,0,15,25,10,0
2,1,480453,0,0,0,0,0,0,0,0,12,0
1,1,480454,0,0,0,0,0,0,0,0,0,0
0,1,480455,9,0,0,0,0,0,0,0,0,0
1,1,480455,0,0,0,0,0,0,0,0,0,0
1,1,480456,8,17,0,22,32,0,23,39,12,0
1,1,480457,1,1,1,1,1,1,1,1,1,1
1,1,480458,37,37,37,37,37,37,37,37,37,37
1,1,480459,0,31,25,20,15,8,23,0,31,12
1,1,480460,0,0,0,0,0,0,0,0,10,0
2,1,480460,0,0,0,0,0,0,0,0,0,0
1,1,480461,17,17,17,17,17,17,17,17,17,17
1,1,480462,15,15,15,15,15,15,15,15,15,15
2,1,480462,0,0,0,0,0,0,0,0,0,0
3,1,480462,0,0,0,0,0,0,0,0,0,0
1,1,480463,29,29,29,29,29,29,29,29,29,29
1,1,480464,0,0,0,0,0,0,0,0,0,0
1,1,480465,0,0,0,0,0,0,0,0,0,0
2,1,480465,0,0,4,0,0,8,13,0,0,0
3,1,480465,7,7,7,7,7,7,7,7,7,7
1,1,480466,20,20,20,20,20,20,20,20,20,20
2,1,480466,0,0,0,7,0,0,0,0,0,0
1,1,480467,26,26,26,26,26,26,26,26,26,26
2,1,480467,5,5,5,5,5,5,5,5,5,5
3,1,480467,0,6,0,0,0,0,0,0,0,0
1,1,480468,0,7,0,0,26,0,0,29,0,0
1,1,480469,0,0,0,0,0,0,0,0,0,0
2,1,480469,0,0,0,0,0,0,0,0,0,0
1,1,480470,0,0,0,15,0,13,0,0,0,0
0,1,480471,7,0,0,0,0,0,0,0,0,0
1,1,480471,0,0,0,0,0,0,0,0,0,0
0,1,480472,4,0,19,0,19,0,0,0,0,0
1,1,480472,0,0,0,0,0,0,18,10,0,0
1,1,480473,0,0,0,0,0,0,0,0,0,0
0,1,480474,0,0,0,5,0,0,0,14,0,0
0,2,480474,0,0,0,0,0,0,0,0,0,0
1,1,480474,0,0,0,0,0,0,0,0,0,0
1,1,480475,24,24,24,24,24,24,24,24,24,24
1,1,480476,2,0,0,6,0,0,0,0,6,0
1,1,480477,0,0,0,14,0,0,0,0,0,17
1,1,480478,27,27,27,27,27,27,27,27,27,27
1,1,480479,0,0,0,0,0,0,0,0,0,6
2,1,480479,0,0,0,0,0,0,0,0,0,0
1,1,480481,0,0,0,7,3,0,15,0,15,23
1,1,480483,6,0,0,0,0,0,0,0,26,0
2,1,480483,0,0,0,0,0,0,0,0,0,0
3,1,480483,0,0,0,0,0,0,0,0,0,0
0,1,480484,0,0,0,0,0,0,0,0,0,0
1,1,480484,0,0,19,20,0,0,0,0,0,0
2,1,480484,18,24,0,0,10,0,0,0,19,0
1,1,480485,0,0,0,0,0,0,0,0,0,14
1,1,480486,14,14,14,14,14,14,14,14,14,14
1,1,480487,0,0,0,0,0,0,0,0,0,0
2,1,480487,0,0,0,0,0,0,0,0,0,0
1,1,480488,16,16,16,16,16,16,16,16,16,16
2,1,480488,0,0,0,0,0,0,0,0,0,0
3,1,480488,0,0,0,9,0,0,0,0,9,0
4,1,480488,4,11,0,0,13,0,0,0,0,0
5,1,480488,0,0,0,0,0,0,0,0,0,0
1,1,480489,0,0,0,0,0,0,0,0,0,0
2,1,480489,0,0,0,0,0,0,0,0,0,0
0,1,480490,38,38,38,38,38,38,38,38,38,38
1,1,480490,0,0,17,0,0,0,0,0,0,10
1,1,480491,0,0,10,0,0,12,22,0,0,30
0,1,480492,8,8,8,8,8,8,8,8,8,8
1,1,480492,0,14,0,0,0,0,0,0,0,0
2,1,480492,19,0,0,0,0,0,0,0,0,0
3,1,480492,0,12,11,15,0,4,20,12,0,16
4,1,480492,0,0,0,0,0,0,0,0,0,0
1,1,480493,17,17,17,17,17,17,17,17,17,17
2,1,480493,14,0,0,0,0,0,0,0,0,0
1,1,480494,0,0,0,0,0,0,0,0,0,0
1,1,480495,0,0,15,0,0,12,0,20,0,13
1,1,480496,0,0,0,0,0,0,0,0,0,0
1,1,480497,0,0,0,0,48,0,0,0,0,0
1,1,480498,21,21,21,21,21,21,21,21,21,21
0,1,480499,19,0,0,26,17,0,42,9,13,20
1,1,480499,0,0,0,0,0,0,0,0,0,0
1,1,480500,27,20,34,0,0,0,9,20,0,0
0,1,480501,5,5,5,5,5,5,5,5,5,5
1,1,480501,0,0,0,11,0,0,0,0,0,0
0,1,480502,0,0,0,0,7,0,0,0,0,0
1,1,480502,0,0,0,0,0,0,0,0,0,0
1,1,480503,0,0,0,0,0,0,0,0,0,0
1,1,480504,6,0,24,16,11,16,0,0,0,22
2,1,480504,0,0,0,0,0,0,0,0,0,0
3,1,480504,0,0,0,0,0,0,0,14,0,23
0,1,480505,25,25,25,25,25,25,25,25,25,25
1,1,480505,0,0,3,0,0,0,0,16,0,0
1,1,480506,0,0,0,0,0,0,0,0,0,0
1,1,480507,10,10,10,10,10,10,10,10,10,10
1,1,480508,0,0,0,0,7,0,0,0,0,12
2,1,480508,0,0,0,0,0,0,0,0,0,0
1,1,480509,21,12,0,0,8,0,17,10,0,9
2,1,480509,0,0,0,0,0,0,0,0,0,0
1,1,480510,0,0,0,0,0,0,0,0,0,0
2,1,480510,8,8,8,8,8,8,8,8,8,8
3,1,480510,0,0,0,11,0,4,0,0,0,0
1,1,480511,0,8,0,0,0,0,14,0,0,0
1,1,480512,0,0,0,0,0,10,0,0,0,0
2,1,480512,14,0,0,0,16,0,0,0,0,13
1,1,480513,0,0,6,0,0,0,0,9,0,0
1,1,480514,0,0,0,0,0,0,0,0,0,0
2,1,480514,8,8,8,8,8,8,8,8,8,8
1,1,480515,0,0,0,0,13,0,0,0,0,0
0,1,480516,20,20,20,20,20,20,20,20,20,20
1,1,480516,0,0,0,0,0,0,0,0,0,0
1,1,480518,0,0,0,0,0,0,0,12,11,0
1,1,480519,21,21,21,21,21,21,21,21,21,21
1,1,480520,0,0,0,0,0,0,0,0,0,0
0,1,480521,25,0,8,17,0,0,0,0,0,6
1,1,480521,0,0,0,0,0,0,0,0,0,0
1,1,480522,26,26,26,26,26,26,26,26,26,26
1,1,480523,48,48,48,48,48,48,48,48,48,48
1,1,480524,36,36,36,36,36,36,36,36,36,36
2,1,480524,0,0,0,0,0,0,0,0,0,0
1,1,480525,0,0,0,0,0,0,0,0,0,0
2,1,480525,0,0,0,6,0,0,24,0,11,0
1,1,480526,0,0,0,0,0,0,0,0,0,0
2,1,480527,0,0,0,0,0,0,0,0,0,0
1,1,480528,14,8,22,15,0,8,18,15,14,0
2,1,480528,13,13,13,13,13,13,13,13,13,13
1,1,480529,2,15,13,8,10,13,6,20,12,23
1,1,480530,0,0,11,40,0,0,11,11,0,11
1,1,480531,21,21,21,21,21,21,21,21,21,21
0,1,480532,0,0,0,0,0,0,0,0,0,0
1,1,480532,3,3,3,3,3,3,3,3,3,3
1,1,480533,19,17,0,0,3,0,0,18,8,29
1,1,480534,0,0,0,0,0,0,0,0,0,0
1,1,480535,20,20,20,20,20,20,20,20,20,20
0,1,480536,0,0,0,0,0,0,0,0,0,0
1,1,480536,0,3,0,0,0,10,0,8,27,12
1,1,480537,12,12,12,12,12,12,12,12,12,12
1,1,480538,0,0,0,0,0,0,0,0,0,0
1,1,480539,0,0,0,0,0,0,0,0,0,0
2,1,480539,0,0,0,0,0,0,0,0,0,0
1,1,480540,0,0,0,0,0,0,0,0,0,0
2,1,480540,0,0,0,0,0,0,0,0,0,0
1,1,480541,0,0,0,0,7,17,0,6,21,0
1,1,480542,20,20,20,20,20,20,20,20,20,20
2,1,480542,0,17,0,12,0,0,0,0,6,0
1,1,480543,13,0,11,16,0,0,6,0,0,0
2,1,480543,27,27,27,27,27,27,27,27,27,27
1,1,480544,0,0,0,0,0,0,0,7,0,0
2,1,480544,12,12,12,12,12,12,12,12,12,12
1,1,480545,0,0,0,0,0,0,0,0,0,0
2,1,480545,0,0,0,0,0,0,0,0,0,0
1,1,480546,0,0,0,0,0,0,0,0,0,0
2,1,480546,0,0,0,0,0,0,7,0,0,0
1,1,480547,0,0,4,0,0,0,5,0,0,0
1,1,480548,0,0,0,0,0,0,0,0,18,0
2,1,480548,0,0,6,0,0,0,0,10,0,0
1,1,480549,0,0,0,0,0,0,0,0,0,0
2,1,480549,21,21,21,21,21,21,21,21,21,21
1,1,480550,0,0,0,0,0,0,0,0,0,0
1,1,480551,0,0,0,0,0,0,0,0,0,0
2,1,480551,0,0,0,0,0,0,0,0,0,0
1,1,480552,0,24,0,0,0,8,0,0,13,7
2,1,480552,0,0,0,0,18,0,0,0,0,0
3,1,480552,0,0,0,0,0,0,0,0,0,0
1,1,480553,0,0,0,0,0,0,0,0,0,0
2,1,480553,0,0,0,0,0,0,0,0,0,0
1,1,480554,0,0,0,0,0,0,0,9,0,0
2,1,480554,0,0,0,0,0,0,0,0,0,0
1,1,480555,0,0,0,0,0,0,0,0,0,0
2,1,480555,0,0,0,0,0,0,0,0,4,0
0,1,480556,0,0,0,0,0,0,0,0,0,0
1,1,480556,0,0,0,0,0,0,0,7,0,0
1,1,480557,0,0,0,0,0,0,0,0,0,0
2,1,480557,0,0,0,7,0,0,0,0,0,0
1,1,480558,24,24,24,24,24,24,24,24,24,24
1,1,480559,0,0,0,0,0,0,0,0,0,0
2,1,480559,0,0,0,0,0,0,0,0,0,0
1,1,480560,29,29,29,29,29,29,29,29,29,29
1,1,480561,16,16,16,16,16,16,16,16,16,16
1,1,480562,0,0,3,0,0,7,6,14,0,0
2,1,480562,0,0,0,0,0,0,0,0,0,0
1,1,480563,0,0,0,0,0,0,0,0,0,0
2,1,480563,0,0,0,0,0,0,0,0,0,0
1,1,480564,25,25,25,25,25,25,25,25,25,25
1,1,480565,8,8,8,8,8,8,8,8,8,8
1,1,480566,0,0,0,0,0,0,0,0,0,0
1,1,480567,0,0,0,0,0,0,0,0,0,0
2,1,480567,0,0,0,0,0,0,0,0,0,16
1,1,480568,0,0,0,0,0,0,0,0,0,0
1,1,480569,16,25,16,22,14,6,25,14,12,15
0,1,480570,0,0,0,0,0,0,3,0,0,0
1,1,480570,0,0,0,0,0,0,0,0,0,0
1,1,480571,0,0,0,0,0,0,0,0,0,0
2,1,480571,0,0,0,0,0,0,0,0,0,0
3,1,480571,0,0,0,0,0,0,0,0,0,0
1,1,480572,23,23,23,23,23,23,23,23,23,23
1,1,480573,0,0,0,0,0,0,0,0,0,0
2,1,480573,0,0,0,0,0,0,0,0,0,0
1,1,480574,19,19,19,19,19,19,19,19,19,19
0,1,480575,0,0,0,0,0,0,0,0,0,0
1,1,480575,0,0,14,29,0,11,11,0,18,0
1,1,480576,0,9,0,0,0,0,0,0,0,0
2,1,480576,10,10,10,10,10,10,10,10,10,10
1,1,480577,0,0,0,0,28,0,0,0,0,0
2,1,480577,8,21,38,0,0,26,28,21,0,0
1,1,480578,0,9,0,0,0,0,0,0,0,0
2,1,480578,0,0,0,0,0,0,0,0,0,0
1,1,480579,19,5,0,0,23,24,0,0,0,14
2,1,480579,0,9,0,9,0,0,11,8,0,8
1,1,480580,0,0,0,7,0,9,0,0,0,0
2,1,480580,0,0,0,0,0,0,0,0,0,0
1,1,480581,0,0,0,0,0,16,0,10,0,0
0,1,480582,0,0,0,0,0,0,0,0,0,0
1,1,480582,0,0,0,0,0,0,0,0,0,0
1,1,480583,0,0,0,0,0,0,0,0,0,0
1,1,480584,30,30,30,30,30,30,30,30,30,30
1,1,480585,23,23,23,23,23,23,23,23,23,23
1,1,480586,0,0,21,0,0,0,0,5,0,16
0,1,480587,4,0,0,13,0,8,0,5,2,10
0,2,480587,0,0,5,0,0,0,0,0,0,0
1,1,480587,0,0,0,0,0,0,0,0,17,0
1,1,480588,0,0,0,0,0,0,0,0,0,0
1,1,480589,22,22,22,22,22,22,22,22,22,22
1,1,480590,0,0,0,0,0,0,0,0,0,0
2,1,480590,0,0,0,0,0,0,22,0,19,0
3,1,480590,0,0,10,0,0,0,0,0,7,0
1,1,480591,0,14,0,32,0,0,0,8,0,0
1,1,480592,10,10,10,10,10,10,10,10,10,10
2,1,480592,0,0,0,0,0,0,0,22,0,0
1,1,480593,0,0,0,0,0,0,0,0,0,0
2,1,480593,0,0,0,0,0,19,0,0,17,0
1,1,480594,0,0,0,0,0,0,0,0,0,0
2,1,480594,0,0,0,27,0,0,7,0,0,0
1,1,480595,5,5,5,5,5,5,5,5,5,5
2,1,480595,4,0,0,0,0,0,0,0,4,0
1,1,480596,0,0,0,0,0,0,0,0,0,0
2,1,480596,0,0,0,0,0,0,0,0,0,0
3,1,480596,0,0,0,0,0,0,0,0,0,0
1,1,480597,0,0,0,0,0,0,0,17,0,21
1,1,480599,0,0,0,0,16,6,9,0,0,0
2,1,480599,0,0,0,0,0,0,0,0,0,0
0,1,480600,0,0,0,0,0,0,0,0,0,0
1,1,480600,0,0,0,0,0,0,0,0,0,0
1,1,480601,13,13,13,13,13,13,13,13,13,13
1,1,480602,22,22,22,22,22,22,22,22,22,22
1,1,480603,0,0,0,0,0,0,0,0,0,0
1,1,480604,24,24,24,24,24,24,24,24,24,24
1,1,480605,26,26,26,26,26,26,26,26,26,26
2,1,480605,0,0,0,0,0,0,0,0,0,0
1,1,480606,0,0,0,0,0,0,0,0,0,0
1,1,480607,0,0,0,0,0,0,0,0,0,0
1,1,480608,21,12,26,0,13,3,28,23,0,13
1,1,480609,8,8,8,8,8,8,8,8,8,8
1,1,480610,16,16,16,16,16,16,16,16,16,16
1,1,480611,0,0,0,5,0,0,0,0,28,0
1,1,480612,0,0,0,0,0,0,0,0,0,0
2,1,480612,9,9,9,9,9,9,9,9,9,9
1,1,480613,0,0,0,0,0,0,12,0,0,0
2,1,480613,0,0,0,0,0,0,0,0,0,0
1,1,480614,0,14,0,0,0,0,0,10,0,0
1,1,480615,0,0,0,0,0,0,0,0,0,0
2,1,480615,0,0,0,0,0,0,0,0,0,0
1,1,480616,11,11,11,11,11,11,11,11,11,11
2,1,480616,0,0,0,0,0,0,0,0,0,0
1,1,480617,0,0,0,0,27,0,0,0,0,0
2,1,480617,5,5,5,5,5,5,5,5,5,5
1,1,480618,10,0,0,0,0,4,0,0,0,16
1,1,480619,35,31,18,18,6,19,30,15,22,10
1,1,480620,0,0,0,8,0,0,0,5,0,0
1,1,480621,16,16,16,16,16,16,16,16,16,16
2,1,480621,0,0,0,0,0,0,0,0,0,0
1,1,480622,21,21,21,21,21,21,21,21,21,21
1,1,480623,0,0,0,0,0,0,0,0,0,0
2,1,480623,0,0,15,0,0,0,0,0,0,0
1,1,480624,0,0,14,0,0,0,0,0,0,0
2,1,480624,0,0,0,0,0,0,0,15,0,0
1,1,480625,19,0,8,5,13,26,0,0,27,24
1,1,480626,7,7,7,7,7,7,7,7,7,7
2,1,480626,17,17,17,17,17,17,17,17,17,17
1,1,480627,24,25,8,20,16,0,32,18,32,11
1,1,480628,10,10,10,10,10,10,10,10,10,10
2,1,480628,0,0,27,0,7,0,0,0,0,0
1,1,480629,0,0,0,0,0,0,0,0,0,3
2,1,480629,0,0,0,0,0,0,0,0,0,0
3,1,480629,0,0,0,0,0,0,0,0,0,0
1,1,480630,0,0,0,0,0,0,0,0,0,0
2,1,480630,0,0,0,0,0,0,0,0,0,0
1,1,480631,0,0,0,0,0,17,0,0,0,0
2,1,480631,0,0,0,0,0,0,0,0,0,0
1,1,480632,0,0,0,0,0,0,0,0,0,0
2,1,480632,0,0,0,0,0,0,0,0,0,0
1,1,480633,0,0,0,10,0,0,0,0,12,0
1,1,480634,0,0,0,0,0,0,0,0,0,0
1,1,480635,0,0,0,0,0,0,0,0,0,0
1,1,480636,0,0,0,0,0,0,0,0,3,0
2,1,480636,0,4,12,0,0,0,9,0,0,0
1,1,480637,0,0,0,0,0,0,0,0,0,0
2,1,480637,15,0,0,0,0,0,0,0,0,0
0,1,480638,0,0,0,0,0,0,0,0,0,0
1,1,480638,0,0,0,0,0,0,0,0,0,0
1,1,480639,0,0,7,0,0,0,0,0,0,0
2,1,480639,0,0,0,0,0,0,0,0,0,0
1,1,480640,0,0,0,0,0,0,0,0,0,0
2,1,480640,0,0,0,0,0,0,0,0,0,0
0,1,480641,0,0,8,0,11,4,0,57,0,26
1,1,480641,0,19,0,0,0,0,24,0,0,0
1,1,480642,0,0,5,0,0,0,0,0,0,0
2,1,480642,0,0,0,0,0,0,0,0,0,0
1,1,480643,0,0,0,0,0,0,0,0,0,0
2,1,480643,0,0,0,0,23,0,0,0,0,0
1,1,480644,0,16,26,0,0,0,0,19,0,0
1,1,480646,0,0,0,0,0,0,0,0,0,26
0,1,480647,0,0,0,0,0,0,0,0,0,0
1,1,480647,0,0,0,0,0,0,0,0,0,0
1,1,480648,15,27,4,14,29,29,10,13,15,15
1,1,480649,3,3,3,3,3,3,3,3,3,3
1,1,480650,0,0,0,0,0,0,0,0,0,0
2,1,480650,0,0,0,0,0,0,0,0,0,0
1,1,480651,0,0,0,0,0,0,0,0,0,0
2,1,480651,0,9,0,0,3,0,0,0,0,6
3,1,480651,0,0,0,0,0,0,0,0,0,0
0,1,480652,0,0,0,0,0,0,0,0,0,0
1,1,480652,0,0,0,0,0,0,0,0,0,0
1,1,480653,16,0,37,13,8,0,0,0,0,10
1,1,480654,22,22,22,22,22,22,22,22,22,22
1,1,480655,0,0,0,0,0,0,0,0,0,0
2,1,480655,0,0,0,0,0,0,0,0,0,0
0,1,480656,22,20,37,32,26,25,35,18,33,4
1,1,480656,6,6,6,6,6,6,6,6,6,6
1,1,480657,19,20,20,17,19,22,13,22,24,18
1,1,480658,0,0,0,0,0,0,0,0,0,0
1,1,480659,25,25,25,25,25,25,25,25,25,25
1,1,480660,14,14,14,14,14,14,14,14,14,14
1,1,480661,0,0,0,8,16,0,0,0,0,8
1,1,480662,0,0,0,0,0,0,0,0,0,0
2,1,480662,0,0,0,13,0,6,0,0,0,0
1,1,480663,8,8,8,8,8,8,8,8,8,8
1,1,480664,16,16,16,16,16,16,16,16,16,16
1,1,480665,0,0,0,0,0,0,0,15,0,0
2,1,480665,0,0,0,0,0,0,0,0,0,8
1,1,480666,16,16,16,16,16,16,16,16,16,16
1,1,480667,0,0,0,0,0,0,0,0,0,0
1,1,480668,19,13,16,32,0,0,0,0,13,20
1,1,480669,0,0,0,0,0,0,0,0,0,0
2,1,480669,0,0,0,0,0,0,0,0,0,0
1,1,480670,0,0,0,0,0,0,0,0,0,0
2,1,480670,0,0,0,0,0,0,0,0,0,0
1,1,480671,9,11,7,13,20,20,10,15,7,3
2,1,480671,0,0,0,0,0,0,0,11,0,0
1,1,480672,0,0,0,0,0,0,0,0,0,0
2,1,480672,0,0,0,0,0,0,0,0,0,0
0,1,480673,0,0,16,0,0,0,25,2,10,25
1,1,480673,7,0,0,0,10,0,0,0,0,26
1,1,480674,0,0,0,0,0,0,0,0,0,0
1,1,480675,6,10,9,17,0,2,20,17,10,4
1,1,480676,21,20,18,21,16,18,13,21,13,23
1,1,480677,28,17,23,18,5,34,13,20,32,12
1,1,480678,18,16,16,19,9,23,12,7,13,5
2,1,480678,0,0,0,0,0,0,0,0,0,0
1,1,480679,23,23,23,23,23,23,23,23,23,23
1,1,480680,29,31,28,20,27,23,6,15,16,17
1,1,480681,0,0,0,24,0,7,0,2,22,0
1,1,480682,0,0,0,0,0,8,0,12,0,0
2,1,480682,0,0,0,0,0,0,0,0,0,0
1,1,480683,24,24,24,24,24,24,24,24,24,24
1,1,480684,0,16,0,0,20,39,0,0,0,0
1,1,480685,0,23,0,0,0,0,0,0,0,0
1,1,480686,25,25,25,25,25,25,25,25,25,25
1,1,480687,0,0,0,0,0,9,0,5,0,0
2,1,480687,0,0,0,0,0,0,0,0,0,0
0,1,480688,0,0,0,0,0,0,0,0,0,0
1,1,480688,0,0,0,0,0,0,0,0,0,0
1,1,480689,0,0,0,0,0,0,0,0,0,0
2,1,480689,0,0,4,0,0,0,0,0,0,0
1,1,480690,0,0,0,0,7,10,0,0,0,5
2,1,480690,0,16,0,0,0,0,17,0,18,18
1,1,480691,30,30,30,30,30,30,30,30,30,30
1,1,480692,15,17,38,29,4,25,0,15,0,22
1,1,480693,21,21,21,21,21,21,21,21,21,21
1,1,480694,0,0,0,0,0,0,0,0,0,0
0,1,480695,0,0,0,0,0,0,0,0,0,0
1,1,480695,0,4,0,0,0,0,0,0,0,0
0,1,480696,33,33,33,33,33,33,33,33,33,33
1,1,480696,0,0,0,0,22,0,0,0,0,0
1,1,480697,18,18,18,18,18,18,18,18,18,18
2,1,480697,0,0,0,0,0,0,0,0,0,0
1,1,480698,12,12,20,0,0,9,19,0,0,10
1,1,480699,24,24,24,24,24,24,24,24,24,24
2,1,480699,0,14,0,0,0,0,0,0,0,0
3,1,480699,12,0,12,0,0,11,0,16,0,0
4,1,480699,0,0,0,0,0,0,20,8,0,0
1,1,480700,20,20,20,20,20,20,20,20,20,20
1,1,480701,24,24,24,24,24,24,24,24,24,24
2,1,480701,0,0,0,0,0,0,0,0,0,0
1,1,480702,12,0,0,0,0,0,0,0,0,0
0,1,480703,33,0,18,0,30,0,0,0,0,0
1,1,480703,0,0,0,0,0,0,0,0,0,0
1,1,480704,26,26,26,26,26,26,26,26,26,26
2,1,480704,0,0,0,0,0,0,0,0,0,0
0,1,480705,17,0,0,6,17,33,19,10,14,32
1,1,480705,0,10,0,0,16,0,17,8,0,0
2,1,480705,0,0,0,0,16,0,0,0,0,0
3,1,480705,18,13,0,0,0,0,19,0,0,18
4,1,480705,0,0,0,0,0,0,0,0,0,0
5,1,480705,0,0,0,0,0,0,0,0,0,0
6,1,480705,0,0,14,30,0,0,0,0,0,0
7,1,480705,0,0,0,0,10,32,0,0,0,0
1,1,480706,0,0,0,0,0,22,0,0,0,0
2,1,480706,5,0,0,9,16,0,13,0,0,0
3,1,480706,0,0,0,0,0,0,0,0,0,0
4,1,480706,0,0,0,0,0,0,16,0,0,0
5,1,480706,0,0,0,0,0,0,0,0,0,0
0,1,480707,24,0,0,0,15,0,0,0,11,0
1,1,480707,0,0,6,0,0,0,13,4,0,0
1,1,480708,23,25,13,17,0,0,9,0,16,8
1,1,480709,16,8,19,15,9,8,22,14,0,20
1,1,480710,9,13,0,0,0,0,30,0,9,0
1,1,480711,0,0,16,0,0,15,0,0,0,0
1,1,480712,0,0,0,0,0,0,0,0,0,0
2,1,480712,0,0,0,0,0,0,0,0,0,0
1,1,480713,13,13,13,13,13,13,13,13,13,13
1,1,480714,0,0,0,0,0,0,0,0,0,0
2,1,480714,0,0,0,0,0,0,0,0,0,0
1,1,480715,0,42,0,0,0,0,0,0,0,2
1,1,480716,0,0,0,0,0,0,0,0,0,0
2,1,480716,0,0,19,0,12,0,24,0,0,0
1,1,480717,0,0,0,0,0,17,0,2,0,0
2,1,480717,0,0,15,0,0,0,0,0,0,0
1,1,480718,0,0,0,0,0,0,0,0,0,0
2,1,480718,0,14,13,16,0,0,5,26,11,9
1,1,480719,22,22,22,22,22,22,22,22,22,22
2,1,480719,4,15,0,0,0,24,0,0,4,0
1,1,480720,14,14,14,14,14,14,14,14,14,14
0,1,480721,7,0,0,14,0,0,0,25,0,20
1,1,480721,19,16,0,15,0,0,0,0,11,0
0,1,480722,0,0,0,0,0,0,0,0,0,0
1,1,480722,0,0,0,0,0,0,0,0,0,0
1,1,480723,13,13,13,13,13,13,13,13,13,13
1,1,480724,0,0,0,0,0,0,0,0,0,0
2,1,480724,0,0,0,0,0,0,0,0,0,0
3,1,480724,0,0,0,0,0,0,0,0,0,0
4,1,480724,0,0,0,0,0,0,0,0,0,0
5,1,480724,0,0,0,0,0,0,0,0,0,0
6,1,480724,0,0,0,0,0,0,0,0,0,0
1,1,480725,0,0,0,0,0,0,0,0,0,0
2,1,480725,0,0,0,0,0,0,0,0,0,0
1,1,480726,19,19,19,19,19,19,19,19,19,19
2,1,480726,19,19,19,19,19,19,19,19,19,19
3,1,480726,0,0,0,0,0,0,0,0,13,0
1,1,480727,0,0,0,0,0,0,0,0,0,0
2,1,480727,0,0,0,0,0,0,0,0,0,0
1,1,480728,0,0,0,0,0,0,0,0,0,0
1,1,480729,0,0,0,0,0,0,0,0,0,0
2,1,480729,0,0,0,0,0,0,0,0,14,0
1,1,480730,14,19,29,21,15,30,4,0,0,8
1,1,480731,0,0,11,19,10,0,5,15,0,0
2,1,480731,0,0,0,0,0,21,0,0,0,0
1,1,480732,27,27,27,27,27,27,27,27,27,27
2,1,480732,0,16,0,0,0,11,16,11,0,0
3,1,480732,0,0,22,0,0,0,0,0,0,0
1,1,480733,0,0,0,0,0,0,0,0,0,0
2,1,480733,0,0,0,0,0,0,0,0,0,0
1,1,480734,0,0,22,0,0,0,0,0,0,0
2,1,480734,0,0,0,0,0,0,0,0,0,0
1,1,480735,0,0,0,0,0,0,0,0,0,0
2,1,480735,0,0,13,16,0,0,0,20,0,23
1,1,480736,15,15,15,15,15,15,15,15,15,15
1,1,480737,0,0,0,0,0,0,0,0,0,0
2,1,480737,0,0,0,0,0,0,0,0,0,0
1,1,480738,18,18,18,18,18,18,18,18,18,18
1,1,480739,0,0,0,0,0,0,0,20,0,0
2,1,480739,0,0,0,0,0,10,0,0,0,8
1,1,480740,0,17,0,0,0,0,0,0,22,0
2,1,480740,0,0,0,0,0,0,0,0,0,0
3,1,480740,0,0,0,11,0,0,0,0,0,0
1,1,480741,0,0,0,0,0,0,0,0,7,0
2,1,480741,0,0,0,0,0,0,0,0,0,0
3,1,480741,0,0,0,0,0,0,0,0,0,0
1,1,480742,19,19,19,19,19,19,19,19,19,19
2,1,480742,0,0,0,0,15,0,0,0,0,0
1,1,480743,0,0,0,0,0,0,0,0,0,0
2,1,480743,0,0,0,0,0,0,0,0,0,0
1,1,480744,0,0,0,0,0,0,0,0,0,0
2,1,480744,0,0,0,0,0,0,0,0,0,0
1,1,480745,18,18,18,18,18,18,18,18,18,18
1,1,480746,0,0,0,0,14,0,0,0,0,0
2,1,480746,0,0,0,0,0,0,0,8,0,0
1,1,480747,0,0,0,0,0,0,0,0,0,0
2,1,480747,0,0,0,0,0,0,0,7,0,0
0,1,480748,0,0,0,0,0,0,0,0,0,0
1,1,480748,0,0,0,0,0,0,16,0,0,0
1,1,480749,8,0,0,0,5,0,15,0,0,0
2,1,480749,10,10,10,10,10,10,10,10,10,10
1,1,480750,0,0,0,0,0,0,0,0,0,0
2,1,480750,0,0,0,0,0,0,0,0,0,0
3,1,480750,0,3,0,0,0,0,0,0,0,0
0,1,480751,16,13,0,0,0,17,0,7,11,17
0,2,480751,0,0,0,0,0,0,12,0,26,0
0,3,480751,6,19,0,24,0,4,0,0,0,26
2,1,480751,0,6,6,0,12,23,0,15,0,21
1,1,480752,14,14,14,14,14,14,14,14,14,14
2,1,480752,0,0,0,0,0,0,9,0,0,0
1,1,480753,0,0,0,0,0,0,12,0,0,0