VEH_NO,PER_NO,ST_CASE,P1,P2,P3,P4,P5,P6,P7,P8,P9,P10
2,1,480753,0,0,0,0,0,0,0,16,0,0
1,1,480754,0,0,0,0,0,0,0,0,0,0
2,1,480754,0,0,0,0,0,0,0,0,0,0
3,1,480754,0,0,0,0,0,0,0,0,0,0
1,1,480755,0,0,0,0,0,0,0,0,0,0
2,1,480755,0,0,0,0,0,0,0,0,0,0
1,1,480756,0,0,0,0,0,0,0,0,0,0
2,1,480756,0,0,0,0,0,0,0,0,0,0
0,1,480757,13,13,13,13,13,13,13,13,13,13
1,1,480757,20,20,20,20,20,20,20,20,20,20
2,1,480757,0,0,0,0,0,0,0,0,0,0
1,1,480758,0,0,0,0,0,0,0,0,0,0
2,1,480758,0,0,0,0,0,0,0,0,0,0
0,1,480759,13,13,13,13,13,13,13,13,13,13
1,1,480759,0,0,0,0,0,0,16,0,0,0
1,1,480760,16,16,16,16,16,16,16,16,16,16
1,1,480761,0,0,0,0,0,0,0,0,0,0
2,1,480761,2,2,2,2,2,2,2,2,2,2
1,1,480762,0,0,0,0,0,0,0,0,0,0
1,1,480763,0,0,0,0,0,0,0,0,0,0
2,1,480763,0,0,0,0,0,0,0,0,0,0
1,1,480764,19,19,19,19,19,19,19,19,19,19
1,1,480765,24,24,24,24,24,24,24,24,24,24
1,1,480766,0,0,0,0,0,0,0,0,0,0
2,1,480766,9,0,0,0,0,0,0,0,0,0
1,1,480767,15,22,17,7,18,30,28,10,25,24
1,1,480768,0,0,0,0,0,0,0,0,0,0
2,1,480768,0,0,0,0,0,0,0,0,0,0
1,1,480769,0,0,0,0,0,14,0,0,0,0
1,1,480770,24,24,24,24,24,24,24,24,24,24
1,1,480771,0,0,0,0,0,0,0,0,0,0
2,1,480771,0,0,0,0,0,0,0,0,0,0
3,1,480771,0,0,0,0,0,0,0,0,0,0
1,1,480772,0,0,20,0,0,4,0,0,0,0
2,1,480772,24,24,24,24,24,24,24,24,24,24
1,1,480773,0,0,0,0,0,0,0,0,0,0
2,1,480773,0,0,0,0,0,0,0,0,0,0
1,1,480774,0,0,0,0,0,0,0,0,9,0
2,1,480774,0,0,0,0,0,0,0,0,14,0
0,1,480775,21,21,21,21,21,21,21,21,21,21
1,1,480775,0,16,0,0,6,0,0,6,0,0
1,1,480776,0,0,0,0,0,0,0,0,0,0
1,1,480777,0,0,0,0,0,18,0,21,12,0
2,1,480777,0,0,0,0,0,0,0,0,0,20
1,1,480778,0,0,0,0,0,0,0,0,0,0
2,1,480778,0,0,0,0,0,0,0,0,0,0
1,1,480779,0,0,0,0,0,0,0,0,0,0
1,1,480780,0,3,8,0,0,0,0,0,0,0
2,1,480780,7,0,0,0,0,0,0,0,0,0
1,1,480781,16,16,16,16,16,16,16,16,16,16
2,1,480781,0,0,0,0,0,0,0,0,0,0
1,1,480782,12,0,0,0,0,0,0,0,0,0
2,1,480782,27,0,0,0,22,0,0,0,0,0
1,1,480783,5,5,5,5,5,5,5,5,5,5
1,1,480784,17,17,17,17,17,17,17,17,17,17
2,1,480784,0,0,0,8,0,0,0,0,0,9
1,1,480785,0,0,0,0,0,0,0,0,0,0
2,1,480785,0,0,0,0,0,0,0,0,0,0
1,1,480786,0,0,0,0,0,0,0,0,0,0
2,1,480786,0,0,16,0,0,0,0,0,0,0
1,1,480787,5,0,11,0,0,0,0,0,0,5
2,1,480787,0,24,22,17,0,15,0,20,0,0
1,1,480788,14,14,14,14,14,14,14,14,14,14
1,1,480789,0,0,0,0,0,0,0,0,0,0
2,1,480789,0,0,0,0,0,0,0,0,0,0
1,1,480790,0,0,0,0,0,0,0,0,0,0
2,1,480790,29,0,0,0,0,0,0,0,0,0
0,1,480791,3,3,3,3,3,3,3,3,3,3
1,1,480791,0,27,0,0,9,0,0,22,13,0
1,1,480792,8,0,0,8,15,27,6,14,4,0
1,1,480793,21,21,21,21,21,21,21,21,21,21
2,1,480793,0,0,0,0,0,0,0,0,0,0
0,1,480794,15,15,15,15,15,15,15,15,15,15
1,1,480794,0,0,0,0,0,0,0,0,0,0
0,1,480795,0,0,39,0,21,26,0,32,20,24
1,1,480795,0,23,14,10,9,13,17,0,0,0
0,1,480796,0,0,0,0,0,0,0,0,0,0
1,1,480796,0,0,0,0,0,0,0,0,0,0
1,1,480797,16,16,16,16,16,16,16,16,16,16
2,1,480797,0,0,0,0,0,0,0,0,0,0
1,1,480798,0,0,0,0,0,0,0,0,0,0
2,1,480798,0,0,0,0,0,0,0,9,3,0
1,1,480799,0,0,0,14,0,12,0,13,0,0
2,1,480799,0,0,0,0,0,0,0,0,0,0
0,1,480800,0,0,0,0,0,0,0,0,0,0
1,1,480800,14,0,0,0,0,0,0,0,0,0
1,1,480801,0,0,0,0,0,10,0,0,0,0
2,1,480801,24,24,24,24,24,24,24,24,24,24
0,1,480802,0,0,0,0,0,0,0,0,0,0
1,1,480802,0,0,0,0,0,0,0,16,0,26
2,1,480802,0,0,0,0,0,0,0,0,0,0
3,1,480802,0,0,0,0,0,0,0,0,0,0
0,1,480803,19,19,19,19,19,19,19,19,19,19
1,1,480803,0,0,0,0,0,0,0,0,0,0
1,1,480804,0,0,0,0,0,0,0,0,0,0
0,1,480805,0,0,0,0,0,0,0,0,0,0
1,1,480805,0,0,0,0,0,0,0,0,0,0
1,1,480806,0,0,0,0,0,0,0,0,0,0
2,1,480806,0,0,0,0,0,0,36,20,0,9
0,1,480807,15,15,15,15,15,15,15,15,15,15
1,1,480807,0,0,12,10,24,0,0,16,0,0
1,1,480808,0,0,0,0,0,0,0,15,0,0
2,1,480808,0,0,0,0,0,0,0,0,0,0
1,1,480809,0,0,0,0,0,0,0,0,0,0
1,1,480810,2,0,0,0,0,0,0,0,2,0
1,1,480811,24,24,24,24,24,24,24,24,24,24
2,1,480811,17,17,17,17,17,17,17,17,17,17
1,1,480812,0,0,0,0,0,0,0,0,0,0
2,1,480812,0,0,0,0,0,0,0,0,0,0
1,1,480813,0,0,0,0,0,0,0,0,0,0
2,1,480813,0,0,0,0,0,0,0,0,0,0
0,1,480814,0,0,0,0,0,0,33,0,0,18
1,1,480814,0,9,4,0,15,6,0,16,0,6
1,1,480815,0,0,0,0,0,0,0,0,0,0
2,1,480815,0,0,0,0,0,0,0,0,0,0
1,1,480816,24,23,11,13,0,15,14,17,31,0
1,1,480817,0,0,0,0,0,0,0,0,0,0
1,1,480818,0,0,0,0,0,0,0,0,0,0
1,1,480819,0,15,12,0,10,0,13,0,16,21
1,1,480820,0,0,0,0,0,0,0,0,0,0
2,1,480820,0,0,0,0,0,0,0,0,0,0
0,1,480821,22,0,31,0,0,0,0,0,21,16
1,1,480821,0,0,16,0,18,0,17,0,0,0
1,1,480822,24,24,24,24,24,24,24,24,24,24
1,1,480823,4,4,4,4,4,4,4,4,4,4
1,1,480824,0,0,0,0,0,0,0,0,0,0
2,1,480824,0,0,0,0,0,0,0,0,0,0
1,1,480825,10,16,0,4,0,0,11,0,0,0
0,1,480826,28,28,28,28,28,28,28,28,28,28
1,1,480826,12,17,0,18,16,0,0,0,0,0
1,1,480827,0,0,0,0,0,0,0,0,0,0
2,1,480827,23,20,14,32,7,20,20,22,5,15
1,1,480828,0,14,0,0,0,14,21,0,0,0
2,1,480828,19,19,19,19,19,19,19,19,19,19
1,1,480829,0,0,0,0,0,0,0,0,0,0
2,1,480829,0,0,11,0,0,0,0,0,0,12
1,1,480830,16,16,16,16,16,16,16,16,16,16
1,1,480831,8,8,8,8,8,8,8,8,8,8
1,1,480832,0,0,0,0,0,0,0,0,0,0
2,1,480832,0,0,0,0,0,0,0,0,0,0
1,1,480833,7,7,7,7,7,7,7,7,7,7
2,1,480833,0,0,0,8,0,0,0,0,0,0
1,1,480834,8,8,8,8,8,8,8,8,8,8
2,1,480834,0,0,0,0,0,0,0,0,0,0
1,1,480835,0,0,0,0,0,0,0,0,0,0
1,1,480836,9,18,3,7,20,12,10,0,9,7
2,1,480836,0,0,0,0,0,0,0,0,0,0
3,1,480836,0,0,0,0,0,0,0,0,0,0
1,1,480837,0,0,0,0,0,0,14,0,0,0
2,1,480837,20,0,0,27,0,0,4,0,11,0
1,1,480838,0,0,0,0,0,0,0,0,0,0
2,1,480838,0,0,0,0,0,0,0,0,0,0
1,1,480839,15,13,16,0,0,11,30,22,8,15
1,1,480840,0,10,0,0,0,0,0,0,22,19
2,1,480840,0,0,11,0,0,0,0,0,0,0
3,1,480840,0,0,0,0,0,0,0,0,8,0
0,1,480841,0,0,0,0,0,0,0,0,0,0
1,1,480841,0,0,0,0,0,0,0,0,0,0
1,1,480842,0,0,0,0,0,0,0,0,0,0
1,1,480843,17,17,17,17,17,17,17,17,17,17
1,1,480844,0,0,0,0,0,0,0,8,0,7
2,1,480844,0,0,0,0,0,0,0,0,0,0
3,1,480844,0,0,16,4,0,0,20,0,0,0
1,1,480845,27,0,3,0,0,0,0,0,0,0
0,1,480846,9,0,0,8,4,41,29,0,0,24
1,1,480846,0,13,0,0,0,0,0,5,0,0
1,1,480847,15,15,15,15,15,15,15,15,15,15
2,1,480847,0,0,0,0,0,0,0,0,0,0
1,1,480848,0,4,0,0,5,0,0,0,0,0
2,1,480848,0,0,0,0,0,0,0,0,0,0
1,1,480849,1,1,1,1,1,1,1,1,1,1
2,1,480849,0,0,0,0,0,0,0,0,0,0
1,1,480850,0,0,0,0,0,0,0,0,0,0
2,1,480850,0,0,0,0,0,0,0,0,0,0
1,1,480851,0,0,6,0,0,0,0,0,0,0
0,1,480852,0,0,0,0,0,0,0,0,0,0
1,1,480852,0,0,0,0,0,0,0,0,0,0
1,1,480853,5,1,14,26,19,0,11,0,28,21
1,1,480854,27,0,0,0,0,0,0,0,0,0
1,1,480855,1,1,1,1,1,1,1,1,1,1
1,1,480856,0,0,0,21,0,0,0,0,0,0
2,1,480856,0,0,0,0,0,0,0,0,0,0
1,1,480857,0,0,0,0,0,0,0,0,0,0
2,1,480857,0,0,0,0,0,0,0,0,0,0
1,1,480858,0,0,0,0,0,0,0,5,0,0
2,1,480858,0,0,0,0,0,0,0,0,0,0
1,1,480859,0,24,0,0,0,0,0,0,7,0
1,1,480860,0,0,0,0,0,0,0,0,0,0
2,1,480860,0,0,0,0,0,0,0,0,0,0
1,1,480861,0,0,0,0,0,0,0,0,0,0
1,1,480862,0,0,0,0,0,0,0,0,0,10
2,1,480862,0,0,0,0,0,0,0,0,0,0
1,1,480863,0,0,6,0,0,0,0,0,0,0
2,1,480863,0,0,0,0,0,0,0,0,0,0
3,1,480863,0,0,0,0,0,0,0,0,0,0
1,1,480864,2,2,2,2,2,2,2,2,2,2
2,1,480864,0,0,5,12,0,0,0,15,10,29
1,1,480865,0,1,0,0,0,0,0,0,0,0
2,1,480865,0,0,0,0,0,0,14,0,0,0
1,1,480866,36,36,36,36,36,36,36,36,36,36
1,1,480867,0,0,0,0,0,0,0,0,0,0
2,1,480867,16,16,16,16,16,16,16,16,16,16
1,1,480868,0,0,0,0,0,0,0,0,0,0
2,1,480868,0,0,0,0,0,0,0,0,0,0
1,1,480869,0,0,0,0,0,0,0,0,0,0
2,1,480869,10,0,0,37,0,34,0,0,10,13
1,1,480870,33,14,25,18,0,0,0,10,27,0
1,1,480871,0,0,7,0,6,0,0,0,4,0
1,1,480872,0,0,23,0,0,9,0,7,0,0
2,1,480872,0,0,0,0,0,0,0,0,0,0
0,1,480873,0,15,0,0,0,0,0,0,0,17
1,1,480873,0,0,0,0,0,16,0,0,0,0
1,1,480874,0,0,0,0,0,0,0,0,0,0
2,1,480874,0,0,0,0,0,0,0,0,0,0
3,1,480874,0,0,0,0,0,0,0,0,0,0
4,1,480874,0,0,0,0,0,0,7,0,0,0
0,1,480875,0,0,0,0,0,0,0,0,0,0
1,1,480875,0,0,0,0,0,0,0,0,0,0
0,1,480876,26,26,26,26,26,26,26,26,26,26
1,1,480876,0,0,0,0,0,0,0,0,0,17
1,1,480877,0,0,0,0,5,0,0,0,0,0
2,1,480877,0,0,0,0,0,0,0,0,0,0
0,1,480878,13,16,15,0,0,0,0,13,0,14
1,1,480878,0,0,0,0,0,0,0,0,0,9
1,1,480879,13,0,11,12,0,0,0,0,0,0
1,1,480880,0,0,0,6,0,0,10,0,0,7
2,1,480880,21,17,0,0,15,0,0,0,18,24
1,1,480882,0,13,11,0,31,6,0,0,0,0
2,1,480882,0,0,0,10,9,0,0,0,0,0
1,1,480883,31,31,31,31,31,31,31,31,31,31
1,1,480884,16,16,16,16,16,16,16,16,16,16
2,1,480884,5,5,5,5,5,5,5,5,5,5
1,1,480885,17,17,17,17,17,17,17,17,17,17
1,1,480886,13,20,7,16,7,12,18,13,17,14
2,1,480886,0,0,0,0,0,0,18,0,0,17
0,1,480887,0,0,0,0,0,0,0,0,0,0
1,1,480887,5,22,4,13,12,17,0,0,19,0
0,1,480888,0,0,0,0,0,0,0,0,0,0
1,1,480888,13,13,13,13,13,13,13,13,13,13
0,1,480889,11,11,11,11,11,11,11,11,11,11
1,1,480889,19,0,0,0,0,16,18,0,0,0
2,1,480889,0,0,0,0,0,0,0,0,0,0
3,1,480889,10,12,0,0,0,16,0,0,0,23
1,1,480890,25,20,0,26,0,0,0,0,0,5
0,1,480891,16,16,16,16,16,16,16,16,16,16
1,1,480891,0,0,0,0,0,0,0,0,12,9
1,1,480892,18,18,18,18,18,18,18,18,18,18
1,1,480893,0,0,0,0,0,0,0,0,0,0
2,1,480893,18,0,0,26,8,15,0,14,0,11
1,1,480894,0,0,0,0,0,0,0,0,0,0
1,1,480895,0,0,0,0,0,0,0,0,0,0
2,1,480895,0,0,0,0,0,0,0,0,0,0
1,1,480896,0,0,0,0,0,0,0,0,0,0
1,1,480897,0,0,0,0,0,0,0,0,0,15
2,1,480897,0,0,0,0,0,0,0,0,0,0
3,1,480897,0,0,0,0,0,0,0,0,0,0
4,1,480897,0,0,0,0,0,0,0,0,0,0
1,1,480898,0,0,0,0,0,0,0,0,0,0
1,1,480899,20,20,20,20,20,20,20,20,20,20
2,1,480899,0,0,0,0,0,8,0,0,0,0
1,1,480900,0,0,0,0,0,0,0,0,0,0
2,1,480900,0,0,0,0,0,0,0,0,0,0
1,1,480901,17,17,17,17,17,17,17,17,17,17
1,1,480902,0,0,0,0,0,8,0,0,0,0
2,1,480902,24,24,24,24,24,24,24,24,24,24
1,1,480903,24,28,12,10,17,10,11,13,0,16
2,1,480903,4,0,0,27,0,0,0,18,0,0
1,1,480904,11,25,6,0,0,0,13,0,0,10
2,1,480904,19,19,19,19,19,19,19,19,19,19
3,1,480904,0,0,0,23,0,0,8,0,0,0
1,1,480905,0,0,11,0,0,0,20,0,0,10
0,1,480906,29,25,16,21,13,26,32,9,23,45
1,1,480906,0,0,0,0,0,0,0,0,0,0
1,1,480907,18,4,0,0,0,0,22,0,11,0
2,1,480907,0,0,0,0,0,0,0,0,0,0
3,1,480907,0,0,0,0,0,0,0,0,0,0
1,1,480908,3,3,3,3,3,3,3,3,3,3
1,1,480909,1,1,1,1,1,1,1,1,1,1
2,1,480909,0,0,0,0,0,0,0,0,0,0
1,1,480910,0,0,0,0,0,0,0,0,0,0
1,1,480911,29,29,29,29,29,29,29,29,29,29
2,1,480911,0,0,0,21,0,7,0,0,0,0
1,1,480912,0,0,0,0,0,0,0,0,0,0
1,1,480913,0,0,0,0,10,0,0,0,0,0
2,1,480913,15,0,0,0,0,0,26,10,0,0
1,1,480915,0,0,0,0,0,0,0,0,0,0
1,1,480916,0,0,0,0,0,0,0,0,0,0
2,1,480916,0,0,0,0,0,0,0,0,0,0
1,1,480917,0,0,0,0,0,0,0,0,0,0
2,1,480917,0,0,34,0,0,0,0,0,0,9
3,1,480917,0,0,0,0,0,0,0,0,0,0
0,1,480918,0,0,0,0,0,0,0,0,0,0
1,1,480918,0,0,0,0,0,0,0,0,0,0
1,1,480919,7,7,7,7,7,7,7,7,7,7
0,1,480920,0,0,0,9,0,0,0,26,5,16
1,1,480920,0,0,0,0,0,23,0,0,0,0
1,1,480921,7,7,7,7,7,7,7,7,7,7
2,1,480921,9,0,0,0,18,0,0,5,17,0
0,1,480922,0,0,0,0,0,0,0,0,0,0
0,2,480922,8,0,13,0,13,0,0,0,0,0
0,3,480922,21,0,20,9,0,0,0,22,0,0
0,4,480922,0,18,0,24,11,0,0,0,0,0
1,1,480922,0,0,0,0,0,0,0,0,0,0
1,1,480923,24,24,24,24,24,24,24,24,24,24
1,1,480924,3,3,3,3,3,3,3,3,3,3
1,1,480925,0,0,0,0,0,0,0,0,0,0
0,1,480926,0,0,0,0,0,0,0,0,0,0
1,1,480926,0,0,10,14,0,0,0,0,8,0
1,1,480927,23,23,23,23,23,23,23,23,23,23
1,1,480928,0,0,0,0,0,0,0,0,0,0
2,1,480928,0,0,0,0,0,0,0,0,0,0
0,1,480929,0,0,0,0,0,0,0,0,0,0
1,1,480929,0,0,0,0,0,0,0,0,0,0
1,1,480930,20,20,20,20,20,20,20,20,20,20
1,1,480931,0,0,0,0,18,0,0,0,0,0
1,1,480932,0,0,20,0,0,0,24,0,23,16
2,1,480932,0,0,0,0,0,0,0,0,0,0
1,1,480933,0,0,0,0,0,36,0,0,14,0
1,1,480934,0,0,0,0,0,0,0,0,0,0
0,1,480935,0,0,0,0,0,0,0,0,0,0
1,1,480935,0,0,0,0,0,0,0,0,0,0
1,1,480936,0,12,26,10,0,0,0,0,0,0
2,1,480936,0,0,13,0,0,0,0,9,0,0
1,1,480937,34,34,34,34,34,34,34,34,34,34
1,1,480938,25,25,25,25,25,25,25,25,25,25
2,1,480938,0,0,0,0,0,0,0,0,0,0
1,1,480939,17,19,0,22,21,15,13,16,23,21
1,1,480940,18,36,14,27,19,18,12,43,30,18
0,1,480941,0,0,0,0,0,0,0,0,11,0
1,1,480941,0,0,0,0,0,21,0,0,0,0
0,1,480942,19,42,16,36,23,32,16,26,26,30
1,1,480942,0,0,0,0,0,0,0,0,0,0
1,1,480943,0,0,0,0,0,0,0,0,0,0
1,1,480944,0,0,0,0,0,0,0,0,0,0
0,1,480945,22,28,16,0,25,33,4,15,29,20
1,1,480945,12,12,12,12,12,12,12,12,12,12
1,1,480946,12,0,0,0,0,0,0,0,0,12
0,1,480948,0,0,0,0,0,0,0,0,0,0
1,1,480948,0,0,0,0,0,0,0,0,0,0
1,1,480949,16,0,0,0,0,0,0,0,0,0
2,1,480949,0,0,0,8,0,0,0,21,0,0
1,1,480950,0,0,0,0,10,0,0,25,0,0
2,1,480950,0,0,0,0,0,0,0,0,0,0
3,1,480950,13,31,0,0,0,0,0,0,0,0
0,1,480951,0,0,0,0,0,0,0,0,0,0
1,1,480951,0,0,0,0,0,0,0,0,0,0
1,1,480952,0,0,0,0,0,0,0,0,0,0
1,1,480953,0,0,8,0,9,0,0,7,37,0
2,1,480953,0,0,0,0,0,0,0,0,0,0
3,1,480953,0,23,0,0,0,0,0,0,0,0
4,1,480953,0,0,0,0,0,0,0,16,0,0
1,1,480954,0,0,0,0,0,0,0,0,0,0
2,1,480954,0,0,0,0,0,0,0,0,0,0
1,1,480955,0,0,0,0,0,0,0,0,0,0
2,1,480955,0,0,0,0,0,0,0,0,0,0
1,1,480956,0,13,21,0,0,0,12,0,0,0
2,1,480956,19,19,19,19,19,19,19,19,19,19
0,1,480957,0,0,0,0,0,0,0,0,0,0
1,1,480957,0,0,0,0,0,0,0,0,0,0
1,1,480958,21,21,21,21,21,21,21,21,21,21
1,1,480959,19,19,19,19,19,19,19,19,19,19
1,1,480960,0,0,0,0,0,0,0,0,0,0
2,1,480960,0,0,0,0,0,0,0,0,0,0
1,1,480961,0,0,0,0,0,0,0,0,7,0
2,1,480961,0,0,0,0,0,0,0,0,0,0
1,1,480962,27,27,27,27,27,27,27,27,27,27
1,1,480963,0,0,14,12,20,9,18,0,22,8
2,1,480963,0,6,0,0,0,0,0,0,6,4
1,1,480964,29,4,32,20,6,25,5,0,5,22
0,1,480965,0,0,0,0,0,0,0,0,0,0
1,1,480965,8,0,9,0,24,0,0,3,0,0
1,1,480966,0,0,0,0,0,0,0,0,0,0
1,1,480967,10,10,10,10,10,10,10,10,10,10
2,1,480967,0,0,0,0,0,0,0,0,0,0
1,1,480968,10,10,10,10,10,10,10,10,10,10
2,1,480968,0,0,0,0,0,0,0,0,3,0
3,1,480968,8,0,0,0,0,0,0,11,0,0
1,1,480969,0,10,11,0,15,0,0,0,0,0
1,1,480970,18,18,18,18,18,18,18,18,18,18
2,1,480970,13,0,16,7,0,12,16,0,0,0
1,1,480971,0,0,0,0,0,0,0,10,0,14
1,1,480972,25,26,29,15,27,15,38,30,22,26
1,1,480973,0,0,0,0,0,0,0,0,0,0
1,1,480974,0,0,0,0,0,0,0,0,0,0
1,1,480975,9,9,9,9,9,9,9,9,9,9
0,1,480976,0,0,0,0,0,0,0,0,0,0
1,1,480976,0,15,14,0,0,0,0,0,0,0
0,1,480977,0,0,0,0,0,0,0,0,0,0
1,1,480977,0,0,0,0,0,20,0,0,25,0
1,1,480978,0,0,0,0,0,0,0,0,0,0
2,1,480978,0,0,0,0,0,0,0,0,0,0
1,1,480979,0,0,0,0,0,0,0,0,0,0
1,1,480980,13,13,13,13,13,13,13,13,13,13
2,1,480980,17,17,17,17,17,17,17,17,17,17
1,1,480981,0,0,0,0,0,0,0,0,0,0
2,1,480981,0,0,33,0,0,0,5,18,18,0
1,1,480982,0,0,0,0,16,0,0,0,0,0
2,1,480982,0,0,0,0,0,0,0,0,0,0
1,1,480983,23,23,23,23,23,23,23,23,23,23
1,1,480984,0,0,0,0,0,0,0,0,15,0
2,1,480984,0,0,0,0,0,0,0,0,0,0
3,1,480984,0,0,14,0,0,4,0,0,0,0
1,1,480985,8,8,8,8,8,8,8,8,8,8
1,1,480986,0,23,0,18,0,17,0,0,0,0
1,1,480987,20,20,20,20,20,20,20,20,20,20
2,1,480987,0,0,0,0,0,0,0,0,0,0
1,1,480988,17,17,17,17,17,17,17,17,17,17
1,1,480989,0,0,0,0,0,0,0,0,0,0
2,1,480989,0,0,0,0,14,0,6,0,0,22
0,1,480990,0,0,0,0,0,18,0,0,0,0
1,1,480990,0,0,0,0,0,0,0,0,0,0
0,1,480991,0,0,0,0,0,0,0,0,0,0
1,1,480991,0,0,0,0,0,0,0,0,0,0
1,1,480992,0,0,0,0,0,0,0,0,0,0
2,1,480992,15,12,0,0,0,0,0,0,0,13
1,1,480993,25,0,0,0,0,0,0,0,0,5
2,1,480993,0,0,32,0,0,0,0,3,21,0
1,1,480994,0,0,0,0,0,0,0,0,0,0
2,1,480994,0,0,0,0,0,0,0,0,0,0
3,1,480994,0,0,0,0,0,0,0,0,0,0
1,1,480995,0,0,0,0,0,0,0,0,0,0
1,1,480996,5,5,5,5,5,5,5,5,5,5
1,1,480997,10,10,10,10,10,10,10,10,10,10
0,1,480998,44,39,19,10,0,0,12,27,9,49
1,1,480998,0,0,0,0,0,0,0,0,0,0
1,1,480999,0,0,0,17,0,0,0,0,0,0
1,1,481000,11,11,11,11,11,11,11,11,11,11
1,1,481001,29,29,29,29,29,29,29,29,29,29
1,1,481002,10,10,10,10,10,10,10,10,10,10
2,1,481002,0,0,0,0,0,0,0,0,0,0
1,1,481003,18,0,0,0,0,0,6,0,0,0
2,1,481003,0,0,0,0,0,7,0,0,14,0
3,1,481003,0,0,0,0,0,0,0,0,0,0
1,1,481004,0,0,0,0,0,11,0,15,8,0
2,1,481004,0,2,0,0,0,0,0,0,0,0
1,1,481005,0,0,0,0,0,0,0,0,0,0
2,1,481005,0,0,0,0,0,0,0,0,0,0
1,1,481006,26,26,26,26,26,26,26,26,26,26
2,1,481006,0,0,0,0,0,0,0,0,0,0
1,1,481007,0,0,0,0,0,0,0,0,0,0
2,1,481007,4,0,0,14,13,9,17,15,6,7
1,1,481008,0,18,0,0,0,0,0,0,31,0
2,1,481008,0,0,0,0,0,0,0,0,0,0
1,1,481009,27,27,27,27,27,27,27,27,27,27
0,1,481010,0,0,0,29,0,0,0,0,0,0
1,1,481010,0,0,0,0,9,0,0,0,0,0
1,1,481011,14,27,0,0,0,0,0,16,0,0
0,1,481012,0,0,0,0,0,0,0,0,0,0
1,1,481012,0,0,12,0,0,0,11,0,11,16
1,1,481013,0,0,0,2,0,0,0,0,12,0
1,1,481014,0,0,0,0,0,0,0,0,0,0
2,1,481014,0,0,0,0,0,0,0,0,0,0
0,1,481015,18,18,18,18,18,18,18,18,18,18
1,1,481015,7,7,7,7,7,7,7,7,7,7
0,1,481016,33,0,7,0,16,0,23,26,10,26
1,1,481016,20,20,20,20,20,20,20,20,20,20
1,1,481017,4,4,4,4,4,4,4,4,4,4
1,1,481018,0,0,0,0,0,0,0,0,0,0
2,1,481018,0,0,0,0,0,0,0,0,0,0
1,1,481020,29,29,29,29,29,29,29,29,29,29
1,1,481021,0,0,0,0,0,0,0,0,0,0
0,1,481022,0,0,0,0,0,0,0,0,0,0
0,2,481022,0,0,19,0,6,0,36,0,0,0
1,1,481022,0,0,0,0,0,0,0,0,0,0
1,1,481023,0,0,0,0,0,0,0,0,0,0
1,1,481024,0,10,0,9,16,0,0,0,0,0
2,1,481024,24,24,24,24,24,24,24,24,24,24
0,1,481025,12,14,10,10,0,0,0,18,26,18
1,1,481025,0,0,0,0,0,0,0,0,0,0
1,1,481026,0,0,0,0,0,0,0,0,0,0
1,1,481027,0,0,0,0,0,6,0,0,0,13
1,1,481028,14,9,15,27,15,23,2,30,23,6
1,1,481029,0,0,0,0,0,0,0,0,0,0
2,1,481029,0,0,0,0,0,0,0,0,0,0
0,1,481030,23,18,13,11,14,21,20,19,19,11
1,1,481030,0,0,23,0,0,12,0,0,0,0
1,1,481031,31,31,31,31,31,31,31,31,31,31
0,1,481032,0,0,0,0,0,0,0,0,0,0
1,1,481032,0,0,0,0,10,0,0,0,0,0
2,1,481032,0,0,0,0,0,0,0,0,0,0
0,1,481033,0,18,20,10,0,14,10,0,0,0
1,1,481033,17,17,17,17,17,17,17,17,17,17
0,1,481034,0,0,0,0,0,0,0,0,0,0
1,1,481034,0,0,0,0,0,0,0,0,0,0
1,1,481035,0,0,11,21,0,21,0,0,0,19
2,1,481035,6,6,6,6,6,6,6,6,6,6
1,1,481036,16,16,16,16,16,16,16,16,16,16
1,1,481037,0,0,0,0,0,0,0,0,0,0
2,1,481037,0,0,0,0,0,0,0,0,0,0
1,1,481038,0,0,0,0,0,0,0,19,0,0
2,1,481038,0,0,0,0,0,0,0,19,0,0
1,1,481039,0,0,0,0,0,0,0,0,0,0
2,1,481039,0,0,0,0,0,0,0,0,0,0
1,1,481040,0,0,0,0,0,0,0,0,0,0
2,1,481040,0,0,0,0,0,0,0,0,0,0
1,1,481041,0,0,0,0,0,0,0,0,0,0
2,1,481041,28,28,28,28,28,28,28,28,28,28
1,1,481042,9,9,9,9,9,9,9,9,9,9
2,1,481042,10,10,10,10,10,10,10,10,10,10
1,1,481043,13,13,13,13,13,13,13,13,13,13
1,1,481044,13,13,13,13,13,13,13,13,13,13
2,1,481044,0,0,0,0,0,0,0,0,0,0
1,1,481045,7,7,7,7,7,7,7,7,7,7
2,1,481045,0,0,0,0,0,0,0,0,0,0
1,1,481046,0,0,0,0,0,0,0,0,0,0