VEH_NO,PER_NO,ST_CASE,P1,P2,P3,P4,P5,P6,P7,P8,P9,P10
2,1,481046,0,0,0,0,0,0,0,0,0,20
1,1,481047,20,20,20,20,20,20,20,20,20,20
2,1,481047,20,0,0,10,0,0,0,0,0,0
1,1,481048,0,0,0,2,0,0,0,13,0,0
2,1,481048,0,0,0,0,0,0,15,0,19,0
1,1,481049,0,0,15,0,0,0,22,0,0,0
1,1,481050,0,0,0,0,0,0,0,0,0,0
1,1,481051,0,0,0,0,0,0,0,0,4,0
1,1,481052,0,13,0,0,0,14,0,0,0,8
1,1,481053,0,0,0,0,0,0,0,0,0,0
2,1,481053,0,0,0,0,0,0,0,0,0,0
1,1,481054,0,0,0,0,0,0,0,0,0,0
1,1,481055,43,28,15,15,19,25,29,7,27,27
1,1,481056,14,14,14,14,14,14,14,14,14,14
2,1,481056,0,0,0,0,0,0,0,0,0,0
1,1,481057,0,0,0,0,0,12,10,0,17,0
1,1,481058,0,18,0,0,0,0,0,0,0,0
1,1,481059,0,0,0,0,0,0,0,0,0,0
1,1,481060,3,24,0,0,0,12,0,0,21,0
1,1,481061,16,16,16,16,16,16,16,16,16,16
2,1,481061,0,0,0,0,0,0,0,0,0,0
1,1,481062,0,0,0,0,0,0,0,0,0,0
1,1,481063,0,0,0,0,10,0,0,0,0,0
1,1,481064,0,0,0,0,0,29,0,0,40,0
1,1,481065,0,0,0,0,0,0,0,0,0,0
2,1,481065,0,0,0,0,0,0,0,0,0,0
1,1,481066,0,0,0,0,0,0,0,0,0,0
2,1,481066,0,0,0,0,0,17,0,12,0,0
1,1,481067,0,0,0,0,0,0,0,0,0,0
2,1,481067,0,0,0,0,0,0,0,0,0,0
1,1,481068,0,0,0,0,0,0,0,0,0,0
1,1,481069,25,4,7,22,19,13,26,38,29,26
0,1,481070,0,0,0,0,0,0,0,0,0,0
1,1,481070,0,0,0,15,0,0,0,0,0,0
1,1,481071,0,0,0,0,0,0,0,0,0,0
2,1,481071,0,0,0,0,0,0,0,0,0,0
3,1,481071,0,0,0,0,0,0,0,0,0,0
1,1,481072,0,0,0,0,0,0,0,0,0,0
2,1,481072,0,0,0,0,0,0,0,0,0,0
1,1,481073,12,12,12,12,12,12,12,12,12,12
0,1,481074,14,14,14,14,14,14,14,14,14,14
1,1,481074,0,0,0,0,0,0,0,0,0,0
2,1,481074,0,0,0,0,0,0,0,0,0,0
1,1,481075,0,0,0,0,0,0,0,0,0,0
2,1,481075,0,0,0,0,0,0,0,0,0,0
1,1,481076,0,0,0,0,0,0,0,0,0,0
2,1,481076,0,0,0,0,0,0,0,0,0,0
3,1,481076,0,0,0,35,0,0,0,0,0,0
1,1,481077,18,23,29,26,22,18,12,13,17,17
1,1,481078,0,0,0,0,0,0,0,0,0,0
2,1,481078,33,33,33,33,33,33,33,33,33,33
1,1,481079,20,20,20,20,20,20,20,20,20,20
1,1,481080,0,0,0,0,0,0,0,0,0,0
0,1,481081,0,8,10,0,0,0,0,29,0,17
1,1,481082,11,0,8,0,12,21,8,8,23,9
0,1,481083,0,12,0,0,16,0,0,0,0,11
1,1,481083,0,0,0,0,0,0,0,0,0,0
1,1,481084,0,0,0,0,0,0,0,0,0,0
0,1,481085,3,3,3,3,3,3,3,3,3,3
1,1,481085,0,3,0,0,0,0,0,0,0,0
1,1,481086,0,0,0,0,0,0,0,0,0,0
1,1,481087,0,0,0,0,0,0,0,0,0,0
2,1,481087,0,0,0,0,0,0,0,0,0,0
1,1,481088,0,0,0,0,0,0,0,0,0,0
2,1,481088,0,0,0,0,0,5,0,0,0,0
3,1,481088,0,0,0,0,0,0,0,0,0,0
1,1,481089,0,0,0,0,0,0,0,0,0,0
1,1,481090,13,23,10,11,20,13,11,7,13,48
0,1,481091,10,0,0,0,0,8,19,26,16,31
1,1,481091,19,10,23,0,0,8,0,0,17,6
1,1,481092,5,5,5,5,5,5,5,5,5,5
2,1,481092,5,5,5,5,5,5,5,5,5,5
3,1,481092,0,20,0,0,0,0,0,0,0,0
4,1,481092,0,0,0,0,0,0,0,0,0,0
1,1,481093,0,0,0,0,0,0,0,0,14,0
2,1,481093,0,0,0,0,0,0,0,0,0,0
0,1,481094,15,0,4,0,0,16,0,0,16,26
1,1,481094,0,13,0,18,0,0,18,0,0,0
1,1,481095,25,25,25,25,25,25,25,25,25,25
2,1,481095,0,0,0,0,0,0,0,0,0,0
1,1,481096,0,0,0,0,0,0,0,0,0,0
2,1,481096,0,0,0,0,0,0,0,0,0,0
3,1,481096,0,0,0,0,0,0,0,0,0,0
1,1,481097,0,0,0,0,0,0,0,0,0,0
2,1,481097,0,0,0,0,0,0,0,0,0,0
1,1,481098,5,0,5,0,12,11,10,25,0,0
1,1,481099,11,11,11,11,11,11,11,11,11,11
2,1,481099,0,0,0,0,0,5,0,0,0,15
1,1,481100,29,29,29,29,29,29,29,29,29,29
1,1,481101,0,0,0,0,0,0,0,0,0,0
2,1,481101,0,0,0,0,0,0,0,0,0,0
1,1,481102,22,22,22,22,22,22,22,22,22,22
1,1,481103,0,0,0,0,0,0,0,0,0,0
1,1,481104,14,14,14,14,14,14,14,14,14,14
1,1,481105,0,0,0,0,0,0,0,0,0,0
2,1,481105,0,0,0,0,0,0,0,0,0,0
3,1,481105,12,0,0,0,0,0,0,0,0,0
4,1,481105,0,0,0,20,0,0,0,0,0,0
0,1,481106,15,15,0,0,0,30,0,0,0,0
1,1,481106,0,21,0,0,0,0,0,0,0,0
1,1,481107,22,22,22,22,22,22,22,22,22,22
1,1,481108,0,0,0,0,0,0,0,0,0,0
2,1,481108,0,0,0,0,0,0,13,0,0,0
0,1,481109,0,0,0,0,0,0,13,0,0,0
1,1,481109,0,0,0,0,0,0,0,0,0,0
1,1,481110,0,0,0,0,0,0,0,0,0,0
2,1,481110,0,0,0,0,0,0,0,0,0,0
1,1,481111,13,13,13,13,13,13,13,13,13,13
1,1,481112,0,0,0,0,0,0,0,0,0,10
2,1,481112,0,0,0,0,0,0,0,0,0,0
1,1,481113,2,2,2,2,2,2,2,2,2,2
1,1,481114,22,22,22,22,22,22,22,22,22,22
1,1,481115,23,23,23,23,23,23,23,23,23,23
2,1,481115,0,0,0,0,0,0,0,22,0,0
1,1,481116,0,0,0,0,0,0,0,0,0,16
2,1,481116,0,0,0,0,0,0,0,0,0,0
1,1,481117,0,0,0,0,5,16,0,0,0,8
1,1,481118,15,15,15,15,15,15,15,15,15,15
1,1,481119,23,23,23,23,23,23,23,23,23,23
1,1,481120,22,0,0,0,0,0,0,0,0,0
2,1,481120,0,0,0,0,0,0,15,0,0,0
1,1,481121,0,0,0,0,0,0,0,0,0,0
1,1,481122,0,0,7,3,0,0,0,0,0,12
1,1,481123,6,0,0,0,0,0,0,0,16,0
2,1,481123,0,0,0,0,0,0,0,12,0,0
1,1,481124,0,0,0,0,0,0,0,0,0,0
2,1,481124,0,0,0,0,0,0,0,0,0,0
1,1,481125,0,0,0,0,0,0,0,0,0,0
1,1,481126,0,0,0,0,0,0,0,0,0,0
2,1,481126,0,0,0,0,0,0,0,0,0,0
1,1,481127,0,0,0,0,0,0,0,0,0,0
2,1,481127,0,0,0,0,0,0,0,0,0,0
3,1,481127,0,0,0,0,0,0,0,0,0,0
1,1,481128,1,1,1,1,1,1,1,1,1,1
2,1,481128,12,0,0,0,0,0,0,0,0,0
1,1,481129,18,18,18,18,18,18,18,18,18,18
1,1,481130,0,0,0,0,0,0,0,0,0,0
2,1,481130,0,0,0,0,0,0,0,0,0,0
1,1,481131,0,0,0,0,0,0,8,0,16,12
2,1,481131,0,0,0,4,8,9,0,0,0,7
1,1,481132,0,0,0,0,0,0,0,0,0,0
2,1,481132,9,9,9,9,9,9,9,9,9,9
0,1,481133,12,12,12,12,12,12,12,12,12,12
1,1,481133,0,0,0,0,0,0,0,0,0,0
2,1,481133,0,0,0,11,0,0,11,0,6,20
1,1,481134,0,0,0,0,0,0,0,0,0,0
1,1,481135,17,17,17,17,17,17,17,17,17,17
1,1,481136,19,19,19,19,19,19,19,19,19,19
2,1,481136,0,0,39,0,0,0,0,12,25,0
1,1,481137,0,0,0,0,0,0,0,0,0,12
2,1,481137,0,0,0,0,0,0,0,0,0,0
3,1,481137,0,0,18,0,0,0,0,0,0,0
4,1,481137,0,0,0,0,0,0,21,0,0,0
1,1,481138,15,15,15,15,15,15,15,15,15,15
2,1,481138,21,18,0,8,11,11,9,4,8,0
1,1,481139,18,0,28,14,13,5,0,17,18,25
1,1,481140,27,27,27,27,27,27,27,27,27,27
1,1,481141,0,0,0,0,0,0,0,0,0,0
2,1,481141,0,0,17,0,0,0,0,0,0,0
1,1,481142,0,0,0,0,0,0,6,0,0,0
1,1,481143,0,0,13,0,0,0,0,0,0,0
1,1,481144,0,0,0,0,0,0,0,0,0,0
1,1,481145,0,0,0,0,0,0,0,0,0,0
2,1,481145,0,0,0,0,0,8,0,0,0,0
1,1,481146,0,0,0,0,0,0,0,0,0,0
2,1,481146,5,0,0,0,0,4,0,0,14,13
1,1,481147,0,0,0,0,0,0,0,0,0,0
2,1,481147,0,0,0,0,0,0,0,0,0,0
1,1,481148,0,0,0,0,0,0,0,0,0,0
2,1,481148,0,0,0,0,0,0,0,0,0,0
3,1,481148,0,0,0,0,0,0,0,0,0,0
1,1,481149,23,23,23,23,23,23,23,23,23,23
2,1,481149,11,0,0,0,0,12,0,0,0,0
1,1,481150,25,25,25,25,25,25,25,25,25,25
2,1,481150,5,5,5,5,5,5,5,5,5,5
1,1,481151,27,27,27,27,27,27,27,27,27,27
1,1,481152,29,18,18,20,13,13,26,18,17,5
2,1,481152,0,0,17,0,0,0,0,0,0,0
1,1,481153,4,4,4,4,4,4,4,4,4,4
1,1,481154,0,0,10,0,0,13,0,0,0,0
2,1,481154,0,0,0,0,0,0,0,0,0,0
1,1,481155,16,16,16,16,16,16,16,16,16,16
1,1,481156,0,0,0,15,0,0,0,0,0,0
1,1,481157,0,0,0,0,0,0,0,0,0,0
2,1,481157,0,0,0,0,0,0,0,0,0,0
0,1,481158,23,23,23,23,23,23,23,23,23,23
1,1,481158,0,0,0,0,0,0,0,0,0,0
1,1,481159,15,15,15,15,15,15,15,15,15,15
1,1,481160,0,0,0,0,0,0,0,0,0,0
1,1,481161,14,0,0,0,6,0,6,0,0,0
2,1,481161,15,8,14,28,14,8,17,17,20,11
1,1,481162,0,0,0,0,0,0,0,0,0,8
2,1,481162,0,0,0,0,13,0,0,0,18,0
3,1,481162,0,0,0,0,0,0,0,0,0,0
1,1,481163,13,17,12,39,16,15,12,29,2,18
1,1,481164,9,9,9,9,9,9,9,9,9,9
2,1,481164,12,0,0,0,0,0,0,0,0,6
3,1,481164,0,0,0,0,0,0,0,0,0,0
0,1,481165,0,0,0,0,0,0,0,0,0,0
1,1,481165,10,0,0,2,0,0,0,0,0,0
1,1,481166,0,0,0,0,0,0,0,0,0,0
2,1,481166,0,0,0,0,0,0,0,0,0,0
1,1,481167,0,0,0,0,0,0,0,0,0,0
2,1,481167,0,0,0,0,0,0,0,0,14,0
1,1,481168,0,0,0,0,0,0,0,0,0,0
2,1,481168,0,0,0,0,0,0,0,0,0,0
1,1,481169,0,0,0,0,0,0,0,0,0,0
1,1,481170,27,27,27,27,27,27,27,27,27,27
1,1,481171,0,0,0,0,0,0,0,0,0,0
2,1,481171,0,0,0,0,0,0,0,0,0,0
0,1,481172,20,20,20,20,20,20,20,20,20,20
1,1,481172,0,0,0,0,0,0,47,0,0,0
1,1,481173,5,0,0,0,0,17,0,0,0,0
0,1,481174,5,0,0,27,0,18,0,14,24,0
1,1,481174,9,0,0,0,8,0,9,0,0,10
0,1,481175,0,0,0,5,0,0,0,0,0,0
1,1,481175,0,0,13,0,11,12,0,0,0,0
0,1,481176,0,0,0,0,0,0,0,0,0,0
1,1,481176,4,0,0,0,0,0,0,0,0,3
1,1,481177,0,0,0,0,0,0,0,0,14,0
2,1,481177,0,0,0,0,0,0,0,0,0,0
3,1,481177,0,12,0,9,14,0,0,0,0,0
4,1,481177,0,0,0,0,0,0,0,0,0,0
1,1,481178,16,16,16,16,16,16,16,16,16,16
0,1,481179,0,0,0,0,0,0,0,0,0,0
0,2,481179,0,0,0,0,0,0,0,0,0,0
1,1,481180,0,0,0,0,0,0,0,0,0,14
2,1,481180,0,9,0,0,0,0,0,0,0,0
3,1,481180,0,0,0,0,0,0,0,0,0,0
1,1,481181,21,21,21,21,21,21,21,21,21,21
2,1,481181,0,0,0,0,0,0,0,0,0,0
1,1,481182,0,0,0,0,0,0,0,0,0,0
2,1,481182,0,0,13,0,0,14,0,7,4,0
1,1,481183,0,0,0,0,0,0,0,0,0,0
2,1,481183,0,0,0,0,0,0,0,0,0,0
0,1,481184,0,0,0,15,0,0,0,0,0,0
1,1,481184,0,0,0,0,0,0,0,0,0,0
0,1,481185,0,17,0,0,0,0,10,12,0,0
0,2,481185,38,0,0,0,0,27,0,0,0,0
0,3,481185,0,0,0,0,0,0,0,0,0,0
0,4,481185,0,0,0,0,0,0,0,0,0,0
1,1,481185,19,11,0,10,0,0,0,19,21,0
1,1,481186,0,0,0,11,0,0,17,13,0,0
1,1,481187,4,4,4,4,4,4,4,4,4,4
1,1,481188,0,0,0,0,0,16,0,2,0,0
2,1,481188,6,6,6,6,6,6,6,6,6,6
1,1,481189,0,15,11,16,9,0,0,0,0,13
1,1,481190,21,8,9,21,14,17,12,15,24,6
1,1,481191,0,0,0,0,0,0,0,0,0,0
2,1,481191,0,0,0,0,0,0,0,0,0,0
3,1,481191,0,0,0,0,0,0,0,0,0,0
1,1,481192,14,14,14,14,14,14,14,14,14,14
2,1,481192,0,0,0,0,0,0,0,0,0,0
1,1,481193,6,26,0,0,23,0,0,25,11,0
1,1,481194,33,33,33,33,33,33,33,33,33,33
1,1,481195,0,0,0,0,0,0,0,0,0,0
2,1,481195,0,0,0,0,0,0,0,0,0,0
0,1,481196,0,0,0,0,0,0,0,0,0,0
1,1,481196,4,4,4,4,4,4,4,4,4,4
1,1,481197,0,0,0,0,0,0,0,0,0,0
2,1,481197,0,0,0,0,0,0,0,0,0,0
3,1,481197,12,0,0,0,0,0,0,0,0,0
1,1,481198,0,48,0,25,4,14,5,15,9,8
1,1,481199,0,0,0,0,0,0,0,0,0,0
2,1,481199,0,0,0,0,0,0,0,0,0,0
0,1,481200,10,0,0,0,36,0,19,7,0,0
1,1,481200,0,0,0,0,0,0,0,0,0,0
1,1,481201,0,0,0,0,0,0,0,0,0,0
2,1,481201,12,12,12,12,12,12,12,12,12,12
0,1,481202,0,0,0,0,0,0,0,0,0,0
1,1,481202,0,0,0,0,0,0,0,0,0,0
1,1,481203,0,0,0,0,0,0,0,0,0,0
1,1,481204,0,10,0,0,0,0,0,0,0,7
2,1,481204,0,0,0,0,0,0,0,0,0,0
1,1,481206,17,16,33,14,9,26,21,20,38,11
0,1,481207,32,32,32,32,32,32,32,32,32,32
1,1,481207,0,0,0,0,0,0,14,0,0,0
1,1,481208,24,12,19,16,0,0,0,0,9,0
1,1,481209,3,21,0,20,21,0,0,0,0,0
1,1,481210,0,0,0,0,0,0,0,0,0,0
2,1,481210,24,0,0,0,0,0,0,0,0,0
1,1,481211,0,0,0,0,0,0,0,0,0,0
2,1,481211,0,0,0,0,0,0,0,0,4,18
1,1,481212,11,0,38,0,24,22,9,0,19,13
0,1,481213,0,0,0,0,0,0,0,0,0,0
1,1,481213,0,0,0,0,0,0,0,0,0,0
1,1,481214,0,0,0,0,0,0,0,0,0,0
2,1,481214,0,0,0,0,0,0,0,0,5,0
1,1,481215,0,0,6,0,0,0,10,0,0,0
1,1,481216,0,0,0,0,0,0,0,0,0,0
2,1,481216,0,0,0,0,0,0,0,0,0,0
3,1,481216,0,0,0,0,0,0,0,0,0,0
4,1,481216,0,0,0,0,0,0,0,0,0,0
1,1,481217,17,17,17,17,17,17,17,17,17,17
0,1,481218,0,0,0,16,0,0,0,4,0,0
1,1,481218,2,2,2,2,2,2,2,2,2,2
1,1,481219,0,0,0,0,0,0,0,0,0,0
1,1,481220,0,0,14,28,5,8,21,16,14,12
1,1,481221,0,0,0,0,0,0,4,7,0,0
2,1,481221,0,0,0,0,0,0,0,0,0,0
3,1,481221,0,0,0,0,0,0,0,13,0,4
4,1,481221,0,0,0,0,0,0,0,0,17,0
5,1,481221,0,0,8,0,12,17,0,0,0,0
6,1,481221,4,0,0,0,5,0,0,0,0,0
7,1,481221,0,0,0,0,0,0,12,0,0,0
8,1,481221,0,18,0,0,0,0,10,0,0,0
9,1,481221,0,0,0,0,0,0,9,0,0,0
10,1,481221,0,0,0,4,0,0,0,0,0,0
11,1,481221,0,0,0,0,0,0,0,0,0,0
12,1,481221,0,5,0,0,0,0,0,12,0,2
13,1,481221,0,0,0,0,0,0,0,0,0,0
14,1,481221,0,0,0,0,0,0,0,0,0,0
15,1,481221,0,0,0,6,0,0,8,0,0,0
16,1,481221,0,0,0,0,0,0,0,0,0,0
17,1,481221,0,0,0,0,0,0,0,0,0,0
18,1,481221,0,0,0,0,0,0,7,0,0,8
19,1,481221,0,0,14,2,0,0,0,0,0,0
20,1,481221,0,0,41,0,0,11,0,0,0,4
21,1,481221,0,0,0,16,0,0,0,6,0,19
22,1,481221,0,20,0,0,2,0,0,0,0,0
23,1,481221,0,0,0,0,0,0,0,0,0,0
24,1,481221,0,0,0,0,0,0,0,0,0,0
25,1,481221,0,0,0,0,0,0,0,15,0,0
26,1,481221,0,0,0,0,9,0,0,20,0,0
27,1,481221,4,3,0,7,0,0,0,0,0,11
28,1,481221,0,0,0,0,14,0,0,0,0,8
29,1,481221,0,9,0,0,0,0,0,0,0,0
30,1,481221,0,0,0,0,0,0,0,0,0,0
31,1,481221,0,0,0,0,0,0,0,20,0,0
32,1,481221,0,0,0,0,0,0,0,0,0,16
33,1,481221,0,0,0,0,0,8,0,0,0,0
34,1,481221,0,0,0,0,0,0,0,0,0,0
35,1,481221,0,0,0,0,9,0,0,0,0,0
36,1,481221,0,0,0,0,0,0,0,0,0,0
37,1,481221,0,0,0,0,0,0,0,0,0,0
38,1,481221,0,9,0,0,0,0,0,0,0,15
39,1,481221,7,0,0,0,0,9,0,0,0,0
40,1,481221,0,0,0,0,0,0,25,0,0,0
41,1,481221,0,0,0,0,0,0,0,0,0,0
42,1,481221,0,0,0,0,0,11,17,11,0,0
43,1,481221,0,0,0,0,6,0,0,0,6,0
44,1,481221,0,0,0,0,0,0,0,0,13,0
45,1,481221,0,0,0,0,0,0,0,0,0,0
46,1,481221,0,0,0,0,0,0,0,0,0,0
47,1,481221,0,0,0,0,0,0,13,0,0,0
48,1,481221,0,0,0,0,0,0,10,8,0,0
49,1,481221,0,0,0,0,0,0,0,0,0,0
50,1,481221,0,0,0,0,0,0,0,0,0,3
51,1,481221,4,0,3,0,0,0,22,0,0,0
1,1,481222,0,0,0,0,0,0,0,0,0,0
1,1,481223,18,13,0,26,0,0,0,35,24,20
1,1,481224,0,0,0,0,0,0,0,0,0,0
2,1,481224,0,0,0,0,0,2,0,0,0,0
1,1,481225,11,11,11,11,11,11,11,11,11,11
1,1,481226,0,0,0,0,0,0,0,0,0,0
2,1,481226,0,0,0,0,0,0,0,0,0,0
1,1,481227,12,0,0,0,0,0,0,0,0,0
2,1,481227,0,0,0,0,0,0,0,0,0,0
1,1,481228,8,16,0,19,20,0,11,9,8,15
1,1,481229,0,0,0,0,0,0,0,0,0,0
0,1,481230,0,20,11,0,0,0,0,0,0,0
1,1,481230,0,0,15,0,0,11,0,0,0,0
1,1,481231,17,13,0,0,21,0,19,11,11,9
1,1,481232,23,23,23,23,23,23,23,23,23,23
1,1,481233,11,0,0,20,0,18,12,0,7,0
0,1,481234,20,0,0,0,4,7,18,13,0,5
0,2,481234,0,0,0,0,0,0,0,0,0,0
1,1,481234,0,0,10,0,0,26,0,0,0,0
1,1,481235,0,0,0,0,0,0,0,0,0,0
1,1,481236,0,0,0,0,0,0,0,0,0,0
2,1,481236,9,9,9,9,9,9,9,9,9,9
0,1,481237,23,23,23,23,23,23,23,23,23,23
1,1,481237,0,0,19,0,0,0,0,0,0,0
1,1,481238,0,0,0,0,0,0,0,0,0,0
2,1,481238,16,16,16,16,16,16,16,16,16,16
1,1,481239,0,0,0,0,0,0,0,0,0,0
2,1,481239,0,0,0,0,0,0,0,0,0,0
3,1,481239,0,0,0,0,0,0,0,0,0,0
4,1,481239,0,0,0,9,0,0,0,0,9,0
5,1,481239,0,0,0,0,0,0,0,0,0,0
0,1,481240,22,0,0,0,0,14,0,0,0,0
1,1,481240,0,0,0,0,0,1,0,0,0,0
0,1,481241,0,0,0,0,0,0,0,0,0,0
1,1,481241,0,0,0,0,0,0,0,0,0,7
1,1,481242,26,26,26,26,26,26,26,26,26,26
0,1,481243,13,26,0,0,0,28,11,28,6,29
1,1,481243,0,13,25,21,31,20,16,12,0,9
1,1,481244,28,11,19,21,23,24,18,49,19,12
1,1,481245,0,0,0,0,0,0,0,0,0,0
2,1,481245,0,0,0,0,0,0,0,0,0,0
1,1,481246,0,0,0,0,0,0,0,0,0,21
2,1,481246,9,0,0,0,0,14,21,0,0,0
3,1,481246,0,0,0,0,0,0,0,0,0,0
0,1,481247,25,25,25,25,25,25,25,25,25,25
1,1,481247,0,0,5,0,0,0,0,0,7,0
1,1,481248,0,0,0,0,0,0,0,0,0,0
1,1,481249,0,15,0,0,0,0,0,0,0,0
2,1,481249,24,0,0,0,0,0,0,0,10,0
1,1,481250,0,0,0,0,0,0,0,0,0,0
0,1,481251,0,0,0,0,0,0,0,0,0,0
1,1,481251,0,8,0,0,0,12,0,12,0,0
1,1,481252,15,15,15,15,15,15,15,15,15,15
1,1,481253,18,18,8,14,33,18,24,3,15,0
1,1,481254,12,11,9,13,17,16,10,13,19,0
1,1,481255,30,18,23,8,6,25,14,17,6,20
1,1,481256,0,0,0,0,20,22,0,0,0,0
2,1,481256,0,0,0,0,0,0,0,0,0,0
1,1,481257,24,24,24,24,24,24,24,24,24,24
1,1,481258,0,0,0,0,0,0,0,0,0,0
1,1,481259,0,0,0,21,0,0,0,0,0,0
1,1,481260,8,8,8,8,8,8,8,8,8,8
1,1,481261,0,0,0,0,0,0,0,0,0,0
2,1,481261,0,0,0,10,0,0,0,0,0,0
1,1,481262,0,0,0,0,0,0,0,0,0,0
2,1,481262,0,16,25,0,0,0,8,0,0,17
1,1,481263,6,6,6,6,6,6,6,6,6,6
2,1,481263,0,0,7,0,0,0,0,0,0,0
3,1,481263,10,0,0,0,0,13,8,0,0,9
4,1,481263,17,0,0,0,20,0,0,0,0,0
1,1,481264,0,0,0,0,0,0,0,0,0,0
2,1,481264,0,0,0,0,0,0,0,0,0,0
1,1,481265,27,27,27,27,27,27,27,27,27,27
1,1,481266,0,0,0,0,0,0,0,0,0,0
2,1,481266,0,0,0,0,0,0,0,0,0,0
3,1,481266,0,0,0,0,0,0,0,0,0,0
4,1,481266,0,0,0,0,0,0,0,0,0,0
1,1,481267,0,10,0,0,0,0,0,0,0,0
2,1,481267,1,1,1,1,1,1,1,1,1,1
0,1,481268,0,0,0,13,0,0,0,0,0,0
1,1,481268,0,0,0,0,0,0,0,0,0,0
1,1,481269,0,0,0,0,0,0,0,0,0,0
1,1,481270,12,4,0,22,17,0,0,0,0,0
2,1,481270,0,10,0,0,10,0,0,0,0,0
3,1,481270,0,0,0,10,0,0,0,11,6,0
1,1,481271,0,0,0,0,0,0,0,0,0,0
2,1,481271,0,0,3,0,0,15,0,10,0,0
3,1,481271,0,0,0,0,0,0,0,0,4,0
4,1,481271,0,8,0,0,6,7,0,0,0,0
5,1,481271,0,0,0,0,0,0,0,16,11,0
1,1,481272,16,16,16,16,16,16,16,16,16,16
2,1,481272,5,0,9,0,0,1,19,0,0,0
1,1,481273,16,16,16,16,16,16,16,16,16,16
1,1,481274,24,8,7,18,0,19,17,13,15,35
1,1,481275,27,27,27,27,27,27,27,27,27,27
2,1,481275,0,0,0,0,0,0,0,13,0,0
1,1,481276,1,1,1,1,1,1,1,1,1,1
2,1,481276,0,0,0,0,0,0,0,0,0,0
3,1,481276,16,0,0,0,0,0,0,9,7,0
1,1,481277,0,11,0,0,0,0,0,0,0,0
2,1,481277,0,0,15,20,12,0,0,22,19,8
1,1,481278,0,0,0,0,0,0,0,0,0,0
1,1,481279,7,7,7,7,7,7,7,7,7,7
1,1,481280,0,0,0,0,0,0,0,8,0,0
2,1,481280,9,9,0,11,0,0,0,0,0,0
1,1,481281,0,0,0,0,0,0,0,0,0,0
2,1,481281,0,0,0,0,0,0,0,0,0,0
3,1,481281,0,0,0,0,0,0,0,0,0,0
4,1,481281,0,0,0,0,0,0,0,0,0,0
1,1,481282,0,0,0,0,0,0,0,0,8,0
2,1,481282,0,0,0,0,0,0,0,0,0,0
1,1,481283,0,0,0,0,0,0,0,0,0,0
2,1,481283,0,0,0,0,0,0,0,0,0,0
1,1,481284,10,10,10,10,10,10,10,10,10,10
1,1,481285,0,0,0,0,0,0,0,0,0,0
2,1,481285,0,0,0,0,0,0,0,0,0,0
1,1,481286,26,26,26,26,26,26,26,26,26,26
1,1,481287,0,0,0,0,0,0,0,7,0,0
2,1,481287,0,0,0,0,11,19,0,0,0,0
1,1,481288,0,0,0,0,0,0,0,0,0,0
2,1,481288,0,0,0,0,0,0,0,0,0,0
1,1,481289,0,0,0,0,0,0,0,0,0,21
2,1,481289,10,0,0,7,0,5,0,10,9,0
3,1,481289,0,0,0,0,0,13,0,0,0,0
1,1,481290,0,0,0,0,0,0,0,0,0,0
1,1,481291,28,0,0,0,19,0,0,0,0,0
1,1,481292,2,2,2,2,2,2,2,2,2,2
2,1,481292,0,0,0,0,11,0,12,0,0,0
1,1,481293,31,9,21,26,29,20,15,19,18,8
1,1,481294,0,0,0,0,0,0,0,0,0,0
0,1,481295,0,0,0,0,0,0,0,0,0,0
1,1,481295,0,0,0,0,0,0,0,0,0,0
1,1,481296,20,20,20,20,20,20,20,20,20,20
1,1,481297,14,14,14,14,14,14,14,14,14,14
1,1,481298,27,27,27,27,27,27,27,27,27,27
0,1,481299,18,18,18,18,18,18,18,18,18,18
1,1,481299,0,0,0,0,0,0,0,0,0,0
1,1,481300,0,0,0,0,0,0,12,0,0,0
2,1,481300,0,0,0,0,0,0,0,0,0,0
1,1,481301,22,22,22,22,22,22,22,22,22,22
1,1,481302,0,0,0,0,0,0,0,0,0,0
1,1,481303,0,0,0,0,0,0,0,0,0,0
0,1,481304,4,0,3,0,0,11,0,0,0,0
0,2,481304,0,0,29,0,23,0,30,0,0,0
1,1,481304,0,0,0,0,0,11,0,0,0,0
1,1,481305,25,25,25,25,25,25,25,25,25,25
1,1,481306,14,6,21,3,7,15,0,34,9,21
2,1,481306,0,15,14,12,0,21,0,26,0,0
3,1,481306,0,0,0,0,0,0,0,0,0,0
1,1,481307,2,2,2,2,2,2,2,2,2,2
1,1,481308,0,25,17,33,0,0,0,0,0,0
2,1,481308,0,0,0,0,0,0,0,0,0,0
1,1,481309,0,0,0,0,0,0,0,0,0,0
1,1,481310,0,0,0,0,0,0,0,0,0,0
1,1,481311,23,23,23,23,23,23,23,23,23,23
1,1,481312,0,4,12,0,0,20,0,0,12,0
1,1,481313,16,16,16,16,16,16,16,16,16,16
2,1,481313,3,3,3,3,3,3,3,3,3,3
1,1,481314,22,22,22,22,22,22,22,22,22,22
1,1,481315,1,1,1,1,1,1,1,1,1,1