VEH_NO,PER_NO,ST_CASE,P1,P2,P3,P4,P5,P6,P7,P8,P9,P10
1,1,481316,0,0,0,0,0,0,0,0,0,0
1,1,481317,0,0,0,0,0,0,0,0,0,0
2,1,481317,0,0,0,0,0,0,8,0,0,0
3,1,481317,0,0,0,0,0,0,0,0,0,0
1,1,481318,8,8,8,8,8,8,8,8,8,8
1,1,481319,0,0,0,0,15,0,0,0,0,0
2,1,481319,0,0,0,0,0,0,0,0,0,0
3,1,481319,3,0,0,0,0,0,0,0,0,0
1,1,481320,2,2,2,2,2,2,2,2,2,2
2,1,481320,7,0,7,9,0,10,6,0,9,19
1,1,481321,18,18,18,18,18,18,18,18,18,18
1,1,481322,0,0,0,0,0,0,0,0,0,0
2,1,481322,25,25,25,25,25,25,25,25,25,25
1,1,481323,16,0,0,0,0,0,0,17,0,0
0,1,481324,0,0,0,25,0,15,0,14,0,0
1,1,481324,0,0,0,0,0,0,0,0,0,0
1,1,481325,0,0,0,0,0,0,0,0,0,0
2,1,481325,0,0,0,0,0,0,0,0,0,0
1,1,481326,0,7,0,0,0,0,0,0,0,0
1,1,481327,17,17,17,17,17,17,17,17,17,17
0,1,481328,0,0,0,0,0,31,0,0,0,37
1,1,481328,0,0,0,0,0,0,0,0,0,0
1,1,481329,0,12,0,6,12,8,13,0,0,7
2,1,481329,0,0,0,0,0,0,0,0,0,0
1,1,481330,0,0,0,0,0,0,0,0,0,0
2,1,481330,0,0,0,0,0,0,0,0,0,0
1,1,481331,0,0,0,0,0,0,0,0,0,0
2,1,481331,0,0,0,0,0,0,0,0,0,0
1,1,481332,0,0,0,0,0,0,0,0,0,0
1,1,481333,10,0,0,0,0,17,0,0,0,0
2,1,481333,0,12,0,12,7,17,11,2,0,9
3,1,481333,0,0,0,0,0,0,0,0,0,0
1,1,481334,0,0,0,0,0,0,0,0,0,0
1,1,481335,0,0,0,0,0,0,0,0,0,0
2,1,481335,0,0,0,0,0,0,0,0,0,0
1,1,481336,7,7,7,7,7,7,7,7,7,7
1,1,481337,0,0,0,0,0,0,0,0,0,0
1,1,481338,0,0,0,0,0,0,0,0,0,0
2,1,481338,0,0,0,0,0,0,0,19,0,0
1,1,481339,0,0,0,0,0,0,0,0,0,0
1,1,481340,11,11,11,11,11,11,11,11,11,11
1,1,481341,0,13,19,0,10,10,8,0,11,4
2,1,481341,0,0,0,0,0,0,0,7,0,0
1,1,481342,23,23,23,23,23,23,23,23,23,23
1,1,481343,0,0,0,0,0,0,0,0,0,0
2,1,481343,0,0,0,0,0,0,0,0,0,0
1,1,481344,0,0,0,0,0,0,0,0,0,0
1,1,481345,0,12,17,12,7,0,0,14,27,10
1,1,481346,0,0,0,0,0,0,0,0,0,0
1,1,481347,21,21,21,21,21,21,21,21,21,21
1,1,481348,0,0,0,0,0,0,0,0,0,0
1,1,481349,0,0,0,0,17,0,0,0,0,0
1,1,481350,0,0,0,0,0,0,0,0,0,0
1,1,481351,15,15,15,15,15,15,15,15,15,15
1,1,481352,0,0,14,0,12,0,0,0,0,5
1,1,481353,0,0,0,0,0,0,0,0,0,0
2,1,481353,0,0,0,0,0,0,0,0,0,0
1,1,481354,0,0,0,0,18,0,37,27,11,0
1,1,481355,0,0,0,0,0,0,0,0,18,13
1,1,481356,0,0,0,0,0,0,0,0,0,0
1,1,481357,0,0,0,0,0,0,0,0,0,0
2,1,481357,0,0,0,0,0,0,0,0,0,0
1,1,481358,2,2,2,2,2,2,2,2,2,2
0,1,481359,45,45,45,45,45,45,45,45,45,45
1,1,481359,0,0,0,0,0,0,0,15,0,0
2,1,481359,0,0,0,0,0,0,0,0,0,0
1,1,481360,0,0,0,0,0,0,0,0,0,0
1,1,481361,29,29,29,29,29,29,29,29,29,29
1,1,481362,31,28,13,13,9,16,19,24,12,15
1,1,481363,34,34,34,34,34,34,34,34,34,34
1,1,481364,0,0,0,0,0,0,0,0,0,0
1,1,481365,0,0,0,0,0,0,0,0,0,0
2,1,481365,0,8,0,0,0,0,0,0,0,0
3,1,481365,0,0,0,0,0,0,0,0,0,0
4,1,481365,17,0,0,0,0,0,0,0,0,0
1,1,481366,0,0,0,0,0,0,0,0,0,0
0,1,481367,19,19,19,19,19,19,19,19,19,19
1,1,481367,0,13,0,0,15,6,0,0,0,0
1,1,481368,14,19,8,12,14,0,0,8,22,0
1,1,481369,0,0,0,0,0,0,0,0,0,0
1,1,481370,0,0,0,0,10,0,0,0,0,0
0,1,481371,0,29,14,0,20,0,0,3,8,28
1,1,481371,13,9,0,0,0,0,0,17,0,0
1,1,481372,29,29,29,29,29,29,29,29,29,29
1,1,481373,0,0,12,0,0,0,0,0,0,0
1,1,481374,0,0,0,0,0,0,0,0,0,0
0,1,481375,30,30,30,30,30,30,30,30,30,30
1,1,481375,21,0,0,0,0,0,0,0,0,0
0,1,481376,16,16,16,16,16,16,16,16,16,16
1,1,481376,0,0,0,0,0,0,0,0,0,8
1,1,481377,0,0,0,0,0,0,0,0,0,0
2,1,481377,0,0,0,0,0,0,0,0,0,0
0,1,481378,0,13,0,0,0,0,0,0,0,21
1,1,481378,0,0,0,0,0,0,0,0,0,0
1,1,481379,20,20,20,20,20,20,20,20,20,20
1,1,481380,0,0,0,0,0,0,0,0,0,0
2,1,481380,0,0,0,0,0,0,0,0,0,0
1,1,481381,0,0,0,0,0,0,0,0,0,0
2,1,481381,8,34,31,21,0,17,18,13,22,15
3,1,481381,0,18,0,0,0,9,10,0,0,0
1,1,481382,0,0,0,0,0,0,0,0,0,0
2,1,481382,0,0,0,0,0,0,0,0,0,0
1,1,481383,0,0,0,0,0,0,0,0,0,0
2,1,481383,0,0,0,0,0,0,0,0,0,0
3,1,481383,0,0,0,0,0,0,0,0,0,0
1,1,481384,10,10,10,10,10,10,10,10,10,10
2,1,481384,6,0,0,0,7,0,5,25,0,0
1,1,481385,17,17,17,17,17,17,17,17,17,17
1,1,481386,0,0,0,0,0,0,0,0,0,0
2,1,481386,0,0,0,0,0,0,0,0,0,0
1,1,481388,0,0,32,0,0,13,0,0,0,19
0,1,481389,14,0,0,23,18,0,0,12,30,18
1,1,481389,0,0,0,0,0,0,0,0,0,0
1,1,481390,21,21,21,21,21,21,21,21,21,21
1,1,481391,8,8,8,8,8,8,8,8,8,8
2,1,481391,0,0,0,0,0,0,0,0,0,0
1,1,481392,0,0,0,0,0,0,0,0,0,0
2,1,481392,0,0,0,0,0,0,0,0,0,0
1,1,481393,1,1,1,1,1,1,1,1,1,1
2,1,481393,0,0,0,0,0,0,0,0,7,0
1,1,481394,16,15,5,25,13,19,13,23,13,13
2,1,481394,0,0,9,0,0,0,0,0,12,16
1,1,481395,0,0,19,0,0,0,0,11,12,14
2,1,481395,5,0,0,18,0,0,0,0,0,0
1,1,481396,7,0,0,0,0,0,0,16,0,0
1,1,481397,15,15,15,15,15,15,15,15,15,15
1,1,481398,0,0,0,0,0,0,0,0,0,0
2,1,481398,0,0,0,0,0,0,0,0,0,0
1,1,481399,14,14,14,14,14,14,14,14,14,14
2,1,481399,37,37,37,37,37,37,37,37,37,37
1,1,481400,10,17,15,22,13,24,32,3,20,23
1,1,481401,42,0,9,0,0,16,11,0,11,6
2,1,481401,0,0,0,0,0,0,0,0,2,0
1,1,481402,0,0,0,0,0,0,0,0,0,0
2,1,481402,0,0,0,0,0,0,0,0,0,0
1,1,481403,0,0,0,14,0,0,0,0,0,0
2,1,481403,20,0,0,0,0,7,0,0,0,0
1,1,481404,0,0,0,0,0,0,0,0,0,0
2,1,481404,0,0,0,0,0,0,0,0,0,0
1,1,481405,32,32,32,32,32,32,32,32,32,32
1,1,481406,0,0,0,0,0,18,0,0,24,0
1,1,481407,0,0,0,0,0,0,0,0,0,0
0,1,481408,14,0,0,0,0,0,0,0,0,0
1,1,481408,0,0,0,0,0,0,0,0,0,0
1,1,481409,12,27,0,0,18,17,12,8,12,16
1,1,481410,0,0,0,0,0,0,0,0,0,0
2,1,481410,0,0,0,16,0,0,0,0,0,0
1,1,481411,17,17,17,17,17,17,17,17,17,17
1,1,481412,0,0,0,0,0,0,0,0,0,0
1,1,481413,0,0,0,12,0,0,0,0,0,0
1,1,481414,0,0,0,0,0,0,0,0,0,0
1,1,481415,24,22,20,21,10,19,38,13,5,23
1,1,481416,7,7,7,7,7,7,7,7,7,7
0,1,481417,9,24,0,11,0,0,25,0,29,0
1,1,481417,0,0,10,0,0,0,0,0,0,0
1,1,481418,0,0,0,0,0,0,0,0,0,0
2,1,481418,0,0,0,0,0,0,0,0,0,0
1,1,481419,13,0,0,0,0,0,0,0,5,0
1,1,481420,0,0,0,0,0,0,0,0,0,0
2,1,481420,0,0,0,0,0,0,0,0,0,0
3,1,481420,0,0,0,0,0,22,0,0,4,0
4,1,481420,0,0,0,0,0,0,0,0,0,0
1,1,481421,4,0,0,0,0,0,0,0,0,0
2,1,481421,0,0,2,12,20,0,5,0,0,9
1,1,481422,0,0,0,0,0,0,0,0,0,0
2,1,481422,0,0,0,0,0,0,0,0,0,0
1,1,481423,0,0,0,0,0,0,0,0,0,0
1,1,481424,0,0,26,0,0,6,0,16,0,0
1,1,481425,0,0,0,0,3,0,0,0,0,0
2,1,481425,0,0,0,0,13,0,0,36,8,0
1,1,481426,0,0,0,0,0,0,0,0,4,0
1,1,481427,14,14,19,18,29,0,0,46,32,5
1,1,481428,0,0,0,0,0,0,0,0,0,0
2,1,481428,0,0,0,0,0,0,0,0,0,0
1,1,481429,10,10,10,10,10,10,10,10,10,10
1,1,481430,0,0,0,0,0,0,0,0,0,0
2,1,481430,0,0,0,0,0,0,0,0,0,0
3,1,481430,0,0,0,0,0,0,0,0,0,0
1,1,481431,29,29,29,29,29,29,29,29,29,29
1,1,481432,0,0,0,0,0,0,0,0,0,0
1,1,481433,14,0,24,0,0,9,0,0,0,0
1,1,481434,0,0,0,0,0,0,0,0,0,0
1,1,481435,12,12,12,12,12,12,12,12,12,12
1,1,481436,0,10,0,0,0,0,9,0,0,0
2,1,481436,0,0,0,0,0,0,0,0,0,0
1,1,481437,19,19,19,19,19,19,19,19,19,19
1,1,481438,0,0,0,0,0,0,0,0,0,0
2,1,481438,0,0,0,0,0,0,0,0,0,0
1,1,481439,0,0,3,0,0,0,0,0,0,0
2,1,481439,9,0,0,0,24,0,0,0,0,0
3,1,481439,0,0,0,0,0,0,0,0,0,0
0,1,481440,0,0,0,0,0,0,0,0,0,0
1,1,481440,7,0,0,0,0,0,0,0,0,0
1,1,481441,0,0,0,0,0,13,0,0,0,0
2,1,481441,0,0,0,0,0,0,0,0,0,0
1,1,481442,0,0,0,0,0,0,0,0,0,0
2,1,481442,0,0,0,0,0,0,0,0,0,0
1,1,481443,0,0,0,0,0,0,0,0,0,0
2,1,481443,0,0,0,0,0,0,0,0,0,0
1,1,481444,0,0,0,0,0,0,0,14,0,0
2,1,481444,0,0,0,0,0,0,0,0,0,0
1,1,481445,0,0,0,0,0,0,0,0,0,0
2,1,481445,0,0,0,0,0,0,0,0,0,0
1,1,481446,0,0,3,0,0,0,0,0,0,12
2,1,481446,0,0,0,0,0,15,0,0,0,0
1,1,481447,25,25,25,25,25,25,25,25,25,25
1,1,481448,4,4,4,4,4,4,4,4,4,4
2,1,481448,0,0,0,0,0,0,0,0,0,0
3,1,481448,0,0,0,0,0,0,0,0,0,0
4,1,481448,0,0,0,0,0,0,0,12,0,0
1,1,481449,11,11,11,11,11,11,11,11,11,11
0,1,481450,0,0,0,0,0,0,0,0,0,0
1,1,481451,27,28,7,16,19,23,21,14,25,17
1,1,481452,22,22,22,22,22,22,22,22,22,22
1,1,481453,0,0,0,0,0,0,0,0,0,0
0,1,481454,0,0,0,0,13,0,0,8,0,0
1,1,481454,0,0,17,0,0,0,19,0,11,0
1,1,481455,0,0,0,0,0,0,0,0,0,0
2,1,481455,0,0,0,0,0,0,0,0,0,0
1,1,481456,0,0,0,0,0,0,0,0,0,0
2,1,481456,0,0,0,0,0,0,0,0,0,0
0,1,481457,0,0,0,0,0,0,0,0,0,0
1,1,481457,15,0,0,0,9,0,0,0,0,0
1,1,481458,2,2,2,2,2,2,2,2,2,2
2,1,481458,0,0,0,0,0,0,0,0,0,0
1,1,481459,7,8,0,0,8,16,3,5,0,24
1,1,481460,12,13,26,14,24,15,18,22,35,15
1,1,481461,0,0,0,0,0,22,10,0,0,0
1,1,481462,0,0,5,0,0,0,0,0,0,0
2,1,481462,0,0,0,0,0,0,19,0,15,0
1,1,481463,0,0,0,0,0,0,0,0,11,0
1,1,481464,0,0,0,0,0,0,0,0,0,0
2,1,481464,25,0,0,35,11,0,0,0,8,18
0,1,481465,24,4,0,0,0,0,18,0,9,24
1,1,481465,0,14,0,0,2,0,0,0,6,0
0,1,481466,0,16,28,0,0,16,0,25,24,28
1,1,481466,0,0,0,0,0,0,0,0,0,0
0,1,481467,0,0,0,0,0,0,0,0,0,0
1,1,481467,0,2,0,0,0,0,15,0,0,0
1,1,481468,0,0,0,0,0,0,0,0,0,0
2,1,481468,0,0,0,0,0,0,0,0,8,0
1,1,481469,20,20,20,20,20,20,20,20,20,20
1,1,481470,0,0,0,0,0,0,0,0,0,9
2,1,481470,0,0,0,0,0,0,0,8,0,0
1,1,481471,0,0,0,0,0,0,0,0,0,0
1,1,481472,0,0,0,0,0,0,0,0,0,0
2,1,481472,0,0,0,0,0,0,0,0,0,0
1,1,481473,19,19,19,19,19,19,19,19,19,19
1,1,481474,0,0,7,0,15,8,0,0,17,0
2,1,481474,0,0,0,8,0,0,0,0,0,0
1,1,481475,25,25,25,25,25,25,25,25,25,25
1,1,481476,12,12,12,12,12,12,12,12,12,12
0,1,481477,24,24,24,24,24,24,24,24,24,24
1,1,481477,0,31,11,0,2,8,0,0,0,0
1,1,481478,0,4,21,19,0,14,14,11,0,0
2,1,481478,0,5,0,0,0,0,14,0,0,0
1,1,481479,0,0,0,0,0,0,0,0,0,0
2,1,481479,0,0,0,0,0,0,0,0,0,0
1,1,481480,0,0,0,0,0,0,0,0,0,0
2,1,481480,0,0,0,0,0,0,0,0,0,0
3,1,481480,0,17,0,0,0,0,0,0,0,0
4,1,481480,0,0,0,0,0,0,0,0,0,0
1,1,481481,0,0,0,0,0,0,0,0,0,0
1,1,481482,26,26,26,26,26,26,26,26,26,26
0,1,481483,21,16,12,0,17,44,16,28,17,21
1,1,481483,0,14,22,11,0,0,0,0,0,0
1,1,481484,29,29,29,29,29,29,29,29,29,29
2,1,481484,0,0,5,0,0,0,0,0,6,0
1,1,481485,0,0,0,0,0,5,0,0,0,0
2,1,481485,0,0,0,0,0,0,0,0,0,0
1,1,481486,0,0,0,0,0,0,0,0,0,0
2,1,481486,0,0,0,0,0,0,0,0,0,0
1,1,481487,0,0,0,0,0,0,24,0,0,6
2,1,481487,0,0,0,0,0,0,0,0,0,0
0,1,481488,0,0,0,0,0,0,0,0,0,0
1,1,481488,0,0,0,0,28,0,10,8,0,6
1,1,481489,0,0,0,0,0,0,0,0,0,0
2,1,481489,14,14,14,14,14,14,14,14,14,14
1,1,481490,5,5,5,5,5,5,5,5,5,5
2,1,481490,0,0,0,0,0,0,0,0,0,0
1,1,481491,0,0,0,0,0,0,0,0,0,0
2,1,481491,0,0,0,0,0,0,0,0,0,0
1,1,481492,0,0,0,0,0,0,0,0,0,0
2,1,481492,0,0,0,0,0,0,0,0,0,0
0,1,481493,0,16,21,0,0,12,0,24,16,20
0,2,481493,0,51,11,13,0,0,25,11,25,11
1,1,481493,17,14,0,0,12,8,0,0,0,0
1,1,481494,1,1,1,1,1,1,1,1,1,1
1,1,481495,0,0,17,0,0,0,26,0,0,0
1,1,481496,0,0,0,14,0,0,22,0,0,0
1,1,481497,0,0,0,0,0,0,0,0,0,0
0,1,481498,0,0,0,0,0,0,0,0,0,0
1,1,481498,0,0,0,0,0,0,0,0,0,0
1,1,481499,15,0,14,20,0,0,0,14,0,0
1,1,481500,9,9,9,9,9,9,9,9,9,9
1,1,481501,0,20,0,18,13,23,18,8,0,0
1,1,481502,0,0,17,0,0,0,0,8,0,0
1,1,481503,24,0,28,0,33,0,0,0,0,0
1,1,481504,0,0,0,0,0,0,0,0,0,0
2,1,481504,0,0,0,0,0,0,0,12,0,0
1,1,481505,16,16,16,16,16,16,16,16,16,16
1,1,481506,0,0,0,0,9,8,0,15,2,16
2,1,481506,0,0,0,0,0,0,0,0,0,0
1,1,481507,0,0,0,0,0,0,0,18,0,0
1,1,481508,0,0,0,0,0,0,0,0,0,0
2,1,481508,0,0,0,0,0,0,14,8,0,11
1,1,481509,0,0,0,0,0,0,0,0,0,0
2,1,481509,24,0,22,0,0,0,0,9,5,0
1,1,481510,0,0,0,0,0,0,0,0,0,0
2,1,481510,0,0,0,0,0,0,0,0,0,0
1,1,481511,0,0,0,0,0,0,0,0,0,0
0,1,481512,32,32,32,32,32,32,32,32,32,32
1,1,481512,19,19,19,19,19,19,19,19,19,19
1,1,481513,0,0,0,0,0,0,0,0,0,0
1,1,481514,0,0,0,0,0,0,0,0,0,0
0,1,481515,13,0,0,0,12,0,0,0,0,0
1,1,481515,0,0,0,0,0,0,0,0,0,0
0,1,481516,0,20,41,0,12,0,0,18,23,6
1,1,481516,0,0,0,0,0,0,0,0,0,0
1,1,481517,0,0,0,0,0,0,0,0,0,0
1,1,481518,0,6,0,0,0,19,0,0,0,0
2,1,481518,0,0,0,0,0,0,0,0,0,0
1,1,481519,26,26,26,26,26,26,26,26,26,26
1,1,481520,0,0,0,0,0,0,0,0,0,0
0,1,481521,38,38,38,38,38,38,38,38,38,38
1,1,481521,12,0,0,0,4,4,15,0,3,0
1,1,481522,16,16,16,16,16,16,16,16,16,16
1,1,481524,0,0,0,0,0,0,0,0,0,0
2,1,481524,0,0,0,0,0,0,0,0,0,0
1,1,481525,0,0,0,0,0,0,0,0,0,0
1,1,481526,0,0,0,0,0,0,0,0,0,0
2,1,481526,0,0,0,0,0,0,13,0,0,0
0,1,481527,0,0,0,0,0,0,0,0,0,0
1,1,481527,0,0,0,0,0,0,0,0,0,0
1,1,481528,27,27,27,27,27,27,27,27,27,27
1,1,481529,0,0,0,0,0,0,0,0,0,0
2,1,481529,0,0,0,10,0,0,17,0,0,5
0,1,481530,11,0,15,0,0,19,0,0,0,0
0,1,481531,0,0,0,0,0,0,0,0,0,0
1,1,481531,0,0,0,0,0,0,0,0,0,0
1,1,481532,43,22,11,31,13,17,14,11,27,4
0,1,481533,4,4,4,4,4,4,4,4,4,4
1,1,481533,0,0,0,0,0,0,0,0,0,0
1,1,481534,17,17,17,17,17,17,17,17,17,17
0,1,481535,0,26,0,6,18,17,33,11,18,15
1,1,481535,6,0,7,0,19,0,3,0,16,0
0,1,481536,0,0,0,0,8,0,0,0,30,0
1,1,481536,0,0,0,0,0,0,0,0,0,0
2,1,481536,0,0,0,0,0,0,0,0,0,0
3,1,481536,0,0,0,0,0,0,0,0,0,0
5,1,481536,0,0,0,0,0,0,0,0,0,0
1,1,481537,16,16,16,16,16,16,16,16,16,16
1,1,481538,14,14,14,14,14,14,14,14,14,14
1,1,481539,0,0,0,0,0,0,0,0,0,0
1,1,481540,19,19,19,19,19,19,19,19,19,19
0,1,481541,0,0,0,0,0,0,26,35,0,0
0,2,481541,0,11,0,0,0,0,0,0,0,0
1,1,481541,0,10,12,15,0,0,20,9,0,0
1,1,481542,0,0,0,0,0,0,0,0,0,0
2,1,481542,0,0,0,0,0,0,0,0,0,0
1,1,481543,0,0,0,0,0,0,0,0,0,0
1,1,481544,0,0,0,0,0,0,0,0,0,9
2,1,481544,20,20,20,20,20,20,20,20,20,20
0,1,481545,0,0,0,0,0,0,0,0,0,0
1,1,481545,0,0,0,0,0,0,0,0,0,0
1,1,481546,18,29,25,20,6,35,25,21,7,11
1,1,481547,3,3,3,3,3,3,3,3,3,3
0,1,481548,36,36,36,36,36,36,36,36,36,36
1,1,481548,0,0,0,5,8,0,0,0,0,0
2,1,481548,0,0,0,0,21,0,0,0,0,0
3,1,481548,0,24,0,0,0,0,0,0,12,20
1,1,481549,0,0,0,0,0,0,0,0,0,0
2,1,481549,0,0,0,0,0,0,0,0,0,0
3,1,481549,0,0,0,0,0,0,0,0,0,0
1,1,481550,0,0,0,0,0,0,0,0,0,0
2,1,481550,0,0,0,0,0,0,0,0,0,0
1,1,481551,25,25,25,25,25,25,25,25,25,25
1,1,481552,0,0,0,0,0,0,0,0,0,0
2,1,481552,0,0,0,0,0,0,0,0,0,0
3,1,481552,0,0,0,0,0,0,0,0,0,0
4,1,481552,0,0,0,0,0,0,0,0,15,0
2,1,481553,0,0,0,0,0,0,11,0,0,16
1,1,481554,0,0,0,0,0,0,0,0,0,0
2,1,481554,0,0,0,0,0,0,0,0,0,0
3,1,481554,0,0,0,0,0,0,0,0,0,0
1,1,481555,0,0,0,0,0,0,0,0,17,0
2,1,481555,0,0,0,0,0,0,0,0,0,0
1,1,481556,0,0,0,0,9,0,0,0,0,0
1,1,481557,0,0,0,0,0,0,0,0,0,0
2,1,481557,0,0,0,0,0,0,0,0,0,0
1,1,481558,0,0,0,0,0,0,0,0,0,0
1,1,481559,13,2,10,26,0,17,16,25,15,12
1,1,481560,15,0,26,17,0,23,22,26,28,20
1,1,481561,25,0,0,0,0,21,0,41,0,0
1,1,481562,0,0,0,0,6,0,0,0,8,0
1,1,481563,17,17,17,17,17,17,17,17,17,17
1,1,481564,3,3,3,3,3,3,3,3,3,3
0,1,481565,7,7,7,7,7,7,7,7,7,7
1,1,481565,0,19,0,6,11,20,0,0,0,0
1,1,481566,0,0,0,0,0,0,0,0,0,0
2,1,481566,0,0,0,0,0,0,0,0,0,0
1,1,481567,20,12,0,0,3,0,4,7,22,0
1,1,481568,16,16,16,16,16,16,16,16,16,16
0,1,481569,0,0,0,0,0,0,0,0,0,0
1,1,481569,0,0,0,0,10,0,0,12,0,0
1,1,481570,0,0,0,0,0,0,0,0,0,0
1,1,481571,22,20,0,19,0,0,0,16,26,21
2,1,481571,0,0,0,0,0,0,0,0,0,0
1,1,481572,22,22,22,22,22,22,22,22,22,22
2,1,481572,0,0,0,0,0,0,0,0,0,0
1,1,481573,0,0,0,0,0,0,0,0,0,0
2,1,481573,0,0,0,0,0,0,0,0,0,0
3,1,481573,0,0,0,0,0,0,0,0,0,0
4,1,481573,0,0,0,0,0,0,0,0,0,0
1,1,481574,0,0,0,0,0,0,0,0,0,0
2,1,481574,0,0,0,0,0,10,0,0,0,0
0,1,481575,0,0,0,0,0,0,0,0,0,0
1,1,481575,16,0,0,0,0,0,0,0,0,0
1,1,481576,21,21,21,21,21,21,21,21,21,21
1,1,481577,0,8,19,16,0,12,17,0,15,8
1,1,481578,0,0,0,0,0,0,0,0,0,0
1,1,481579,0,0,0,0,0,0,0,0,0,0
1,1,481580,17,17,17,17,17,17,17,17,17,17
1,1,481581,8,31,24,23,22,14,14,16,15,35
1,1,481582,26,26,26,26,26,26,26,26,26,26
2,1,481582,0,0,0,15,0,0,10,0,0,0
1,1,481583,0,0,0,0,0,0,0,0,0,0
2,1,481583,0,0,5,0,0,0,0,0,0,0
3,1,481583,0,9,18,0,0,0,0,0,0,0
1,1,481584,28,14,32,9,10,15,2,0,11,16
2,1,481584,12,13,9,14,18,20,12,20,22,12
1,1,481585,0,0,0,0,0,0,0,0,0,0
2,1,481585,12,0,0,0,0,0,0,0,14,3
1,1,481586,0,0,0,0,0,0,0,0,0,0
2,1,481586,0,0,0,0,0,0,0,0,0,0
1,1,481587,0,7,23,21,0,0,0,0,0,10
1,1,481588,0,0,0,0,0,0,0,0,0,0
2,1,481588,0,0,0,0,0,0,0,0,0,0
1,1,481589,0,0,0,0,0,0,0,0,0,0
1,1,481590,10,10,10,10,10,10,10,10,10,10
1,1,481591,0,0,0,0,0,0,0,0,0,0
2,1,481591,0,0,0,0,0,26,0,16,0,0
1,1,481592,10,10,10,10,10,10,10,10,10,10
2,1,481592,0,0,0,0,0,0,0,0,0,0
1,1,481593,30,7,16,21,21,16,0,14,8,8
1,1,481594,17,17,17,17,17,17,17,17,17,17
1,1,481595,22,0,0,0,0,0,0,0,0,0
1,1,481596,0,0,0,0,0,0,0,0,0,0
2,1,481596,26,26,26,26,26,26,26,26,26,26
1,1,481597,4,4,4,4,4,4,4,4,4,4
2,1,481597,0,0,0,0,0,0,0,0,0,0
1,1,481598,0,0,29,0,19,0,0,18,0,0
1,1,481599,0,0,0,0,0,0,0,0,0,0
2,1,481599,8,8,8,8,8,8,8,8,8,8
1,1,481600,19,19,16,11,14,0,0,15,15,19
1,1,481601,37,13,0,0,0,0,0,33,36,0
2,1,481601,0,0,0,0,0,0,0,0,0,0
1,1,481602,15,15,15,15,15,15,15,15,15,15
1,1,481603,0,0,9,0,0,17,0,0,0,0
2,1,481603,0,0,5,0,0,0,0,0,0,0
3,1,481603,0,0,0,0,0,0,0,0,0,0
1,1,481604,24,24,24,24,24,24,24,24,24,24
2,1,481604,11,11,11,11,11,11,11,11,11,11
1,1,481605,0,0,0,0,0,0,0,0,0,0
2,1,481605,0,0,0,0,0,0,0,0,0,0
1,1,481606,24,24,24,24,24,24,24,24,24,24
1,1,481607,16,16,16,16,16,16,16,16,16,16
1,1,481608,0,0,0,0,0,0,0,0,0,0
2,1,481608,0,0,0,0,0,0,0,0,0,0
1,1,481609,0,0,0,0,0,0,0,0,0,0
2,1,481609,0,0,0,0,0,0,0,0,0,0
1,1,481610,0,0,0,24,0,0,0,0,0,24
1,1,481611,0,0,0,0,0,0,0,0,0,0
1,1,481612,0,0,0,0,0,0,0,0,0,0
2,1,481612,0,0,0,0,0,0,0,0,0,0
1,1,481613,21,21,21,21,21,21,21,21,21,21
1,1,481614,5,5,5,5,5,5,5,5,5,5
1,1,481615,0,0,0,0,0,0,0,0,0,0
2,1,481615,0,0,0,0,0,0,0,0,0,0
1,1,481616,0,0,0,0,25,0,0,0,0,0
2,1,481616,0,0,0,0,0,0,0,0,0,0
1,1,481617,9,9,9,9,9,9,9,9,9,9
1,1,481618,0,0,0,0,0,0,0,0,0,0
2,1,481618,0,0,0,0,0,0,0,0,0,0
1,1,481619,21,21,21,21,21,21,21,21,21,21
1,1,481620,19,19,19,19,19,19,19,19,19,19
2,1,481620,0,0,0,0,0,0,0,0,0,0
3,1,481620,8,0,9,0,0,0,3,11,0,0
1,1,481621,12,12,12,12,12,12,12,12,12,12
2,1,481621,19,14,19,0,0,0,0,0,19,8
1,1,481622,15,15,15,15,15,15,15,15,15,15
1,1,481623,17,0,0,0,0,0,0,0,0,0
1,1,481624,0,0,0,29,0,0,0,0,0,0
2,1,481624,0,0,0,0,0,0,0,0,0,0
1,1,481625,0,0,0,0,0,0,0,0,0,0
1,1,481626,5,5,5,5,5,5,5,5,5,5
1,1,481627,0,0,0,0,0,0,0,0,0,0
0,1,481628,0,0,27,0,31,0,0,19,0,7
1,1,481628,0,0,18,0,0,16,27,0,0,0
0,1,481629,0,0,0,0,0,0,0,0,0,0
1,1,481629,0,15,0,0,35,0,0,0,0,0
1,1,481630,0,0,0,0,0,11,0,14,29,0
1,1,481631,0,0,0,0,0,0,0,0,0,0
2,1,481631,0,0,0,0,7,0,0,0,0,0
1,1,481632,0,0,0,0,0,0,0,0,0,0
0,1,481634,10,0,0,0,0,0,0,21,19,0