VEH_NO,PER_NO,ST_CASE,P1,P2,P3,P4,P5,P6,P7,P8,P9,P10
0,2,481634,0,7,0,36,27,0,20,0,22,27
1,1,481634,26,26,26,26,26,26,26,26,26,26
0,1,481635,0,0,0,0,0,0,0,0,0,0
1,1,481635,9,0,0,0,0,0,22,17,23,0
1,1,481636,0,0,0,0,0,0,0,0,0,0
1,1,481637,17,17,17,17,17,17,17,17,17,17
1,1,481638,0,0,0,0,0,0,0,0,0,0
2,1,481638,0,0,0,0,0,0,0,0,0,0
1,1,481639,0,21,0,29,0,0,0,0,0,0
1,1,481640,17,0,0,5,11,15,17,0,7,0
2,1,481640,11,11,11,11,11,11,11,11,11,11
0,1,481641,9,9,9,9,9,9,9,9,9,9
1,1,481641,0,6,0,19,14,0,3,0,0,0
2,1,481641,0,0,8,18,0,8,0,0,25,21
1,1,481642,0,0,0,0,0,0,0,0,0,0
1,1,481643,7,0,0,0,0,0,0,0,0,0
2,1,481643,0,0,0,0,0,0,0,0,0,0
1,1,481644,0,0,0,0,0,0,0,0,0,0
2,1,481644,0,0,0,0,0,0,0,0,0,0
1,1,481645,0,0,0,0,0,0,0,0,0,0
2,1,481645,9,7,12,0,11,0,14,0,4,0
3,1,481645,5,0,0,0,0,0,0,0,0,0
1,1,481646,0,0,0,0,0,0,0,0,0,0
1,1,481647,26,26,26,26,26,26,26,26,26,26
1,1,481648,14,14,14,14,14,14,14,14,14,14
1,1,481649,0,0,0,0,0,0,0,0,0,0
2,1,481649,0,0,0,0,0,0,3,0,0,3
1,1,481650,2,2,2,2,2,2,2,2,2,2
2,1,481650,0,0,0,0,0,0,0,0,0,22
1,1,481651,0,0,0,0,0,0,0,0,0,0
2,1,481651,8,0,0,0,0,0,5,11,0,0
1,1,481652,0,0,0,0,0,0,0,0,0,21
1,1,481653,0,0,0,20,20,0,0,0,0,13
2,1,481653,14,9,0,0,3,0,0,2,0,0
0,1,481654,22,22,22,22,22,22,22,22,22,22
1,1,481654,8,2,6,0,0,0,12,0,0,0
1,1,481655,12,12,12,12,12,12,12,12,12,12
1,1,481656,0,0,0,0,0,0,0,0,0,0
0,1,481657,33,0,0,24,0,0,0,23,40,33
1,1,481657,0,0,0,0,0,0,0,0,0,0
3,1,481657,0,0,0,5,20,0,0,0,0,31
1,1,481658,0,0,0,0,0,0,0,0,0,0
2,1,481658,0,0,0,0,0,0,0,0,0,0
1,1,481659,14,5,24,14,0,0,0,19,18,18
1,1,481660,17,14,0,3,0,0,0,0,0,0
1,1,481661,0,0,0,0,0,0,29,0,15,0
2,1,481661,0,0,0,0,0,0,0,0,0,0
0,1,481662,18,0,0,0,14,0,0,15,0,0
1,1,481662,0,7,0,0,0,0,0,0,15,0
1,1,481663,0,0,0,0,0,0,0,0,0,0
2,1,481663,22,27,17,19,18,13,28,18,9,0
1,1,481664,11,13,20,18,17,18,10,9,17,14
1,1,481665,0,0,0,0,0,0,11,0,0,0
1,1,481666,5,0,8,11,5,3,7,7,16,19
2,1,481666,0,0,0,0,5,0,0,0,5,0
1,1,481667,32,0,0,0,4,22,30,0,0,8
1,1,481668,18,18,18,18,18,18,18,18,18,18
0,1,481669,34,25,0,0,17,31,26,8,24,13
1,1,481669,0,0,0,0,0,0,0,0,0,0
0,1,481670,0,0,0,0,0,0,0,0,0,0
1,1,481670,0,0,0,0,0,0,0,0,0,0
2,1,481670,0,0,0,0,0,0,0,0,5,0
1,1,481671,0,23,0,7,10,0,0,11,18,8
1,1,481672,0,0,0,0,0,0,0,0,0,0
2,1,481672,0,0,0,0,0,0,8,0,0,0
3,1,481672,0,0,0,0,0,17,0,0,0,0
1,1,481673,0,0,0,0,0,0,0,0,0,0
2,1,481673,0,0,0,0,0,0,0,0,0,0
1,1,481674,0,0,0,0,17,4,0,0,0,0
2,1,481674,0,0,0,0,0,0,0,0,0,0
1,1,481675,0,0,0,0,0,0,0,0,0,0
1,1,481676,14,0,0,21,0,35,18,28,0,0
1,1,481677,15,15,15,15,15,15,15,15,15,15
1,1,481678,0,0,0,0,0,0,0,0,0,0
2,1,481678,3,3,3,3,3,3,3,3,3,3
1,1,481679,0,0,0,0,0,0,0,0,0,0
1,1,481680,17,0,32,15,9,29,31,0,4,18
1,1,481681,0,0,0,0,0,0,0,0,0,0
1,1,481682,20,19,11,7,24,8,12,18,21,13
1,1,481683,0,0,0,0,0,0,0,0,0,0
2,1,481683,0,0,0,0,0,0,0,0,0,0
1,1,481684,0,0,0,0,0,0,0,0,0,0
2,1,481684,0,0,0,0,0,0,0,0,0,0
1,1,481685,0,0,0,0,0,0,0,0,0,0
2,1,481685,0,0,0,0,0,0,0,0,0,0
1,1,481686,24,24,24,24,24,24,24,24,24,24
2,1,481686,0,0,7,6,0,0,0,0,0,0
1,1,481687,5,28,3,2,0,6,30,7,20,24
1,1,481688,0,0,0,0,0,0,0,0,0,0
1,1,481689,29,29,29,29,29,29,29,29,29,29
1,1,481690,0,0,0,0,0,0,0,0,0,0
1,1,481691,0,0,0,0,0,0,0,0,0,0
2,1,481691,0,0,0,0,0,0,0,0,0,0
3,1,481691,0,0,0,0,0,0,0,0,0,0
1,1,481692,0,0,0,0,0,26,0,0,0,0
2,1,481692,0,0,0,13,0,0,0,0,0,0
3,1,481692,0,0,0,0,11,0,0,9,0,0
1,1,481693,0,0,0,0,0,0,0,0,0,0
2,1,481693,6,6,6,6,6,6,6,6,6,6
1,1,481694,0,0,12,0,0,19,0,21,12,11
0,1,481695,0,19,27,21,0,0,0,15,12,14
1,1,481695,0,0,0,0,0,14,11,0,0,0
1,1,481696,0,0,0,0,0,0,0,0,0,0
0,1,481697,10,0,26,23,25,5,17,0,0,0
1,1,481697,0,19,0,0,0,0,0,9,0,0
0,1,481698,0,0,0,0,0,0,0,0,0,0
1,1,481698,0,0,0,0,0,5,0,0,0,0
1,1,481699,0,9,0,0,0,0,0,0,0,0
2,1,481699,0,0,0,0,0,0,0,0,0,0
3,1,481699,0,0,0,0,0,0,0,18,0,0
1,1,481700,5,0,0,0,4,8,0,19,0,0
1,1,481701,9,9,9,9,9,9,9,9,9,9
1,1,481702,0,0,0,0,0,0,0,10,0,0
2,1,481702,0,0,0,0,0,0,0,0,0,0
0,1,481703,0,0,0,0,0,0,0,0,0,0
1,1,481703,0,0,16,0,0,0,0,0,0,0
1,1,481704,0,30,0,0,0,0,0,0,0,29
2,1,481704,0,0,0,0,0,0,0,0,0,0
1,1,481705,0,0,0,12,0,12,0,12,0,16
1,1,481706,0,0,0,0,0,0,0,0,0,0
0,1,481707,0,0,0,0,0,0,0,0,28,0
0,2,481707,13,0,0,0,20,20,17,0,35,9
1,1,481707,0,0,0,0,0,0,0,0,0,0
1,1,481708,0,0,0,0,9,0,0,0,0,0
2,1,481708,0,0,0,0,0,0,0,0,0,26
1,1,481709,0,0,0,0,0,0,0,0,0,0
2,1,481709,0,0,0,0,0,0,0,0,0,0
1,1,481710,0,14,0,17,8,8,0,0,0,13
0,1,481711,0,26,20,12,33,0,0,23,33,28
1,1,481711,24,7,17,0,10,0,20,0,3,14
1,1,481712,15,15,15,15,15,15,15,15,15,15
2,1,481712,0,0,0,0,0,0,0,0,0,0
1,1,481713,22,22,22,22,22,22,22,22,22,22
2,1,481713,16,15,0,0,14,0,0,0,0,27
1,1,481714,18,18,18,18,18,18,18,18,18,18
1,1,481715,12,12,12,12,12,12,12,12,12,12
2,1,481715,0,0,11,0,0,0,0,0,10,0
1,1,481716,0,0,0,18,12,3,0,0,31,0
1,1,481717,12,12,12,12,12,12,12,12,12,12
0,1,481718,0,0,0,0,8,0,26,9,13,0
0,2,481718,0,0,0,20,8,0,8,0,0,0
1,1,481718,5,5,5,5,5,5,5,5,5,5
0,1,481719,27,27,27,27,27,27,27,27,27,27
1,1,481719,12,13,14,7,19,0,0,0,19,0
2,1,481720,0,0,0,0,0,0,0,0,0,0
1,1,481721,0,0,0,0,0,0,0,0,21,0
1,1,481722,0,0,0,0,0,0,0,0,0,0
2,1,481722,0,0,0,0,0,0,0,0,0,0
1,1,481723,6,6,6,6,6,6,6,6,6,6
0,1,481724,0,0,0,0,0,0,20,25,9,16
0,2,481724,34,0,14,0,26,0,39,25,39,0
0,3,481724,0,0,0,0,0,21,0,0,0,0
1,1,481724,8,11,15,0,3,7,6,6,9,13
0,1,481725,8,8,8,8,8,8,8,8,8,8
1,1,481725,11,11,11,11,11,11,11,11,11,11
1,1,481726,10,10,10,10,10,10,10,10,10,10
1,1,481727,0,0,0,0,0,0,0,0,0,0
2,1,481727,0,0,0,0,0,0,0,0,0,0
1,1,481728,0,0,0,0,0,0,0,0,0,0
1,1,481729,11,46,16,21,17,32,16,19,12,20
1,1,481730,0,0,0,0,0,11,7,6,0,0
1,1,481732,0,0,0,0,0,0,0,0,0,0
2,1,481732,13,13,13,13,13,13,13,13,13,13
1,1,481733,0,0,0,0,0,13,0,0,0,0
2,1,481733,0,0,0,0,0,0,0,0,2,0
3,1,481733,0,0,0,0,0,0,0,0,0,0
1,1,481734,0,0,0,0,0,0,0,0,0,27
2,1,481734,0,0,0,0,0,0,0,0,0,0
1,1,481735,0,18,19,0,0,7,0,0,0,0
2,1,481735,6,0,13,25,10,20,13,16,15,6
1,1,481736,0,0,0,0,0,0,0,0,0,44
2,1,481736,0,0,0,0,0,0,0,0,0,0
1,1,481737,0,0,0,0,0,0,0,0,0,0
2,1,481737,4,4,4,4,4,4,4,4,4,4
1,1,481738,0,0,0,0,0,0,0,0,0,0
2,1,481738,0,0,0,0,0,0,0,0,0,0
3,1,481738,0,0,0,0,0,0,0,0,0,0
1,1,481739,0,0,0,0,0,23,0,0,0,0
1,1,481740,0,0,0,0,0,0,0,0,0,0
1,1,481741,0,0,0,0,0,0,0,0,0,0
1,1,481742,20,20,20,20,20,20,20,20,20,20
1,1,481743,0,24,0,0,0,13,0,0,6,0
1,1,481744,0,0,0,0,0,0,0,0,0,0
2,1,481744,0,0,0,0,0,0,0,0,2,0
0,1,481745,0,0,0,0,0,0,0,0,0,0
1,1,481745,9,9,9,9,9,9,9,9,9,9
1,1,481746,0,0,0,0,0,12,0,0,0,0
2,1,481746,0,0,0,0,0,0,0,0,0,0
0,1,481747,0,0,0,0,0,0,0,0,0,0
0,2,481747,0,16,0,27,7,0,15,55,32,9
1,1,481747,0,0,0,0,0,0,0,0,0,0
1,1,481748,0,0,0,0,0,0,0,0,0,0
2,1,481748,0,10,0,0,0,0,0,0,0,0
3,1,481748,0,0,0,0,0,0,0,0,0,0
0,1,481749,0,6,0,3,0,31,0,0,25,0
1,1,481749,0,0,0,0,0,0,0,0,0,0
1,1,481750,17,17,17,17,17,17,17,17,17,17
1,1,481751,19,18,15,29,20,16,18,25,9,16
1,1,481752,0,0,0,0,0,0,0,0,0,0
2,1,481752,35,35,35,35,35,35,35,35,35,35
0,1,481753,0,0,0,0,0,0,0,0,0,0
3,1,481753,0,0,0,0,0,0,0,0,0,0
1,1,481754,0,0,0,0,0,0,0,0,0,0
0,1,481755,0,0,0,0,0,0,0,0,0,0
1,1,481755,0,6,0,0,0,0,0,10,0,0
1,1,481756,0,0,0,0,0,0,0,0,0,0
2,1,481756,0,0,0,0,0,4,0,0,0,0
1,1,481757,0,0,0,0,0,0,0,0,0,0
2,1,481757,0,33,0,0,0,0,0,0,0,0
1,1,481758,14,6,13,0,11,8,21,20,11,12
2,1,481758,0,2,10,0,0,0,0,0,8,0
1,1,481759,0,21,0,16,25,0,19,18,0,27
1,1,481760,15,0,0,0,0,19,0,20,23,2
1,1,481761,0,16,30,0,23,10,10,26,0,0
1,1,481762,0,0,0,0,0,0,0,0,0,0
2,1,481762,0,0,0,0,0,0,0,0,0,0
0,1,481763,24,14,7,0,14,25,0,17,15,0
1,1,481763,12,23,0,17,0,0,14,0,14,0
1,1,481764,0,0,0,0,0,0,0,34,0,0
0,1,481765,31,31,31,31,31,31,31,31,31,31
1,1,481765,32,32,32,32,32,32,32,32,32,32
1,1,481766,0,0,0,0,0,0,0,0,0,0
2,1,481766,9,9,9,9,9,9,9,9,9,9
1,1,481767,0,0,0,0,0,0,0,0,0,0
2,1,481767,0,0,0,0,0,0,0,0,0,0
1,1,481768,0,0,0,0,0,0,0,0,0,0
2,1,481768,0,0,0,0,0,0,0,0,0,0
1,1,481769,0,0,12,0,0,0,0,0,0,0
2,1,481769,17,12,30,9,5,7,3,14,19,17
1,1,481770,6,25,0,0,0,0,0,0,0,0
1,1,481771,10,10,10,10,10,10,10,10,10,10
1,1,481772,0,0,0,0,0,0,0,0,0,0
1,1,481773,0,0,0,0,0,0,0,0,0,0
2,1,481773,25,25,25,25,25,25,25,25,25,25
1,1,481774,0,26,0,0,0,0,0,0,23,0
1,1,481775,0,0,0,0,0,0,0,0,0,0
2,1,481775,0,0,0,0,0,0,0,0,0,0
0,1,481776,11,11,11,11,11,11,11,11,11,11
1,1,481776,0,0,0,9,0,0,0,0,0,0
1,1,481777,19,19,19,19,19,19,19,19,19,19
2,1,481777,0,0,0,0,0,0,0,19,24,0
3,1,481777,0,0,10,5,0,0,0,4,0,14
1,1,481778,17,17,17,17,17,17,17,17,17,17
1,1,481779,0,0,0,0,0,0,0,0,0,0
1,1,481780,0,0,0,0,8,0,0,0,0,0
2,1,481780,0,0,0,0,0,6,0,0,0,0
1,1,481781,0,0,0,0,0,0,0,0,0,0
1,1,481782,0,0,0,0,12,19,0,0,0,15
1,1,481783,16,16,16,16,16,16,16,16,16,16
1,1,481784,0,0,12,0,5,8,0,13,23,0
1,1,481785,12,12,12,12,12,12,12,12,12,12
1,1,481786,0,0,0,0,0,0,0,0,0,0
1,1,481787,0,0,0,0,7,28,0,0,9,0
2,1,481787,0,0,0,0,0,0,0,0,0,0
0,1,481788,0,0,0,0,0,0,0,0,0,0
1,1,481788,0,0,0,0,0,0,0,0,0,0
0,1,481789,0,0,0,0,0,0,0,0,0,0
1,1,481789,0,0,0,0,13,0,0,0,0,0
1,1,481790,6,12,18,16,0,0,9,26,11,18
1,1,481791,18,18,18,18,18,18,18,18,18,18
1,1,481792,8,8,8,8,8,8,8,8,8,8
0,1,481793,20,20,20,20,20,20,20,20,20,20
1,1,481793,0,15,0,0,0,0,0,0,0,0
1,1,481794,0,0,0,18,0,10,6,0,0,0
2,1,481794,0,4,0,0,0,0,0,0,0,0
1,1,481795,22,22,22,22,22,22,22,22,22,22
2,1,481795,0,0,0,0,0,0,0,0,0,0
1,1,481796,0,0,0,9,0,0,0,0,0,0
2,1,481796,4,6,20,22,6,23,12,27,9,11
3,1,481796,0,0,0,0,0,0,0,0,0,0
1,1,481797,0,0,0,0,0,0,0,0,0,0
2,1,481797,0,0,0,0,0,0,0,0,0,0
1,1,481798,0,0,0,0,0,0,0,0,0,0
2,1,481798,0,0,0,0,0,0,0,24,0,0
0,1,481799,25,20,23,14,25,19,37,10,26,36
1,1,481799,0,2,0,0,14,0,0,0,0,5
0,1,481800,0,0,0,0,0,0,0,0,0,0
1,1,481800,0,0,0,0,0,0,0,11,0,17
1,1,481801,0,0,0,0,0,0,0,0,0,0
2,1,481801,0,0,0,0,0,0,0,0,0,0
1,1,481802,16,9,11,25,0,0,0,0,18,0
1,1,481803,14,15,24,31,9,10,5,9,24,14
2,1,481803,0,21,0,0,0,0,0,19,0,0
1,1,481804,0,0,0,0,0,0,0,0,0,0
2,1,481804,0,0,0,0,0,0,0,0,0,0
0,1,481805,10,10,10,10,10,10,10,10,10,10
1,1,481805,0,8,0,0,0,9,12,0,0,20
1,1,481806,20,20,20,20,20,20,20,20,20,20
2,1,481806,0,0,0,0,0,0,0,0,0,0
1,1,481807,0,0,0,0,0,0,0,0,0,0
1,1,481808,14,14,14,14,14,14,14,14,14,14
2,1,481808,0,0,0,0,0,0,0,0,0,0
3,1,481808,0,0,0,0,0,0,0,8,0,0
1,1,481809,0,0,0,0,0,0,23,0,0,0
2,1,481809,0,0,0,0,0,0,0,0,0,31
1,1,481810,7,0,0,0,0,0,0,0,0,0
1,1,481811,0,0,0,0,0,0,0,0,0,0
2,1,481811,27,0,20,0,0,13,15,0,0,0
1,1,481812,0,0,0,21,0,15,12,0,0,0
2,1,481812,0,0,0,0,0,0,0,0,0,0
3,1,481812,0,0,0,0,0,0,0,0,0,0
1,1,481813,0,0,0,0,0,0,0,0,0,0
0,1,481814,0,0,0,0,0,0,0,0,0,0
1,1,481814,0,0,0,0,0,0,0,4,6,0
0,1,481815,0,0,12,0,0,0,16,4,0,0
1,1,481815,0,0,0,0,0,0,0,0,0,0
1,1,481816,21,21,21,21,21,21,21,21,21,21
2,1,481816,0,26,0,0,0,9,0,9,0,0
3,1,481816,0,0,20,0,0,0,0,0,0,0
1,1,481817,0,6,0,21,17,0,0,0,0,9
2,1,481817,0,0,0,0,0,0,0,0,0,0
1,1,481818,0,0,13,0,0,0,0,0,0,0
2,1,481818,0,0,0,12,0,0,0,23,0,0
1,1,481819,9,9,9,9,9,9,9,9,9,9
1,1,481820,4,4,4,4,4,4,4,4,4,4
1,1,481821,0,0,0,0,0,0,0,0,0,0
2,1,481821,0,0,0,0,0,0,0,0,0,0
0,1,481822,22,22,22,22,22,22,22,22,22,22
1,1,481822,0,0,0,0,16,0,22,0,0,26
1,1,481823,0,0,0,0,0,0,10,13,17,0
1,1,481824,0,0,0,0,0,0,0,0,0,0
2,1,481824,0,0,4,0,0,0,0,0,0,6
1,1,481825,2,2,2,2,2,2,2,2,2,2
2,1,481825,0,0,0,0,0,0,0,0,0,0
1,1,481826,0,0,0,0,0,0,0,0,0,0
1,1,481827,0,0,0,0,0,0,0,0,0,0
0,1,481828,0,10,0,0,0,0,0,42,0,0
0,2,481828,0,0,0,0,0,0,0,0,0,0
1,1,481828,0,0,0,0,0,0,0,0,0,0
0,1,481829,20,20,20,20,20,20,20,20,20,20
1,1,481829,0,0,12,15,4,0,0,0,17,0
1,1,481830,0,0,0,0,9,0,21,0,0,0
1,1,481831,26,26,26,26,26,26,26,26,26,26
0,1,481832,0,0,0,0,0,0,0,0,0,0
1,1,481832,0,8,0,0,0,12,0,0,0,0
1,1,481833,18,18,18,18,18,18,18,18,18,18
1,1,481834,0,0,0,11,0,0,0,0,0,12
1,1,481835,12,12,12,12,12,12,12,12,12,12
1,1,481836,0,0,11,46,0,0,0,0,0,21
1,1,481837,0,0,0,0,0,0,0,0,0,0
2,1,481837,0,0,0,0,0,0,0,0,0,0
3,1,481837,0,0,0,0,0,0,0,0,0,0
0,1,481839,0,0,0,0,0,0,0,0,0,0
1,1,481839,0,0,0,0,0,0,3,0,0,0
1,1,481840,0,0,0,0,0,0,0,0,0,0
2,1,481840,0,0,0,0,0,0,0,0,0,0
1,1,481841,19,19,19,19,19,19,19,19,19,19
1,1,481842,0,0,0,0,2,0,0,8,0,0
1,1,481843,6,7,11,15,28,32,19,0,14,16
1,1,481844,0,11,12,12,14,16,9,0,4,0
1,1,481845,0,0,0,0,0,0,0,0,0,0
2,1,481845,0,0,13,22,6,37,9,14,0,14
0,1,481846,11,11,11,11,11,11,11,11,11,11
0,2,481846,18,18,18,18,18,18,18,18,18,18
1,1,481846,0,4,22,6,0,0,0,0,0,0
1,1,481847,0,0,0,0,0,0,0,0,0,0
1,1,481848,17,17,17,17,17,17,17,17,17,17
1,1,481849,20,36,34,21,8,17,26,22,11,26
1,1,481850,39,17,0,22,18,0,10,22,0,10
0,1,481851,35,22,36,0,0,32,0,18,0,0
1,1,481851,0,0,0,0,0,0,0,0,0,0
1,1,481852,0,22,0,0,0,0,0,0,0,17
2,1,481852,10,11,9,21,0,0,0,0,15,17
1,1,481853,0,0,0,0,0,0,0,0,0,0
1,1,481854,24,32,16,34,19,14,23,18,27,25
1,1,481855,26,26,26,26,26,26,26,26,26,26
1,1,481856,0,0,0,0,0,0,0,0,0,0
2,1,481856,0,0,0,0,0,17,0,0,16,0
1,1,481857,24,24,24,24,24,24,24,24,24,24
2,1,481857,0,0,0,0,0,9,0,0,5,0
1,1,481858,15,15,15,15,15,15,15,15,15,15
1,1,481859,10,22,12,23,13,0,24,27,26,19
0,1,481860,8,8,8,8,8,8,8,8,8,8
1,1,481860,0,0,0,0,0,0,0,9,0,0
1,1,481861,0,0,0,0,0,0,0,9,19,0
1,1,481862,0,0,0,0,0,0,0,0,0,0
2,1,481862,0,0,0,0,0,0,0,8,0,0
1,1,481863,0,0,0,0,0,0,0,10,0,0
1,1,481864,0,0,0,0,0,0,0,0,0,0
2,1,481864,0,0,0,0,0,0,0,0,0,0
1,1,481865,0,0,0,0,0,0,0,0,0,0
2,1,481865,0,0,0,0,0,0,0,0,0,0
0,1,481866,0,0,0,0,0,0,0,0,0,0
1,1,481866,0,0,0,0,10,0,0,0,0,0
1,1,481867,0,0,0,0,0,0,0,0,0,0
2,1,481867,0,0,0,0,0,0,0,0,0,0
1,1,481868,23,0,0,0,10,0,24,6,13,0
1,1,481869,0,0,0,0,0,0,0,0,0,0
2,1,481869,0,0,0,0,0,0,0,0,0,0
0,1,481870,0,0,0,0,12,0,0,0,22,0
0,2,481870,18,30,0,0,0,30,0,0,24,24
0,3,481870,0,20,0,0,0,0,24,0,0,0
1,1,481870,14,14,14,14,14,14,14,14,14,14
0,1,481871,27,27,27,27,27,27,27,27,27,27
1,1,481871,0,0,0,0,16,0,0,0,8,0
1,1,481872,7,7,7,7,7,7,7,7,7,7
1,1,481873,0,0,0,0,0,0,0,0,0,0
1,1,481874,20,20,20,20,20,20,20,20,20,20
0,1,481875,17,17,17,17,17,17,17,17,17,17
1,1,481875,0,0,16,0,0,5,9,0,0,0
1,1,481876,0,0,0,0,0,0,0,0,22,0
2,1,481876,0,0,0,0,0,0,0,0,0,0
0,1,481877,8,26,0,0,25,0,17,0,0,0
1,1,481877,0,0,0,0,0,0,0,0,0,0
1,1,481878,22,22,22,22,22,22,22,22,22,22
1,1,481879,0,0,0,0,0,0,10,0,3,0
2,1,481879,0,0,0,0,0,0,0,0,0,0
1,1,481880,0,0,0,0,0,0,0,0,0,0
0,1,481881,0,0,0,0,0,0,0,0,0,0
0,2,481881,0,0,0,0,0,0,0,0,0,0
0,3,481881,0,35,17,0,0,0,20,0,0,0
0,4,481881,0,0,0,0,0,0,0,0,0,0
1,1,481881,0,0,12,0,13,0,0,0,0,0
0,1,481882,0,0,0,32,0,18,3,0,14,23
1,1,481882,0,11,0,0,0,0,0,0,10,0
1,1,481883,0,0,0,0,0,0,0,0,0,0
2,1,481883,0,0,0,0,0,0,0,0,0,0
1,1,481884,0,0,0,0,0,0,0,0,0,0
1,1,481885,0,0,0,0,0,0,12,2,0,0
2,1,481885,0,0,0,0,0,0,0,0,0,0
0,1,481886,0,0,0,0,0,0,0,0,0,0
1,1,481886,0,0,0,0,0,0,0,0,0,0
1,1,481887,19,0,16,0,0,0,24,0,0,30
2,1,481887,0,0,0,0,0,0,0,0,0,0
1,1,481888,35,0,21,35,27,38,4,18,29,27
1,1,481889,19,0,0,0,18,0,0,0,0,0
2,1,481889,0,0,0,0,0,0,0,0,0,0
0,1,481890,25,25,25,25,25,25,25,25,25,25
1,1,481890,17,0,25,13,17,0,5,17,0,18
1,1,481891,24,24,24,24,24,24,24,24,24,24
1,1,481892,15,0,0,0,0,0,0,0,4,0
1,1,481893,17,0,0,0,0,17,6,0,0,5
1,1,481894,0,0,0,0,0,0,0,0,0,0
2,1,481894,0,0,0,0,27,10,0,0,0,0
1,1,481895,20,20,20,20,20,20,20,20,20,20
1,1,481896,0,0,0,0,0,0,0,0,0,0
2,1,481896,0,0,0,0,0,0,0,0,0,0
1,1,481897,15,15,15,15,15,15,15,15,15,15
1,1,481898,8,8,8,8,8,8,8,8,8,8
1,1,481899,10,10,10,10,10,10,10,10,10,10
1,1,481901,0,3,12,0,16,0,0,0,0,9
1,1,481902,0,18,0,0,27,0,0,4,0,15
1,1,481903,0,8,0,10,0,18,0,0,0,0
2,1,481903,0,0,0,0,0,0,0,0,0,0
1,1,481904,0,0,0,0,0,0,0,0,0,0
1,1,481905,0,0,0,0,0,0,0,0,0,0
2,1,481905,0,13,0,0,0,0,16,0,0,0
1,1,481906,18,18,18,18,18,18,18,18,18,18
1,1,481907,0,0,0,0,0,0,0,0,0,0
1,1,481908,15,15,15,15,15,15,15,15,15,15
2,1,481908,4,4,4,4,4,4,4,4,4,4
1,1,481909,9,3,10,4,6,2,10,18,13,11
2,1,481909,0,0,0,0,0,0,0,0,0,0
3,1,481909,0,0,0,0,8,0,0,0,0,0
1,1,481910,0,0,0,0,0,0,0,0,0,0
1,1,481911,0,0,28,0,0,0,0,0,0,0
1,1,481912,0,0,0,0,0,0,0,0,0,0
2,1,481912,0,0,0,0,0,0,0,0,0,0
0,1,481913,2,2,2,2,2,2,2,2,2,2
1,1,481913,0,0,0,0,0,0,0,6,0,0
1,1,481914,0,0,0,0,0,0,0,0,0,0
2,1,481914,27,27,27,27,27,27,27,27,27,27
0,1,481915,0,0,0,0,0,0,0,0,0,0
1,1,481915,0,0,0,0,14,0,0,0,0,0
2,1,481915,0,0,0,0,0,0,0,0,0,0
1,1,481916,0,0,0,0,0,0,0,0,0,0
2,1,481916,0,0,0,0,0,0,0,0,0,0
1,1,481917,0,0,0,0,0,0,0,0,0,0
2,1,481917,0,0,0,0,0,0,0,0,0,0
1,1,481918,20,13,11,0,0,0,7,18,15,19
1,1,481919,12,12,12,12,12,12,12,12,12,12
1,1,481920,12,12,12,12,12,12,12,12,12,12
2,1,481920,0,0,0,0,6,0,0,0,0,0
1,1,481921,29,29,29,29,29,29,29,29,29,29
2,1,481921,1,1,1,1,1,1,1,1,1,1
3,1,481921,0,0,0,0,0,0,0,0,0,0
1,1,481922,15,15,15,15,15,15,15,15,15,15
1,1,481923,0,0,0,17,0,7,0,0,0,16
1,1,481924,0,0,0,0,0,0,18,0,16,0
2,1,481924,0,0,0,0,0,0,0,0,0,0
1,1,481925,10,10,10,10,10,10,10,10,10,10
0,1,481926,30,18,32,40,23,25,51,22,32,26
1,1,481926,0,10,0,0,22,14,0,23,16,0
0,1,481927,21,23,18,15,11,30,9,19,27,0
1,1,481927,0,0,0,0,0,0,0,0,0,0
1,1,481928,16,16,16,16,16,16,16,16,16,16
1,1,481930,0,0,0,0,0,9,0,0,0,0
2,1,481930,23,0,0,0,0,0,0,0,0,0
1,1,481931,0,0,7,0,0,13,0,0,0,0
1,1,481932,12,12,12,12,12,12,12,12,12,12
2,1,481932,0,0,0,0,0,0,0,0,0,0
1,1,481933,19,19,19,19,19,19,19,19,19,19
1,1,481934,0,0,0,0,0,0,0,0,0,0
2,1,481934,0,0,0,0,0,0,0,0,0,0
1,1,481935,0,0,0,0,0,0,0,0,0,0
2,1,481935,0,0,0,0,0,0,0,0,0,0
1,1,481936,0,0,0,0,0,0,0,0,0,0
1,1,481937,12,5,0,0,0,0,0,0,0,0
1,1,481938,0,0,0,0,0,0,0,0,0,0
1,1,481939,0,0,14,0,0,24,0,0,22,0
2,1,481939,0,0,0,0,0,0,0,0,0,0
1,1,481940,0,0,0,0,0,0,0,0,0,0
2,1,481940,0,0,0,0,0,0,0,0,0,0