VEH_NO,PER_NO,ST_CASE,P1,P2,P3,P4,P5,P6,P7,P8,P9,P10
3,1,481940,0,0,0,0,0,0,0,0,0,0
0,1,481941,5,5,5,5,5,5,5,5,5,5
1,1,481941,0,0,0,0,0,0,0,0,0,0
1,1,481942,0,0,0,0,0,0,0,0,0,0
1,1,481943,24,0,15,0,9,19,0,0,0,0
1,1,481944,0,0,0,0,0,0,0,0,0,0
2,1,481944,0,0,0,0,0,0,0,0,0,0
1,1,481945,0,0,0,0,0,12,0,0,0,0
1,1,481947,36,36,36,36,36,36,36,36,36,36
0,1,481950,37,37,37,37,37,37,37,37,37,37
1,1,481950,0,0,0,0,0,0,0,0,0,0
1,1,481951,0,0,0,0,0,15,11,9,20,0
2,1,481951,0,0,0,0,0,0,0,0,0,0
1,1,481952,0,0,0,0,0,0,0,0,0,0
2,1,481952,0,0,0,0,0,0,0,0,0,0
1,1,481953,0,0,0,0,0,0,0,0,0,0
2,1,481953,0,0,0,0,0,0,0,0,0,0
1,1,481954,0,0,0,0,0,8,0,0,0,0
1,1,481955,21,21,21,21,21,21,21,21,21,21
1,1,481956,18,0,0,11,17,0,0,0,0,14
2,1,481956,0,0,16,0,0,0,0,0,0,0
3,1,481956,0,0,0,0,0,2,0,0,0,0
1,1,481957,0,0,0,0,0,0,0,0,0,0
1,1,481958,21,21,21,21,21,21,21,21,21,21
2,1,481958,8,0,0,0,0,0,0,0,0,0
3,1,481958,13,3,0,3,0,26,0,0,0,0
1,1,481959,18,18,18,18,18,18,18,18,18,18
1,1,481960,0,0,0,0,0,0,0,0,0,0
2,1,481960,0,0,0,0,0,0,0,0,0,0
0,1,481961,24,24,24,24,24,24,24,24,24,24
1,1,481961,0,14,0,0,0,0,0,0,0,0
1,1,481962,29,29,29,29,29,29,29,29,29,29
1,1,481963,6,6,6,6,6,6,6,6,6,6
2,1,481963,0,0,0,0,0,0,0,0,0,0
0,1,481964,0,25,0,19,0,7,0,0,0,7
1,1,481964,0,0,0,0,0,0,0,0,0,0
1,1,481965,0,0,0,0,0,0,0,0,0,0
2,1,481965,0,8,0,0,0,14,11,0,0,0
3,1,481965,0,0,0,0,0,0,0,11,0,0
1,1,481966,20,20,20,20,20,20,20,20,20,20
0,1,481967,0,0,0,0,0,0,0,0,0,0
1,1,481967,0,0,0,0,0,0,0,0,0,0
1,1,481968,20,20,20,20,20,20,20,20,20,20
0,1,481969,0,0,0,0,0,0,0,0,0,0
1,1,481969,0,0,0,0,0,0,0,0,0,0
1,1,481970,23,0,0,24,23,0,0,23,0,6
2,1,481970,0,0,0,0,0,0,0,0,0,0
1,1,481971,0,0,0,0,0,0,0,12,0,0
2,1,481971,4,15,17,0,27,3,0,0,8,0
1,1,481972,0,24,0,11,25,0,15,0,0,6
2,1,481972,0,0,0,0,0,0,0,0,0,0
0,1,481973,0,0,0,0,0,0,0,0,0,0
1,1,481973,10,3,0,16,0,0,4,0,0,0
1,1,481974,0,0,0,0,0,0,0,0,0,0
2,1,481974,0,0,0,0,0,0,0,0,0,0
1,1,481975,0,0,0,0,0,0,0,0,0,0
2,1,481975,0,0,0,0,0,0,0,0,0,0
1,1,481976,0,0,0,9,23,0,33,0,0,0
2,1,481976,0,0,0,0,0,42,20,0,8,0
1,1,481977,0,0,0,0,0,0,0,0,0,0
2,1,481977,31,31,31,31,31,31,31,31,31,31
0,1,481978,0,0,0,0,0,0,0,0,0,0
1,1,481978,0,10,9,0,0,0,0,0,0,0
1,1,481979,0,0,0,0,0,0,0,0,0,0
2,1,481979,0,0,0,0,0,0,0,0,0,0
3,1,481979,0,24,0,0,0,0,0,0,0,0
4,1,481979,0,0,0,0,0,0,0,0,0,0
1,1,481980,11,11,11,11,11,11,11,11,11,11
0,1,481981,0,0,20,0,0,0,0,0,0,0
1,1,481981,0,0,0,0,0,0,0,0,0,0
2,1,481982,25,25,25,25,25,25,25,25,25,25
1,1,481983,26,26,26,26,26,26,26,26,26,26
1,1,481984,0,0,0,0,12,0,0,16,0,22
1,1,481985,0,0,0,0,0,0,0,0,0,0
1,1,481986,0,0,0,0,0,0,0,0,0,0
2,1,481986,0,0,0,0,0,0,0,0,0,0
1,1,481987,24,0,14,6,16,11,0,0,7,8
1,1,481988,0,17,0,30,0,0,36,0,0,13
2,1,481988,0,0,0,0,0,0,0,0,0,0
1,1,481989,0,0,5,0,0,0,0,0,0,0
1,1,481990,14,0,0,0,0,0,0,0,0,0
2,1,481990,4,4,4,4,4,4,4,4,4,4
1,1,481991,21,21,21,21,21,21,21,21,21,21
1,1,481992,7,26,27,11,18,12,13,15,14,13
1,1,481993,0,0,0,0,0,0,0,0,0,0
2,1,481993,0,0,0,0,0,0,0,0,0,0
3,1,481993,3,3,3,3,3,3,3,3,3,3
1,1,481994,16,16,16,16,16,16,16,16,16,16
2,1,481994,0,0,0,0,0,0,0,0,0,0
1,1,481995,0,0,0,0,0,0,0,0,0,0
2,1,481995,0,0,11,28,0,0,0,0,0,0
1,1,481996,8,8,8,8,8,8,8,8,8,8
2,1,481996,0,0,0,0,0,0,0,0,0,0
1,1,481997,16,20,15,38,18,9,31,32,38,23
1,1,481998,22,22,22,22,22,22,22,22,22,22
0,1,481999,5,5,5,5,5,5,5,5,5,5
1,1,481999,0,0,0,0,0,0,0,0,0,0
0,1,482000,0,0,0,0,0,0,0,0,0,0
1,1,482000,0,0,0,0,0,0,0,0,0,0
0,1,482001,0,0,0,0,0,0,0,0,0,0
1,1,482001,0,0,0,0,0,0,0,0,0,7
1,1,482002,0,0,0,0,0,0,0,0,0,0
1,1,482004,0,0,0,0,0,0,0,0,0,0
2,1,482004,0,0,0,0,0,0,0,0,0,0
3,1,482004,0,0,0,0,0,0,0,0,0,0
1,1,482005,0,0,0,0,0,0,0,0,0,0
2,1,482005,0,0,0,0,0,0,0,0,0,0
1,1,482006,0,0,0,0,0,0,0,0,0,0
1,1,482007,19,19,19,19,19,19,19,19,19,19
0,1,482008,0,2,0,0,0,0,0,0,0,0
1,1,482008,0,0,0,0,0,0,0,0,0,0
1,1,482009,0,0,0,0,0,0,0,0,0,0
2,1,482009,0,0,0,0,0,0,0,0,0,0
1,1,482010,14,36,15,19,26,0,17,1,11,6
0,1,482011,19,0,27,16,0,0,15,0,0,20
1,1,482011,13,0,0,0,0,0,0,0,5,0
3,1,482011,23,0,0,0,0,0,11,0,0,0
1,1,482012,22,22,22,22,22,22,22,22,22,22
1,1,482013,18,33,14,17,7,37,26,14,38,18
1,1,482014,24,24,24,24,24,24,24,24,24,24
2,1,482014,0,0,0,0,0,0,0,0,0,0
1,1,482015,19,19,19,19,19,19,19,19,19,19
1,1,482016,10,10,10,10,10,10,10,10,10,10
1,1,482017,0,0,0,0,0,0,0,0,0,0
2,1,482017,24,24,24,24,24,24,24,24,24,24
1,1,482018,0,0,26,0,15,0,0,12,0,18
0,1,482019,0,0,0,15,16,0,0,0,0,0
1,1,482019,0,0,0,0,0,0,0,0,0,0
1,1,482020,5,5,5,5,5,5,5,5,5,5
1,1,482021,15,0,14,0,0,0,0,13,0,14
2,1,482021,0,8,0,0,0,0,7,0,0,0
1,1,482022,20,20,20,20,20,20,20,20,20,20
0,1,482023,0,0,0,0,0,0,0,0,0,0
1,1,482023,0,0,0,11,11,0,9,0,0,0
1,1,482024,19,19,19,19,19,19,19,19,19,19
1,1,482025,19,0,29,19,5,14,12,0,12,16
1,1,482026,0,0,0,0,0,0,0,0,0,0
1,1,482027,0,0,0,0,0,0,0,0,0,0
2,1,482027,0,0,0,0,0,0,0,0,0,0
1,4,482028,13,0,16,3,0,0,13,0,0,0
1,1,482029,18,18,18,18,18,18,18,18,18,18
0,1,482030,16,16,16,16,16,16,16,16,16,16
1,1,482030,0,0,9,0,0,0,0,0,22,0
1,1,482031,0,0,12,14,0,0,0,0,0,0
1,1,482032,0,0,0,0,0,0,0,0,0,0
2,1,482032,0,0,0,0,4,0,0,0,0,0
1,1,482033,6,6,6,6,6,6,6,6,6,6
2,1,482033,0,0,0,0,0,0,0,0,0,0
1,1,482034,0,0,0,0,0,0,0,0,0,0
1,1,482035,27,12,6,9,5,20,7,27,26,15
1,1,482036,0,0,0,0,0,0,0,0,0,0
2,1,482036,0,0,0,0,0,0,0,0,0,0
0,1,482037,0,38,0,0,0,2,0,22,0,0
1,1,482037,13,0,0,0,0,0,0,0,0,0
1,1,482038,0,0,0,0,0,0,0,0,0,0
1,1,482039,0,0,0,0,0,0,0,0,0,0
1,1,482040,0,0,0,0,0,0,0,0,0,0
1,1,482041,0,0,0,0,0,0,0,0,0,0
2,1,482041,15,15,15,15,15,15,15,15,15,15
3,1,482041,0,0,0,0,0,0,19,11,0,7
1,1,482042,10,0,0,33,0,9,18,0,0,20
1,1,482043,0,0,0,0,0,0,0,0,0,0
2,1,482043,0,0,0,0,0,0,0,0,0,0
1,1,482044,8,0,12,0,0,0,7,0,10,9
2,1,482044,9,0,7,0,20,16,0,26,15,0
1,1,482045,0,0,9,0,4,16,12,11,0,12
1,1,482046,0,0,0,0,13,0,0,10,0,0
2,1,482046,0,0,0,0,0,0,0,0,0,0
1,1,482047,0,0,0,0,0,0,0,0,0,0
0,1,482048,0,0,0,0,0,0,0,0,0,0
1,1,482048,0,0,0,0,0,0,0,0,0,0
1,1,482049,0,0,0,0,0,0,0,0,0,0
2,1,482049,9,9,9,9,9,9,9,9,9,9
1,1,482050,0,0,0,0,0,0,0,0,0,0
2,1,482050,0,0,0,0,0,0,0,0,0,0
1,1,482051,0,0,0,0,0,15,0,0,0,0
2,1,482051,21,21,21,21,21,21,21,21,21,21
1,1,482052,0,0,0,0,0,0,0,0,0,0
2,1,482052,0,0,0,0,0,0,0,0,0,0
1,1,482053,0,0,0,0,0,0,0,0,0,0
2,1,482053,0,0,0,0,8,0,3,0,0,0
1,1,482054,16,16,16,16,16,16,16,16,16,16
2,1,482054,13,13,13,13,13,13,13,13,13,13
1,1,482055,15,15,15,15,15,15,15,15,15,15
1,1,482056,0,25,0,0,15,18,0,0,0,22
1,1,482057,0,0,0,0,0,0,0,0,0,0
2,1,482057,0,0,0,0,0,0,0,0,0,0
1,1,482058,0,0,0,0,0,0,0,0,0,0
0,1,482059,30,30,30,30,30,30,30,30,30,30
1,1,482059,0,0,25,0,8,0,9,11,0,6
0,1,482060,23,23,23,23,23,23,23,23,23,23
1,1,482060,0,0,1,0,0,0,0,0,0,0
0,1,482061,0,0,0,0,0,0,0,0,0,0
1,1,482061,0,0,0,0,0,0,0,0,0,0
0,1,482062,0,0,0,0,0,0,0,0,0,0
1,1,482062,0,0,0,0,0,0,0,0,0,0
1,1,482063,0,0,0,0,0,0,0,0,16,0
2,1,482063,0,0,0,0,0,0,0,0,0,0
1,1,482064,0,0,0,0,0,0,0,0,17,0
2,1,482064,0,0,0,0,0,0,0,0,23,0
1,1,482065,0,0,0,0,0,0,0,0,0,0
2,1,482065,0,0,0,0,0,0,0,0,0,0
1,1,482066,0,0,0,0,0,0,0,0,0,0
2,1,482066,0,29,0,0,0,0,0,0,0,0
1,1,482067,27,27,27,27,27,27,27,27,27,27
1,1,482068,0,0,0,0,0,0,0,0,0,0
2,1,482068,14,0,10,0,0,0,0,0,5,0
1,1,482069,0,0,0,0,0,9,0,0,0,0
2,1,482069,0,0,0,0,0,0,0,0,0,0
1,1,482070,6,8,0,0,14,0,13,15,9,16
2,1,482070,0,0,0,0,0,0,0,0,0,0
1,1,482071,31,28,25,24,22,17,36,23,15,19
1,1,482072,0,0,0,0,0,0,0,0,0,0
2,1,482072,0,0,0,0,0,0,0,0,0,0
1,1,482073,0,0,0,0,0,0,0,0,0,0
2,1,482073,0,0,0,0,0,0,0,0,0,0
1,1,482074,0,0,0,0,0,0,0,0,0,0
1,1,482075,0,0,0,0,0,0,0,0,0,0
1,1,482076,0,0,0,0,0,0,0,0,0,0
1,1,482077,0,0,0,0,0,0,0,0,0,0
2,1,482077,0,0,0,0,0,0,0,11,0,14
1,1,482078,3,3,3,3,3,3,3,3,3,3
1,1,482079,0,0,0,0,0,0,0,0,0,0
2,1,482079,0,0,0,0,0,0,0,0,0,0
0,1,482080,0,0,0,0,0,0,0,0,0,13
1,1,482080,0,0,0,0,0,0,0,0,0,0
1,1,482081,0,0,0,0,0,0,0,0,0,0
2,1,482081,0,0,0,0,0,0,0,0,0,0
1,1,482082,0,0,0,0,0,0,0,0,0,0
2,1,482082,0,0,5,0,0,0,0,0,0,5
1,1,482083,0,0,0,0,0,0,0,0,0,0
1,1,482084,0,0,0,0,0,0,0,0,0,0
1,1,482085,0,0,7,0,0,12,0,0,0,0
1,1,482086,24,24,24,24,24,24,24,24,24,24
1,1,482087,17,17,17,17,17,17,17,17,17,17
0,1,482088,0,0,0,0,0,0,0,0,0,0
1,1,482088,0,0,0,0,0,0,0,12,21,0
1,1,482089,19,19,19,19,19,19,19,19,19,19
1,1,482090,13,13,13,13,13,13,13,13,13,13
1,1,482091,10,10,10,10,10,10,10,10,10,10
1,1,482092,0,19,0,0,20,0,12,0,0,0
2,1,482092,0,0,0,0,0,0,0,0,15,0
3,1,482092,40,0,10,0,19,0,0,0,5,0
1,1,482093,0,0,0,0,0,0,0,0,0,0
2,1,482093,0,0,0,0,0,0,0,0,0,0
1,1,482094,0,0,0,0,0,0,0,0,0,0
2,1,482094,0,0,2,0,0,0,0,0,0,0
1,1,482095,0,0,0,0,0,0,0,0,0,0
2,1,482095,0,0,0,0,0,0,0,0,0,0
1,1,482096,0,0,0,0,0,0,0,0,0,0
0,1,482097,18,18,18,18,18,18,18,18,18,18
1,1,482097,20,3,0,0,0,0,0,0,0,0
2,1,482097,0,6,0,17,15,8,0,0,0,7
3,1,482097,0,0,0,0,0,0,0,0,0,0
1,1,482098,0,0,0,0,0,0,0,0,0,0
1,1,482099,21,21,21,21,21,21,21,21,21,21
1,1,482100,0,0,0,0,0,0,0,0,0,0
1,1,482101,13,0,0,0,0,6,0,0,0,0
2,1,482101,0,0,0,0,0,0,0,0,0,0
0,1,482102,0,23,6,0,0,0,0,8,21,0
1,1,482102,12,0,0,0,0,0,0,0,0,0
1,1,482103,25,25,25,25,25,25,25,25,25,25
1,1,482104,0,0,0,0,0,0,0,0,0,0
2,1,482104,4,4,4,4,4,4,4,4,4,4
1,1,482105,0,0,0,0,0,0,0,0,0,0
2,1,482105,0,0,0,0,0,0,0,0,0,0
0,1,482106,0,0,0,0,0,0,0,0,0,0
1,1,482106,0,0,0,0,0,0,0,0,0,0
2,1,482106,0,0,0,3,0,0,0,0,0,0
0,1,482107,23,0,26,28,0,0,11,0,45,31
1,1,482107,23,0,0,10,0,10,7,18,0,0
1,1,482108,27,27,27,27,27,27,27,27,27,27
1,1,482109,0,0,0,0,0,0,0,0,0,0
0,1,482110,19,19,19,19,19,19,19,19,19,19
1,1,482110,0,12,0,0,13,9,0,0,15,0
1,1,482111,24,24,24,24,24,24,24,24,24,24
1,1,482112,14,21,12,20,16,16,32,0,2,36
1,1,482113,22,22,22,22,22,22,22,22,22,22
0,1,482114,20,20,20,20,20,20,20,20,20,20
1,1,482114,0,2,0,0,0,0,0,0,0,0
1,1,482115,0,0,0,0,0,20,0,0,0,0
1,1,482116,11,11,11,11,11,11,11,11,11,11
1,1,482117,0,0,0,0,0,0,0,0,0,0
0,1,482118,0,0,0,0,0,0,0,0,0,0
1,1,482118,0,0,0,0,0,0,0,0,0,0
1,1,482119,22,22,22,22,22,22,22,22,22,22
2,1,482119,0,0,0,0,0,0,0,0,0,0
1,1,482120,0,0,0,0,0,0,0,0,0,0
1,1,482121,0,0,17,19,25,0,0,0,10,32
1,1,482122,10,11,0,28,11,9,7,0,16,10
2,1,482122,0,0,0,0,0,0,0,0,10,0
1,1,482124,0,0,0,0,0,0,0,0,0,0
2,1,482124,0,0,0,0,0,0,0,0,0,0
1,1,482125,9,0,0,0,0,0,0,0,0,0
2,1,482125,0,0,0,0,0,18,0,0,0,0
1,1,482126,0,0,0,0,0,0,0,0,0,0
2,1,482126,15,0,0,11,0,0,0,4,0,0
1,1,482127,10,10,10,10,10,10,10,10,10,10
1,1,482128,21,16,7,12,11,16,17,4,14,35
2,1,482128,0,0,4,0,0,0,0,2,0,0
1,1,482129,0,0,0,0,0,0,0,0,0,0
2,1,482129,0,0,0,0,0,0,0,0,0,0
1,1,482130,0,0,0,0,0,0,0,0,0,0
0,1,482131,0,13,0,0,0,0,0,0,8,20
1,1,482131,12,0,9,19,0,0,0,0,0,0
0,1,482132,0,0,0,0,0,0,0,0,0,0
1,1,482132,0,0,0,0,0,0,0,0,0,0
2,1,482132,0,0,0,0,0,0,0,0,0,0
3,1,482132,0,0,0,0,0,0,19,0,7,0
1,1,482133,0,0,0,0,0,0,0,0,0,0
2,1,482133,0,0,0,0,0,0,0,0,0,0
0,1,482134,0,0,0,0,0,0,0,0,0,0
1,1,482134,0,0,0,13,0,11,0,0,0,14
1,1,482135,13,19,18,42,6,17,14,14,16,27
1,1,482136,22,22,22,22,22,22,22,22,22,22
1,1,482137,0,0,0,0,0,0,0,0,0,0
2,1,482137,6,0,0,28,8,0,0,0,0,0
1,1,482138,0,0,0,0,0,0,0,0,0,0
2,1,482138,0,0,0,0,0,0,0,0,0,0
0,1,482139,18,20,0,31,22,3,0,26,0,21
1,1,482139,0,0,0,0,0,0,0,0,0,0
1,1,482140,18,18,18,18,18,18,18,18,18,18
0,1,482141,0,0,0,0,12,26,0,0,0,17
0,2,482141,0,0,16,0,0,0,0,0,0,7
1,1,482141,0,17,0,0,0,0,5,16,18,18
1,1,482143,0,0,0,0,0,0,0,0,0,0
1,1,482144,0,0,0,0,0,0,0,0,0,7
2,1,482144,0,0,0,0,0,11,0,0,11,0
1,1,482145,19,19,19,19,19,19,19,19,19,19
1,1,482146,9,9,9,9,9,9,9,9,9,9
2,1,482146,0,0,0,0,0,0,0,0,0,0
1,1,482147,0,0,0,0,0,0,0,0,0,21
0,1,482148,0,0,0,0,0,0,0,0,0,0
1,1,482148,0,0,0,0,0,0,0,0,0,0
1,1,482149,12,12,12,12,12,12,12,12,12,12
1,1,482150,0,0,0,0,0,0,0,0,0,0
1,1,482151,0,0,0,0,0,0,0,0,0,0
2,1,482151,0,0,0,0,12,0,0,5,0,0
1,1,482152,28,28,28,28,28,28,28,28,28,28
2,1,482152,0,0,0,0,0,0,0,0,0,0
1,1,482153,24,24,24,24,24,24,24,24,24,24
1,1,482154,0,0,0,0,0,0,0,0,0,0
1,1,482155,0,18,0,0,0,0,0,0,0,0
2,1,482155,0,0,0,0,0,0,0,0,0,6
1,1,482156,0,0,0,0,0,0,0,0,0,0
2,1,482156,0,0,0,0,0,0,0,0,0,0
1,1,482157,0,0,0,0,0,0,0,0,0,0
0,1,482158,0,27,0,0,15,27,16,0,0,13
1,1,482158,0,0,0,0,0,0,0,0,0,0
1,1,482159,0,0,0,0,0,0,0,0,0,0
2,1,482159,14,0,0,12,0,0,0,0,0,0
1,1,482160,0,0,0,0,0,0,0,0,0,0
2,1,482160,0,0,0,0,0,20,0,0,0,0
1,1,482161,0,0,0,0,0,0,0,0,0,0
1,1,482162,22,12,12,15,21,17,22,18,18,32
1,1,482163,29,19,14,10,26,17,31,30,20,30
0,1,482164,0,0,0,0,0,0,0,0,0,0
1,1,482164,0,7,10,0,0,0,0,0,0,0
1,1,482165,0,0,0,0,0,0,0,0,0,0
1,1,482166,0,0,0,0,0,0,0,0,0,0
2,1,482166,0,0,0,0,0,0,0,0,0,0
3,1,482166,0,0,0,0,0,0,0,0,0,0
4,1,482166,0,0,0,0,0,0,0,0,0,0
1,1,482167,0,0,0,0,0,0,0,0,0,0
2,1,482167,0,0,0,0,0,0,0,16,0,0
3,1,482167,0,0,0,0,0,0,0,0,0,0
5,1,482167,0,0,0,0,0,0,0,0,0,0
1,1,482168,0,0,0,0,0,0,0,0,0,0
2,1,482168,0,0,0,0,0,0,0,0,0,0
1,1,482169,23,23,23,23,23,23,23,23,23,23
1,1,482170,0,31,0,0,0,0,0,0,25,0
2,1,482170,0,0,0,0,0,0,0,0,0,0
1,1,482171,0,0,0,0,0,0,0,0,0,0
1,1,482172,0,0,0,0,0,0,0,0,0,0
1,1,482173,0,0,0,0,0,0,0,0,0,0
1,1,482174,0,0,0,0,0,0,0,0,0,0
2,1,482174,0,0,0,0,0,0,0,0,0,0
1,1,482175,16,16,16,16,16,16,16,16,16,16
1,1,482176,19,0,0,0,0,23,0,0,0,0
2,1,482176,0,0,0,0,0,0,0,0,0,0
1,1,482177,0,0,0,0,0,0,0,0,0,0
1,1,482178,0,0,9,0,0,0,0,0,0,0
2,1,482178,0,0,0,0,0,0,0,0,0,0
1,1,482179,0,0,0,0,0,0,0,0,0,0
2,1,482179,0,0,0,6,0,0,0,0,0,0
1,1,482180,20,20,20,20,20,20,20,20,20,20
0,1,482181,0,0,0,0,0,0,0,0,0,0
0,2,482181,0,0,0,0,20,0,0,0,0,4
0,3,482181,13,0,30,0,4,0,0,0,0,0
1,1,482181,10,10,0,13,18,19,23,11,12,22
1,1,482182,14,14,14,14,14,14,14,14,14,14
0,1,482183,0,0,0,0,0,0,0,0,0,0
0,2,482183,0,0,6,20,0,0,0,0,34,15
1,1,482183,0,4,0,0,0,0,0,12,0,0
1,1,482184,11,0,0,0,0,14,0,0,17,0
2,1,482184,0,0,0,0,18,0,0,0,0,0
1,1,482185,0,0,0,0,0,0,0,0,0,0
2,1,482185,0,0,0,0,0,0,0,0,0,0
3,1,482185,11,0,0,0,0,9,0,14,0,0
1,1,482186,35,0,20,4,9,19,25,9,9,20
2,1,482186,0,0,0,0,0,0,0,0,0,0
1,1,482187,25,25,25,25,25,25,25,25,25,25
0,1,482188,0,0,0,0,0,0,0,0,0,0
1,1,482188,0,14,0,0,0,16,5,7,0,0
1,1,482189,17,17,17,17,17,17,17,17,17,17
0,1,482190,0,0,0,0,0,0,0,0,0,0
1,1,482190,0,0,0,0,0,0,0,0,0,0
2,1,482190,0,0,0,0,0,0,0,0,0,0
0,1,482191,0,0,0,0,0,0,0,0,0,0
1,1,482191,0,14,0,0,0,0,0,20,3,0
1,1,482192,13,6,0,0,0,0,10,7,0,4
2,1,482192,0,0,0,0,0,0,0,0,0,0
0,1,482193,0,0,0,0,0,0,0,0,0,0
1,1,482193,0,0,14,0,0,0,0,0,0,0
1,1,482194,0,0,0,0,0,0,0,0,0,0
2,1,482194,0,0,0,0,0,0,0,0,0,0
1,1,482195,18,18,18,18,18,18,18,18,18,18
2,1,482195,0,26,12,0,7,27,0,0,0,0
3,1,482195,0,0,0,0,0,0,0,0,0,0
1,1,482196,0,0,0,0,0,0,0,0,0,0
2,1,482196,0,0,9,0,0,0,0,0,0,17
0,1,482197,0,0,0,0,0,0,0,0,0,0
0,2,482197,0,0,0,0,0,0,0,0,0,0
0,3,482197,0,43,0,0,0,0,0,0,0,0
1,1,482197,23,23,23,23,23,23,23,23,23,23
1,1,482198,28,28,28,28,28,28,28,28,28,28
2,1,482198,0,0,0,0,0,0,0,0,0,0
1,1,482199,21,18,0,24,25,21,24,10,24,6
1,1,482200,21,21,21,21,21,21,21,21,21,21
2,1,482200,0,12,0,0,0,0,19,0,3,11
1,1,482201,22,22,22,22,22,22,22,22,22,22
1,1,482202,1,1,1,1,1,1,1,1,1,1
2,1,482202,0,0,0,0,0,0,0,0,0,0
0,1,482204,19,19,19,19,19,19,19,19,19,19
1,1,482204,0,0,0,12,0,0,0,9,0,5
2,1,482204,0,0,24,17,0,0,0,0,0,0
0,1,482205,0,0,0,0,0,0,0,0,0,0
1,1,482205,0,0,21,7,0,0,0,0,16,0
1,1,482206,0,0,0,0,0,0,0,0,0,0
1,1,482207,0,0,6,0,0,23,0,0,0,0
1,1,482208,0,0,0,0,0,0,0,0,0,0
1,1,482209,0,0,0,0,0,0,0,0,0,0
2,1,482209,0,0,0,0,0,0,0,0,0,0
1,1,482210,0,18,0,4,7,0,0,0,0,0
2,1,482210,0,0,0,0,0,0,0,0,0,0
1,1,482211,0,0,0,0,0,0,0,0,0,0
2,1,482211,0,0,0,0,0,0,0,0,0,0
3,1,482211,0,0,0,0,0,0,0,0,0,0
1,1,482212,0,12,0,22,0,0,0,0,0,10
1,1,482213,0,0,0,0,0,0,0,0,0,0
1,1,482214,0,0,0,0,0,0,0,0,0,0
2,1,482214,0,0,0,0,0,0,0,0,0,0
1,1,482215,14,14,0,11,25,0,14,0,0,0
1,1,482216,0,0,0,0,0,0,0,0,0,0
2,1,482216,0,0,0,0,0,0,0,6,0,0
1,1,482217,0,0,0,0,0,0,0,0,0,0
2,1,482217,0,0,0,0,0,0,0,0,0,0
1,1,482218,20,0,0,19,0,9,0,0,0,29
1,1,482219,0,0,0,0,18,0,0,0,0,15
2,1,482219,0,0,0,0,0,0,0,0,0,0
1,1,482220,20,0,0,0,0,0,0,0,0,0
2,1,482220,0,0,0,0,0,0,0,0,0,0
1,1,482221,0,0,0,0,0,0,0,0,0,0
1,1,482222,0,0,0,0,0,0,0,0,0,4
1,1,482223,0,0,13,0,0,22,0,0,0,32
1,1,482224,0,0,0,0,0,0,0,0,6,0
2,1,482224,16,0,0,0,0,0,0,0,0,0
1,1,482225,17,17,17,17,17,17,17,17,17,17
2,1,482225,0,0,0,0,0,0,0,0,0,0
0,1,482226,0,0,0,0,0,0,0,0,0,0
1,1,482226,0,0,0,0,0,0,0,0,0,0
0,1,482227,16,16,16,16,16,16,16,16,16,16
1,1,482227,0,0,13,0,0,18,0,0,20,0
1,1,482228,11,11,11,11,11,11,11,11,11,11
0,1,482229,48,0,0,19,0,20,0,23,35,22
1,1,482229,0,0,0,0,0,6,0,12,0,0
1,1,482230,0,0,0,0,0,0,0,0,0,0
2,1,482230,0,0,0,0,0,0,0,0,0,0
0,1,482231,13,13,13,13,13,13,13,13,13,13
1,1,482231,0,0,13,0,0,6,0,0,0,25
1,1,482232,0,0,0,0,0,0,0,0,0,0
1,1,482233,0,0,0,9,0,0,0,0,0,0
2,1,482233,0,0,0,0,0,0,0,0,0,0
1,1,482234,2,2,2,2,2,2,2,2,2,2
1,1,482235,21,21,21,21,21,21,21,21,21,21
2,1,482235,0,0,0,0,0,0,0,0,0,0
0,1,482236,0,15,0,0,22,0,0,6,17,0
1,1,482236,21,19,0,0,7,0,0,11,0,0
1,1,482237,14,14,14,14,14,14,14,14,14,14
2,1,482237,0,0,0,0,0,0,0,0,0,0
1,1,482238,21,21,21,21,21,21,21,21,21,21
2,1,482238,22,0,18,15,0,10,0,20,2,0
1,1,482239,8,0,25,0,0,13,19,0,0,0
2,1,482239,5,5,5,5,5,5,5,5,5,5
1,1,482240,11,11,11,11,11,11,11,11,11,11
1,1,482241,1,1,1,1,1,1,1,1,1,1
1,1,482242,0,0,0,0,0,0,0,0,0,0
2,1,482242,0,0,0,0,0,0,0,0,0,0
1,1,482243,0,0,25,0,23,0,0,0,0,0
2,1,482243,15,0,0,0,0,21,0,0,0,0
0,1,482244,31,8,0,0,27,9,15,27,16,30
1,1,482244,15,0,0,0,0,0,0,0,15,0
1,1,482245,0,0,0,0,0,0,0,0,0,0
2,1,482245,0,0,0,0,0,0,0,0,0,16
1,1,482246,0,25,17,0,0,0,13,0,0,23
1,1,482247,0,0,0,0,0,0,0,0,0,0
1,1,482248,0,0,0,0,0,0,0,0,0,0