VEH_NO,PER_NO,ST_CASE,P1,P2,P3,P4,P5,P6,P7,P8,P9,P10
1,1,482249,0,0,0,0,0,0,0,0,0,0
2,1,482249,0,0,0,0,0,0,0,0,0,0
1,1,482250,17,0,0,0,0,0,0,0,0,0
1,1,482251,30,30,30,30,30,30,30,30,30,30
2,1,482252,0,0,9,18,0,0,0,0,0,0
0,1,482253,8,8,8,8,8,8,8,8,8,8
1,1,482253,10,10,10,10,10,10,10,10,10,10
1,1,482254,0,0,0,0,0,0,0,0,0,0
2,1,482254,0,14,0,0,24,0,0,0,11,0
1,1,482255,15,15,15,15,15,15,15,15,15,15
1,1,482256,0,0,0,0,0,0,0,0,0,0
1,1,482257,13,0,0,0,13,0,0,16,0,0
2,1,482257,0,0,0,0,0,0,0,0,0,0
1,1,482258,3,0,0,14,0,0,0,12,0,26
1,1,482259,25,25,25,25,25,25,25,25,25,25
1,1,482260,12,12,12,12,12,12,12,12,12,12
1,1,482261,26,26,26,26,26,26,26,26,26,26
2,1,482261,0,0,0,0,0,0,0,0,0,0
1,1,482262,0,0,0,0,0,0,0,0,0,0
2,1,482262,0,0,0,0,0,0,0,0,0,0
1,1,482263,0,0,0,0,0,0,0,0,0,0
1,1,482264,0,34,0,0,23,15,0,0,0,0
2,1,482264,0,0,0,13,0,0,23,0,0,0
1,1,482265,0,0,20,0,0,0,9,0,0,0
1,1,482266,0,22,0,0,0,0,0,0,0,0
2,1,482266,0,0,0,0,0,0,0,0,0,0
3,1,482266,0,0,0,0,0,0,0,0,0,0
1,1,482267,0,0,0,0,0,0,0,0,0,0
2,1,482267,0,0,0,0,0,0,0,0,0,0
3,1,482267,0,0,0,0,0,0,0,0,11,0
1,1,482268,21,21,21,21,21,21,21,21,21,21
2,1,482268,0,0,0,0,0,0,0,0,0,0
1,1,482269,0,0,0,0,0,0,0,0,0,0
2,1,482269,0,0,0,0,0,0,0,0,0,0
1,1,482270,37,16,3,24,10,12,28,17,17,13
1,1,482271,18,0,0,5,18,0,15,0,0,9
2,1,482271,0,0,0,0,0,0,0,0,0,0
1,1,482272,19,19,19,19,19,19,19,19,19,19
2,1,482272,0,0,0,0,13,0,10,0,0,0
3,1,482272,0,0,0,0,0,0,0,0,0,0
4,1,482272,0,0,0,0,0,0,0,0,0,0
1,1,482273,0,0,0,0,0,0,0,0,0,0
1,1,482274,13,0,0,0,0,0,0,0,0,0
2,1,482274,0,0,0,0,0,0,0,0,0,0
3,1,482274,0,0,0,0,0,0,0,0,0,0
1,1,482275,15,15,15,15,15,15,15,15,15,15
2,1,482275,0,0,0,13,0,0,0,0,0,0
1,1,482276,5,19,8,18,18,18,21,5,15,15
2,1,482276,15,11,12,20,10,23,19,9,19,18
1,1,482277,21,21,21,21,21,21,21,21,21,21
2,1,482277,0,0,0,0,0,0,0,5,9,0
1,1,482278,0,0,0,0,0,0,0,0,0,0
2,1,482278,5,0,0,0,0,0,0,0,0,0
1,1,482279,0,0,0,0,0,0,0,0,0,0
2,1,482279,0,34,0,0,0,16,0,12,0,0
1,1,482280,0,0,0,0,27,0,0,0,0,0
2,1,482280,0,0,0,7,16,0,0,0,6,0
1,1,482281,7,0,0,0,21,0,0,0,0,0
2,1,482281,0,0,0,0,0,0,0,0,0,0
1,1,482282,9,14,14,16,10,12,12,20,15,21
2,1,482282,0,0,0,0,0,0,0,0,0,0
1,1,482283,25,0,0,0,0,0,0,0,5,0
1,1,482284,28,28,28,28,28,28,28,28,28,28
1,1,482285,16,16,16,16,16,16,16,16,16,16
1,1,482286,0,0,0,0,9,0,0,0,0,0
2,1,482286,0,0,0,0,0,0,0,0,0,0
3,1,482286,0,0,0,9,0,0,0,0,0,0
0,1,482287,18,18,18,18,18,18,18,18,18,18
1,1,482287,18,18,18,18,18,18,18,18,18,18
1,1,482288,19,17,0,0,0,0,0,11,0,8
1,1,482289,18,0,21,0,0,11,0,3,26,0
0,1,482290,0,0,0,0,7,19,0,0,0,0
1,1,482290,0,0,0,0,0,0,0,0,0,0
0,1,482291,35,35,35,35,35,35,35,35,35,35
1,1,482291,21,0,0,0,0,0,0,15,5,29
1,1,482292,0,0,0,2,0,6,8,0,0,0
2,1,482292,0,0,0,0,0,0,0,17,0,4
1,1,482293,0,0,28,0,0,11,0,0,0,0
1,1,482294,18,18,18,18,18,18,18,18,18,18
1,1,482295,0,0,0,0,0,0,0,0,0,0
1,1,482296,16,16,16,16,16,16,16,16,16,16
1,1,482297,5,36,0,0,7,2,0,26,17,5
1,1,482298,20,15,27,9,39,24,6,16,11,17
1,1,482299,24,23,24,43,18,18,19,16,22,30
2,1,482299,0,0,0,0,0,0,0,0,0,0
0,1,482300,0,0,0,0,0,0,0,0,0,0
1,1,482300,0,0,0,0,0,0,0,0,0,0
1,1,482301,11,0,0,0,0,0,0,4,0,0
1,1,482302,0,0,0,0,0,0,0,0,0,0
1,1,482303,11,11,11,11,11,11,11,11,11,11
1,1,482304,0,0,0,0,0,0,0,0,0,0
1,1,482305,0,0,0,0,0,0,0,0,0,0
2,1,482305,0,0,0,0,0,0,0,0,0,0
3,1,482305,0,0,0,0,0,0,0,0,0,0
2,1,482306,17,6,0,0,0,0,16,0,0,13
1,1,482307,0,0,0,0,0,0,0,0,0,0
2,1,482307,0,0,16,6,0,17,0,0,0,0
0,1,482308,8,8,8,8,8,8,8,8,8,8
1,1,482308,0,0,10,0,12,0,3,11,9,17
1,1,482309,19,19,19,19,19,19,19,19,19,19
1,1,482310,16,14,12,18,4,12,15,16,23,13
2,1,482310,0,0,0,6,16,14,0,0,11,0
3,1,482310,0,0,0,0,0,0,0,15,0,0
1,1,482311,0,0,0,0,0,0,0,0,0,0
2,1,482311,0,0,0,0,11,11,0,0,0,26
1,1,482312,0,0,0,0,0,0,0,0,0,0
2,1,482312,0,0,0,0,0,0,0,0,0,0
3,1,482312,23,23,23,23,23,23,23,23,23,23
1,1,482313,0,0,0,0,0,0,0,0,0,8
2,1,482313,0,0,0,0,0,0,13,0,0,0
1,1,482314,0,17,14,0,0,0,0,5,0,0
1,1,482315,24,24,24,24,24,24,24,24,24,24
2,1,482315,0,0,0,0,7,0,0,0,0,0
1,1,482316,2,6,9,16,14,0,20,25,5,8
2,1,482316,17,14,0,0,0,8,0,0,10,0
1,1,482317,31,31,31,31,31,31,31,31,31,31
1,1,482318,0,0,0,0,5,0,0,0,0,0
2,1,482318,0,0,0,0,0,0,0,0,22,0
3,1,482318,0,0,0,0,0,0,0,0,0,0
0,1,482319,21,21,21,21,21,21,21,21,21,21
1,1,482319,0,0,32,15,14,7,0,0,0,0
1,1,482320,0,0,0,0,0,0,0,0,0,0
2,1,482320,0,0,0,0,0,0,0,0,0,0
1,1,482321,0,0,0,0,12,0,0,0,0,0
2,1,482321,0,0,0,0,0,0,0,0,0,0
3,1,482321,0,0,0,0,0,0,0,0,0,0
1,1,482322,0,0,0,0,0,0,0,0,0,0
1,1,482323,0,0,0,0,0,0,0,0,0,0
1,1,482324,13,13,13,13,13,13,13,13,13,13
1,1,482325,0,0,0,0,0,0,0,0,0,0
0,1,482326,19,0,0,0,11,12,52,0,20,0
1,1,482326,0,0,0,28,21,20,0,0,0,0
1,1,482327,0,0,9,0,6,7,0,0,0,0
0,1,482328,0,0,0,0,0,0,0,0,0,0
1,1,482328,0,0,0,0,0,0,0,0,0,0
0,1,482329,22,0,0,0,8,16,34,19,0,22
1,1,482329,0,0,0,0,0,0,0,0,0,0
1,1,482330,19,19,19,19,19,19,19,19,19,19
1,1,482331,0,0,0,0,0,0,0,0,0,0
2,1,482331,0,0,0,0,0,0,0,0,0,0
1,1,482332,0,0,0,0,0,33,0,0,0,0
2,1,482332,0,0,0,0,0,0,0,21,20,0
1,1,482333,15,15,15,15,15,15,15,15,15,15
1,1,482334,34,38,0,0,20,0,0,0,0,26
1,1,482335,0,0,0,0,0,0,0,0,0,0
1,1,482336,0,0,0,0,0,0,0,0,0,0
2,1,482336,20,20,20,20,20,20,20,20,20,20
1,1,482337,0,0,0,0,0,0,0,0,0,0
1,1,482338,0,15,0,0,8,0,0,0,0,0
2,1,482338,0,0,14,0,0,0,16,0,0,11
1,1,482339,12,0,29,12,17,24,26,19,7,11
1,1,482340,15,15,15,15,15,15,15,15,15,15
1,1,482341,36,18,20,11,14,11,13,24,14,14
1,1,482342,16,19,7,17,9,0,5,11,18,7
1,1,482343,0,0,0,0,0,0,0,0,0,0
2,1,482343,0,0,0,0,0,0,0,7,32,0
0,1,482344,9,9,9,9,9,9,9,9,9,9
0,2,482344,0,0,0,0,0,0,0,0,0,0
1,1,482344,11,11,11,11,11,11,11,11,11,11
1,1,482346,16,13,0,0,11,16,0,0,6,15
2,1,482346,0,0,0,0,0,0,0,0,12,0
1,1,482347,0,0,0,0,0,0,0,0,0,0
1,1,482348,0,0,0,0,0,0,0,0,0,0
2,1,482348,0,0,0,0,0,0,0,0,0,0
3,1,482348,0,0,0,0,0,0,0,5,0,0
1,1,482349,0,0,0,0,0,0,9,0,0,0
2,1,482349,0,0,0,0,0,0,0,0,0,0
1,1,482350,0,0,14,11,0,22,0,0,16,0
1,1,482351,23,23,23,23,23,23,23,23,23,23
2,1,482351,0,0,0,0,0,0,0,0,0,0
1,1,482352,25,25,25,25,25,25,25,25,25,25
1,1,482353,0,0,0,0,0,0,0,0,0,0
1,1,482354,0,0,0,0,0,0,0,0,0,0
1,1,482355,0,0,0,0,0,0,0,0,0,0
2,1,482355,0,0,0,0,0,0,0,0,0,0
0,1,482356,0,12,0,0,0,0,0,0,0,0
1,1,482356,0,0,0,0,0,12,0,0,0,0
1,1,482357,14,0,9,12,0,10,0,0,0,0
2,1,482357,0,0,0,0,27,0,0,0,0,0
1,1,482358,0,0,0,0,0,0,0,0,0,0
1,1,482359,0,11,0,0,0,0,0,23,15,27
0,1,482360,34,34,34,34,34,34,34,34,34,34
1,1,482360,9,0,0,0,0,0,0,0,0,0
1,1,482361,16,15,20,0,34,19,0,0,0,17
1,1,482362,0,0,0,0,0,0,0,0,0,6
1,1,482363,0,22,0,0,0,0,0,0,0,0
2,1,482363,0,0,0,0,0,0,0,0,0,0
3,1,482363,0,0,0,0,0,0,23,0,0,0
1,1,482364,0,0,13,0,0,0,0,0,0,0
2,1,482364,0,0,0,0,0,0,9,0,0,0
0,1,482365,0,0,0,0,0,0,0,0,0,0
1,1,482365,0,8,0,0,0,0,0,0,0,0
1,1,482366,0,0,0,0,0,0,0,0,0,0
2,1,482366,0,0,0,6,0,14,9,0,0,0
1,1,482367,5,5,5,5,5,5,5,5,5,5
2,1,482367,0,0,0,0,0,0,0,0,0,0
1,1,482368,14,14,14,14,14,14,14,14,14,14
2,1,482368,0,0,0,0,0,0,0,0,0,0
3,1,482368,0,0,0,0,0,0,0,0,0,0
4,1,482368,0,0,0,0,0,0,0,0,0,0
1,1,482369,12,12,12,12,12,12,12,12,12,12
2,1,482369,0,13,0,0,0,0,0,40,15,0
1,1,482370,0,0,0,0,0,10,0,13,0,15
0,1,482371,0,0,0,0,0,0,0,0,0,0
1,1,482371,0,0,0,0,0,0,0,0,0,0
1,1,482372,0,0,0,0,0,0,0,0,0,0
2,1,482372,0,0,0,0,0,0,0,0,0,0
3,1,482372,0,0,0,0,0,0,0,0,0,0
1,1,482373,0,0,0,0,0,0,0,0,0,0
2,1,482373,27,27,27,27,27,27,27,27,27,27
1,1,482374,0,0,0,0,0,4,8,0,0,28
1,1,482375,0,0,0,0,0,0,0,0,0,0
2,1,482375,0,0,0,0,13,0,0,0,10,0
0,1,482376,0,0,0,0,0,0,0,0,0,0
1,1,482376,0,12,0,13,0,0,0,16,6,10
1,1,482377,0,8,15,0,21,14,18,0,40,0
0,1,482379,0,0,0,0,0,0,0,0,0,0
1,1,482379,0,15,12,0,0,0,0,0,0,0
0,1,482380,25,25,25,25,25,25,25,25,25,25
1,1,482380,0,30,0,0,0,0,0,0,0,0
1,1,482381,0,0,0,0,0,0,0,0,0,0
1,1,482382,6,6,6,6,6,6,6,6,6,6
1,1,482383,21,21,21,21,21,21,21,21,21,21
0,1,482384,0,0,0,0,0,0,0,0,0,0
1,1,482384,0,0,0,0,0,0,0,0,0,0
0,1,482385,0,0,16,0,21,0,0,35,0,0
1,1,482385,12,12,12,12,12,12,12,12,12,12
2,1,482385,0,0,0,0,0,0,0,0,0,0
1,1,482386,0,0,0,0,0,0,9,0,0,0
2,1,482386,0,0,0,0,0,0,0,0,0,0
1,1,482387,0,0,0,0,0,0,0,0,0,0
1,1,482388,16,19,23,14,16,10,9,3,0,12
1,1,482389,19,19,19,19,19,19,19,19,19,19
1,1,482390,25,25,25,25,25,25,25,25,25,25
2,1,482390,0,7,0,0,0,0,0,0,0,0
1,1,482391,30,30,30,30,30,30,30,30,30,30
1,1,482392,0,0,0,0,0,0,0,0,19,0
2,1,482392,0,0,0,0,0,0,0,0,0,0
3,1,482392,0,0,0,0,0,0,0,0,0,7
1,1,482393,9,9,9,9,9,9,9,9,9,9
2,1,482393,0,0,16,0,0,0,13,0,7,0
1,1,482394,0,5,10,0,2,0,23,18,0,9
1,1,482395,8,24,0,17,8,19,0,0,11,17
2,1,482395,0,0,0,0,0,18,11,0,0,0
1,1,482396,0,0,0,0,0,0,0,0,0,0
2,1,482396,0,0,10,0,0,0,0,0,0,0
3,1,482396,0,0,0,0,0,0,0,0,0,0
0,1,482397,23,23,23,23,23,23,23,23,23,23
1,1,482397,0,0,0,0,20,25,17,0,0,0
1,1,482398,0,9,0,0,0,0,0,0,0,0
2,1,482398,0,0,0,0,0,20,0,0,0,0
1,1,482399,0,24,0,0,2,0,0,0,0,0
1,1,482400,0,12,0,0,0,0,0,0,0,19
2,1,482400,0,0,0,0,0,0,0,0,0,0
1,1,482401,13,13,13,13,13,13,13,13,13,13
0,1,482402,31,31,31,31,31,31,31,31,31,31
1,1,482402,0,20,0,0,0,0,0,0,0,0
2,1,482402,0,0,0,8,0,0,0,0,0,0
1,1,482403,0,16,0,0,0,0,0,0,0,0
2,1,482403,0,0,0,0,0,0,0,0,0,0
1,1,482404,18,18,18,18,18,18,18,18,18,18
1,1,482405,0,0,0,0,8,0,0,0,0,5
2,1,482405,0,0,0,0,0,0,0,0,0,13
3,1,482405,0,0,0,0,0,0,0,0,0,0
1,1,482406,0,0,0,0,0,0,0,0,0,0
2,1,482406,0,0,0,0,0,0,0,0,0,0
3,1,482406,0,6,0,0,0,0,0,0,0,2
4,1,482406,0,0,0,0,0,23,0,0,0,25
1,1,482407,0,0,18,9,17,0,15,0,0,0
0,1,482408,0,0,0,0,0,0,0,0,0,0
1,1,482408,0,0,0,0,0,0,0,0,0,0
1,1,482409,30,30,30,30,30,30,30,30,30,30
2,1,482409,0,0,0,0,0,0,0,0,0,0
3,1,482409,0,4,0,12,0,0,0,0,0,0
1,1,482410,0,0,0,0,0,0,13,0,0,0
2,1,482410,0,0,0,0,0,0,0,0,0,0
1,1,482411,27,27,27,27,27,27,27,27,27,27
1,1,482412,0,0,0,21,0,0,0,21,0,0
0,1,482413,21,21,21,21,21,21,21,21,21,21
1,1,482413,0,0,0,0,9,0,0,0,13,0
0,1,482414,0,0,34,0,14,4,0,0,0,0
1,1,482414,2,0,0,0,3,0,0,0,0,0
0,1,482415,21,21,21,21,21,21,21,21,21,21
1,1,482415,0,0,23,0,5,27,0,0,0,28
1,1,482416,17,0,5,0,14,13,17,28,0,27
2,1,482416,5,5,5,5,5,5,5,5,5,5
1,1,482417,0,0,0,0,35,0,17,0,0,0
1,1,482418,0,0,0,0,0,0,0,0,0,0
2,1,482418,0,0,0,0,0,0,0,0,0,0
3,1,482418,0,0,0,0,0,0,0,0,0,0
1,1,482419,0,0,0,0,0,0,0,0,0,0
1,1,482420,0,0,0,0,0,28,0,0,0,0
2,1,482420,0,0,0,0,0,0,0,0,0,0
1,1,482421,0,0,0,0,0,0,0,0,0,14
2,1,482421,0,0,0,0,0,0,0,0,0,0
1,1,482422,0,0,0,0,0,0,0,0,0,0
1,1,482423,0,0,0,0,0,0,0,0,0,0
1,1,482424,0,0,0,0,0,0,0,0,0,0
2,1,482424,8,8,8,8,8,8,8,8,8,8
3,1,482424,0,0,14,0,0,15,0,0,0,0
1,1,482425,0,0,0,0,0,0,0,0,0,0
2,1,482425,0,0,0,17,0,0,0,0,0,0
1,1,482426,7,24,33,5,21,26,24,0,20,15
1,1,482427,17,17,17,17,17,17,17,17,17,17
1,1,482428,1,1,1,1,1,1,1,1,1,1
2,1,482428,0,0,0,0,0,0,0,0,0,0
1,1,482430,0,0,0,0,0,0,0,0,0,0
1,1,482431,7,9,14,7,12,2,13,18,23,20
1,1,482432,0,0,0,0,0,0,0,0,0,0
1,1,482433,0,0,0,0,0,0,0,0,0,0
2,1,482433,0,0,0,0,0,0,0,0,0,0
1,1,482434,10,16,13,50,20,6,3,12,16,17
1,1,482435,0,0,23,0,0,15,0,0,0,0
2,1,482435,0,20,0,0,0,31,0,15,0,0
3,1,482435,0,0,0,0,0,0,0,0,25,0
1,1,482436,10,10,10,10,10,10,10,10,10,10
2,1,482436,0,0,0,0,0,0,0,0,0,0
3,1,482436,4,4,4,4,4,4,4,4,4,4
1,1,482437,21,21,21,21,21,21,21,21,21,21
1,1,482438,54,54,54,54,54,54,54,54,54,54
2,1,482438,0,27,0,4,1,9,0,0,5,0
1,1,482439,18,18,18,18,18,18,18,18,18,18
1,1,482440,24,24,24,24,24,24,24,24,24,24
1,1,482441,0,0,36,24,0,0,16,20,16,0
1,1,482442,0,0,0,0,0,0,0,0,0,0
2,1,482442,0,0,0,0,0,0,0,0,0,0
1,1,482443,0,0,0,0,0,0,0,0,0,0
2,1,482443,0,0,0,0,0,0,0,0,0,0
1,1,482444,0,0,0,0,0,0,0,0,0,0
2,1,482444,0,0,0,0,0,0,0,0,0,0
0,1,482445,0,0,0,0,0,0,0,0,0,0
1,1,482445,0,0,0,0,0,0,0,0,0,0
1,1,482446,0,0,0,0,0,0,0,0,0,0
1,1,482447,5,5,5,5,5,5,5,5,5,5
1,1,482448,0,0,0,26,0,0,0,0,22,0
1,1,482449,22,22,22,22,22,22,22,22,22,22
1,1,482450,22,22,22,22,22,22,22,22,22,22
2,1,482450,0,0,0,0,0,0,0,0,0,0
1,1,482451,0,0,0,0,0,0,0,0,0,0
2,1,482451,0,0,0,2,0,0,6,12,0,11
1,1,482452,0,0,0,0,0,17,0,0,0,0
2,1,482452,14,14,14,14,14,14,14,14,14,14
1,1,482453,0,0,13,0,0,0,17,16,0,9
2,1,482453,14,0,0,0,22,8,0,0,5,0
1,1,482454,18,18,18,18,18,18,18,18,18,18
2,1,482454,0,0,0,0,11,0,0,0,0,0
1,1,482455,25,25,25,25,25,25,25,25,25,25
0,1,482456,0,0,0,0,0,0,0,0,0,0
1,1,482456,14,0,22,0,0,0,0,23,0,0
2,1,482456,0,0,0,0,0,0,0,0,0,22
1,1,482457,0,0,0,0,0,0,0,0,0,0
1,1,482458,14,14,14,14,14,14,14,14,14,14
2,1,482458,0,0,0,9,0,0,0,0,0,0
1,1,482459,0,0,0,0,0,0,0,0,0,0
0,1,482460,0,0,0,0,29,36,14,15,0,0
1,1,482460,0,0,0,0,0,0,0,0,0,0
1,1,482461,0,16,0,0,9,0,7,0,0,0
1,1,482462,15,20,18,27,12,29,27,31,24,35
1,1,482463,0,8,0,0,0,25,0,0,0,0
0,1,482464,0,0,0,0,0,0,0,0,0,0
1,1,482464,15,0,12,0,0,0,0,10,0,0
1,1,482465,11,11,17,6,0,21,17,17,17,25
0,1,482466,0,15,20,0,0,0,18,0,0,0
1,1,482466,0,0,0,0,0,9,0,8,0,0
1,1,482467,11,11,11,11,11,11,11,11,11,11
1,1,482468,4,4,4,4,4,4,4,4,4,4
1,1,482469,0,0,0,0,0,0,0,0,0,0
1,1,482470,0,0,0,0,0,0,0,0,0,0
1,1,482471,3,3,3,3,3,3,3,3,3,3
1,1,482472,24,24,24,24,24,24,24,24,24,24
1,1,482473,8,8,8,8,8,8,8,8,8,8
1,1,482474,22,22,22,22,22,22,22,22,22,22
1,1,482475,9,9,9,9,9,9,9,9,9,9
2,1,482475,0,0,0,0,0,0,13,0,0,0
3,1,482475,11,12,0,0,0,0,0,0,0,0
1,1,482476,0,0,0,0,0,0,0,0,0,0
2,1,482476,0,0,0,0,0,0,0,0,0,0
1,1,482477,2,2,2,2,2,2,2,2,2,2
0,1,482478,3,33,16,22,6,0,44,26,29,24
1,1,482478,0,0,0,0,0,0,0,0,0,0
1,1,482479,0,7,8,0,0,0,0,0,0,0
2,1,482479,0,0,0,0,0,0,0,0,0,0
1,1,482480,0,0,0,0,0,0,0,0,0,0
2,1,482480,0,0,0,0,0,0,0,0,0,0
3,1,482480,0,11,0,0,0,0,0,0,0,0
1,1,482481,11,17,17,15,0,31,9,17,14,16
0,1,482482,0,15,11,19,30,32,0,27,0,0
1,1,482482,0,0,0,0,0,0,0,0,0,0
1,1,482483,20,20,20,20,20,20,20,20,20,20
1,1,482484,0,0,0,0,0,0,0,0,0,0
2,1,482484,0,0,0,0,0,0,0,0,0,0
1,1,482485,0,0,0,0,0,0,0,11,10,0
2,1,482485,0,0,0,0,0,0,0,0,0,0
1,1,482486,0,0,0,0,0,11,25,0,0,0
1,1,482487,0,0,0,0,0,0,0,0,0,0
2,1,482487,0,0,0,0,0,0,0,0,0,0
2,1,482488,31,29,18,14,24,21,25,27,13,14
1,1,482489,0,0,0,0,0,0,0,0,0,0
2,1,482489,0,0,0,0,0,0,0,0,0,0
1,1,482490,19,19,19,19,19,19,19,19,19,19
2,1,482490,0,0,0,0,0,0,0,0,0,0
3,1,482490,0,0,0,0,0,0,10,0,0,0
1,1,482491,0,0,0,0,0,13,28,0,0,0
1,1,482492,0,0,0,0,0,0,0,0,0,0
1,1,482493,0,0,0,0,0,0,0,0,0,0
2,1,482493,0,0,0,0,0,0,0,0,0,0
0,1,482494,0,19,0,0,33,0,0,14,0,0
1,1,482494,0,0,28,0,0,0,0,0,0,14
1,1,482495,0,0,0,0,0,0,0,0,0,0
1,1,482496,33,16,12,11,15,5,18,21,23,6
2,1,482496,0,0,0,0,24,0,0,0,0,0
1,1,482497,0,0,0,0,0,0,0,0,0,0
2,1,482497,0,0,0,0,0,0,0,0,0,0
1,1,482498,0,0,0,0,0,0,0,0,0,23
1,1,482500,30,30,30,30,30,30,30,30,30,30
1,1,482501,0,0,0,0,0,0,0,0,0,0
2,1,482501,0,0,0,0,0,0,0,0,0,0
1,1,482502,20,20,20,20,20,20,20,20,20,20
1,1,482503,0,0,0,0,0,0,0,0,0,0
1,1,482504,0,0,0,0,0,0,0,0,0,0
2,1,482504,0,2,0,0,0,0,0,0,0,0
1,1,482505,0,14,0,0,0,14,12,0,0,26
1,1,482506,16,19,15,17,31,0,25,0,20,29
1,1,482507,18,18,18,18,18,18,18,18,18,18
0,1,482508,23,23,23,23,23,23,23,23,23,23
1,1,482508,22,0,2,0,0,0,0,0,0,0
0,1,482509,0,0,0,12,0,0,0,21,0,0
1,1,482509,0,0,0,0,0,0,0,0,0,0
1,1,482510,0,0,0,0,0,0,14,0,0,0
2,1,482510,14,0,0,14,0,0,0,0,0,2
1,1,482511,0,0,0,0,0,0,0,0,0,0
2,1,482511,0,0,0,0,0,0,0,0,0,0
1,1,482512,13,13,13,13,13,13,13,13,13,13
1,1,482513,0,0,0,0,0,0,0,0,0,0
0,1,482514,0,0,0,0,0,0,10,12,7,0
1,1,482514,0,16,0,11,0,0,0,0,0,0
0,1,482515,19,0,8,13,0,0,0,10,14,18
1,1,482515,17,6,5,11,21,9,35,3,35,14
1,1,482516,0,0,0,0,0,0,0,0,0,0
1,1,482517,16,16,16,16,16,16,16,16,16,16
1,1,482518,17,17,17,17,17,17,17,17,17,17
1,1,482519,19,19,19,19,19,19,19,19,19,19
1,1,482520,1,1,1,1,1,1,1,1,1,1
1,1,482521,0,0,12,0,0,0,0,0,5,0
2,1,482521,0,0,0,0,11,0,0,16,11,9
1,1,482522,0,0,0,0,0,0,0,0,0,0
2,1,482522,0,0,0,0,0,0,0,0,0,0
0,1,482523,0,0,0,0,0,0,0,0,0,0
0,2,482523,0,0,0,0,25,0,34,18,36,13
0,3,482523,6,23,0,37,0,0,0,0,0,21
1,1,482523,0,0,0,0,0,0,0,0,0,0
1,1,482524,0,0,0,0,0,0,0,0,0,0
1,1,482525,27,27,27,27,27,27,27,27,27,27
1,1,482526,0,0,0,0,0,0,0,0,0,0
2,1,482526,0,0,0,0,0,0,6,0,0,0
0,1,482527,0,0,0,0,0,0,0,0,0,0
2,1,482527,28,28,28,28,28,28,28,28,28,28
0,1,482528,17,17,17,17,17,17,17,17,17,17
1,1,482528,0,0,0,0,0,0,0,0,0,0
1,1,482529,0,0,0,0,0,0,0,0,0,0
1,1,482530,0,29,0,0,0,0,0,0,0,0
2,1,482530,0,0,0,0,0,0,0,0,0,0
1,1,482531,16,16,16,16,16,16,16,16,16,16
1,1,482532,12,12,12,12,12,12,12,12,12,12
1,1,482533,0,0,0,0,0,0,0,0,0,0
1,1,482534,0,0,0,0,0,0,0,0,0,0
1,1,482535,15,15,15,15,15,15,15,15,15,15
0,1,482536,8,25,5,0,0,0,0,0,0,0
1,1,482536,0,0,0,0,0,0,0,0,0,0
1,1,482537,14,14,14,14,14,14,14,14,14,14
1,1,482538,0,0,0,0,0,0,0,0,0,0
2,1,482538,0,0,5,0,0,0,0,0,0,0
0,1,482539,19,0,0,18,0,32,0,17,0,16
1,1,482539,0,0,0,0,0,9,0,4,0,0
1,1,482540,0,0,0,0,0,0,0,0,0,0
0,1,482541,16,40,14,34,24,16,14,29,22,39
1,1,482541,0,0,0,0,0,0,0,6,7,5
1,1,482542,0,0,0,0,0,0,0,0,0,0
2,1,482542,0,0,0,0,0,0,0,0,0,0
1,1,482543,0,0,0,0,0,0,0,0,0,0
2,1,482543,0,0,0,0,0,0,0,0,0,0
1,1,482544,7,7,7,7,7,7,7,7,7,7
2,1,482544,0,0,0,0,0,0,0,0,0,0
1,1,482545,0,0,0,0,0,0,0,0,0,0
2,1,482545,16,16,16,16,16,16,16,16,16,16
1,1,482546,11,11,11,11,11,11,11,11,11,11
2,1,482546,0,0,0,0,0,9,18,5,14,0
3,1,482546,15,15,15,15,15,15,15,15,15,15
1,1,482547,0,0,0,0,0,0,0,0,0,0
1,1,482548,0,0,0,17,0,0,11,6,0,0
1,1,482549,23,14,12,18,25,21,25,19,42,13
1,1,482550,23,13,10,0,0,12,25,21,0,14
1,1,482551,0,0,0,0,0,0,0,0,0,0
2,1,482551,0,0,0,0,0,0,0,0,0,0
1,1,482552,0,0,0,0,0,0,0,0,0,0
2,1,482552,0,0,0,0,0,0,0,0,0,0
1,1,482553,20,27,16,26,38,16,12,30,22,21
1,1,482554,16,22,7,3,19,18,9,37,0,14
2,1,482554,28,30,0,17,15,16,12,14,8,8
0,1,482555,24,24,24,24,24,24,24,24,24,24