VEH_NO,PER_NO,ST_CASE,P1,P2,P3,P4,P5,P6,P7,P8,P9,P10
1,1,482555,15,10,0,0,0,0,14,9,0,24
2,1,482555,3,0,0,0,14,0,12,0,0,10
1,1,482556,0,0,0,0,0,0,0,20,0,0
1,1,482557,0,0,0,0,0,0,0,0,0,0
2,1,482557,0,0,0,0,0,0,0,0,0,0
0,1,482558,0,0,0,0,0,0,0,0,0,0
1,1,482558,12,0,0,0,0,0,0,0,0,11
1,1,482559,39,39,39,39,39,39,39,39,39,39
1,1,482561,25,25,25,25,25,25,25,25,25,25
1,1,482562,0,0,0,0,0,0,0,0,0,0
2,1,482562,0,0,0,0,0,0,18,0,0,0
3,1,482562,0,0,0,0,0,0,0,0,0,0
1,1,482563,0,0,0,0,0,0,0,0,0,0
2,1,482563,0,0,0,0,0,0,0,8,0,0
3,1,482563,0,0,0,0,0,0,0,0,0,0
1,1,482564,13,13,13,13,13,13,13,13,13,13
1,1,482565,10,0,10,0,0,0,19,0,0,19
1,1,482566,0,0,0,0,21,21,0,0,0,7
0,1,482567,0,0,0,0,0,0,0,0,0,0
1,1,482567,0,0,0,11,0,0,0,0,0,0
1,1,482568,0,0,0,0,0,0,0,0,0,6
2,1,482568,0,0,0,0,0,0,0,0,0,0
1,1,482569,0,0,0,0,0,0,0,14,0,0
2,1,482569,0,0,0,0,0,0,0,0,0,0
1,1,482570,22,22,22,22,22,22,22,22,22,22
1,7,482571,21,20,0,14,24,0,20,29,14,0
1,1,482572,0,0,0,0,0,0,0,0,0,0
2,1,482572,0,0,0,0,0,0,0,0,0,0
1,1,482573,0,0,0,0,0,0,0,0,0,0
2,1,482573,0,0,0,0,0,0,0,0,0,4
1,1,482574,12,0,0,0,30,0,20,13,16,14
1,1,482575,0,0,0,0,0,0,0,0,8,0
2,1,482575,0,0,0,0,0,0,0,0,0,0
1,1,482576,0,0,0,0,0,15,0,0,0,0
2,1,482576,0,0,0,0,22,0,0,0,0,0
3,1,482576,0,0,0,0,0,0,0,0,0,0
1,1,482577,0,0,0,0,0,0,0,0,0,0
1,1,482578,18,0,0,20,8,31,20,23,6,11
1,1,482579,0,0,0,0,0,0,0,0,0,0
1,1,482580,0,0,0,0,0,0,0,0,0,0
0,1,482581,0,0,23,39,0,0,23,20,20,27
1,1,482581,2,10,18,0,0,0,0,0,0,0
1,1,482582,21,0,13,0,4,14,8,16,19,22
1,1,482583,18,18,18,18,18,18,18,18,18,18
2,1,482583,0,0,0,0,0,0,0,0,0,0
0,1,482584,0,36,12,35,0,0,0,30,0,9
1,1,482584,0,0,12,0,0,20,13,0,0,16
2,1,482584,0,16,0,0,0,0,9,0,27,0
1,1,482585,11,11,11,11,11,11,11,11,11,11
1,1,482586,23,23,23,23,23,23,23,23,23,23
1,1,482587,6,6,6,6,6,6,6,6,6,6
2,1,482587,0,0,11,0,0,3,0,4,16,0
1,1,482588,0,7,0,0,0,4,0,0,0,0
2,1,482588,0,11,0,0,21,0,0,0,0,0
1,1,482589,0,0,0,0,0,0,0,0,0,0
1,1,482590,0,0,0,0,0,0,0,0,0,0
2,1,482590,0,0,0,0,0,0,0,0,0,0
1,1,482591,16,12,0,0,21,23,18,0,11,0
1,1,482592,22,22,22,22,22,22,22,22,22,22
1,1,482593,15,0,10,23,12,13,0,12,16,25
1,1,482594,0,0,0,0,5,0,0,0,0,0
2,1,482594,0,0,0,0,0,0,0,0,0,0
3,1,482594,0,0,0,0,0,0,0,0,0,0
1,1,482595,0,0,12,0,22,13,0,0,0,0
2,1,482595,23,0,0,21,0,24,9,0,0,0
1,1,482596,0,0,0,0,0,0,0,0,0,0
1,1,482597,0,0,0,0,0,0,0,0,2,0
2,1,482597,0,0,0,0,0,0,0,0,0,0
1,1,482598,0,0,0,0,0,0,0,0,0,0
1,1,482599,0,0,0,0,0,0,0,0,0,0
2,1,482599,0,0,0,0,0,0,0,0,0,0
1,1,482600,0,24,10,8,20,0,0,28,7,22
2,1,482600,0,0,0,0,0,0,0,0,0,0
1,1,482601,0,0,0,0,0,0,0,0,0,0
2,1,482601,20,20,20,20,20,20,20,20,20,20
1,1,482602,0,0,0,0,0,0,0,0,0,0
1,1,482603,0,0,0,0,0,0,0,0,0,0
2,1,482603,0,0,0,0,0,0,0,0,0,0
1,1,482604,16,16,16,16,16,16,16,16,16,16
2,1,482604,0,0,0,0,0,0,0,0,0,0
1,1,482605,19,19,19,19,19,19,19,19,19,19
1,1,482606,18,18,18,18,18,18,18,18,18,18
0,1,482607,0,8,8,35,0,6,12,0,0,0
1,1,482607,0,0,14,0,0,0,5,11,0,0
1,1,482608,1,1,1,1,1,1,1,1,1,1
2,1,482608,0,0,0,0,0,0,0,0,0,0
3,1,482608,0,5,0,0,0,0,12,0,0,0
1,1,482609,0,0,0,0,0,0,0,4,0,0
1,1,482610,33,33,33,33,33,33,33,33,33,33
2,1,482610,0,0,0,0,0,0,0,0,0,0
1,1,482611,0,6,0,0,0,0,0,0,0,4
1,1,482612,26,26,26,26,26,26,26,26,26,26
1,1,482613,2,2,2,2,2,2,2,2,2,2
1,1,482614,27,27,27,27,27,27,27,27,27,27
1,1,482615,0,0,0,0,0,0,0,0,0,0
1,1,482616,0,0,0,0,0,0,0,0,0,0
2,1,482616,0,0,0,0,0,0,0,0,0,0
1,1,482617,0,0,0,0,0,0,0,0,0,0
1,1,482618,0,0,0,0,0,0,0,0,0,0
2,1,482618,0,0,0,0,0,0,0,0,0,0
1,1,482619,0,0,0,0,0,0,0,0,0,0
1,1,482620,0,0,0,0,0,0,0,0,0,0
2,1,482620,0,0,0,0,0,0,0,0,0,0
3,1,482620,0,7,0,0,0,0,0,0,14,50
1,1,482621,31,31,31,31,31,31,31,31,31,31
2,1,482621,30,30,30,30,30,30,30,30,30,30
1,1,482622,0,0,3,18,22,0,0,17,0,10
2,1,482622,0,0,0,0,0,0,0,0,6,0
1,1,482623,32,32,32,32,32,32,32,32,32,32
1,1,482624,0,0,0,0,0,0,0,0,0,0
1,1,482625,0,8,0,19,0,0,11,0,19,0
1,1,482626,0,0,0,0,0,0,0,0,0,0
2,1,482626,0,0,0,0,0,0,0,0,0,0
0,1,482627,8,0,11,0,0,0,0,0,0,0
1,1,482627,0,0,0,0,0,0,0,0,0,0
1,1,482628,0,0,0,0,11,0,0,0,0,0
0,1,482629,5,0,21,0,17,17,33,17,17,0
1,1,482629,0,0,0,0,0,0,0,0,0,0
1,1,482630,21,21,21,21,21,21,21,21,21,21
1,1,482631,22,22,22,22,22,22,22,22,22,22
0,1,482632,14,14,14,14,14,14,14,14,14,14
1,1,482632,14,14,14,14,14,14,14,14,14,14
1,1,482633,0,0,0,0,0,16,9,0,0,0
2,1,482633,9,23,18,21,0,10,17,13,19,33
0,1,482634,8,10,0,0,0,0,18,0,8,0
1,1,482634,0,0,0,0,0,0,0,0,0,0
1,1,482635,25,25,25,25,25,25,25,25,25,25
2,1,482635,0,0,0,0,0,0,0,0,0,0
3,1,482635,0,0,0,0,0,0,0,0,0,0
1,1,482636,0,0,0,0,0,0,0,0,0,0
2,1,482636,0,0,0,0,43,0,0,0,0,0
0,1,482637,28,28,28,28,28,28,28,28,28,28
1,1,482637,25,0,0,8,23,0,0,0,0,0
2,1,482637,0,23,16,0,0,0,8,0,5,0
0,1,482638,5,0,0,22,40,0,0,24,0,23
1,1,482638,0,0,13,0,0,0,0,0,0,0
1,1,482639,0,0,0,0,0,9,0,0,0,0
1,1,482640,0,0,0,0,0,0,0,0,0,0
2,1,482640,0,0,0,0,0,0,0,0,0,0
1,1,482641,9,9,9,9,9,9,9,9,9,9
1,1,482642,0,0,0,0,0,0,0,0,0,0
2,1,482642,0,0,0,0,0,0,0,0,0,0
1,1,482643,25,25,25,25,25,25,25,25,25,25
1,1,482644,3,0,0,8,19,0,0,0,0,0
1,1,482645,0,0,0,0,0,0,0,0,0,0
1,1,482646,0,0,0,0,0,0,0,0,0,0
2,1,482646,0,0,0,0,0,0,0,0,0,0
1,1,482647,0,0,0,0,0,0,0,0,0,0
2,1,482647,0,0,0,0,0,0,0,0,0,0
1,1,482648,8,0,0,0,8,0,21,0,0,0
2,1,482648,0,0,0,0,0,0,0,0,0,0
1,1,482649,26,26,26,26,26,26,26,26,26,26
2,1,482649,26,8,0,0,0,0,0,0,0,0
1,1,482650,0,0,16,0,0,0,0,0,13,0
1,1,482651,11,0,0,0,0,0,0,0,0,14
1,1,482652,0,0,0,0,0,0,0,10,0,0
2,1,482652,0,0,0,0,0,0,0,0,0,0
1,1,482653,0,0,0,0,0,0,0,0,0,0
1,1,482654,16,13,17,15,14,0,23,8,0,0
1,1,482655,0,0,0,0,0,0,0,0,0,0
1,1,482656,0,0,8,0,0,0,0,0,15,15
2,1,482656,25,0,12,0,0,13,0,0,0,0
3,1,482656,0,0,0,0,0,0,0,0,0,0
4,1,482656,12,12,12,12,12,12,12,12,12,12
1,1,482657,0,0,0,14,0,0,0,0,7,0
0,1,482658,15,15,15,15,15,15,15,15,15,15
1,1,482658,12,0,0,0,0,5,0,0,0,0
2,1,482658,0,0,0,0,10,10,0,0,19,0
1,1,482659,0,0,0,0,0,0,0,0,0,0
2,1,482659,0,0,0,0,0,0,0,0,0,0
3,1,482659,9,0,0,0,0,0,0,0,0,5
1,1,482660,0,0,9,2,0,0,0,0,0,0
2,1,482660,0,2,0,0,0,0,0,10,0,0
1,1,482661,19,19,19,19,19,19,19,19,19,19
1,1,482662,0,0,0,11,0,0,0,0,0,0
0,1,482663,26,0,0,0,0,0,0,0,0,0
1,1,482663,0,0,0,0,0,0,0,0,0,0
1,1,482664,0,0,0,0,0,0,0,0,0,36
2,1,482664,0,0,0,0,0,0,0,0,0,0
1,1,482665,18,10,13,15,24,11,27,11,19,16
1,1,482666,19,19,19,19,19,19,19,19,19,19
1,1,482667,0,0,0,0,0,0,0,16,0,0
1,1,482668,14,14,14,14,14,14,14,14,14,14
2,1,482668,0,0,0,0,0,0,0,0,0,0
1,1,482669,0,0,0,0,0,0,0,0,0,0
2,1,482669,0,0,0,0,0,0,0,0,0,0
0,1,482670,0,0,25,21,0,33,16,13,9,0
1,1,482670,0,0,0,0,0,0,0,0,0,0
1,1,482671,0,0,0,0,0,0,0,0,0,0
2,1,482671,1,0,0,0,0,0,0,0,0,0
1,1,482672,0,0,0,0,0,0,0,12,0,0
2,1,482672,0,0,0,0,0,0,0,0,7,0
1,1,482673,0,0,0,0,0,0,0,0,0,0
2,1,482673,0,0,0,0,0,0,0,0,0,0
3,1,482673,17,0,0,0,0,0,0,0,8,0
1,1,482674,0,0,0,0,0,0,0,0,0,0
1,1,482675,5,0,0,0,0,0,0,0,0,0
2,1,482675,0,0,0,0,0,0,0,0,0,0
1,1,482676,23,23,23,23,23,23,23,23,23,23
0,1,482677,0,0,0,0,0,0,0,0,0,0
1,1,482677,0,0,0,0,0,0,0,0,0,0
1,1,482678,0,0,0,0,0,0,0,0,0,0
0,1,482679,0,0,0,0,0,0,0,0,0,0
1,1,482679,0,0,0,12,0,6,0,0,0,0
1,1,482680,0,0,0,0,0,0,0,0,0,0
0,1,482681,0,0,0,0,0,0,0,0,0,0
1,1,482681,0,0,11,3,0,0,0,0,8,7
1,1,482682,0,7,0,0,0,0,0,0,0,0
2,1,482682,5,5,5,5,5,5,5,5,5,5
1,1,482683,0,0,0,0,0,0,0,0,0,0
2,1,482683,0,0,0,0,0,0,0,0,0,0
1,1,482684,10,6,0,14,0,18,30,15,10,10
1,1,482685,22,22,22,22,22,22,22,22,22,22
1,1,482686,18,18,18,18,18,18,18,18,18,18
1,1,482687,0,0,0,0,0,0,0,0,0,0
1,1,482688,4,4,4,4,4,4,4,4,4,4
2,1,482688,0,0,0,0,0,0,0,0,0,0
3,1,482688,0,0,11,0,0,0,13,0,21,0
0,1,482689,0,26,0,6,20,27,13,21,29,7
1,1,482689,0,32,0,0,15,0,10,7,10,0
1,1,482690,23,23,23,23,23,23,23,23,23,23
0,1,482691,0,0,0,0,0,0,0,0,0,0
1,1,482691,0,0,0,0,0,0,0,0,0,0
1,1,482692,13,13,13,13,13,13,13,13,13,13
1,1,482693,0,0,0,0,0,15,12,0,0,0
2,1,482693,0,0,0,0,0,0,0,0,0,0
0,1,482694,0,0,0,0,0,0,0,0,0,0
1,1,482694,0,0,0,0,0,0,12,0,0,0
1,1,482695,12,12,12,12,12,12,12,12,12,12
2,1,482695,4,0,15,0,0,0,6,0,0,0
1,1,482696,7,21,1,22,14,5,13,13,14,19
1,1,482697,0,0,0,0,0,20,0,4,0,0
2,1,482697,0,0,10,0,0,0,0,0,0,0
1,1,482698,20,20,20,20,20,20,20,20,20,20
1,1,482699,0,0,0,0,8,0,0,0,12,0
0,1,482701,0,0,0,0,0,0,0,0,0,0
1,1,482701,0,0,0,0,0,28,10,0,0,0
1,1,482702,17,17,17,17,17,17,17,17,17,17
1,1,482703,0,0,0,0,0,0,0,0,0,0
1,1,482704,0,0,0,0,0,0,0,0,0,0
2,1,482704,0,31,11,0,0,0,0,0,13,0
1,1,482705,14,14,14,14,14,14,14,14,14,14
2,1,482705,10,0,0,0,0,0,22,0,0,0
1,1,482706,21,21,21,21,21,21,21,21,21,21
2,1,482706,0,0,0,0,0,0,0,0,0,0
1,1,482707,16,16,16,16,16,16,16,16,16,16
2,1,482707,0,0,0,15,0,20,0,9,0,0
1,1,482708,0,0,0,0,20,7,0,0,14,0
1,1,482709,11,17,28,12,4,19,23,15,0,12
0,1,482710,0,0,16,17,0,0,0,17,16,30
1,1,482710,0,0,0,13,0,0,0,0,0,0
1,1,482711,16,16,16,16,16,16,16,16,16,16
2,1,482711,3,0,0,0,0,0,7,0,0,0
1,1,482712,16,16,16,16,16,16,16,16,16,16
1,1,482713,0,0,0,0,0,0,0,19,0,0
1,1,482714,21,21,21,21,21,21,21,21,21,21
1,1,482715,0,0,0,0,9,0,0,0,0,0
2,1,482715,14,18,17,29,22,0,20,18,6,12
1,1,482716,0,0,0,0,0,0,0,0,0,0
1,1,482717,0,0,0,0,0,0,0,0,0,0
1,1,482718,0,0,3,3,0,0,0,0,0,0
2,1,482718,0,6,15,0,0,17,22,0,0,7
1,1,482719,20,0,20,0,0,0,0,9,12,0
1,1,482720,0,0,0,0,0,0,0,0,0,0
2,1,482720,0,0,0,0,0,0,0,0,0,0
0,1,482721,5,5,5,5,5,5,5,5,5,5
1,1,482721,15,0,0,0,0,0,0,0,0,0
1,1,482722,0,0,0,0,0,0,0,0,0,0
2,1,482722,16,0,0,0,15,0,0,0,0,0
1,1,482723,0,0,0,0,0,0,0,0,0,0
1,1,482724,0,0,0,0,17,0,0,0,4,31
0,1,482725,0,0,0,0,0,0,0,0,0,0
1,1,482725,0,0,0,12,0,0,0,11,0,8
0,1,482726,0,0,0,0,0,0,0,0,0,0
0,2,482726,0,0,0,0,0,18,0,0,14,13
1,1,482726,0,0,5,0,0,5,0,0,6,0
1,1,482727,0,0,0,0,0,0,0,0,0,0
2,1,482727,0,0,0,0,0,0,0,0,0,0
1,1,482728,0,0,3,0,8,4,0,5,0,0
2,1,482728,3,3,3,3,3,3,3,3,3,3
0,1,482729,11,11,11,11,11,11,11,11,11,11
1,1,482729,0,13,8,7,15,19,19,9,0,0
1,1,482730,0,0,0,0,0,0,0,0,0,0
1,1,482731,14,14,14,14,14,14,14,14,14,14
1,1,482732,0,0,0,0,0,0,0,0,0,0
2,1,482732,0,0,0,0,0,0,0,0,0,0
0,1,482733,5,5,5,5,5,5,5,5,5,5
0,2,482733,2,2,2,2,2,2,2,2,2,2
1,1,482733,0,0,0,0,0,0,0,0,0,0
1,1,482734,17,17,17,17,17,17,17,17,17,17
1,1,482735,0,0,0,0,0,0,0,0,0,0
1,1,482736,0,0,0,0,0,22,0,15,0,13
1,1,482737,20,20,20,20,20,20,20,20,20,20
2,1,482737,9,0,0,0,0,10,0,0,7,17
1,1,482738,16,16,16,16,16,16,16,16,16,16
1,1,482739,0,0,17,0,0,8,20,0,31,18
1,1,482740,13,0,0,0,0,0,8,0,0,0
1,1,482741,0,0,0,0,0,0,0,0,0,0
2,1,482741,0,0,0,0,0,0,0,0,0,0
1,1,482742,0,0,0,29,0,0,0,0,0,0
2,1,482742,0,0,0,0,0,0,5,0,0,0
1,1,482743,24,24,24,24,24,24,24,24,24,24
0,1,482744,0,0,0,0,0,0,0,0,0,0
1,1,482744,7,0,0,8,0,0,0,0,8,0
2,1,482744,0,11,0,0,13,0,0,0,0,0
1,1,482745,20,20,20,20,20,20,20,20,20,20
1,1,482746,0,0,0,0,0,0,0,0,0,0
2,1,482746,0,0,0,0,0,0,0,0,0,0
0,1,482747,0,6,0,0,0,0,0,0,10,0
1,1,482747,0,0,0,0,0,0,0,0,0,0
1,1,482748,30,30,30,30,30,30,30,30,30,30
1,1,482749,13,13,13,13,13,13,13,13,13,13
1,1,482750,17,17,17,17,17,17,17,17,17,17
1,1,482751,0,0,0,0,0,14,14,0,7,0
1,1,482752,0,0,0,0,0,0,0,0,0,36
1,1,482753,2,18,0,0,5,11,29,20,0,40
1,1,482754,0,0,0,0,0,0,0,17,0,0
2,1,482754,0,0,0,0,0,0,0,0,0,0
1,1,482756,0,0,15,0,9,0,5,0,20,0
2,1,482756,4,4,4,4,4,4,4,4,4,4
1,1,482757,19,14,0,25,0,0,0,0,20,0
2,1,482757,0,0,0,0,0,0,10,0,0,0
1,1,482758,0,0,0,0,0,0,0,0,0,0
0,1,482759,0,0,0,0,0,0,0,0,0,0
1,1,482759,0,0,0,0,13,0,0,0,0,0
1,1,482760,27,27,27,27,27,27,27,27,27,27
1,1,482761,0,0,0,0,0,0,0,0,0,0
2,1,482761,0,20,38,14,22,9,23,0,0,11
0,1,482762,0,0,0,0,16,0,0,0,0,0
1,1,482762,0,0,0,0,0,0,0,0,0,0
2,1,482762,19,19,19,19,19,19,19,19,19,19
1,1,482763,0,0,23,0,0,0,0,0,0,0
1,1,482764,0,31,0,17,0,11,0,0,0,0
0,1,482765,0,0,0,0,0,0,0,0,0,0
1,1,482765,0,0,0,0,0,0,0,0,0,0
1,1,482766,0,0,0,0,0,0,0,0,0,0
2,1,482766,0,0,0,0,0,0,0,0,0,0
1,1,482767,22,22,22,22,22,22,22,22,22,22
1,1,482768,0,0,0,16,20,8,8,17,8,25
1,1,482769,17,14,27,6,0,8,7,11,12,13
2,1,482769,6,0,0,0,0,0,0,0,0,0
0,1,482770,35,35,35,35,35,35,35,35,35,35
1,1,482771,7,7,7,7,7,7,7,7,7,7
1,1,482772,0,0,0,0,0,0,15,0,15,0
1,1,482774,0,0,0,0,0,0,0,0,0,0
2,1,482774,0,0,0,0,0,0,0,0,0,0
1,1,482775,0,0,0,0,0,0,0,0,0,0
2,1,482775,0,7,0,0,0,0,0,0,0,0
1,1,482776,0,0,0,0,0,0,0,0,0,0
1,1,482777,0,0,0,0,0,0,0,0,0,0
1,1,482778,0,0,0,0,0,0,0,0,0,0
2,1,482778,0,0,0,0,0,0,0,0,0,0
1,1,482779,0,0,0,0,0,0,0,0,0,15
1,1,482780,0,0,33,0,0,0,32,0,0,0
2,1,482780,6,0,0,0,2,0,7,4,0,9
1,1,482781,0,0,0,0,0,0,0,0,0,0
2,1,482781,0,0,0,0,0,0,0,0,0,0
1,1,482782,0,0,24,17,27,15,6,0,12,0
0,1,482784,10,14,10,17,27,17,0,23,21,22
1,1,482784,14,14,14,14,14,14,14,14,14,14
0,1,482785,21,21,21,21,21,21,21,21,21,21
1,1,482785,0,0,0,0,0,20,0,28,0,0
1,1,482786,0,14,0,0,0,0,27,25,0,0
1,1,482787,17,17,0,23,22,0,0,10,14,22
1,1,482788,0,0,10,0,0,0,0,0,0,0
2,1,482788,0,0,0,0,0,0,0,0,0,0
0,1,482789,15,15,15,15,15,15,15,15,15,15
1,1,482789,22,0,0,0,0,0,0,0,0,0
1,1,482790,0,0,0,0,4,0,0,0,7,0
2,1,482790,0,0,0,0,0,0,0,13,0,0
2,1,482791,0,0,0,0,0,0,0,0,0,0
1,1,482792,17,17,17,17,17,17,17,17,17,17
1,1,482793,0,27,20,0,16,7,0,19,0,0
2,1,482793,0,8,0,0,12,0,5,0,0,0
1,1,482794,16,13,14,30,0,5,15,16,14,17
1,1,482795,17,17,17,17,17,17,17,17,17,17
1,1,482796,0,28,14,0,0,0,0,14,0,12
1,1,482797,0,0,0,0,0,0,0,0,0,0
2,1,482797,0,0,12,3,0,0,0,0,0,0
3,1,482797,0,0,0,0,0,0,0,0,0,0
4,1,482797,0,0,0,0,0,0,0,0,0,0
0,1,482798,0,0,0,29,14,22,0,18,20,0
1,1,482798,0,0,0,0,0,23,15,0,13,0
1,1,482799,23,0,26,7,36,25,0,16,11,24
1,1,482800,20,20,20,20,20,20,20,20,20,20
1,1,482801,0,0,0,0,0,0,0,0,0,0
2,1,482801,0,0,0,0,0,0,55,0,11,0
1,1,482802,0,0,0,0,0,0,0,0,0,0
2,1,482802,0,0,0,0,0,0,0,0,0,20
0,1,482803,0,24,0,0,32,0,12,0,5,0
1,1,482803,0,0,0,0,0,27,12,0,0,0
0,1,482804,7,7,7,7,7,7,7,7,7,7
1,1,482804,27,3,0,0,0,0,0,0,17,0
1,1,482805,0,0,0,15,9,0,9,0,6,0
1,1,482806,13,13,27,5,8,0,8,21,26,21
1,1,482807,0,0,0,0,0,0,0,0,0,0
0,1,482808,0,0,0,0,0,0,0,0,0,0
1,1,482808,0,0,0,0,0,0,0,0,0,0
2,1,482808,0,0,0,18,0,0,0,17,0,0
3,1,482808,27,0,0,0,0,0,0,0,0,0
1,1,482809,0,0,0,0,0,0,0,0,0,0
1,1,482810,18,18,18,18,18,18,18,18,18,18
1,1,482811,0,0,0,0,0,0,0,0,0,0
2,1,482811,23,23,23,23,23,23,23,23,23,23
1,1,482812,12,0,12,0,0,0,0,17,13,0
1,1,482813,27,27,27,27,27,27,27,27,27,27
1,1,482814,30,0,0,0,0,0,0,0,0,0
1,1,482815,0,0,0,0,0,0,0,0,0,0
1,1,482816,9,0,8,0,0,17,31,6,11,14
2,1,482816,0,0,0,0,0,0,0,0,0,0
1,1,482817,0,0,0,0,0,0,0,0,0,0
2,1,482817,0,0,0,0,0,0,0,0,0,0
1,1,482818,16,0,0,0,0,0,0,0,0,0
2,1,482818,0,0,0,0,0,0,0,0,26,0
3,1,482818,0,0,0,13,0,0,0,0,7,0
1,1,482819,0,0,0,0,0,0,0,0,0,0
2,1,482819,0,0,0,0,0,0,0,11,0,0
3,1,482819,0,0,0,0,0,0,0,0,0,0
4,1,482819,0,12,0,0,0,0,0,0,0,0
5,1,482819,0,0,15,0,0,0,0,0,0,0
0,1,482820,0,0,0,4,0,0,0,0,0,0
1,1,482820,0,8,0,0,0,0,10,0,0,0
1,1,482821,0,12,14,13,0,0,0,0,0,0
0,1,482822,0,0,0,0,0,0,0,0,0,0
1,1,482822,0,0,0,0,0,0,0,0,0,0
0,1,482823,0,0,0,0,0,0,0,0,0,0
1,1,482823,0,0,0,0,0,0,0,0,0,0
1,1,482824,0,0,0,0,0,0,0,0,0,0
2,1,482824,22,22,22,22,22,22,22,22,22,22
3,1,482824,0,0,0,0,0,0,0,0,0,0
1,1,482825,23,23,23,23,23,23,23,23,23,23
1,1,482826,13,0,0,10,0,0,0,0,6,0
1,1,482827,0,0,4,0,0,0,0,0,0,0
1,1,482828,0,6,0,0,0,0,0,28,0,0
1,1,482829,9,6,0,35,13,21,17,12,0,24
1,1,482830,18,28,32,9,13,24,8,0,23,5
1,1,482831,0,0,0,0,0,0,0,0,0,0
1,1,482832,0,0,0,0,0,0,0,0,0,0
1,1,482833,0,0,0,0,0,0,0,19,0,0
1,1,482834,0,0,0,0,0,0,0,0,0,3
1,1,482835,0,0,0,0,0,0,0,0,0,0
2,1,482835,0,0,0,0,0,0,0,0,0,0
1,1,482836,0,0,19,0,0,0,0,0,0,0
2,1,482836,0,0,0,0,0,0,0,0,0,0
1,1,482837,0,0,0,0,0,0,0,0,0,0
2,1,482837,0,0,0,0,0,0,0,0,0,0
1,1,482838,21,21,21,21,21,21,21,21,21,21
2,1,482838,0,0,0,0,0,0,0,0,0,0
1,1,482839,0,0,0,0,0,0,35,0,0,0
2,1,482839,12,0,0,0,13,7,5,0,0,0
0,1,482840,0,0,0,0,0,0,0,0,0,0
1,1,482840,0,0,0,0,0,0,0,0,0,0
1,1,482841,0,0,7,28,19,0,0,0,0,18
2,1,482841,0,0,0,0,0,0,6,0,0,0
1,1,482842,0,0,0,0,0,0,0,0,0,0
1,1,482843,0,0,0,0,0,0,0,0,0,0
1,1,482844,0,18,8,19,0,17,14,11,31,6
1,1,482845,0,0,0,0,0,0,0,0,0,0
1,1,482846,0,0,0,0,0,0,16,0,0,0
1,1,482847,13,13,13,13,13,13,13,13,13,13
1,1,482848,29,29,29,29,29,29,29,29,29,29
1,1,482849,16,16,16,16,16,16,16,16,16,16
1,1,482850,21,0,43,0,0,25,36,0,0,17
1,1,482851,0,0,0,0,0,0,0,0,0,0
1,1,482852,7,15,0,0,0,9,0,0,18,4
1,1,482853,0,0,0,9,0,0,0,0,0,0
2,1,482853,0,0,0,0,0,0,0,0,0,0
3,1,482853,0,0,0,0,0,0,0,0,0,0
1,1,482854,0,0,0,0,0,0,0,0,0,0
2,1,482854,0,0,0,0,0,0,0,0,0,0
1,1,482855,0,0,0,0,0,0,0,0,0,0
2,1,482855,0,0,0,0,0,0,0,0,0,0
1,1,482856,0,0,0,0,0,0,0,0,0,0
2,1,482856,0,0,23,19,0,0,0,0,0,0
1,1,482857,0,0,0,0,0,0,0,0,0,0
1,1,482858,0,0,0,0,0,0,0,0,0,0
2,1,482858,0,0,0,0,0,0,0,0,0,0
1,1,482859,26,26,26,26,26,26,26,26,26,26
2,1,482859,0,0,0,0,0,0,0,0,0,0
0,1,482860,19,19,19,19,19,19,19,19,19,19
1,1,482860,43,0,13,0,4,11,0,0,0,19
1,1,482861,7,7,7,7,7,7,7,7,7,7
2,1,482861,16,16,16,16,16,16,16,16,16,16
1,1,482862,0,0,0,30,0,7,16,0,0,0
1,1,482863,10,10,10,10,10,10,10,10,10,10
0,1,482864,12,0,0,0,0,7,0,12,31,0
1,1,482864,0,0,0,0,16,15,23,0,15,11
1,1,482865,0,0,0,0,0,0,0,0,0,0
2,1,482865,0,0,0,0,0,0,0,0,0,0
3,1,482865,0,0,0,0,0,0,0,0,0,0
1,1,482866,19,19,19,19,19,19,19,19,19,19
1,1,482867,24,20,49,25,31,28,17,22,19,27
1,1,482868,0,0,0,0,11,0,0,0,0,0
2,1,482868,0,0,0,0,0,0,0,0,0,0
0,1,482869,18,10,13,0,22,32,33,19,8,25
1,1,482869,0,0,0,0,0,0,0,0,0,0
1,1,482870,0,0,0,0,0,0,0,0,0,0
2,1,482870,0,0,0,0,0,0,0,0,12,0
1,1,482871,0,0,0,9,0,0,0,0,0,0
2,1,482871,0,0,0,0,0,0,0,0,0,0
1,1,482872,21,21,21,21,21,21,21,21,21,21
2,1,482872,31,0,7,0,3,14,2,23,0,0