VEH_NO,PER_NO,ST_CASE,P1,P2,P3,P4,P5,P6,P7,P8,P9,P10
1,1,482873,23,23,23,23,23,23,23,23,23,23
2,1,482873,0,0,0,0,0,0,0,0,0,0
0,1,482874,0,0,0,0,0,0,0,0,0,0
1,1,482874,14,14,14,14,14,14,14,14,14,14
0,1,482875,0,0,0,0,0,0,0,0,0,0
1,1,482875,0,0,0,0,0,0,0,0,0,0
2,1,482875,0,0,0,0,0,0,13,0,0,0
1,1,482876,0,3,0,0,0,0,0,0,0,0
0,1,482877,0,0,0,0,0,0,0,0,0,0
1,1,482877,0,0,0,0,0,0,0,0,0,0
1,1,482878,7,0,0,0,0,0,0,33,0,0
2,1,482878,0,0,0,0,0,0,0,0,0,0
3,1,482878,5,0,0,0,0,0,0,0,0,0
0,1,482879,20,20,20,20,20,20,20,20,20,20
1,1,482879,0,0,0,0,0,0,15,22,0,0
1,1,482880,19,19,19,19,19,19,19,19,19,19
1,1,482881,0,0,0,0,0,0,0,0,0,0
0,1,482882,24,24,24,24,24,24,24,24,24,24
1,1,482882,11,8,0,0,22,0,6,3,0,0
0,1,482883,24,24,24,24,24,24,24,24,24,24
1,1,482883,29,0,7,0,8,12,0,0,0,0
0,1,482884,0,0,0,0,0,0,0,0,0,0
0,2,482884,0,26,0,0,15,0,11,0,0,24
1,1,482884,4,14,5,17,22,13,11,20,22,9
1,1,482885,17,17,17,17,17,17,17,17,17,17
2,1,482885,0,0,0,0,0,0,0,0,0,0
3,1,482885,15,15,15,15,15,15,15,15,15,15
0,1,482886,10,10,10,10,10,10,10,10,10,10
1,1,482886,0,0,0,0,0,0,0,0,0,0
1,1,482887,15,15,15,15,15,15,15,15,15,15
2,1,482887,0,0,0,0,0,0,0,0,4,0
1,1,482888,9,9,9,9,9,9,9,9,9,9
2,1,482888,0,0,0,2,0,0,0,0,0,0
1,1,482889,9,9,9,9,9,9,9,9,9,9
0,1,482890,0,0,0,0,0,0,0,0,0,0
1,1,482890,0,0,0,0,0,0,0,0,0,0
0,1,482891,15,18,24,0,19,0,0,25,10,15
1,1,482891,0,0,0,14,0,0,0,0,0,0
1,1,482892,15,15,15,15,15,15,15,15,15,15
2,1,482892,0,0,0,0,0,0,0,0,0,0
1,1,482893,0,0,0,0,0,0,0,0,0,0
2,1,482893,0,14,0,8,0,0,0,9,0,0
3,1,482893,6,6,6,6,6,6,6,6,6,6
0,1,482894,14,14,14,14,14,14,14,14,14,14
1,1,482894,0,0,0,0,0,0,0,0,0,0
1,1,482895,12,12,12,12,12,12,12,12,12,12
2,1,482895,0,0,0,0,0,0,0,0,0,0
1,1,482896,5,6,0,0,0,10,0,0,20,17
2,1,482896,0,0,0,0,0,0,0,0,0,0
0,1,482897,28,28,28,28,28,28,28,28,28,28
1,1,482897,0,0,0,0,10,0,0,0,0,0
1,1,482898,0,9,0,0,0,0,0,0,0,0
2,1,482898,0,0,0,0,0,0,0,0,0,0
1,1,482899,20,20,20,20,20,20,20,20,20,20
1,1,482900,21,21,21,21,21,21,21,21,21,21
1,1,482901,17,17,17,17,17,17,17,17,17,17
1,1,482902,0,0,0,0,0,0,0,0,0,0
2,1,482902,0,0,0,0,0,0,0,7,0,0
1,1,482903,29,0,0,13,0,6,0,0,14,0
2,1,482903,0,23,0,0,0,0,0,0,0,12
1,1,482904,13,13,13,13,13,13,13,13,13,13
1,1,482905,18,0,28,0,34,0,0,0,9,11
1,1,482906,16,0,0,0,40,12,13,0,0,0
1,1,482907,16,16,16,16,16,16,16,16,16,16
2,1,482907,0,0,11,0,0,0,0,0,0,0
1,1,482908,0,0,0,0,15,0,0,0,0,0
2,1,482908,0,0,0,0,0,0,0,0,0,0
0,1,482909,24,24,24,24,24,24,24,24,24,24
1,1,482909,0,0,0,0,0,0,7,18,0,0
1,1,482910,15,15,15,15,15,15,15,15,15,15
2,1,482910,13,13,13,13,13,13,13,13,13,13
1,1,482911,0,0,0,0,0,0,0,0,0,0
2,1,482911,0,0,0,0,0,0,0,0,0,0
3,1,482911,0,0,0,0,0,0,0,0,0,0
1,1,482912,25,25,25,25,25,25,25,25,25,25
1,1,482913,0,0,0,0,0,0,0,0,0,0
2,1,482913,0,0,0,0,0,0,0,0,0,0
1,1,482914,0,0,0,0,0,0,0,0,0,0
2,1,482914,0,0,0,0,0,0,0,0,0,0
1,1,482915,0,0,16,0,0,0,0,0,0,0
2,1,482915,0,0,0,0,0,0,0,0,0,0
3,1,482915,0,0,0,0,0,0,0,0,0,0
4,1,482915,0,0,0,0,18,18,0,0,0,0
1,1,482916,16,16,0,14,13,19,0,0,20,11
1,1,482917,0,0,0,0,0,0,0,0,0,0
1,1,482918,24,24,24,24,24,24,24,24,24,24
0,1,482920,0,0,0,0,0,0,0,0,0,0
1,1,482920,0,14,13,22,0,12,0,11,16,0
1,1,482921,5,5,5,5,5,5,5,5,5,5
1,1,482922,12,0,19,12,9,29,34,6,24,17
0,1,482923,0,0,0,0,0,0,0,0,0,9
1,1,482923,0,0,0,0,16,0,0,0,0,0
1,1,482924,22,22,22,22,22,22,22,22,22,22
1,1,482925,0,0,0,0,0,0,0,0,0,0
1,1,482926,0,0,0,0,0,0,0,0,0,0
1,1,482927,0,0,0,0,0,0,0,0,0,0
1,1,482928,0,0,0,0,6,0,0,0,0,0
2,1,482928,0,0,0,0,7,0,0,0,0,0
1,1,482929,26,26,26,26,26,26,26,26,26,26
1,1,482930,0,0,0,0,0,0,0,0,0,0
2,1,482930,9,0,0,12,0,0,0,0,0,0
1,1,482931,0,0,0,0,0,0,0,0,0,0
1,1,482932,0,0,0,0,0,0,0,0,0,0
2,1,482932,0,0,0,0,0,0,0,0,0,0
1,1,482933,24,24,24,24,24,24,24,24,24,24
1,1,482934,0,18,0,0,32,0,15,0,5,0
1,1,482936,0,0,0,25,0,0,0,0,0,8
1,1,482937,32,16,7,0,25,0,0,15,0,0
1,1,482938,3,3,3,3,3,3,3,3,3,3
2,1,482938,0,0,0,0,0,0,0,0,10,0
3,1,482938,0,0,0,0,0,0,0,0,0,0
1,1,482939,24,24,24,24,24,24,24,24,24,24
0,1,482940,0,0,12,20,25,0,32,23,0,0
0,2,482940,17,19,0,0,0,0,0,16,22,0
1,1,482940,0,0,0,0,0,0,0,0,0,0
1,1,482941,11,11,11,11,11,11,11,11,11,11
2,1,482941,0,0,0,0,0,0,0,0,0,0
1,1,482942,14,16,7,13,15,12,26,0,20,21
1,1,482943,0,0,19,0,0,0,0,0,0,0
2,1,482943,0,0,7,0,0,0,19,0,0,0
1,1,482944,0,0,0,0,0,10,0,0,0,0
1,1,482945,0,0,0,0,0,0,0,0,0,0
1,1,482946,0,0,0,0,0,0,0,0,0,0
2,1,482946,20,20,20,20,20,20,20,20,20,20
1,1,482948,16,16,16,16,16,16,16,16,16,16
2,1,482948,0,0,0,11,0,0,0,0,3,0
1,1,482949,0,0,0,0,0,0,0,0,0,0
2,1,482949,0,0,0,0,0,0,0,0,0,0
1,1,482950,0,0,0,0,0,0,0,0,0,0
1,1,482951,0,0,0,0,0,0,6,0,0,0
1,1,482952,0,0,0,0,0,0,0,0,0,0
1,1,482953,0,0,0,0,0,0,0,0,0,0
2,1,482953,0,10,0,0,0,13,0,19,0,31
1,1,482954,0,0,0,0,0,0,0,0,0,0
1,1,482955,19,19,19,19,19,19,19,19,19,19
1,1,482956,0,21,0,0,0,7,17,0,14,4
1,1,482957,0,0,0,0,0,0,0,0,0,0
1,1,482958,29,29,29,29,29,29,29,29,29,29
2,1,482958,0,0,0,0,0,0,0,0,0,0
1,1,482959,0,0,0,0,0,0,0,0,0,0
2,1,482959,0,0,0,0,0,0,0,0,0,0
1,1,482960,0,0,0,0,0,0,0,0,0,18
2,1,482960,0,0,0,0,0,0,0,0,0,0
0,1,482961,24,20,16,0,0,0,0,15,0,24
1,1,482961,0,0,5,0,0,21,0,0,0,0
1,1,482962,0,0,0,0,0,0,0,0,0,0
2,1,482962,0,0,0,8,0,0,0,0,0,0
1,1,482963,0,0,0,0,0,0,0,0,0,0
2,1,482963,0,0,0,0,0,0,0,0,0,0
0,1,482964,0,0,0,0,0,0,0,0,0,0
1,1,482964,0,0,0,0,0,0,0,0,0,0
1,1,482965,0,0,0,0,0,0,0,0,0,0
2,1,482965,29,29,29,29,29,29,29,29,29,29
1,1,482966,12,15,15,16,38,15,0,6,0,8
1,1,482967,0,0,0,0,0,0,0,0,0,0
1,1,482968,0,0,0,0,0,0,0,0,0,0
2,1,482968,0,0,0,0,0,0,0,0,0,0
1,1,482969,0,0,0,0,0,0,0,0,0,0
2,1,482969,0,0,0,0,0,0,0,0,0,0
1,1,482970,0,0,0,0,0,0,0,0,0,0
2,1,482970,0,0,0,0,0,0,0,0,0,0
1,1,482971,0,0,0,0,0,0,0,0,0,0
1,3,482972,12,0,14,8,16,24,15,17,10,0
1,1,482973,0,0,0,0,0,0,0,15,0,0
2,1,482973,0,0,0,0,0,0,0,0,0,0
1,1,482974,0,0,0,0,0,0,0,0,0,0
2,1,482974,0,0,0,0,0,0,0,0,0,0
2,1,482975,8,8,8,8,8,8,8,8,8,8
1,1,482976,11,7,0,0,0,0,24,0,0,19
1,1,482977,13,13,13,13,13,13,13,13,13,13
1,1,482978,29,29,29,29,29,29,29,29,29,29
1,1,482979,0,0,0,0,0,0,0,0,0,0
1,1,482980,4,4,4,4,4,4,4,4,4,4
1,1,482981,9,9,9,9,9,9,9,9,9,9
0,1,482982,0,0,0,0,0,7,19,0,12,12
1,1,482982,0,0,0,0,0,0,0,0,0,0
1,1,482983,0,0,12,5,0,0,0,0,0,0
2,1,482983,0,0,0,0,0,0,0,6,0,0
1,1,482984,17,15,0,0,3,15,10,23,17,28
1,1,482985,28,28,28,28,28,28,28,28,28,28
1,1,482986,0,0,2,0,0,0,11,0,0,0
2,1,482986,26,26,26,26,26,26,26,26,26,26
1,1,482987,0,0,0,0,0,0,0,0,0,0
2,1,482987,0,0,16,0,0,7,9,0,0,0
1,1,482988,18,18,18,18,18,18,18,18,18,18
2,1,482988,0,0,0,0,0,0,0,0,0,0
1,1,482989,0,0,0,0,0,0,0,0,0,0
2,1,482989,0,0,0,0,0,0,0,0,0,0
1,1,482990,0,0,0,0,0,0,0,0,0,0
0,1,482991,0,12,0,0,41,0,14,0,28,0
1,1,482991,0,0,0,0,0,0,0,0,0,0
1,1,482992,0,0,0,0,0,0,0,0,0,0
0,1,482993,0,0,0,20,0,21,0,23,25,0
1,1,482993,0,13,0,0,0,23,23,0,0,0
1,1,482994,18,18,18,18,18,18,18,18,18,18
2,1,482994,0,6,0,0,0,0,0,22,0,0
1,1,482995,25,25,25,25,25,25,25,25,25,25
2,1,482995,10,0,0,0,0,0,0,0,0,0
1,1,482996,0,0,0,0,0,0,0,0,0,0
2,1,482996,0,24,8,0,0,0,0,0,4,0
1,1,482997,22,22,22,22,22,22,22,22,22,22
0,1,482998,0,0,0,0,0,0,0,0,0,0
0,2,482998,0,0,0,0,0,0,0,0,0,24
1,1,482998,0,0,0,0,0,0,0,0,2,0
0,1,482999,19,19,19,19,19,19,19,19,19,19
1,1,482999,0,0,0,0,13,13,0,0,0,0
1,1,483000,0,0,0,0,0,0,0,0,0,0
2,1,483000,0,0,0,0,0,0,0,4,0,0
1,1,483001,0,0,0,0,0,0,0,0,0,0
0,1,483002,13,42,24,3,20,26,13,0,0,0
1,1,483002,0,0,0,0,0,5,0,0,0,0
1,1,483004,0,12,0,0,0,0,0,0,0,0
2,1,483004,0,0,0,0,0,0,0,0,0,0
0,1,483005,0,0,0,0,0,0,0,0,0,0
1,1,483005,0,0,0,0,0,0,0,0,0,0
2,1,483005,0,0,0,0,0,0,0,0,0,0
1,1,483006,0,0,0,0,0,0,0,0,0,0
0,1,483007,22,22,22,22,22,22,22,22,22,22
1,1,483007,29,0,0,0,0,0,0,15,0,0
1,1,483008,0,0,0,0,0,0,0,0,0,0
1,1,483009,9,9,9,9,9,9,9,9,9,9
1,1,483010,17,17,17,17,17,17,17,17,17,17
1,1,483011,0,0,0,0,0,0,0,0,0,0
2,1,483011,0,0,0,0,0,0,0,0,0,0
0,1,483012,0,0,0,0,0,0,0,0,0,0
1,1,483012,0,0,0,0,0,0,0,0,0,0
0,1,483013,0,17,16,0,0,0,0,6,0,0
1,1,483013,0,0,0,0,0,0,0,0,4,0
1,1,483014,20,11,14,7,31,16,0,15,11,9
2,1,483014,0,0,0,0,0,0,0,0,0,0
1,1,483015,24,24,24,24,24,24,24,24,24,24
1,1,483016,21,21,21,21,21,21,21,21,21,21
2,1,483016,0,7,0,0,0,0,0,3,5,7
3,1,483016,0,0,0,0,0,0,0,4,0,0
4,1,483016,26,7,0,0,0,0,0,0,0,0
0,1,483018,0,0,0,0,0,0,0,0,0,0
2,1,483018,15,0,19,0,11,0,10,0,23,0
1,1,483019,34,34,34,34,34,34,34,34,34,34
2,1,483019,20,0,0,0,0,7,0,6,0,13
1,1,483020,2,2,2,2,2,2,2,2,2,2
2,1,483020,0,0,0,0,0,0,0,0,0,0
0,1,483021,0,0,0,0,0,0,0,0,0,0
1,1,483021,0,0,0,0,0,0,0,0,0,0
2,1,483021,0,0,0,0,0,0,0,0,0,0
1,1,483023,0,0,0,0,0,0,0,0,0,0
1,1,483024,0,0,0,0,0,0,0,0,0,0
2,1,483024,0,0,0,0,0,0,0,0,0,0
3,1,483024,0,0,0,0,0,0,0,0,0,0
4,1,483024,0,0,0,0,0,0,0,0,0,0
1,1,483025,0,0,0,0,0,0,0,0,0,0
1,1,483026,0,0,0,0,0,0,0,0,0,0
2,1,483026,0,0,0,0,0,0,0,0,0,0
1,1,483027,16,16,16,16,16,16,16,16,16,16
2,1,483027,0,0,0,0,0,0,0,0,0,0
1,1,483029,0,0,0,0,0,0,0,0,0,0
2,1,483029,0,0,0,0,0,0,0,0,0,0
3,1,483029,0,0,0,0,0,0,0,0,0,6
1,1,483030,0,6,0,0,9,14,10,7,0,0
2,1,483030,0,0,0,0,0,0,0,0,0,0
1,1,483031,27,27,27,27,27,27,27,27,27,27
0,1,483032,0,0,0,0,0,0,0,0,0,0
1,1,483033,10,10,10,10,10,10,10,10,10,10
1,1,483034,17,17,17,17,17,17,17,17,17,17
0,1,483035,17,0,0,18,0,3,5,13,9,0
1,1,483035,0,0,0,0,0,0,0,0,0,0
1,1,483036,0,0,0,0,0,0,0,0,0,0
2,1,483036,0,0,0,0,0,0,0,0,0,0
0,1,483037,0,0,0,0,0,0,0,0,0,0
1,1,483037,0,0,0,0,0,18,6,0,14,0
1,1,483038,0,0,0,19,3,0,0,0,0,17
2,1,483038,0,0,0,0,0,0,0,0,0,0
0,1,483039,18,14,0,0,23,23,21,0,0,0
0,2,483039,0,0,0,0,0,0,0,0,0,0
0,3,483039,0,27,0,0,0,31,0,0,0,10
1,1,483039,18,18,18,18,18,18,18,18,18,18
1,1,483040,0,0,0,0,0,0,0,0,0,0
1,1,483041,41,41,41,41,41,41,41,41,41,41
1,1,483042,17,17,17,17,17,17,17,17,17,17
0,1,483043,0,0,0,0,0,0,0,0,0,0
1,1,483043,0,0,0,0,0,25,0,0,0,0
1,1,483044,0,0,0,0,0,0,0,0,0,0
2,1,483044,0,0,10,0,0,0,14,27,0,0
1,1,483045,0,0,0,0,0,0,0,0,3,0
2,1,483045,0,0,0,0,0,0,0,0,0,0
0,1,483046,35,35,35,35,35,35,35,35,35,35
1,1,483046,0,0,0,0,0,23,0,13,0,0
0,1,483047,0,0,7,0,29,0,0,32,12,0
1,1,483047,0,0,0,0,0,0,0,0,0,18
1,1,483048,0,0,0,0,0,0,0,0,0,0
2,1,483048,0,0,0,0,0,3,0,0,0,0
1,1,483049,31,31,31,31,31,31,31,31,31,31
0,1,483050,15,0,0,0,0,16,0,0,0,0
1,1,483050,12,11,19,0,0,0,0,18,17,0
1,1,483051,0,0,0,0,0,0,0,0,0,0
2,1,483051,0,0,0,0,0,0,0,0,0,0
1,1,483052,21,21,21,21,21,21,21,21,21,21
2,1,483052,0,0,0,0,0,0,0,0,0,0
0,1,483053,22,22,22,22,22,22,22,22,22,22
1,1,483053,12,6,0,0,0,0,0,0,0,0
1,1,483054,0,0,0,30,0,0,7,0,0,0
1,1,483055,0,0,0,0,0,0,0,0,0,0
1,1,483056,1,1,1,1,1,1,1,1,1,1
2,1,483056,0,0,0,0,0,0,0,0,0,0
0,1,483057,13,0,0,0,0,0,42,0,0,0
1,1,483057,0,0,11,0,0,0,0,0,0,0
0,1,483058,0,0,0,0,0,0,0,0,0,0
0,2,483058,0,0,0,0,0,0,0,0,0,0
1,1,483058,14,14,14,14,14,14,14,14,14,14
0,1,483059,0,12,0,0,0,0,26,0,14,0
1,1,483059,0,0,0,0,0,0,0,0,13,14
0,1,483060,7,7,7,7,7,7,7,7,7,7
1,1,483060,0,0,0,0,0,0,0,0,0,0
1,1,483061,20,20,20,20,20,20,20,20,20,20
1,1,483062,25,25,25,25,25,25,25,25,25,25
2,1,483062,0,0,0,0,0,0,0,0,12,0
1,1,483063,0,0,0,0,0,0,0,0,0,0
1,1,483064,0,0,0,0,0,0,0,0,0,0
2,1,483064,0,15,13,0,9,30,31,14,0,0
1,1,483065,0,0,0,0,0,0,0,0,0,0
2,1,483065,0,0,0,0,0,18,0,0,0,0
1,1,483066,0,0,0,0,6,0,19,0,0,0
2,1,483066,18,18,18,18,18,18,18,18,18,18
1,1,483067,18,0,0,0,16,27,0,0,0,0
1,1,483068,32,32,32,32,32,32,32,32,32,32
1,1,483069,0,0,0,0,0,0,0,0,0,0
1,1,483070,0,0,0,0,0,0,0,0,0,0
2,1,483070,0,0,0,0,0,0,0,0,0,0
1,1,483071,28,20,25,0,0,0,0,35,18,0
2,1,483071,30,30,30,30,30,30,30,30,30,30
1,1,483072,0,0,0,0,0,0,0,0,0,0
2,1,483072,0,0,0,0,0,0,0,0,0,0
0,1,483073,0,0,0,0,0,0,0,0,0,0
1,1,483073,0,0,0,0,12,12,0,0,5,0
2,1,483073,30,0,0,0,17,5,0,2,2,14
1,1,483074,0,0,0,18,13,16,0,0,0,21
2,1,483074,27,28,29,32,11,12,18,25,9,18
1,1,483075,0,0,0,12,0,0,0,0,0,4
2,1,483075,0,0,0,0,0,0,9,0,0,0
0,1,483076,9,9,9,9,9,9,9,9,9,9
1,1,483076,15,0,15,0,15,27,14,15,0,15
1,1,483077,21,21,21,21,21,21,21,21,21,21
1,1,483078,0,0,0,0,0,0,0,0,0,0
2,1,483078,13,13,13,13,13,13,13,13,13,13
1,1,483079,0,0,0,0,0,5,0,0,0,0
2,1,483079,0,0,0,0,0,0,0,0,0,0
1,1,483080,0,0,0,0,0,0,0,0,0,0
2,1,483080,0,0,0,0,0,0,0,0,0,0
1,1,483081,0,0,0,0,0,0,0,0,0,0
1,1,483082,30,30,30,30,30,30,30,30,30,30
2,1,483082,0,0,0,0,0,0,0,0,0,0
0,1,483083,0,0,0,0,0,0,0,0,0,0
1,1,483083,0,10,0,21,0,0,0,0,8,0
1,1,483084,20,20,20,20,20,20,20,20,20,20
0,1,483085,0,0,0,0,0,0,0,0,0,0
0,2,483085,0,0,0,0,0,0,0,0,0,0
0,3,483085,0,0,12,0,0,0,0,0,0,0
0,4,483085,0,0,0,0,0,0,0,0,0,0
1,1,483085,0,5,26,14,25,24,18,11,18,20
1,1,483086,24,24,24,24,24,24,24,24,24,24
0,1,483087,0,0,13,28,0,23,0,30,16,6
1,1,483087,0,0,0,0,0,4,0,2,0,0
2,1,483087,0,0,0,0,0,0,0,0,0,0
3,1,483087,0,0,0,0,11,0,21,0,0,0
1,1,483088,20,20,20,20,20,20,20,20,20,20
2,1,483088,2,2,2,2,2,2,2,2,2,2
3,1,483088,0,0,18,0,0,0,0,0,0,0
1,1,483089,23,23,23,23,23,23,23,23,23,23
1,1,483090,0,0,0,0,0,0,0,0,0,0
2,1,483090,0,0,0,0,0,0,0,0,0,0
1,1,483091,16,16,16,16,16,16,16,16,16,16
1,1,483092,23,23,23,23,23,23,23,23,23,23
2,1,483092,4,4,4,4,4,4,4,4,4,4
1,1,483093,0,0,0,0,0,0,0,0,0,0
2,1,483093,0,0,0,0,0,10,0,0,0,0
1,1,483094,11,11,11,11,11,11,11,11,11,11
1,1,483095,0,0,0,0,0,0,0,0,0,0
1,1,483096,0,0,0,0,0,0,0,0,0,0
2,1,483096,0,0,0,0,0,0,0,0,0,0
1,1,483097,0,0,0,0,0,0,0,0,8,0
1,1,483098,4,4,4,4,4,4,4,4,4,4
1,1,483099,24,24,24,24,24,24,24,24,24,24
1,1,483100,20,20,20,20,20,20,20,20,20,20
1,1,483101,13,11,5,0,16,28,15,11,13,4
1,1,483102,0,0,0,0,0,0,0,15,0,0
1,1,483103,13,0,0,18,0,0,12,0,0,0
1,1,483104,0,0,0,0,0,0,0,0,0,0
2,1,483104,0,0,0,0,0,0,0,0,0,0
1,1,483105,0,0,0,0,0,0,0,0,0,0
2,1,483105,0,0,0,0,0,0,0,0,0,0
1,1,483106,22,28,8,10,13,18,36,5,27,13
1,1,483107,0,0,0,0,0,0,0,0,0,0
1,1,483108,10,10,10,10,10,10,10,10,10,10
2,1,483108,0,0,0,0,2,0,0,0,0,19
1,1,483109,16,28,5,13,5,0,4,5,8,9
1,1,483110,0,0,0,0,0,0,0,0,0,0
1,1,483111,0,0,0,0,0,0,0,0,0,0
2,1,483111,23,18,0,0,0,0,0,21,21,15
1,1,483112,8,8,8,8,8,8,8,8,8,8
1,1,483113,19,19,16,2,14,12,28,15,19,16
1,1,483114,0,0,0,0,0,0,0,0,0,0
1,1,483115,23,23,23,23,23,23,23,23,23,23
1,1,483116,0,0,0,0,0,0,0,0,0,0
2,1,483116,0,0,0,0,0,0,0,0,0,0
1,1,483117,0,0,0,0,0,0,0,0,0,0
1,1,483118,0,0,0,0,0,0,0,0,0,0
2,1,483118,37,37,37,37,37,37,37,37,37,37
1,1,483119,29,11,12,0,0,8,18,25,15,8
1,1,483120,35,23,23,17,25,49,10,35,38,42
1,1,483121,13,13,13,13,13,13,13,13,13,13
1,1,483122,20,20,20,20,20,20,20,20,20,20
2,1,483122,0,0,0,0,0,0,0,0,0,0
1,1,483123,9,9,9,9,9,9,9,9,9,9
2,1,483123,19,19,19,19,19,19,19,19,19,19
1,1,483124,5,5,5,5,5,5,5,5,5,5
2,1,483124,0,0,0,0,0,0,0,0,0,0
1,1,483125,24,24,24,24,24,24,24,24,24,24
1,1,483126,13,0,30,0,8,0,0,8,0,15
2,1,483126,0,0,0,0,0,0,0,0,0,0
1,1,483127,24,24,24,24,24,24,24,24,24,24
2,1,483127,0,0,12,0,0,0,0,0,0,0
1,1,483128,0,0,0,0,0,0,0,0,0,0
2,1,483128,0,0,0,0,0,0,0,0,0,0
3,1,483128,0,0,0,0,0,0,0,0,12,0
4,1,483128,0,0,0,0,0,0,0,0,0,0
1,1,483129,0,0,0,0,0,0,0,0,0,0
2,1,483129,0,0,0,0,9,0,10,0,0,0
1,1,483130,0,0,0,0,0,0,0,0,0,0
2,1,483130,0,0,0,20,35,0,22,18,33,0
1,1,483131,0,27,10,20,29,14,12,24,16,0
1,1,483132,0,0,0,0,0,0,0,0,0,0
1,1,483133,14,0,0,0,11,19,0,15,0,0
1,1,483134,0,0,0,0,0,0,0,0,0,0
2,1,483134,25,0,0,18,16,0,25,0,0,0
2,1,483135,30,21,25,12,0,0,0,23,28,26
0,1,483136,26,21,22,0,17,31,12,24,0,0
1,1,483136,0,16,8,0,20,0,0,0,0,0
1,1,483137,0,0,0,0,0,0,0,0,0,0
0,1,483138,11,0,22,0,0,20,0,0,32,29
1,1,483138,14,19,16,23,21,13,6,14,7,20
1,1,483139,21,23,20,28,10,24,9,21,11,18
2,1,483139,0,0,0,0,0,0,0,0,0,0
1,1,483140,0,0,0,0,0,0,0,0,0,0
2,1,483140,0,0,0,0,0,0,0,0,0,0
0,1,483141,17,0,0,0,10,0,13,0,0,0
1,1,483141,5,10,7,26,23,12,31,8,12,3
3,1,483141,0,0,0,0,0,0,0,0,0,0
4,1,483141,0,0,0,0,0,0,0,0,0,0
1,1,483142,14,14,14,14,14,14,14,14,14,14
0,1,483143,0,0,0,2,0,3,28,0,0,8
1,1,483143,0,15,0,0,0,13,0,0,0,0
0,1,483144,0,0,0,0,0,0,2,0,0,0
1,1,483144,0,0,20,0,0,14,0,0,0,0
0,1,483145,0,0,15,0,0,0,0,0,13,0
1,1,483145,0,0,8,0,0,12,0,38,0,7
0,1,483146,0,0,0,9,0,0,33,0,0,0
1,1,483146,0,0,0,0,0,0,0,6,0,0
0,1,483147,0,29,24,0,0,3,23,0,7,0
1,1,483147,0,17,0,0,0,0,0,9,2,0
0,1,483148,9,14,20,23,41,12,20,0,0,31
1,1,483148,0,0,0,0,0,0,0,0,0,0
1,1,483149,0,0,0,0,0,0,0,0,0,0
2,1,483149,0,0,0,0,0,0,0,0,0,0
0,1,483150,0,0,0,0,0,0,0,0,0,0
1,1,483150,0,0,0,0,0,0,0,19,0,0
3,1,483150,0,0,0,0,0,0,27,0,0,15
0,1,483151,0,0,0,0,0,0,0,0,0,0
0,2,483151,0,0,0,0,0,0,0,0,0,0
1,1,483151,0,0,0,0,0,0,0,0,0,0
0,1,483152,1,1,1,1,1,1,1,1,1,1
1,1,483152,21,0,9,0,0,0,11,0,0,0
0,1,483153,26,15,0,0,24,32,28,8,7,6
1,1,483153,5,0,0,0,0,0,16,0,0,0
1,1,483154,0,0,0,0,0,12,0,0,0,0
1,1,483155,14,14,14,14,14,14,14,14,14,14
2,1,483155,0,0,0,7,0,0,0,0,0,0
0,1,483156,0,14,0,9,0,0,25,22,0,0
1,1,483156,0,0,0,0,0,0,0,0,0,0
1,1,483157,0,0,0,0,0,0,0,0,0,0
2,1,483157,0,0,0,10,0,19,29,40,0,12
0,1,483158,0,0,0,0,18,20,0,0,0,9
1,1,483158,0,0,0,0,0,0,0,0,0,0
1,1,483159,0,17,0,0,0,0,18,8,0,0
0,1,483160,29,29,29,29,29,29,29,29,29,29
1,1,483160,0,0,0,0,0,0,0,0,0,0
1,1,483161,0,0,0,0,0,0,0,0,0,0
2,1,483161,0,0,0,0,0,0,0,0,0,0
0,1,483162,23,26,0,0,34,31,28,0,10,33
1,1,483162,0,18,0,0,0,0,0,0,0,0
1,1,483163,0,0,0,0,0,0,0,0,0,0
2,1,483163,0,0,0,0,0,0,0,0,0,0
1,1,483164,0,0,0,0,0,0,0,0,0,0
1,1,490001,0,0,0,0,0,0,0,0,0,0
2,1,490001,0,0,0,0,0,0,0,0,0,0
0,1,490002,0,0,0,0,0,0,0,6,0,0
1,1,490002,0,0,0,0,0,0,0,0,0,0
1,1,490003,0,0,0,0,0,0,0,0,0,15
2,1,490003,0,0,0,0,0,0,0,0,0,0
1,1,490004,0,11,9,0,6,0,0,0,0,0
1,1,490005,0,0,0,0,0,0,0,0,0,0
0,1,490006,0,0,0,0,0,0,0,0,0,0
1,1,490006,0,0,0,0,0,0,0,0,0,0