VEH_NO,PER_NO,ST_CASE,P1,P2,P3,P4,P5,P6,P7,P8,P9,P10
1,1,510024,0,0,0,0,0,0,0,0,0,0
1,1,510025,0,0,0,0,0,0,0,0,0,0
2,1,510025,0,0,0,0,0,0,0,0,0,0
1,1,510026,0,0,0,0,15,0,0,0,0,0
2,1,510026,0,0,0,0,0,0,0,0,0,0
1,1,510027,12,12,12,12,12,12,12,12,12,12
1,1,510028,0,0,0,0,0,0,0,0,0,0
1,1,510029,16,0,25,14,0,26,17,7,13,0
1,1,510030,0,0,0,0,0,0,0,0,0,0
1,1,510031,0,0,0,0,0,0,0,0,0,0
2,1,510031,0,0,0,0,0,0,0,0,0,0
1,1,510032,10,10,10,10,10,10,10,10,10,10
2,1,510032,0,14,0,1,4,0,0,0,0,11
0,1,510033,0,0,0,0,0,0,0,0,0,0
1,1,510033,0,0,0,0,0,8,0,0,0,0
1,1,510034,22,14,0,23,18,0,7,0,17,15
0,1,510035,27,27,27,27,27,27,27,27,27,27
1,1,510035,13,0,0,0,0,0,0,0,0,0
1,1,510036,13,5,21,0,7,0,0,0,0,0
1,1,510037,0,0,0,0,0,0,0,0,0,0
1,1,510038,0,0,0,0,0,0,0,0,0,0
1,1,510039,21,21,21,21,21,21,21,21,21,21
1,1,510040,0,0,0,0,0,0,0,0,0,0
1,1,510041,16,16,16,16,16,16,16,16,16,16
1,1,510042,11,11,11,11,11,11,11,11,11,11
1,1,510043,0,0,0,0,0,0,0,0,0,0
1,1,510044,14,0,0,0,0,0,0,0,0,0
1,1,510045,0,0,0,0,0,0,0,0,0,0
2,1,510045,0,0,0,0,0,0,0,0,0,0
1,1,510046,0,0,0,0,0,0,8,0,0,0
2,1,510046,0,0,0,0,0,0,0,0,14,0
1,1,510047,0,9,0,0,0,15,0,19,0,0
2,1,510047,0,0,0,0,0,0,0,6,0,0
3,1,510047,0,0,26,0,4,0,0,0,0,0
4,1,510047,0,12,0,0,0,0,0,0,0,0
5,1,510047,0,0,0,0,0,0,0,0,0,0
6,1,510047,0,0,0,0,0,2,0,0,0,0
1,1,510048,0,0,0,0,0,0,0,0,0,0
2,1,510048,8,8,8,8,8,8,8,8,8,8
1,1,510049,24,18,16,15,2,14,25,15,6,16
0,1,510050,23,0,0,0,0,0,0,0,0,0
1,1,510050,0,0,0,0,0,0,0,0,0,0
1,1,510051,1,1,1,1,1,1,1,1,1,1
1,1,510052,6,35,0,0,31,0,18,34,20,0
1,1,510053,0,0,0,0,0,0,0,0,0,0
1,1,510054,0,0,0,0,0,0,0,0,0,0
2,1,510054,0,0,0,0,0,0,0,0,0,0
1,1,510055,13,13,13,13,13,13,13,13,13,13
1,1,510056,0,0,0,0,0,0,0,0,0,0
2,1,510056,0,0,0,0,0,0,0,0,0,0
1,1,510057,0,0,0,0,0,0,0,0,0,0
2,1,510057,0,0,0,0,0,0,0,0,0,0
1,1,510058,0,24,0,21,0,3,0,0,0,0
1,1,510059,12,12,12,12,12,12,12,12,12,12
1,1,510060,0,0,0,0,0,0,0,0,0,0
1,1,510061,14,14,14,14,14,14,14,14,14,14
1,1,510062,0,0,0,0,0,0,0,0,0,0
2,1,510062,0,0,0,0,0,0,0,0,0,0
1,1,510063,0,16,0,26,25,28,25,0,27,0
1,1,510064,0,0,0,0,0,0,0,0,0,0
0,1,510065,0,0,0,0,0,0,0,0,0,0
1,1,510065,0,0,0,0,0,0,0,0,0,0
1,1,510066,0,0,0,0,0,0,0,0,0,0
2,1,510066,0,0,0,0,0,0,0,0,0,0
1,1,510067,0,0,0,0,0,0,25,36,0,0
1,1,510068,0,0,0,0,0,0,0,0,0,0
0,1,510069,30,30,30,30,30,30,30,30,30,30
1,1,510069,0,0,0,0,0,0,0,0,0,0
1,1,510070,0,0,0,0,0,0,0,0,0,0
1,1,510071,0,0,0,0,0,0,0,0,0,0
2,1,510071,0,12,0,0,0,0,0,19,18,0
1,1,510072,0,0,0,11,0,0,0,18,0,0
0,1,510073,0,0,0,0,0,0,0,0,0,0
1,1,510073,0,0,0,0,0,0,0,0,0,0
1,1,510074,8,8,8,8,8,8,8,8,8,8
1,1,510075,0,0,0,0,0,0,0,0,0,0
2,1,510075,0,0,0,0,0,0,0,0,0,0
3,1,510075,0,0,0,0,0,0,0,0,0,0
1,1,510076,24,24,24,24,24,24,24,24,24,24
1,1,510077,0,0,0,0,0,0,0,0,0,0
2,1,510077,0,0,0,0,0,0,0,0,0,0
1,1,510078,0,0,0,0,0,0,0,0,0,0
1,1,510079,0,0,0,0,0,0,0,0,0,0
2,1,510079,2,2,2,2,2,2,2,2,2,2
1,1,510080,9,9,9,9,9,9,9,9,9,9
2,1,510080,9,9,9,9,9,9,9,9,9,9
1,1,510081,40,15,38,14,21,0,0,11,0,21
2,1,510081,0,0,0,9,5,0,0,0,0,0
3,1,510081,0,0,12,0,0,0,0,0,16,16
0,1,510082,0,0,0,0,0,0,0,0,0,0
1,1,510082,0,0,6,0,0,0,0,0,0,0
1,1,510083,0,0,0,0,0,0,0,0,0,0
2,1,510083,0,0,0,0,0,0,0,0,0,0
1,1,510084,0,0,0,0,0,0,0,0,0,0
2,1,510084,0,0,0,0,0,0,0,0,0,0
1,1,510085,6,6,6,6,6,6,6,6,6,6
1,1,510086,0,0,0,0,0,0,0,0,0,0
1,1,510087,0,0,0,0,0,0,0,0,0,0
1,1,510088,8,9,15,0,13,0,0,0,0,6
2,1,510088,0,0,0,0,0,0,8,0,0,0
1,1,510089,0,0,0,0,0,0,0,0,0,0
1,1,510090,20,20,20,20,20,20,20,20,20,20
1,1,510091,2,2,2,2,2,2,2,2,2,2
2,1,510091,0,0,0,0,0,0,0,0,0,0
1,1,510092,19,19,19,19,19,19,19,19,19,19
1,1,510093,0,0,0,0,0,0,5,0,0,0
1,1,510094,0,0,0,0,0,0,0,0,0,0
0,1,510095,10,10,10,10,10,10,10,10,10,10
1,1,510095,0,0,6,0,0,0,0,0,0,0
1,1,510096,0,0,0,0,0,0,0,0,0,0
2,1,510096,0,0,0,0,0,0,0,0,0,0
1,1,510097,0,0,0,0,0,0,0,0,0,0
2,1,510097,0,0,0,0,0,0,0,0,0,0
1,1,510098,13,18,28,31,20,21,23,21,43,34
0,1,510099,26,26,26,26,26,26,26,26,26,26
1,1,510099,0,0,0,0,8,0,0,0,0,0
1,1,510100,28,28,28,28,28,28,28,28,28,28
1,1,510101,0,0,0,0,0,0,0,0,0,0
2,1,510101,0,0,0,0,0,0,0,0,0,0
1,1,510102,0,0,0,0,0,0,0,0,0,0
2,1,510102,0,0,0,0,0,0,0,0,0,0
0,1,510103,41,44,24,22,25,0,17,12,13,50
1,1,510103,2,2,2,2,2,2,2,2,2,2
1,1,510104,0,0,0,0,0,0,0,0,0,12
0,1,510105,0,0,0,27,0,22,0,0,0,0
1,1,510105,8,8,8,8,8,8,8,8,8,8
2,1,510105,0,0,0,0,0,0,0,0,0,0
3,1,510105,12,22,20,6,2,21,20,15,26,7
1,1,510106,0,0,0,0,0,0,0,0,0,0
0,1,510107,0,19,0,0,0,22,0,23,0,15
1,1,510107,0,7,0,0,0,0,0,0,0,0
1,1,510108,0,0,0,0,0,0,0,0,0,0
1,1,510109,0,0,0,0,0,0,0,0,0,0
0,1,510110,0,0,0,0,0,0,0,0,0,0
1,1,510110,0,0,0,0,6,0,0,0,0,0
0,1,510111,0,0,0,0,0,0,6,0,0,0
1,1,510111,0,0,0,0,0,11,0,15,24,6
0,1,510112,12,0,0,0,32,0,0,0,0,0
1,1,510112,0,0,0,0,0,0,0,4,0,0
1,1,510113,20,20,20,20,20,20,20,20,20,20
0,1,510114,0,0,0,0,0,0,0,0,0,0
1,1,510114,0,18,0,4,0,0,19,0,0,0
1,1,510115,25,25,25,25,25,25,25,25,25,25
1,1,510116,19,19,19,19,19,19,19,19,19,19
1,1,510117,8,8,8,8,8,8,8,8,8,8
2,1,510117,0,0,0,0,0,0,0,0,0,0
1,1,510118,14,0,0,0,0,0,0,0,0,0
1,1,510119,0,0,0,0,0,0,0,0,0,0
1,1,510120,0,0,0,0,0,0,0,0,0,0
1,1,510121,0,16,0,0,0,0,0,0,0,13
1,1,510122,0,0,0,0,0,0,0,0,0,0
1,1,510123,0,0,0,0,0,0,0,0,0,0
2,1,510123,0,0,0,0,0,0,0,0,0,0
1,1,510124,0,0,0,26,0,0,0,0,0,0
2,1,510124,0,0,0,0,0,0,0,0,0,0
1,1,510125,29,29,29,29,29,29,29,29,29,29
0,1,510126,0,0,0,0,0,0,0,0,0,0
1,1,510126,0,0,0,0,0,0,0,0,0,0
1,1,510127,0,0,21,0,0,0,0,0,0,0
1,1,510128,12,12,12,12,12,12,12,12,12,12
1,1,510129,0,0,0,0,0,0,0,0,0,0
2,1,510129,0,0,0,0,0,0,0,0,0,0
1,1,510130,20,20,20,20,20,20,20,20,20,20
1,1,510131,0,0,0,14,0,10,21,0,0,23
0,1,510132,0,0,0,0,0,0,0,0,0,0
1,1,510132,6,6,6,6,6,6,6,6,6,6
1,1,510133,0,0,0,0,0,0,0,0,0,0
2,1,510133,0,0,0,3,0,0,0,0,8,0
1,1,510134,23,23,23,23,23,23,23,23,23,23
1,1,510135,6,19,17,18,16,22,9,0,15,14
2,1,510135,0,0,19,15,0,0,0,0,0,0
3,1,510135,0,0,0,0,0,0,0,0,0,0
1,1,510136,22,0,16,17,0,0,0,0,0,0
1,1,510137,0,0,0,0,0,0,0,0,0,0
2,1,510137,0,0,0,0,0,0,0,0,0,0
0,1,510138,0,0,0,0,0,0,0,0,0,0
1,1,510138,0,0,0,0,0,0,0,0,0,0
1,1,510139,0,0,0,0,0,0,0,0,0,0
1,1,510140,21,21,21,21,21,21,21,21,21,21
2,1,510140,0,0,0,0,0,0,0,0,0,0
1,1,510141,12,12,12,12,12,12,12,12,12,12
1,1,510142,23,23,23,23,23,23,23,23,23,23
1,1,510143,0,0,0,0,0,0,0,0,0,0
1,1,510144,12,12,12,12,12,12,12,12,12,12
2,1,510144,10,7,9,12,16,21,18,9,0,18
1,1,510145,0,0,0,0,0,0,0,0,0,0
2,1,510145,0,0,0,0,0,0,0,0,0,0
1,1,510146,24,24,24,24,24,24,24,24,24,24
1,1,510147,17,17,17,17,17,17,17,17,17,17
1,1,510148,0,0,0,0,0,0,0,0,0,0
2,1,510148,0,0,0,0,0,0,0,0,0,0
0,1,510149,9,0,1,20,16,6,17,12,0,17
1,1,510149,0,0,0,0,0,0,0,0,0,0
1,1,510150,0,0,0,0,0,0,0,0,0,0
2,1,510150,0,0,0,0,0,0,0,0,0,0
3,1,510150,0,0,0,0,0,0,0,0,0,0
1,1,510151,20,20,20,20,20,20,20,20,20,20
1,1,510152,0,0,0,0,0,0,0,0,0,0
2,1,510152,0,0,0,0,0,0,0,0,0,0
0,1,510153,0,0,0,0,0,0,0,0,0,0
1,1,510153,0,0,0,0,5,0,0,0,0,0
0,1,510154,23,23,23,23,23,23,23,23,23,23
1,1,510154,0,0,0,0,0,0,0,0,0,0
1,1,510155,0,0,16,0,0,0,0,0,0,0
1,1,510156,19,19,19,19,19,19,19,19,19,19
0,1,510157,30,30,30,30,30,30,30,30,30,30
1,1,510157,5,0,0,0,0,0,0,0,0,0
1,1,510158,0,0,0,0,0,0,0,0,0,0
1,1,510159,0,0,0,0,0,0,0,0,0,0
2,1,510159,0,0,0,0,0,0,0,0,0,0
1,1,510160,0,0,0,0,0,0,0,0,0,0
2,1,510160,0,0,0,0,0,0,0,0,0,0
1,1,510161,0,0,0,0,0,0,0,0,0,0
2,1,510161,0,0,0,0,0,0,0,0,0,0
1,1,510162,3,3,3,3,3,3,3,3,3,3
1,1,510163,0,0,30,0,0,0,0,0,0,0
2,1,510163,0,0,0,0,0,0,0,0,0,0
1,1,510164,0,0,0,0,0,0,0,0,0,0
2,1,510164,0,0,0,0,0,0,17,0,0,10
1,1,510165,17,17,17,17,17,17,17,17,17,17
0,1,510166,0,0,0,0,0,0,0,0,0,0
1,1,510166,0,0,0,0,0,0,0,0,0,0
2,1,510166,0,0,0,0,0,0,0,0,0,0
3,1,510166,0,0,0,0,0,0,0,0,0,0
4,1,510166,0,0,0,0,0,0,0,0,0,0
1,1,510167,0,0,0,0,0,0,0,0,0,0
1,1,510168,16,0,11,0,0,0,0,0,0,0
2,1,510168,0,0,0,0,0,0,0,0,0,0
1,1,510169,27,27,27,27,27,27,27,27,27,27
1,1,510170,36,36,36,36,36,36,36,36,36,36
1,1,510171,16,16,16,16,16,16,16,16,16,16
1,1,510172,0,0,0,0,0,0,0,0,0,0
2,1,510172,0,0,0,0,0,0,0,0,0,0
1,1,510173,11,11,11,11,11,11,11,11,11,11
1,1,510174,21,0,0,22,0,22,0,9,0,0
0,1,510175,0,8,38,0,35,21,0,0,0,7
0,2,510175,19,4,11,28,0,0,9,0,23,15
1,1,510175,0,0,0,0,0,0,14,0,0,0
1,1,510176,12,12,12,12,12,12,12,12,12,12
1,1,510177,2,2,2,2,2,2,2,2,2,2
0,1,510178,1,1,1,1,1,1,1,1,1,1
1,1,510178,0,0,0,0,0,0,0,0,0,0
1,1,510179,0,0,0,0,0,0,0,0,0,0
2,1,510179,0,0,0,0,0,0,0,0,0,0
1,1,510180,9,0,0,12,0,19,21,0,22,22
1,1,510181,0,0,0,0,0,0,0,0,0,0
0,1,510182,30,30,30,30,30,30,30,30,30,30
1,1,510182,0,0,0,0,0,0,10,0,0,0
1,1,510183,0,0,0,0,0,0,0,0,0,0
1,1,510184,0,0,0,0,0,0,0,0,0,0
1,1,510185,0,0,0,0,0,0,0,0,0,0
2,1,510185,0,0,0,0,0,0,0,0,0,0
1,1,510186,0,0,0,0,0,0,0,0,0,0
2,1,510186,0,0,0,0,0,0,0,0,0,0
1,1,510187,10,10,10,10,10,10,10,10,10,10
1,1,510188,30,30,30,30,30,30,30,30,30,30
1,1,510189,0,0,0,0,0,0,0,0,0,0
2,1,510189,0,0,0,0,0,0,0,0,0,0
1,1,510190,22,22,22,22,22,22,22,22,22,22
1,1,510191,1,1,1,1,1,1,1,1,1,1
2,1,510191,0,0,0,0,0,0,0,0,0,0
0,1,510192,27,27,27,27,27,27,27,27,27,27
1,1,510192,0,0,0,0,0,0,0,0,0,0
2,1,510192,0,0,0,0,0,0,0,0,0,0
1,1,510193,0,0,0,0,0,0,0,0,0,0
1,1,510194,21,21,21,21,21,21,21,21,21,21
0,1,510195,0,20,25,0,18,0,25,0,0,0
1,1,510195,12,12,12,12,12,12,12,12,12,12
1,1,510196,8,8,8,8,8,8,8,8,8,8
1,1,510197,21,21,21,21,21,21,21,21,21,21
1,1,510198,0,0,0,0,0,0,22,0,0,0
1,1,510199,18,18,18,18,18,18,18,18,18,18
1,1,510200,26,26,26,26,26,26,26,26,26,26
1,1,510201,24,0,0,0,0,0,0,0,0,0
2,1,510201,0,0,0,0,0,0,0,0,0,0
1,1,510202,0,0,0,0,0,0,0,0,0,0
2,1,510202,0,0,0,0,0,0,0,0,0,0
1,1,510203,13,13,13,13,13,13,13,13,13,13
1,1,510204,0,0,0,0,0,0,0,0,0,0
1,1,510205,0,0,0,0,0,0,0,0,0,0
1,1,510206,0,0,0,0,0,0,0,0,0,0
1,1,510207,0,0,0,1,0,0,0,0,0,0
1,1,510208,16,16,16,16,16,16,16,16,16,16
0,1,510209,0,0,0,0,0,0,0,0,0,0
1,1,510209,0,0,0,0,0,0,0,0,0,0
1,1,510210,17,17,17,17,17,17,17,17,17,17
1,1,510211,13,13,13,13,13,13,13,13,13,13
1,1,510212,0,0,0,0,0,0,0,0,0,0
2,1,510212,0,4,0,0,0,0,0,0,0,0
1,1,510213,0,0,0,0,0,0,0,0,0,0
1,1,510214,14,14,14,14,14,14,14,14,14,14
0,1,510215,12,12,12,12,12,12,12,12,12,12
1,1,510215,7,0,0,0,0,0,0,0,0,0
0,1,510216,0,0,0,0,0,0,0,0,0,0
1,1,510216,33,33,33,33,33,33,33,33,33,33
2,1,510216,4,0,0,0,0,0,0,0,4,0
1,1,510217,0,14,0,0,0,0,0,14,0,0
1,1,510218,0,0,0,0,0,0,0,0,0,0
2,1,510218,0,0,0,0,0,0,0,0,0,0
1,1,510219,23,23,23,23,23,23,23,23,23,23
1,1,510220,22,22,22,22,22,22,22,22,22,22
1,1,510221,5,5,5,5,5,5,5,5,5,5
1,1,510222,25,31,21,15,17,18,12,7,25,11
1,1,510223,0,0,0,0,0,0,0,0,0,0
1,1,510224,20,20,20,20,20,20,20,20,20,20
0,1,510225,0,0,0,0,0,0,0,0,0,0
1,1,510225,0,0,0,0,0,0,0,0,0,0
1,1,510226,6,6,6,6,6,6,6,6,6,6
1,1,510227,19,19,19,19,19,19,19,19,19,19
1,1,510228,0,0,0,0,0,0,0,0,0,0
2,1,510228,0,0,0,0,0,0,0,0,0,0
1,1,510229,0,0,0,0,0,0,0,0,0,0
1,1,510230,30,8,10,35,33,19,29,25,25,24
2,1,510230,0,10,0,0,0,0,0,0,0,0
3,1,510230,0,0,8,0,0,0,0,0,0,0
4,1,510230,0,0,0,0,0,0,0,0,0,0
1,1,510231,0,0,0,0,0,0,0,0,0,0
0,1,510232,0,0,0,0,0,0,0,0,0,0
1,1,510232,0,3,0,0,0,0,0,0,0,0
1,1,510233,0,0,0,0,0,0,0,0,0,0
2,1,510233,0,0,0,0,0,0,0,0,0,0
1,1,510234,0,0,17,0,0,0,13,29,0,0
2,1,510234,0,0,0,0,0,0,0,0,0,0
1,1,510235,0,0,15,19,0,0,0,0,0,0
2,1,510235,0,0,0,0,0,0,0,0,0,0
1,1,510236,0,0,0,0,0,0,0,0,0,0
2,1,510236,0,0,0,0,0,0,0,0,0,0
1,1,510237,9,0,0,0,30,40,24,0,17,0
2,1,510237,0,0,0,6,0,0,0,0,0,0
1,1,510238,0,0,0,0,0,0,0,0,0,0
2,1,510238,0,0,0,0,0,0,0,0,0,0
3,1,510238,0,0,0,0,0,0,0,0,0,0
4,1,510238,0,0,0,0,0,0,0,0,0,0
0,1,510239,0,0,0,0,19,12,0,0,0,0
1,1,510239,0,0,0,0,0,0,0,0,0,0
1,1,510240,0,0,0,0,0,0,0,0,0,0
1,1,510241,11,11,11,11,11,11,11,11,11,11
2,1,510241,0,0,0,0,0,0,0,0,0,0
1,1,510242,25,25,25,25,25,25,25,25,25,25
1,1,510243,24,24,24,24,24,24,24,24,24,24
1,1,510244,0,0,0,0,0,0,0,0,0,0
1,1,510245,24,24,24,24,24,24,24,24,24,24
1,1,510246,28,28,28,28,28,28,28,28,28,28
1,1,510247,16,16,16,16,16,16,16,16,16,16
2,1,510247,0,0,0,0,0,0,0,0,0,0
3,1,510247,0,0,0,0,0,0,0,0,0,0
1,1,510248,0,22,12,13,0,0,0,0,0,15
1,1,510249,8,8,8,8,8,8,8,8,8,8
1,1,510250,0,0,0,0,0,0,0,0,0,0
1,1,510251,15,0,15,0,5,18,0,20,0,0
1,1,510252,12,12,12,12,12,12,12,12,12,12
2,1,510252,0,0,0,0,0,0,12,7,15,0
1,1,510253,15,15,15,15,15,15,15,15,15,15
2,1,510253,0,0,0,0,0,0,0,0,0,0
1,1,510254,0,0,0,0,0,0,0,0,0,0
2,1,510254,0,0,0,0,0,0,0,0,0,0
1,1,510255,23,23,23,23,23,23,23,23,23,23
1,1,510256,23,23,23,23,23,23,23,23,23,23
1,1,510257,37,37,37,37,37,37,37,37,37,37
1,1,510258,0,0,0,0,0,0,0,0,0,0
1,1,510259,0,0,0,0,0,0,0,0,0,0
1,1,510260,19,0,27,20,0,0,17,0,13,21
1,1,510261,0,0,0,0,0,0,0,0,0,0
2,1,510261,0,0,0,0,0,0,0,0,0,0
1,1,510262,12,12,12,12,12,12,12,12,12,12
2,1,510262,0,0,0,0,0,0,0,0,0,0
1,1,510263,0,0,0,0,0,0,0,0,0,0
2,1,510263,3,3,3,3,3,3,3,3,3,3
1,1,510264,19,19,19,19,19,19,19,19,19,19
1,1,510265,0,0,25,18,25,9,15,0,0,0
1,1,510266,7,0,0,0,6,0,0,0,0,16
1,1,510267,4,4,4,4,4,4,4,4,4,4
1,1,510268,0,0,0,0,0,0,0,0,0,0
2,1,510268,0,0,0,0,0,0,0,0,0,0
1,1,510269,17,17,17,17,17,17,17,17,17,17
1,1,510270,0,0,0,0,0,0,0,0,0,0
2,1,510270,0,0,0,0,0,0,0,0,0,0
1,1,510271,0,0,0,0,0,0,0,0,0,0
2,1,510271,0,0,0,0,0,0,0,0,0,0
0,1,510272,26,26,26,26,26,26,26,26,26,26
1,1,510272,0,0,0,0,0,0,0,0,0,0
1,1,510273,0,0,0,0,0,0,0,0,0,0
2,1,510273,0,0,0,0,0,0,0,0,0,0
1,1,510274,18,18,18,18,18,18,18,18,18,18
1,1,510275,26,26,26,26,26,26,26,26,26,26
1,1,510276,0,0,17,26,0,0,26,0,0,0
2,1,510276,0,0,0,0,0,0,0,10,0,0
1,1,510277,0,0,0,0,0,0,10,0,0,0
2,1,510277,4,4,4,4,4,4,4,4,4,4
1,1,510278,27,27,27,27,27,27,27,27,27,27
1,1,510279,8,8,8,8,8,8,8,8,8,8
1,1,510280,0,0,0,0,0,0,0,0,0,0
1,1,510281,0,0,0,0,0,0,0,0,0,0
1,1,510282,0,0,0,0,0,0,0,0,0,0
1,1,510283,3,12,0,0,0,0,6,0,0,0
2,1,510283,0,0,0,0,0,0,0,0,0,0
3,1,510283,0,0,0,0,0,0,0,0,0,0
4,1,510283,0,0,0,0,0,0,0,0,0,0
1,1,510284,0,0,0,0,0,0,0,0,0,10
2,1,510284,0,0,0,0,0,0,0,0,0,0
1,1,510285,25,25,25,25,25,25,25,25,25,25
1,1,510286,0,0,0,0,0,0,0,0,0,0
1,1,510287,0,0,0,0,0,0,0,0,15,0
2,1,510287,0,0,0,0,0,0,0,0,0,0
1,1,510288,0,0,0,0,0,0,0,0,0,0
2,1,510288,6,6,6,6,6,6,6,6,6,6
1,1,510289,0,0,0,0,0,0,0,0,0,0
2,1,510289,0,0,0,0,0,0,0,0,0,0
1,1,510290,0,0,0,0,0,0,0,0,0,0
1,1,510291,0,0,12,0,0,0,0,0,0,0
2,1,510291,0,0,0,8,0,0,0,17,5,0
1,1,510292,0,0,0,0,0,0,0,0,0,0
2,1,510292,0,0,0,0,0,0,0,0,0,0
1,1,510293,0,0,0,30,0,0,0,0,0,0
1,1,510294,0,0,0,0,0,0,0,0,0,0
1,1,510295,13,7,0,0,0,0,0,0,0,0
0,1,510296,32,6,17,50,10,18,39,18,26,11
0,2,510296,10,0,32,5,20,23,12,0,0,0
0,3,510296,0,0,18,0,18,44,11,0,0,0
0,4,510296,23,34,16,0,0,0,0,13,25,28
1,1,510296,18,18,18,18,18,18,18,18,18,18
1,1,510297,0,0,0,0,0,0,0,0,0,0
2,1,510297,0,0,0,0,0,0,0,0,0,0
1,1,510298,16,16,16,16,16,16,16,16,16,16
2,1,510298,0,0,0,0,0,0,0,0,0,0
1,1,510299,1,1,1,1,1,1,1,1,1,1
1,1,510300,0,0,0,0,0,0,0,0,0,0
1,1,510301,0,0,0,0,0,0,0,0,0,0
1,1,510302,1,1,1,1,1,1,1,1,1,1
2,1,510302,0,0,0,0,0,0,0,0,0,0
3,1,510302,0,0,0,0,0,0,0,0,0,0
1,1,510303,0,0,0,0,0,0,0,0,0,0
2,1,510303,0,0,0,0,0,0,0,0,0,0
0,1,510304,14,0,0,0,0,19,0,0,14,0
1,1,510304,0,0,0,0,0,0,0,0,0,0
1,1,510305,0,0,0,0,0,0,0,0,0,0
2,1,510305,0,0,0,0,0,0,0,0,0,0
1,1,510306,16,16,16,16,16,16,16,16,16,16
1,1,510307,1,1,1,1,1,1,1,1,1,1
2,1,510307,0,0,0,0,0,0,0,0,0,0
1,1,510308,26,26,26,26,26,26,26,26,26,26
1,1,510309,10,10,10,10,10,10,10,10,10,10
1,1,510310,18,18,18,18,18,18,18,18,18,18
1,1,510311,0,0,0,0,0,0,0,0,0,0
2,1,510311,0,0,0,0,0,0,0,0,0,0
1,1,510312,32,32,32,32,32,32,32,32,32,32
1,1,510313,0,0,0,0,0,0,0,0,0,0
2,1,510313,0,0,0,0,0,0,0,0,0,0
1,1,510314,0,0,0,0,0,0,0,0,0,0
1,1,510315,16,16,16,16,16,16,16,16,16,16
1,1,510317,12,21,34,0,32,18,0,0,0,0
1,1,510318,0,0,0,12,0,0,0,0,0,0
2,1,510318,0,0,0,0,0,0,0,0,0,0
1,1,510319,20,20,20,20,20,20,20,20,20,20
1,1,510320,0,0,0,0,0,0,0,0,0,0
2,1,510320,0,0,0,0,0,0,0,0,0,0
1,1,510321,13,13,13,13,13,13,13,13,13,13
1,1,510322,0,0,0,0,6,0,0,0,0,0
2,1,510322,0,0,0,0,0,0,0,0,0,0
1,1,510323,22,22,22,22,22,22,22,22,22,22
1,1,510324,0,0,0,0,0,0,0,0,0,0
1,1,510325,0,0,0,0,0,0,0,0,0,0
2,1,510325,0,0,0,0,0,0,0,0,0,0
1,1,510326,20,20,20,20,20,20,20,20,20,20
1,1,510327,0,0,0,0,0,0,0,0,0,0
1,1,510328,28,28,28,28,28,28,28,28,28,28
0,1,510329,31,31,31,31,31,31,31,31,31,31
1,1,510329,0,0,0,0,0,0,0,0,0,0
1,1,510330,0,0,0,0,0,0,0,0,0,14
1,1,510331,2,2,2,2,2,2,2,2,2,2
1,1,510332,6,6,6,6,6,6,6,6,6,6
0,1,510333,0,0,13,0,0,0,0,0,0,0
1,1,510333,0,0,0,0,0,0,0,0,0,0
1,1,510334,36,36,36,36,36,36,36,36,36,36
1,1,510335,0,0,0,0,0,0,0,0,0,0
1,1,510336,20,11,16,2,11,17,20,18,27,18
1,1,510337,0,0,0,0,0,0,0,0,0,0
1,1,510338,0,0,0,0,0,0,0,0,0,9
1,1,510339,0,0,0,0,0,0,0,0,0,0
2,1,510339,0,0,0,0,0,0,0,16,0,16
1,1,510340,0,19,0,0,13,0,0,0,0,0
2,1,510340,7,0,0,0,0,0,0,0,0,0
1,1,510341,0,0,0,0,0,0,0,0,0,0
2,1,510341,0,0,0,0,0,0,0,0,0,0
1,1,510342,0,0,0,0,0,0,0,0,0,0
2,1,510342,0,0,0,0,0,0,0,0,0,0
1,1,510343,0,0,0,0,0,0,0,0,0,30
1,1,510344,0,17,0,0,19,0,0,0,30,6
1,1,510345,0,0,0,0,0,0,0,0,0,0
2,1,510345,0,0,0,0,0,0,0,0,0,0
3,1,510345,0,0,0,0,0,0,0,0,0,4
1,1,510346,0,0,0,0,0,0,0,0,0,0
2,1,510346,0,0,0,0,0,0,0,0,0,0
1,1,510347,0,0,0,0,0,0,0,0,0,0
1,1,510348,18,18,18,18,18,18,18,18,18,18
1,1,510349,17,17,17,17,17,17,17,17,17,17
1,1,510350,12,12,12,12,12,12,12,12,12,12
1,1,510351,0,0,0,0,0,0,0,0,0,0
1,1,510352,0,0,0,27,0,0,8,0,19,0
1,1,510353,26,26,26,26,26,26,26,26,26,26
1,1,510354,0,0,0,0,0,0,0,0,0,0
2,1,510354,0,0,0,0,0,0,0,0,0,0
1,1,510355,0,0,0,0,0,0,0,0,0,0