VEH_NO,PER_NO,ST_CASE,P1,P2,P3,P4,P5,P6,P7,P8,P9,P10
8,1,510685,0,0,0,0,0,0,0,0,0,0
1,1,510686,0,0,0,0,0,0,0,0,0,0
2,1,510686,0,0,0,0,0,0,0,0,0,0
1,1,510687,0,0,0,0,0,0,0,0,0,0
1,1,510688,5,5,5,5,5,5,5,5,5,5
1,1,510689,0,0,0,0,0,0,0,0,0,0
1,1,510690,0,0,0,0,0,0,0,0,0,0
2,1,510690,0,0,0,0,0,0,0,0,0,0
1,1,510691,6,6,6,6,6,6,6,6,6,6
2,1,510691,0,0,0,0,0,0,0,0,0,0
0,1,510692,14,14,14,14,14,14,14,14,14,14
1,1,510692,35,25,0,0,0,0,0,0,10,0
1,1,510693,0,0,0,0,0,0,0,0,0,0
1,1,510694,18,18,18,18,18,18,18,18,18,18
2,1,510694,7,7,7,7,7,7,7,7,7,7
1,1,510695,0,20,15,0,0,0,0,0,0,0
0,1,510696,0,0,0,0,0,0,0,0,0,0
1,1,510696,0,0,0,0,0,0,0,10,0,0
1,1,510697,20,20,20,20,20,20,20,20,20,20
0,1,510698,16,0,0,59,6,0,38,13,35,0
1,1,510699,0,0,0,0,0,0,0,0,0,0
2,1,510699,0,0,0,0,0,0,0,0,0,0
1,1,510700,0,0,0,0,0,0,0,0,0,0
2,1,510700,8,8,8,8,8,8,8,8,8,8
1,1,510701,0,0,0,0,0,0,0,0,0,0
2,1,510701,0,0,0,0,6,0,0,0,22,0
3,1,510701,10,0,0,0,0,0,0,0,0,0
1,1,510702,10,0,0,0,0,0,0,0,0,0
1,1,510703,18,18,18,18,18,18,18,18,18,18
2,1,510703,21,21,21,21,21,21,21,21,21,21
3,1,510703,14,4,5,5,7,10,11,8,16,21
1,1,510704,21,21,21,21,21,21,21,21,21,21
2,1,510704,0,0,0,0,0,0,0,0,0,0
0,1,510705,9,9,9,9,9,9,9,9,9,9
1,1,510705,0,0,0,0,0,0,0,0,0,0
1,1,510706,0,0,0,0,0,0,0,0,0,0
2,1,510706,0,0,0,0,0,0,0,0,0,0
1,1,510707,0,0,0,0,0,0,0,0,0,0
2,1,510707,0,0,0,0,0,0,0,0,0,0
1,1,510708,0,0,0,0,0,0,0,0,0,0
0,1,510709,0,0,0,0,0,0,0,0,0,0
1,1,510709,0,0,0,0,0,0,0,0,0,0
1,1,510710,0,0,0,0,0,0,0,0,0,0
2,1,510710,0,0,0,0,0,0,0,0,0,0
0,1,510711,24,17,30,17,0,30,0,17,20,0
1,1,510711,0,0,0,0,0,11,0,0,0,0
1,1,510712,24,24,24,24,24,24,24,24,24,24
1,1,510713,24,0,0,13,20,12,14,0,0,34
1,1,510714,0,0,0,0,0,0,0,0,0,0
0,1,510715,0,0,0,0,0,0,0,0,0,0
1,1,510715,0,0,0,0,0,0,0,0,0,0
1,1,510716,26,26,26,26,26,26,26,26,26,26
1,1,510718,31,31,31,31,31,31,31,31,31,31
2,1,510718,0,0,0,0,0,0,0,0,0,0
3,1,510718,0,0,0,0,0,0,0,0,0,0
1,1,510719,21,0,8,0,9,6,0,0,15,11
1,1,510720,13,13,13,13,13,13,13,13,13,13
1,1,510721,0,0,0,0,0,0,0,0,0,0
1,1,510722,14,0,0,0,0,0,0,0,0,0
1,1,510723,0,0,0,0,0,0,0,0,0,0
2,1,510723,0,0,0,0,0,0,0,0,0,0
1,1,510724,0,0,0,0,0,17,0,0,0,0
2,1,510724,1,1,1,1,1,1,1,1,1,1
0,1,510725,9,9,9,9,9,9,9,9,9,9
1,1,510725,0,0,0,0,0,0,0,0,0,8
1,1,510726,0,0,0,0,0,0,0,0,15,0
2,1,510726,0,0,0,0,0,0,0,0,0,0
1,1,510727,0,0,0,0,0,0,0,0,0,0
2,1,510727,0,0,0,0,0,0,0,0,0,0
1,1,510728,15,15,15,15,15,15,15,15,15,15
1,1,510729,9,9,9,9,9,9,9,9,9,9
1,1,510730,0,0,0,0,0,0,0,0,0,0
1,1,510731,0,0,0,0,0,0,0,14,0,0
1,1,510732,0,0,0,8,0,0,0,0,0,0
2,1,510732,0,0,0,0,0,0,0,0,0,0
1,1,510733,0,0,0,0,0,0,0,0,0,0
0,1,510734,2,2,2,2,2,2,2,2,2,2
1,1,510734,0,0,14,0,16,3,0,0,0,0
1,1,510735,0,0,0,0,0,0,0,0,0,0
1,1,510736,0,0,0,0,0,0,0,0,0,0
1,1,510737,0,0,0,0,16,0,21,18,0,0
1,1,510738,0,0,0,0,0,0,0,0,0,0
2,1,510738,0,0,0,0,0,0,0,0,0,0
3,1,510738,0,0,0,0,0,0,0,0,0,0
4,1,510738,9,0,0,0,0,0,0,0,0,0
5,1,510738,0,0,0,0,0,0,0,0,0,0
6,1,510738,0,7,0,0,0,0,0,0,0,0
0,1,510739,0,0,0,0,0,0,26,19,0,0
1,1,510739,0,0,0,0,0,0,0,0,0,0
2,1,510739,0,0,0,0,0,19,0,0,0,0
1,1,510740,3,0,0,3,0,0,0,0,0,0
1,1,510741,0,0,0,0,0,0,0,0,0,0
0,1,510742,0,0,0,0,0,0,0,0,0,0
1,1,510742,0,0,0,0,0,0,24,0,0,0
1,1,510743,0,0,0,0,0,0,0,0,0,0
2,1,510743,0,0,0,0,0,0,0,0,0,0
1,1,510744,4,4,4,4,4,4,4,4,4,4
2,1,510744,5,0,0,0,0,0,0,0,0,0
1,1,510745,2,2,2,2,2,2,2,2,2,2
1,1,510746,0,0,0,0,0,0,0,0,0,0
1,1,510748,8,8,8,8,8,8,8,8,8,8
2,1,510748,0,0,0,0,0,0,0,0,0,0
1,1,510749,0,0,0,0,0,0,0,0,0,0
1,1,510750,12,12,12,12,12,12,12,12,12,12
1,1,510751,0,0,0,0,0,0,0,0,0,0
1,1,510752,0,0,0,0,0,0,0,0,0,0
1,1,510753,0,0,0,0,0,0,0,0,0,0
1,1,510754,0,0,0,0,0,0,0,0,0,0
1,1,510755,10,10,10,10,10,10,10,10,10,10
1,1,510756,15,15,15,15,15,15,15,15,15,15
1,1,510757,7,7,7,7,7,7,7,7,7,7
0,1,510758,0,0,0,7,0,0,0,0,0,0
1,1,510758,0,0,0,0,0,0,0,0,0,0
1,1,510759,26,26,26,26,26,26,26,26,26,26
0,1,510760,0,22,14,18,0,24,14,21,21,0
1,1,510760,0,0,0,0,0,0,0,0,0,0
2,1,510760,0,0,0,0,0,0,0,0,0,0
1,1,510761,13,13,13,13,13,13,13,13,13,13
2,1,510761,0,0,0,0,0,0,0,0,0,0
1,1,510762,0,0,0,0,0,0,0,0,0,0
2,1,510762,0,0,0,0,0,0,0,0,0,0
0,1,510763,0,0,0,0,0,0,6,0,0,0
1,1,510763,0,0,0,0,0,0,0,0,0,0
0,1,510764,0,0,0,0,0,0,0,0,0,0
1,1,510764,3,0,0,0,0,0,0,0,0,0
0,1,510765,10,0,0,0,0,0,17,0,0,0
0,2,510765,0,25,28,0,0,0,0,0,0,0
0,3,510765,0,0,0,0,0,0,0,0,0,0
1,1,510765,0,5,0,17,0,0,0,7,0,0
1,1,510766,12,12,12,12,12,12,12,12,12,12
1,1,510767,0,0,0,0,0,0,0,0,0,0
1,1,510768,0,0,0,0,0,0,0,0,0,0
1,1,530002,25,25,25,25,25,25,25,25,25,25
1,1,530003,15,15,15,15,15,15,15,15,15,15
2,1,530003,0,0,0,0,0,0,0,0,0,0
0,1,530004,0,0,0,0,0,0,0,0,0,0
1,1,530004,12,12,12,12,12,12,12,12,12,12
1,1,530005,0,0,0,12,0,0,20,0,0,0
2,1,530005,0,0,0,0,0,0,0,0,0,0
1,1,530006,27,27,27,27,27,27,27,27,27,27
1,1,530007,23,23,23,23,23,23,23,23,23,23
0,1,530008,0,0,0,0,0,0,0,0,0,0
1,1,530008,4,4,4,4,4,4,4,4,4,4
1,1,530009,0,0,0,0,0,0,0,0,0,0
2,2,530009,0,0,0,0,0,0,0,0,0,0
1,1,530010,20,20,20,20,20,20,20,20,20,20
2,1,530010,0,0,0,0,0,0,0,0,0,0
1,1,530011,0,0,0,0,0,0,0,0,0,0
2,1,530011,3,3,3,3,3,3,3,3,3,3
1,1,530012,0,0,0,0,0,0,0,0,0,0
1,1,530013,0,0,0,0,0,0,0,0,0,0
2,1,530013,0,0,0,0,0,0,0,0,0,0
3,1,530013,0,0,0,0,0,0,0,0,0,0
1,1,530014,4,4,4,4,4,4,4,4,4,4
2,1,530014,0,0,0,0,0,0,0,0,0,0
0,1,530015,0,0,10,0,0,0,0,0,0,6
1,1,530015,17,17,17,17,17,17,17,17,17,17
1,1,530016,17,17,17,17,17,17,17,17,17,17
2,1,530016,0,0,0,0,0,6,0,26,0,0
1,1,530017,0,0,0,0,0,0,0,0,0,0
2,1,530017,0,0,0,0,0,0,0,0,0,0
3,1,530017,0,0,0,0,0,0,0,0,0,0
4,1,530017,0,0,13,0,0,0,0,0,0,0
1,1,530018,0,0,0,0,0,0,0,0,0,0
2,1,530018,0,0,0,0,0,0,0,0,0,0
0,1,530019,0,0,0,0,0,0,0,0,0,0
1,1,530019,0,0,0,0,0,0,0,0,0,0
1,1,530020,0,0,0,0,0,0,0,0,0,0
2,1,530020,0,0,0,0,0,0,0,0,0,0
0,1,530021,0,0,0,0,0,0,0,0,0,0
1,1,530021,21,0,0,0,0,4,0,0,14,0
1,1,530022,16,16,16,16,16,16,16,16,16,16
0,1,530023,3,3,3,3,3,3,3,3,3,3
1,1,530024,7,7,7,7,7,7,7,7,7,7
2,1,530024,0,0,0,0,0,0,0,0,0,0
1,1,530025,6,6,6,6,6,6,6,6,6,6
2,1,530025,0,0,0,0,0,0,0,0,0,0
1,1,530026,0,0,0,0,0,0,0,0,0,0
2,1,530026,10,10,10,10,10,10,10,10,10,10
0,1,530027,0,0,0,0,0,0,0,0,0,8
1,1,530027,6,6,6,6,6,6,6,6,6,6
1,1,530028,0,0,0,0,0,0,0,0,0,0
2,1,530028,0,0,0,0,0,0,0,0,0,0
1,1,530029,3,3,3,3,3,3,3,3,3,3
1,1,530030,20,20,20,20,20,20,20,20,20,20
2,2,530030,0,0,0,0,0,0,0,0,0,0
0,1,530031,0,0,0,0,0,0,0,0,0,0
1,1,530031,0,0,0,0,0,0,0,0,0,0
1,1,530032,0,0,0,0,0,0,0,0,0,0
1,1,530033,0,0,0,0,0,0,0,0,0,0
0,1,530034,3,3,3,3,3,3,3,3,3,3
1,1,530034,0,0,0,0,0,0,0,0,0,0
1,1,530035,0,0,0,0,0,0,0,0,0,0
2,1,530035,0,0,0,0,0,0,0,0,0,0
0,1,530036,0,0,0,0,0,0,0,0,0,0
1,1,530036,12,0,0,0,0,0,0,0,0,0
1,1,530037,15,15,15,15,15,15,15,15,15,15
1,1,530038,19,19,19,19,19,19,19,19,19,19
1,1,530039,16,16,16,16,16,16,16,16,16,16
2,1,530039,0,7,0,0,0,0,0,5,0,0
1,1,530040,11,11,11,11,11,11,11,11,11,11
0,1,530041,0,0,0,0,0,0,0,0,0,0
1,1,530041,0,0,0,0,0,0,0,0,0,0
1,1,530042,16,16,16,16,16,16,16,16,16,16
1,1,530043,0,0,0,0,0,0,0,0,0,0
2,1,530043,0,0,0,0,0,0,0,0,0,0
1,1,530044,0,0,0,0,0,0,0,0,0,0
2,1,530044,0,0,0,0,0,0,0,0,0,0
0,1,530045,0,0,0,0,0,0,0,0,0,0
1,1,530045,0,0,0,0,0,0,0,0,0,0
1,1,530046,0,0,0,0,0,0,0,0,0,0
1,1,530047,0,0,0,0,0,0,0,0,0,0
2,1,530047,13,13,13,13,13,13,13,13,13,13
0,1,530048,24,24,24,24,24,24,24,24,24,24
1,1,530048,0,0,0,0,0,9,0,0,0,0
1,1,530049,15,15,15,15,15,15,15,15,15,15
2,1,530049,0,0,0,0,0,0,0,0,0,0
1,1,530050,0,0,0,0,0,0,0,0,0,0
2,1,530050,0,0,0,0,0,0,0,0,0,0
0,1,530051,0,0,0,0,0,0,0,0,0,0
0,2,530051,0,0,0,0,3,0,0,0,0,0
1,1,530051,0,0,0,0,0,0,0,0,0,0
1,1,530052,0,0,0,0,0,0,0,0,0,0
1,1,530053,0,0,0,0,0,0,0,0,0,0
0,1,530054,13,13,13,13,13,13,13,13,13,13
1,1,530054,0,0,0,0,0,0,0,0,0,0
1,1,530055,0,0,0,0,0,0,0,0,0,0
0,1,530056,22,22,22,22,22,22,22,22,22,22
1,1,530056,0,0,0,0,0,0,0,0,0,0
1,1,530057,0,0,0,0,0,0,0,0,0,0
1,1,530058,16,16,16,16,16,16,16,16,16,16
1,1,530059,0,0,0,0,0,0,0,0,0,0
1,1,530060,0,24,0,0,0,0,0,0,0,0
2,1,530060,24,24,24,24,24,24,24,24,24,24
1,1,530061,0,0,0,0,0,0,0,0,0,0
2,1,530061,0,0,0,0,0,0,0,0,0,0
1,1,530062,0,0,0,0,0,0,0,0,0,0
1,1,530063,0,0,0,0,0,0,0,0,0,0
2,1,530063,0,0,0,0,0,0,0,0,0,0
3,1,530063,0,0,0,0,0,0,0,0,0,0
0,1,530065,29,29,29,29,29,29,29,29,29,29
1,1,530065,0,0,0,0,0,0,0,0,0,0
1,1,530066,0,0,0,0,0,0,0,0,0,0
2,1,530066,0,0,0,0,0,0,0,0,0,0
0,1,530067,19,19,19,19,19,19,19,19,19,19
1,1,530067,0,0,0,0,0,0,0,0,0,0
1,1,530068,0,0,0,0,0,0,0,0,0,0
1,1,530069,15,15,15,15,15,15,15,15,15,15
2,1,530069,0,0,0,0,0,0,0,0,0,0
1,1,530070,22,22,22,22,22,22,22,22,22,22
1,1,530071,17,17,17,17,17,17,17,17,17,17
2,1,530071,0,0,0,16,0,0,8,0,0,0
1,1,530072,23,23,23,23,23,23,23,23,23,23
0,1,530073,31,31,31,31,31,31,31,31,31,31
1,1,530073,13,13,13,13,13,13,13,13,13,13
1,1,530074,0,0,0,0,0,0,0,0,0,0
2,1,530074,0,0,0,0,0,0,0,0,0,0
1,1,530075,0,0,0,0,0,0,0,0,0,0
2,1,530075,0,0,0,0,0,0,0,0,0,14
3,1,530075,2,2,2,2,2,2,2,2,2,2
4,1,530075,0,0,0,0,0,0,0,0,0,0
0,1,530076,0,0,0,0,0,0,0,0,0,0
1,1,530076,0,0,0,0,0,0,0,0,0,19
1,1,530077,0,0,0,0,0,0,0,0,0,0
2,1,530077,0,0,0,0,0,0,0,0,0,0
1,1,530078,0,0,0,0,0,0,0,0,0,0
0,1,530079,21,21,21,21,21,21,21,21,21,21
1,1,530079,0,0,0,12,0,0,0,0,0,0
1,1,530080,0,0,0,0,0,0,0,0,0,0
2,1,530080,0,0,0,0,0,0,0,0,0,0
3,1,530080,0,0,0,8,0,16,0,0,0,0
1,1,530081,0,0,0,0,6,0,0,22,0,0
2,1,530081,0,0,0,0,0,0,0,0,0,0
1,1,530082,0,0,0,0,0,0,0,0,0,0
1,1,530083,22,22,22,22,22,22,22,22,22,22
1,1,530084,12,12,12,12,12,12,12,12,12,12
1,1,530085,0,0,34,0,16,13,0,21,0,17
2,1,530085,0,0,0,0,0,0,0,0,0,0
1,1,530086,12,12,12,12,12,12,12,12,12,12
2,1,530086,0,0,0,0,0,0,0,0,0,0
1,1,530087,26,26,26,26,26,26,26,26,26,26
1,1,530088,0,0,0,0,0,0,0,0,0,0
2,1,530088,2,2,2,2,2,2,2,2,2,2
0,1,530089,0,0,0,0,0,0,0,0,0,0
1,1,530089,0,0,10,5,0,11,0,0,0,0
1,1,530090,0,0,0,0,0,0,0,0,0,0
2,1,530090,0,0,0,0,0,0,0,14,0,0
3,1,530090,0,0,0,0,0,0,0,0,0,0
0,1,530091,13,13,13,13,13,13,13,13,13,13
1,1,530091,0,0,0,0,0,0,0,15,0,0
0,1,530092,0,24,17,0,0,0,21,0,14,0
1,1,530092,0,0,0,0,0,0,0,0,0,0
1,1,530093,19,19,19,19,19,19,19,19,19,19
2,1,530093,0,0,0,0,0,0,0,0,0,0
1,1,530094,0,0,0,0,0,0,0,0,0,0
1,1,530095,31,31,31,31,31,31,31,31,31,31
1,1,530096,0,0,0,0,0,0,0,0,0,0
1,1,530097,0,0,0,0,0,0,0,0,0,0
2,1,530097,0,0,0,0,0,0,0,0,0,0
1,1,530098,0,0,0,0,0,0,0,0,0,0
2,1,530098,0,0,0,0,0,0,0,0,0,0
1,1,530099,0,0,0,0,0,0,0,0,0,0
2,1,530099,0,0,0,0,0,0,0,0,0,0
1,1,530100,0,0,0,0,0,0,0,0,0,0
1,1,530101,0,0,0,0,0,0,0,0,0,0
0,1,530102,27,27,27,27,27,27,27,27,27,27
1,1,530102,0,0,0,0,0,0,0,0,9,0
2,1,530102,0,0,0,0,0,0,0,0,8,0
1,1,530103,27,27,27,27,27,27,27,27,27,27
1,1,530104,0,0,0,0,0,0,0,0,0,0
2,1,530104,0,0,0,0,0,0,0,0,0,0
1,1,530105,17,17,17,17,17,17,17,17,17,17
1,1,530106,0,0,0,0,0,0,0,0,0,0
2,1,530106,0,0,0,0,0,0,0,0,0,0
0,1,530107,9,9,9,9,9,9,9,9,9,9
1,1,530107,0,0,0,0,24,0,0,0,0,0
1,1,530108,0,0,0,0,0,0,0,0,0,0
2,1,530108,0,0,0,0,0,0,0,0,0,0
1,1,530109,0,0,0,0,0,0,0,0,0,0
2,1,530109,0,0,0,0,0,0,0,0,0,0
3,1,530109,0,0,0,0,0,0,0,0,0,0
4,1,530109,0,0,0,0,0,0,0,0,0,13
1,1,530110,5,5,5,5,5,5,5,5,5,5
2,1,530110,0,0,0,0,0,0,0,0,0,0
0,1,530111,0,0,30,0,0,0,0,0,0,0
1,1,530111,0,5,0,0,0,0,0,11,0,3
0,1,530112,19,19,19,19,19,19,19,19,19,19
1,1,530112,0,0,0,0,0,0,0,0,0,0
1,1,530113,15,15,15,15,15,15,15,15,15,15
2,1,530113,0,0,0,6,0,13,0,0,0,0
1,1,530114,0,0,0,0,0,0,0,0,0,11
1,1,530115,0,0,0,0,0,0,0,0,0,0
2,1,530115,0,0,0,0,0,0,0,0,0,0
1,1,530116,18,18,18,18,18,18,18,18,18,18
2,1,530116,0,0,0,0,0,14,0,0,5,0
1,1,530117,26,26,26,26,26,26,26,26,26,26
1,1,530118,7,7,7,7,7,7,7,7,7,7
1,1,530119,4,4,4,4,4,4,4,4,4,4
2,1,530119,0,0,0,0,0,0,0,0,0,0
1,1,530120,2,2,2,2,2,2,2,2,2,2
2,1,530120,0,0,0,0,0,0,0,0,0,0
3,1,530120,0,0,0,0,0,0,0,0,0,0
1,1,530121,0,0,0,0,0,0,0,0,0,0
2,1,530121,0,0,0,0,0,0,0,0,0,0
1,1,530122,0,0,0,0,0,0,0,0,0,0
0,1,530123,11,11,11,11,11,11,11,11,11,11
1,1,530123,0,0,0,0,44,0,8,0,0,0
2,1,530123,28,0,9,0,0,0,0,0,0,0
1,1,530124,0,0,0,0,0,0,8,0,0,0
1,1,530125,0,0,0,0,0,0,0,0,0,0
0,1,530126,0,0,0,0,0,0,0,0,0,0
1,1,530126,0,0,0,0,0,0,0,0,0,0
1,1,530127,0,0,0,0,0,0,0,0,0,0
2,1,530127,0,0,0,0,0,0,0,14,0,0
1,1,530128,0,0,0,0,0,0,0,0,0,0
2,1,530128,0,0,0,0,0,0,0,0,0,0
0,1,530129,18,18,18,18,18,18,18,18,18,18
1,1,530129,0,9,0,0,0,0,0,0,0,0
1,1,530130,16,16,16,16,16,16,16,16,16,16
1,1,530131,0,0,0,0,0,0,0,0,0,0
2,1,530131,0,0,0,0,0,0,0,27,0,0
1,1,530132,0,0,0,0,0,0,0,0,0,0
1,1,530133,7,7,7,7,7,7,7,7,7,7
1,1,530134,0,0,0,0,0,0,0,0,0,0
1,1,530135,0,0,0,0,0,0,0,0,0,0
2,1,530135,17,0,0,0,0,0,0,0,0,0
1,1,530136,0,0,0,0,0,0,0,0,0,0
2,1,530136,0,0,0,0,0,0,0,0,0,0
1,1,530137,0,0,0,0,0,0,0,0,0,0
2,1,530137,0,0,0,0,0,0,0,0,0,0
1,1,530138,0,0,0,0,0,0,0,0,0,0
2,1,530138,0,0,0,0,0,0,0,0,0,0
0,1,530139,0,0,0,0,0,0,0,0,0,0
1,1,530139,0,0,0,0,0,0,0,0,0,0
1,1,530140,0,0,0,0,0,0,0,0,0,0
2,1,530140,0,0,0,0,0,0,0,0,0,0
3,1,530140,0,0,0,0,0,0,0,0,0,0
0,1,530141,0,0,0,0,0,0,0,0,0,0
1,1,530141,0,0,0,0,0,0,0,0,0,0
1,1,530142,0,0,0,0,0,0,0,0,0,0
2,1,530142,0,0,0,0,0,0,0,0,0,0
1,1,530143,8,8,8,8,8,8,8,8,8,8
2,1,530143,0,0,0,0,0,0,0,11,0,0
1,1,530144,21,21,21,21,21,21,21,21,21,21
2,1,530144,0,0,0,0,0,0,0,0,0,0
1,1,530145,22,22,22,22,22,22,22,22,22,22
1,1,530146,0,0,0,0,0,0,0,0,0,0
1,1,530147,24,24,24,24,24,24,24,24,24,24
2,1,530147,0,0,0,0,0,0,0,0,0,0
1,1,530148,0,0,0,0,0,0,0,0,0,0
2,1,530148,0,0,0,0,0,0,0,0,0,0
3,1,530148,0,0,0,0,0,0,0,0,0,0
1,1,530149,0,0,0,0,0,0,0,0,0,0
2,1,530149,0,0,0,0,0,0,13,0,0,0
0,1,530150,17,17,17,17,17,17,17,17,17,17
1,1,530150,0,10,0,14,0,13,7,0,0,6
1,1,530151,9,9,9,9,9,9,9,9,9,9
1,1,530152,16,16,16,16,16,16,16,16,16,16
1,1,530153,25,25,25,25,25,25,25,25,25,25
1,1,530154,20,20,20,20,20,20,20,20,20,20
1,1,530155,0,0,0,0,0,0,0,0,0,0
2,1,530155,0,0,0,0,0,0,0,0,0,0
1,1,530156,18,18,18,18,18,18,18,18,18,18
1,1,530157,0,0,0,0,0,0,0,0,0,0
2,1,530157,0,0,0,0,0,0,0,0,0,0
1,1,530158,9,9,9,9,9,9,9,9,9,9
2,1,530158,3,3,3,3,3,3,3,3,3,3
0,1,530160,16,16,16,16,16,16,16,16,16,16
1,1,530160,0,0,0,0,0,0,0,0,0,0
1,1,530161,0,0,0,0,0,0,0,0,0,0
2,1,530161,0,0,0,0,0,0,0,0,0,0
1,1,530162,0,0,0,0,0,0,0,0,0,0
2,1,530162,0,0,0,0,0,0,0,0,0,0
1,1,530163,12,12,12,12,12,12,12,12,12,12
2,1,530163,0,0,0,0,0,0,0,0,0,0
1,1,530164,12,12,12,12,12,12,12,12,12,12
1,1,530165,0,0,0,0,0,0,0,0,0,0
1,1,530166,23,23,23,23,23,23,23,23,23,23
0,1,530167,0,0,0,0,0,0,0,0,0,0
1,1,530167,0,0,0,0,0,0,0,0,0,0
1,1,530168,20,20,20,20,20,20,20,20,20,20
2,1,530168,0,0,0,0,0,0,0,0,0,0
1,1,530169,0,0,0,0,0,0,0,0,0,0
1,1,530170,0,0,0,0,0,0,0,0,0,0
2,1,530170,14,14,14,14,14,14,14,14,14,14
1,1,530171,15,15,15,15,15,15,15,15,15,15
0,1,530172,8,8,8,8,8,8,8,8,8,8
0,2,530172,0,0,0,0,5,18,0,0,21,0
1,1,530172,12,12,12,12,12,12,12,12,12,12
1,1,530173,20,20,20,20,20,20,20,20,20,20
1,1,530174,23,23,23,23,23,23,23,23,23,23
1,1,530175,0,0,0,0,0,0,0,0,0,0
0,1,530176,33,33,33,33,33,33,33,33,33,33
1,1,530176,24,24,24,24,24,24,24,24,24,24
1,1,530177,22,22,22,22,22,22,22,22,22,22
2,1,530177,0,0,0,0,0,0,0,0,0,0
1,1,530178,0,0,0,0,0,0,0,0,0,0
2,1,530178,0,0,0,0,0,0,0,0,0,0
1,1,530179,0,0,0,0,0,0,0,0,0,0
1,1,530180,18,18,18,18,18,18,18,18,18,18
1,1,530181,18,18,18,18,18,18,18,18,18,18
1,1,530182,16,16,16,16,16,16,16,16,16,16
0,1,530183,21,21,21,21,21,21,21,21,21,21
1,1,530183,0,0,0,0,14,0,10,0,0,0
1,1,530184,15,15,15,15,15,15,15,15,15,15
1,1,530185,27,27,27,27,27,27,27,27,27,27
1,1,530186,36,36,36,36,36,36,36,36,36,36
1,1,530187,0,0,0,0,0,0,0,0,0,0
2,1,530187,0,0,0,0,0,0,0,0,0,0
1,1,530188,0,0,0,0,0,0,0,0,0,0
2,1,530188,0,0,0,0,0,0,0,0,0,0
1,1,530189,0,0,0,0,0,0,0,0,0,0
1,1,530190,0,0,0,0,0,0,0,0,0,0
2,1,530190,0,0,3,0,0,0,10,0,0,0
1,1,530191,0,0,0,0,0,0,0,0,0,0
1,1,530192,0,0,0,0,0,0,0,0,0,0
1,1,530193,5,5,5,5,5,5,5,5,5,5
1,1,530194,0,0,0,0,0,0,0,0,0,0
2,1,530194,0,0,0,0,0,0,0,0,0,0
3,1,530194,0,0,0,0,0,0,0,0,0,0
1,1,530195,15,15,15,15,15,15,15,15,15,15
1,1,530196,8,8,8,8,8,8,8,8,8,8
1,1,530197,5,5,5,5,5,5,5,5,5,5
1,1,530198,13,13,13,13,13,13,13,13,13,13
2,1,530198,0,0,0,0,0,0,0,0,0,0
1,1,530200,24,24,24,24,24,24,24,24,24,24
1,1,530201,0,0,0,0,0,0,0,0,0,0
2,1,530201,0,0,0,0,0,0,0,0,0,0
2,1,530202,0,0,0,0,0,0,0,0,0,0
1,1,530203,0,0,0,0,0,0,0,0,0,0
1,1,530204,0,0,0,0,0,0,0,0,0,0
1,1,530205,0,0,0,0,0,0,0,0,0,0
2,1,530205,0,0,0,0,0,0,0,0,0,0
1,1,530206,19,19,19,19,19,19,19,19,19,19
1,1,530207,0,0,0,0,0,0,0,0,0,0
2,1,530207,0,0,0,0,0,0,0,0,0,0
1,1,530208,12,12,12,12,12,12,12,12,12,12
1,1,530209,0,0,0,0,0,0,0,0,0,0
2,1,530209,0,0,0,0,0,0,0,0,0,0
1,1,530210,18,18,18,18,18,18,18,18,18,18
1,1,530212,0,0,0,0,0,0,0,0,0,0
2,1,530212,0,0,0,0,0,0,0,0,0,0
1,1,530213,3,3,3,3,3,3,3,3,3,3
0,1,530214,21,21,21,21,21,21,21,21,21,21
1,1,530214,9,9,9,9,9,9,9,9,9,9
0,1,530215,0,0,0,0,0,0,0,0,0,0
0,2,530215,0,28,0,0,0,12,0,14,0,0
1,1,530215,0,0,0,0,0,0,0,0,0,0
1,1,530216,15,15,15,15,15,15,15,15,15,15
1,1,530217,4,4,4,4,4,4,4,4,4,4
2,1,530217,0,0,0,0,0,0,0,0,0,0
0,1,530218,0,0,0,0,0,0,0,0,0,0
1,1,530218,0,0,0,0,0,0,0,0,0,0
1,1,530219,0,0,0,0,0,0,0,0,0,0
1,1,530220,0,0,0,0,0,0,0,0,0,0
2,1,530220,0,0,0,0,0,0,0,0,0,0
1,1,530221,15,15,15,15,15,15,15,15,15,15
1,1,530223,0,0,0,0,0,0,0,0,0,0
2,1,530223,0,0,0,0,0,0,0,0,0,0
1,1,530224,21,21,21,21,21,21,21,21,21,21
2,1,530224,0,0,0,0,0,0,0,0,0,0
0,1,530225,5,5,5,5,5,5,5,5,5,5
1,1,530225,0,0,0,0,0,0,0,0,0,0
0,1,530226,0,0,0,0,0,0,0,0,0,0
1,1,530226,0,0,0,0,0,0,0,0,0,0
1,1,530227,20,20,20,20,20,20,20,20,20,20
1,1,530228,17,17,17,17,17,17,17,17,17,17