VEH_NO,PER_NO,ST_CASE,P1,P2,P3,P4,P5,P6,P7,P8,P9,P10
2,1,550384,0,0,0,0,0,0,0,0,0,0
1,1,550385,0,17,17,28,13,0,0,9,35,0
0,1,550386,0,0,0,0,0,0,0,0,0,0
1,1,550386,0,0,0,0,0,0,0,0,0,0
1,1,550387,16,16,16,16,16,16,16,16,16,16
1,1,550388,0,0,0,0,0,0,0,0,0,0
2,1,550388,0,0,0,0,0,0,0,0,0,0
1,1,550389,0,0,0,0,0,0,0,0,0,0
1,1,550390,0,0,0,0,0,0,0,0,0,0
1,1,550391,33,33,33,33,33,33,33,33,33,33
1,1,550392,0,0,0,0,0,0,0,0,0,0
1,1,550393,0,0,0,0,0,0,0,0,0,0
1,1,550394,0,0,0,0,0,0,0,0,0,0
2,1,550394,0,0,0,0,0,0,0,0,5,0
1,1,550395,19,19,19,19,19,19,19,19,19,19
1,1,550396,12,12,12,12,12,12,12,12,12,12
1,1,550397,0,0,0,0,0,0,0,0,0,0
2,1,550397,0,0,0,0,0,0,0,0,0,0
1,1,550398,9,9,9,9,9,9,9,9,9,9
1,1,550399,23,23,23,23,23,23,23,23,23,23
1,1,550400,0,0,0,0,0,0,0,0,0,0
1,1,550401,12,12,12,12,12,12,12,12,12,12
1,1,550402,0,0,0,0,0,0,0,0,0,0
1,1,550403,34,34,34,34,34,34,34,34,34,34
1,1,550404,14,14,14,14,14,14,14,14,14,14
1,1,550405,10,10,10,10,10,10,10,10,10,10
2,1,550405,0,0,0,0,0,0,0,0,0,0
3,1,550405,0,0,0,0,0,0,0,0,0,0
0,1,550406,4,4,4,4,4,4,4,4,4,4
1,1,550406,21,21,21,21,21,21,21,21,21,21
1,1,550407,0,0,0,0,0,0,0,0,0,0
2,1,550407,0,0,0,0,0,0,0,0,0,0
0,1,550408,0,0,19,0,0,0,11,0,0,0
1,1,550408,0,0,0,0,0,0,0,0,0,0
1,1,550409,0,0,0,0,0,0,0,0,0,0
2,1,550409,0,0,0,0,0,0,0,0,0,0
1,1,550410,0,0,0,0,0,0,0,0,0,0
2,1,550410,0,0,0,0,0,0,0,0,0,0
1,1,550411,0,0,0,0,0,0,0,0,0,0
2,1,550411,0,0,0,0,0,0,0,0,0,0
1,1,550412,0,0,0,0,0,0,0,0,0,0
2,1,550412,0,0,0,0,0,0,0,0,0,0
3,1,550412,0,0,0,0,0,0,0,0,0,0
1,1,550413,4,4,4,4,4,4,4,4,4,4
1,1,550414,0,0,0,0,0,0,0,0,0,0
2,1,550414,0,0,0,0,0,0,0,0,0,0
3,1,550414,0,0,0,0,0,0,0,0,0,0
4,1,550414,0,0,0,0,0,0,0,0,0,0
5,1,550414,0,0,0,0,0,0,0,0,0,0
1,1,550415,14,14,14,14,14,14,14,14,14,14
0,1,550416,0,0,0,0,0,0,0,0,0,0
1,1,550416,0,0,0,0,0,0,0,0,0,0
1,1,550417,22,22,22,22,22,22,22,22,22,22
1,1,550418,0,0,11,0,0,0,0,0,0,0
1,1,550419,0,0,0,0,0,0,0,0,0,0
1,1,550420,32,32,32,32,32,32,32,32,32,32
1,1,550421,8,8,8,8,8,8,8,8,8,8
1,1,550422,25,25,25,25,25,25,25,25,25,25
1,1,550423,24,24,24,24,24,24,24,24,24,24
1,1,550424,0,0,0,0,0,0,0,0,0,0
1,1,550425,19,19,19,19,19,19,19,19,19,19
1,1,550426,0,0,0,0,12,0,29,10,17,0
1,1,550427,16,7,25,24,10,12,29,26,14,25
1,1,550428,9,9,9,9,9,9,9,9,9,9
1,1,550429,20,20,20,20,20,20,20,20,20,20
1,1,550430,20,20,20,20,20,20,20,20,20,20
1,1,550431,15,15,15,15,15,15,15,15,15,15
1,1,550432,0,0,0,0,0,0,0,0,0,0
1,1,550433,0,0,0,0,0,0,0,0,0,0
0,1,550434,0,0,0,0,0,0,0,0,0,0
1,1,550434,0,0,0,0,0,0,0,0,0,0
0,1,550435,0,0,0,0,0,0,0,0,0,0
1,1,550435,0,0,0,0,0,0,0,0,0,0
0,1,550436,4,4,4,4,4,4,4,4,4,4
1,1,550436,0,0,0,0,0,0,0,0,0,0
1,1,550437,0,0,0,0,0,0,0,0,0,0
1,1,550438,19,19,19,19,19,19,19,19,19,19
1,1,550439,0,0,0,0,0,0,0,0,0,0
2,1,550439,0,0,0,0,0,0,0,0,0,0
0,1,550440,0,0,0,0,0,0,12,0,0,7
1,1,550440,0,0,0,0,0,0,0,0,0,0
1,1,550441,0,0,0,0,0,0,0,0,0,0
2,1,550441,0,0,0,0,0,0,0,0,0,0
1,1,550442,0,0,0,0,0,0,0,0,0,0
2,1,550442,0,0,0,0,0,0,0,0,0,0
1,1,550443,0,0,0,0,0,0,0,0,0,0
2,1,550443,0,0,0,0,0,0,0,0,0,0
1,1,550444,27,27,27,27,27,27,27,27,27,27
2,1,550444,0,0,0,0,0,0,0,0,0,0
1,1,550445,0,0,0,0,0,0,0,0,0,0
2,1,550445,0,0,0,0,0,0,0,0,0,0
1,1,550446,0,0,0,0,0,0,0,0,0,0
2,1,550446,0,0,0,0,0,0,0,0,0,0
1,1,550447,0,0,0,0,0,0,0,0,0,0
1,1,550448,16,16,16,16,16,16,16,16,16,16
0,1,550449,0,0,0,0,0,0,0,0,0,0
1,1,550449,0,0,0,0,0,0,19,0,0,0
1,1,550450,0,0,0,0,0,0,0,0,0,0
2,1,550450,0,0,0,0,0,0,0,0,0,0
1,1,550451,18,18,18,18,18,18,18,18,18,18
2,1,550451,0,0,0,0,0,0,0,0,0,0
1,1,550452,0,0,0,0,0,0,0,0,0,0
2,1,550452,0,0,0,0,0,0,0,0,0,0
1,1,550453,0,0,0,0,0,0,0,0,0,0
2,1,550453,0,0,0,0,0,0,0,0,0,0
3,1,550453,0,0,0,0,0,0,0,0,7,0
1,1,550454,0,0,0,0,0,0,0,0,0,0
2,1,550454,0,0,0,0,0,0,0,0,0,0
1,1,550455,0,0,0,0,0,0,0,0,0,0
2,1,550455,0,0,0,0,0,0,0,0,0,0
3,1,550455,0,0,0,0,0,0,0,0,0,0
0,1,550456,0,0,0,0,0,0,0,0,0,0
1,1,550456,25,0,0,0,16,23,0,0,0,0
1,1,550457,0,0,0,0,0,0,0,0,0,0
2,1,550457,0,0,0,0,0,0,0,0,0,0
1,1,550458,31,31,31,31,31,31,31,31,31,31
1,1,550459,0,0,0,0,0,0,0,0,0,0
2,1,550459,0,0,0,0,0,0,0,0,0,0
3,1,550459,0,0,0,0,0,0,0,0,0,0
1,1,550460,15,15,15,15,15,15,15,15,15,15
2,1,550460,8,8,8,8,8,8,8,8,8,8
1,1,550461,18,18,18,18,18,18,18,18,18,18
1,1,550462,0,0,0,0,0,0,0,0,0,0
2,1,550462,0,0,0,0,0,0,0,0,0,0
3,1,550462,0,0,0,0,0,0,0,0,0,0
0,1,550463,24,24,24,24,24,24,24,24,24,24
1,1,550463,5,5,5,5,5,5,5,5,5,5
0,1,550464,10,10,10,10,10,10,10,10,10,10
1,1,550464,0,0,0,0,0,0,0,0,0,0
1,1,550465,0,0,0,0,0,0,0,0,0,0
1,1,550466,0,0,0,0,0,0,0,0,0,0
2,1,550466,0,0,0,0,0,0,0,0,0,0
1,1,550467,16,16,16,16,16,16,16,16,16,16
1,1,550468,21,21,21,21,21,21,21,21,21,21
1,1,550469,0,0,0,0,0,0,0,0,0,0
0,1,550470,0,0,0,0,0,0,0,0,0,0
1,1,550470,0,0,0,0,0,0,0,0,0,0
1,1,550471,0,0,0,0,0,0,0,0,0,0
2,1,550471,0,0,0,0,0,0,0,0,0,0
3,1,550471,0,0,0,0,0,0,0,0,0,0
1,1,550472,0,0,0,0,0,0,0,0,0,0
1,1,550473,30,30,30,30,30,30,30,30,30,30
1,1,550474,0,0,0,0,0,0,0,0,0,0
2,1,550474,0,0,0,0,0,0,0,0,0,0
1,1,550475,7,7,7,7,7,7,7,7,7,7
2,1,550475,0,0,0,0,0,0,0,0,0,0
1,1,550476,32,32,32,32,32,32,32,32,32,32
1,1,550477,0,0,0,0,0,0,0,0,0,0
2,1,550477,0,0,0,0,0,0,0,0,0,0
1,1,550478,23,23,23,23,23,23,23,23,23,23
1,1,550479,0,0,0,0,0,0,0,0,0,0
1,1,550480,25,25,25,25,25,25,25,25,25,25
1,1,550481,0,0,0,0,0,0,0,0,0,0
1,1,550482,0,0,0,0,0,0,0,0,0,0
1,1,550483,18,18,18,18,18,18,18,18,18,18
1,1,550484,0,0,0,0,0,0,0,0,0,0
2,1,550484,0,0,0,0,0,0,0,0,0,0
1,1,550485,0,0,0,0,0,0,0,0,0,0
1,1,550486,0,0,0,0,0,0,0,0,0,0
2,1,550486,0,0,0,0,0,0,0,0,0,0
1,1,550487,0,0,0,0,0,0,0,0,0,0
2,1,550487,0,0,0,0,0,0,0,0,14,0
3,1,550487,0,0,0,0,0,0,0,0,0,0
0,1,550488,0,0,0,0,0,0,0,0,0,0
1,1,550488,0,0,0,0,0,0,0,0,0,0
1,1,550489,0,0,0,0,0,0,0,0,0,0
1,1,550490,0,15,0,0,0,0,0,11,0,0
1,1,550491,23,23,23,23,23,23,23,23,23,23
1,1,550492,0,0,0,0,0,0,0,0,0,0
2,1,550492,0,0,0,0,0,0,0,0,0,0
1,1,550493,0,0,0,0,0,0,0,0,0,0
2,1,550493,0,0,0,0,0,0,0,0,0,0
1,1,550494,0,0,0,0,0,0,0,0,0,0
2,1,550494,0,0,0,0,0,0,0,0,0,0
1,1,550495,0,0,0,0,0,0,0,0,0,0
2,1,550495,0,0,0,0,0,0,0,0,0,0
1,1,550496,0,0,0,0,0,0,0,0,0,0
2,1,550496,0,0,0,0,0,0,0,0,0,0
1,1,550497,28,28,28,28,28,28,28,28,28,28
2,1,550497,0,0,0,0,0,0,0,0,0,0
1,1,550498,6,6,6,6,6,6,6,6,6,6
2,1,550498,0,0,0,0,0,0,0,0,0,0
0,1,550499,32,32,32,32,32,32,32,32,32,32
1,1,550499,0,0,0,0,0,0,0,0,0,0
0,1,550500,27,27,27,27,27,27,27,27,27,27
1,1,550500,0,0,0,11,0,0,0,0,4,0
1,1,550501,26,26,26,26,26,26,26,26,26,26
1,1,550502,14,14,14,14,14,14,14,14,14,14
2,1,550502,0,0,0,0,0,0,0,0,0,0
0,1,550503,0,0,0,0,0,0,0,0,0,0
1,1,550503,0,0,0,0,0,0,0,0,0,0
1,1,550504,1,1,1,1,1,1,1,1,1,1
1,1,550505,32,32,32,32,32,32,32,32,32,32
2,1,550505,0,0,0,0,0,0,0,0,0,0
1,1,550506,10,10,10,10,10,10,10,10,10,10
2,1,550506,17,17,17,17,17,17,17,17,17,17
1,1,550507,21,21,21,21,21,21,21,21,21,21
1,1,550508,0,0,0,0,0,0,0,0,0,0
1,1,550509,0,0,0,0,0,0,0,0,0,0
1,1,550510,0,24,31,0,0,0,0,0,11,0
2,1,550510,0,0,11,0,0,0,0,0,0,0
1,1,550511,15,15,15,15,15,15,15,15,15,15
2,1,550511,0,0,0,0,0,0,0,0,0,0
1,1,550512,2,2,2,2,2,2,2,2,2,2
2,1,550512,0,0,0,0,0,0,0,0,0,0
1,1,550513,0,0,0,0,0,0,0,0,0,0
2,1,550513,0,0,0,0,0,0,0,0,0,0
1,1,550514,0,0,0,0,0,0,0,0,0,0
1,1,550515,0,0,0,0,0,0,0,0,0,0
2,1,550515,0,0,0,0,0,0,0,0,0,0
3,1,550515,0,0,0,0,0,0,14,0,0,0
4,1,550515,0,0,0,0,0,0,0,0,0,0
1,1,550516,0,0,0,0,0,0,0,0,0,0
2,1,550516,0,0,0,0,0,0,0,0,0,0
1,1,550517,0,0,0,0,0,0,0,0,0,0
2,1,550517,0,0,0,0,0,0,0,0,0,0
1,1,550518,0,0,0,0,0,0,0,0,0,0
2,1,550518,0,0,0,0,0,0,0,0,0,0
1,1,550519,0,0,0,0,0,0,0,0,0,0
2,1,550519,0,0,0,0,0,0,0,0,0,0
1,1,550520,0,0,0,0,0,0,0,0,0,0
2,1,550520,0,0,0,0,0,0,0,0,0,0
1,1,550521,0,0,0,0,0,0,0,0,0,0
2,1,550521,0,0,0,0,0,0,0,0,0,0
0,1,550522,0,0,0,0,0,0,0,0,0,0
1,1,550522,17,0,0,0,15,0,0,0,6,5
1,1,550523,0,0,0,0,0,0,0,0,0,0
1,1,550524,0,0,0,0,0,0,0,0,0,0
2,1,550524,0,0,0,0,0,0,0,0,0,0
1,1,550525,0,0,0,0,0,0,0,0,0,0
2,1,550525,0,0,0,0,0,0,0,0,0,0
1,1,550526,0,0,0,0,0,0,0,0,0,0
2,1,550526,0,0,0,0,0,0,0,0,20,0
1,1,550527,0,0,0,0,0,0,0,0,0,0
2,1,550527,0,0,0,0,0,0,0,0,0,0
0,1,550528,0,0,0,0,0,0,0,0,0,0
1,1,550528,0,0,0,0,0,0,0,0,0,0
1,1,550529,0,0,0,0,0,0,0,0,0,0
2,1,550529,0,0,0,0,0,0,0,0,0,0
1,1,550530,0,0,0,0,0,0,0,0,0,0
2,1,550530,0,0,0,0,0,0,0,0,0,0
3,1,550530,0,0,0,0,0,0,0,0,0,0
4,1,550530,0,0,0,0,0,0,0,0,0,0
5,1,550530,0,0,0,0,0,0,0,0,0,0
1,1,550531,0,0,0,0,0,0,0,0,0,0
1,1,550532,2,2,2,2,2,2,2,2,2,2
2,1,550532,0,0,0,0,0,0,0,0,0,0
0,1,550533,24,24,24,24,24,24,24,24,24,24
1,1,550533,24,24,24,24,24,24,24,24,24,24
1,1,550534,14,14,14,14,14,14,14,14,14,14
1,1,550535,0,0,0,0,0,0,0,0,0,0
2,1,550535,0,0,0,0,0,0,0,0,0,0
1,1,550536,0,0,0,0,0,0,0,0,0,0
2,1,550536,0,0,0,0,0,0,0,0,0,0
1,1,550537,0,0,0,0,0,0,0,0,0,0
2,1,550537,0,0,0,0,0,0,0,0,0,0
1,1,550538,22,22,22,22,22,22,22,22,22,22
2,1,550538,0,0,0,0,0,0,0,0,0,0
1,1,550539,19,0,0,0,0,0,0,0,0,0
2,1,550539,0,0,0,0,0,0,0,0,0,0
0,1,550540,0,0,0,0,0,0,0,0,0,0
1,1,550540,0,0,0,0,0,0,0,0,0,0
2,1,550540,0,0,0,0,0,0,0,0,0,0
1,1,550541,0,0,0,0,0,0,0,0,0,0
2,1,550541,0,0,0,0,0,0,0,0,0,0
0,1,550542,0,0,0,0,0,0,0,0,0,0
1,1,550542,0,0,0,0,0,0,0,0,0,0
1,1,550543,0,0,0,0,0,0,0,0,0,0
2,1,550543,0,0,0,0,0,0,0,0,0,0
3,1,550543,0,0,0,0,0,0,0,0,0,0
4,1,550543,0,0,0,0,0,0,0,0,0,0
5,1,550543,0,0,0,0,0,0,0,0,0,0
6,1,550543,0,0,0,0,0,0,0,0,0,0
7,1,550543,0,10,0,0,0,0,0,0,0,0
8,1,550543,0,0,0,0,0,0,0,0,0,0
9,1,550543,16,0,0,0,0,0,0,0,0,0
10,1,550543,0,0,0,0,0,0,0,0,0,0
11,1,550543,0,0,0,0,0,12,0,0,0,0
12,1,550543,0,0,0,0,0,0,0,0,0,0
13,1,550543,0,0,0,0,0,0,0,0,0,0
14,1,550543,0,0,0,0,0,0,0,0,0,0
15,1,550543,0,0,0,0,0,0,11,0,5,0
16,1,550543,0,0,0,0,0,0,0,0,0,0
17,1,550543,0,0,0,10,0,0,0,0,0,0
18,1,550543,0,0,0,0,11,10,0,0,0,0
19,1,550543,0,0,0,15,0,0,0,0,0,0
20,1,550543,0,0,0,0,0,0,0,0,0,0
21,1,550543,0,0,0,0,0,0,0,0,0,0
22,1,550543,0,0,0,0,0,0,0,0,0,0
1,1,550544,22,22,22,22,22,22,22,22,22,22
1,1,550545,32,16,0,9,10,25,16,29,20,39
1,1,550546,10,10,10,10,10,10,10,10,10,10
1,1,550547,10,10,10,10,10,10,10,10,10,10
1,1,550548,0,0,0,0,0,0,0,0,0,0
1,1,550549,1,1,1,1,1,1,1,1,1,1
1,1,550550,0,0,0,0,19,0,0,0,0,0
1,1,550551,20,20,20,20,20,20,20,20,20,20
1,1,550552,27,27,27,27,27,27,27,27,27,27
1,1,550553,0,0,0,0,0,0,0,0,0,0
1,1,550554,0,0,0,0,0,0,0,0,0,0
2,1,550554,0,0,0,0,0,0,0,0,0,0
0,1,550555,0,0,0,0,0,0,0,0,0,0
1,1,550555,0,0,0,0,0,0,0,0,0,0
1,1,550556,0,0,0,0,0,0,0,0,0,0
0,1,550557,0,0,0,0,0,0,0,0,0,0
1,1,550557,0,0,0,0,0,0,0,0,0,0
1,1,550558,0,0,0,0,0,0,0,0,0,0
1,1,550559,0,0,0,0,0,0,0,0,0,0
0,1,550560,8,0,0,0,0,0,0,0,0,0
1,1,550560,0,0,0,0,0,0,0,0,0,0
1,1,550561,0,18,0,0,0,0,0,0,0,11
1,1,560001,14,14,14,14,14,14,14,14,14,14
1,1,560002,22,22,22,22,22,22,22,22,22,22
2,1,560002,0,0,0,0,0,0,0,0,0,0
1,1,560003,0,0,0,0,0,0,0,0,0,0
1,1,560004,19,19,19,19,19,19,19,19,19,19
0,1,560005,15,15,15,15,15,15,15,15,15,15
1,1,560005,0,0,0,0,0,0,0,0,0,0
1,1,560006,9,9,9,9,9,9,9,9,9,9
2,1,560006,0,0,0,0,0,0,0,0,0,0
3,1,560006,0,0,0,0,0,0,0,0,7,0
1,1,560007,0,0,0,0,0,0,0,0,0,0
2,1,560007,0,0,0,0,0,0,0,0,0,0
0,1,560008,0,0,0,0,0,0,0,8,0,0
1,1,560008,6,6,6,6,6,6,6,6,6,6
1,1,560009,28,28,28,28,28,28,28,28,28,28
1,1,560010,17,17,17,17,17,17,17,17,17,17
2,1,560010,0,0,0,0,0,0,0,0,0,0
1,1,560011,16,16,16,16,16,16,16,16,16,16
2,1,560011,0,0,0,0,0,0,0,0,0,0
1,1,560012,0,0,0,0,0,0,0,0,0,0
2,1,560012,0,0,0,0,0,0,0,22,0,0
1,1,560013,0,0,0,0,0,0,0,0,0,0
2,1,560013,0,0,0,0,0,0,0,0,0,0
1,1,560014,24,24,24,24,24,24,24,24,24,24
1,1,560015,29,29,29,29,29,29,29,29,29,29
2,1,560015,0,0,0,0,0,0,0,0,0,0
1,1,560016,14,14,14,14,14,14,14,14,14,14
1,1,560017,5,5,5,5,5,5,5,5,5,5
2,1,560017,0,0,0,0,0,0,0,0,0,0
1,1,560018,0,0,0,0,0,0,0,0,0,0
1,1,560019,0,0,21,0,0,0,0,0,0,0
1,1,560020,27,27,27,27,27,27,27,27,27,27
1,1,560021,0,0,0,0,0,0,0,0,0,0
2,1,560021,0,0,0,0,0,0,0,0,0,0
1,1,560022,0,0,0,0,0,0,0,0,0,0
2,1,560022,0,0,0,0,0,0,0,0,0,0
1,1,560023,0,0,0,0,0,0,0,0,0,0
1,1,560024,22,22,22,22,22,22,22,22,22,22
2,1,560024,0,0,0,0,0,0,0,0,0,0
1,1,560025,30,30,30,30,30,30,30,30,30,30
1,1,560026,6,6,6,6,6,6,6,6,6,6
1,1,560027,0,0,0,0,0,0,0,0,0,0
2,1,560027,0,0,0,0,0,0,0,0,0,0
1,1,560028,13,0,0,18,9,22,11,40,9,16
1,1,560029,0,0,0,0,0,0,0,0,0,0
2,1,560029,0,0,0,0,0,0,0,0,0,0
1,1,560030,17,17,17,17,17,17,17,17,17,17
1,1,560031,0,13,6,0,0,7,19,24,0,8
0,1,560032,19,19,19,19,19,19,19,19,19,19
1,1,560032,12,12,12,12,12,12,12,12,12,12
1,1,560033,18,18,18,18,18,18,18,18,18,18
1,1,560034,12,12,12,12,12,12,12,12,12,12
1,1,560035,0,0,0,0,0,0,0,0,0,0
2,1,560035,0,0,0,0,0,0,0,0,0,0
1,1,560036,0,0,0,0,0,0,0,0,0,0
1,1,560037,27,27,27,27,27,27,27,27,27,27
1,1,560038,23,23,23,23,23,23,23,23,23,23
1,1,560039,0,0,0,0,0,0,0,0,0,0
1,1,560040,0,2,0,0,0,0,0,0,0,4
2,1,560040,0,10,0,0,0,0,0,0,0,0
1,1,560041,0,0,0,0,0,0,0,0,0,0
1,1,560042,0,0,0,0,0,0,0,0,0,0
2,1,560042,0,0,0,0,0,0,0,0,0,0
1,1,560043,0,0,0,0,14,0,0,0,0,0
1,1,560044,0,4,0,0,0,0,0,0,0,0
2,1,560044,0,0,0,0,0,0,0,0,0,0
1,1,560045,30,30,30,30,30,30,30,30,30,30
2,1,560045,0,0,0,0,0,0,0,0,0,14
1,1,560046,0,0,0,0,0,0,0,0,0,0
1,1,560047,0,0,0,0,0,0,0,0,0,0
2,1,560047,0,0,0,0,0,0,0,0,0,0
1,1,560048,0,0,0,0,0,0,0,0,0,0
2,1,560048,0,0,0,0,0,0,0,0,0,0
1,1,560049,33,33,33,33,33,33,33,33,33,33
1,1,560050,0,0,0,0,0,0,0,0,0,0
1,1,560051,14,14,14,14,14,14,14,14,14,14
2,1,560051,0,0,0,0,0,0,0,0,0,0
1,1,560052,18,18,18,18,18,18,18,18,18,18
1,1,560053,0,0,0,0,0,0,0,0,0,0
1,1,560054,0,0,0,0,0,0,0,0,0,0
2,1,560054,0,0,0,0,0,0,0,0,0,0
1,1,560055,0,0,0,0,0,0,0,0,0,0
2,1,560055,0,0,0,0,0,0,0,0,0,0
1,1,560056,0,0,0,0,0,0,0,0,0,0
1,1,560057,0,0,0,0,0,0,0,0,0,0
1,1,560058,0,0,0,0,0,0,0,0,0,0
2,1,560058,0,0,0,0,0,0,0,0,0,0
0,1,560059,0,0,0,0,0,0,0,0,0,0
1,1,560059,0,0,0,0,0,0,0,0,0,0
1,1,560060,0,0,0,0,0,0,0,0,0,0
2,1,560060,0,0,0,0,0,0,0,0,0,0
1,1,560061,0,0,0,0,0,0,0,0,0,0
1,1,560062,0,0,0,0,0,0,0,0,0,0
1,1,560063,0,0,0,0,0,0,0,0,0,0
2,1,560063,0,0,0,0,0,0,0,0,0,0
1,1,560064,0,0,0,0,0,20,0,0,0,0
1,1,560065,20,20,20,20,20,20,20,20,20,20
1,1,560066,0,0,0,0,0,0,0,0,0,0
2,1,560066,0,0,0,0,0,0,0,0,0,0
1,1,560067,0,0,0,0,0,0,0,0,0,0
2,1,560067,0,0,0,0,0,0,0,0,0,0
1,1,560068,14,14,14,14,14,14,14,14,14,14
1,1,560069,0,0,0,0,0,0,0,0,0,0
1,1,560070,21,21,21,21,21,21,21,21,21,21
1,1,560071,0,0,0,0,0,0,0,0,0,0
1,1,560072,11,0,15,17,7,26,6,4,0,0
1,1,560073,6,4,17,0,0,12,16,0,31,13
1,1,560074,0,0,0,0,0,0,0,0,0,0
2,1,560074,0,0,0,0,0,0,0,0,0,0
1,1,560075,0,0,0,0,0,0,0,0,0,0
1,1,560076,0,0,0,0,0,0,0,0,0,0
1,1,560077,16,16,16,16,16,16,16,16,16,16
1,1,560078,0,0,0,0,0,0,0,0,0,0
1,1,560079,0,0,0,0,0,0,0,0,0,0
1,1,560080,0,0,0,0,0,0,0,0,0,0
2,1,560080,0,0,0,0,0,0,0,0,0,0
1,1,560081,22,22,22,22,22,22,22,22,22,22
1,1,560082,19,19,19,19,19,19,19,19,19,19
1,1,560083,16,16,16,16,16,16,16,16,16,16
1,1,560084,0,0,0,0,0,0,0,0,0,0
2,1,560084,0,0,0,0,0,0,0,0,0,0
1,1,560085,0,0,0,0,0,0,0,0,0,21
1,1,560086,0,0,0,0,0,0,0,0,0,0
1,1,560087,0,0,0,0,0,0,0,0,0,0
1,1,560088,16,10,0,16,0,0,0,0,0,0
2,1,560088,0,0,0,0,0,0,0,0,0,0
1,1,560089,0,0,0,0,0,0,0,0,0,0
1,1,560090,0,0,0,0,0,0,0,0,0,0
1,1,560091,15,15,15,15,15,15,15,15,15,15
1,1,560092,0,0,0,0,0,0,0,0,0,0
2,1,560092,0,0,0,0,0,0,0,0,0,0
1,1,560093,0,0,0,0,0,0,0,0,0,0
1,1,560094,10,10,10,10,10,10,10,10,10,10
1,1,560095,0,0,0,0,0,0,0,0,0,0
2,1,560095,0,4,0,0,0,0,3,0,0,0
1,1,560096,19,19,19,19,19,19,19,19,19,19
1,1,560097,17,17,17,17,17,17,17,17,17,17
1,1,560098,12,12,12,12,12,12,12,12,12,12
0,1,560099,19,19,19,19,19,19,19,19,19,19
1,1,560099,0,0,0,0,0,0,0,0,0,0
1,1,560100,0,0,0,0,0,0,0,0,0,0
1,1,560101,16,16,16,16,16,16,16,16,16,16
1,1,560102,0,0,0,0,0,0,0,0,0,0
1,1,560103,0,0,0,0,0,0,0,0,0,0
2,1,560103,0,0,0,0,0,0,0,0,0,0
1,1,560104,0,0,0,0,0,0,0,0,0,0
2,1,560104,0,14,0,0,0,0,0,0,0,0
1,1,560105,0,0,0,0,0,0,0,0,0,0
2,1,560105,0,0,0,0,0,0,0,0,0,0
1,1,560106,0,0,0,0,0,0,0,0,0,0
1,1,560107,21,21,21,21,21,21,21,21,21,21
2,1,560107,0,0,0,0,14,0,0,0,0,0
1,1,560108,0,0,0,0,0,0,0,0,0,0
1,1,560109,19,19,19,19,19,19,19,19,19,19
1,1,560110,0,10,0,0,0,0,0,0,0,0
2,1,560110,0,0,0,0,0,0,0,0,0,0
1,1,560111,0,0,0,0,0,0,0,0,0,0
2,1,560111,0,0,0,0,0,0,0,0,0,0
1,1,560112,0,14,0,0,0,0,0,0,0,0
1,1,560113,20,20,20,20,20,20,20,20,20,20
1,1,560114,11,11,11,11,11,11,11,11,11,11
2,1,560114,0,5,0,0,0,0,11,0,0,0
1,1,560115,0,0,0,0,0,0,0,0,0,0
2,1,560115,0,0,0,0,0,0,0,0,0,0
1,1,560116,35,35,35,35,35,35,35,35,35,35
1,1,560117,0,0,0,0,0,0,0,0,0,0
1,1,560118,0,0,0,0,0,0,0,0,0,0
2,1,560118,0,0,0,0,0,0,0,0,0,0
1,1,560119,12,12,12,12,12,12,12,12,12,12
1,1,560120,0,0,0,0,0,0,0,0,0,0
1,1,560121,6,6,6,6,6,6,6,6,6,6
1,1,560122,14,14,14,14,14,14,14,14,14,14
1,1,560123,0,0,0,0,0,0,0,0,0,0
2,1,560123,0,0,0,0,0,0,0,0,0,0
0,1,560124,0,0,0,0,0,0,0,0,0,0
1,1,560124,0,0,0,0,0,0,0,0,4,0
1,1,560125,0,0,0,0,0,0,0,0,0,0
2,1,560125,0,0,0,0,0,0,0,0,0,0
1,1,560126,0,26,0,0,0,0,0,0,0,0
1,1,560127,0,0,0,0,0,0,0,0,0,0
1,1,560128,18,18,18,18,18,18,18,18,18,18
1,1,560129,19,19,19,19,19,19,19,19,19,19
0,1,560130,16,16,16,16,16,16,16,16,16,16
1,1,560130,0,0,0,0,0,0,0,0,0,0
1,1,560131,0,0,0,0,0,0,0,0,0,0
1,1,560132,0,0,0,0,0,0,0,10,0,0
0,1,560133,29,29,29,29,29,29,29,29,29,29
1,1,560133,13,13,13,13,13,13,13,13,13,13
1,1,560134,13,13,13,13,13,13,13,13,13,13
1,1,560135,0,0,0,0,0,0,0,0,0,0
1,1,560136,26,26,26,26,26,26,26,26,26,26
1,1,560137,19,19,19,19,19,19,19,19,19,19
1,1,560138,0,0,0,0,0,0,0,0,0,0
1,1,560139,27,27,27,27,27,27,27,27,27,27
2,1,560139,0,0,0,0,0,0,0,0,0,0