VEH_NO,PER_NO,ST_CASE,P1,P2,P3,P4,P5,P6,P7,P8,P9,P10
1,1,60001,26,26,26,26,26,26,26,26,26,26
1,1,60002,0,0,0,0,0,0,0,0,0,0
1,1,60003,0,0,0,0,0,0,0,0,0,0
1,1,60004,0,0,0,0,0,0,0,0,0,6
1,1,60005,0,0,0,0,0,0,0,0,0,0
1,1,60006,0,0,0,0,0,0,0,0,0,0
1,1,60007,34,34,34,34,34,34,34,34,34,34
1,1,60008,0,0,0,0,0,0,0,0,0,0
1,1,60009,31,31,31,31,31,31,31,31,31,31
1,1,60010,0,0,0,0,0,0,0,0,0,0
1,1,60011,0,0,0,0,0,0,0,0,0,0
1,1,60012,21,21,21,21,21,21,21,21,21,21
1,1,60013,9,9,9,9,9,9,9,9,9,9
1,1,60014,18,18,18,18,18,18,18,18,18,18
1,1,60015,11,11,11,11,11,11,11,11,11,11
1,1,60016,0,0,0,0,0,0,0,0,0,0
1,1,60017,6,6,6,6,6,6,6,6,6,6
0,1,60018,0,0,0,0,0,0,0,0,0,0
1,1,60018,6,6,6,6,6,6,6,6,6,6
2,1,60018,0,0,0,0,3,20,0,0,0,0
1,1,60019,9,9,9,9,9,9,9,9,9,9
1,1,60020,0,0,0,0,0,0,0,0,0,0
1,1,60021,20,20,20,20,20,20,20,20,20,20
1,1,60022,0,0,0,0,0,0,0,0,0,0
1,1,60023,0,0,0,0,0,0,0,0,0,0
1,1,60024,0,0,0,0,0,0,0,0,0,0
1,1,60025,22,22,22,22,22,22,22,22,22,22
1,1,60026,0,0,0,0,0,0,0,0,0,0
1,1,60027,0,0,0,0,0,0,0,0,0,0
1,1,60028,2,2,2,2,2,2,2,2,2,2
2,1,60028,0,0,0,0,0,0,0,0,0,0
0,1,60029,0,0,0,0,0,0,0,0,0,0
1,1,60029,0,0,0,0,0,0,0,20,0,0
1,1,60030,0,0,0,0,0,0,0,0,0,0
2,1,60030,0,0,0,0,0,0,0,0,0,0
1,1,60031,0,0,0,0,0,0,0,0,0,0
2,1,60031,0,0,0,0,0,0,0,0,0,0
1,1,60032,0,0,0,0,0,0,0,0,0,0
1,1,60033,0,0,0,0,0,0,0,0,0,0
2,1,60033,0,0,0,0,0,0,0,0,0,0
3,1,60033,0,0,0,0,0,0,0,0,0,0
1,1,60034,0,0,0,0,0,0,0,0,0,0
1,1,60035,0,0,0,0,0,0,0,0,0,0
2,1,60035,19,19,19,19,19,19,19,19,19,19
1,1,60036,0,0,0,0,0,0,0,0,0,0
2,1,60036,0,0,0,0,0,0,0,0,0,0
1,1,60037,0,0,0,0,0,0,0,0,0,0
1,1,60038,0,0,0,0,0,0,0,0,0,0
2,1,60038,0,0,0,0,0,0,0,0,0,0
1,1,60039,0,0,0,0,0,0,0,0,0,0
2,1,60039,5,0,0,0,0,0,0,0,0,0
1,1,60040,16,0,0,0,0,0,3,0,0,0
2,1,60040,0,0,0,0,0,0,0,0,0,0
3,1,60040,0,0,12,0,0,0,0,0,0,0
1,1,60041,0,0,0,0,0,0,0,0,0,0
2,1,60041,0,0,0,0,0,0,0,0,0,0
3,1,60041,0,0,0,0,0,0,0,0,0,0
4,1,60041,0,0,0,0,0,0,0,0,0,0
5,1,60041,0,0,0,0,0,0,0,0,0,0
6,1,60041,0,0,0,0,0,9,0,0,0,4
1,1,60042,0,0,0,0,0,0,0,0,0,0
2,1,60042,0,0,0,0,0,0,0,0,0,5
1,1,60043,0,0,0,0,0,0,0,0,23,23
2,1,60043,0,0,0,0,0,0,0,0,0,0
1,1,60044,0,0,0,0,0,0,0,0,0,0
2,1,60044,0,0,0,0,0,0,0,0,0,0
0,1,60045,34,22,21,10,20,5,0,31,22,8
1,1,60045,0,0,0,0,0,0,0,0,0,0
1,1,60046,0,0,0,0,0,0,0,0,0,0
1,1,60047,0,0,0,0,0,0,0,0,0,0
0,1,60048,0,0,0,0,0,0,0,0,0,0
1,1,60048,0,0,0,0,0,0,0,0,0,0
0,1,60049,0,0,0,0,0,0,0,0,0,0
1,1,60049,0,0,0,0,0,0,0,0,0,0
0,1,60050,4,4,4,4,4,4,4,4,4,4
1,1,60050,0,0,0,0,0,0,0,0,0,0
0,1,60051,0,0,0,0,0,0,0,0,0,0
1,1,60051,0,0,0,0,0,0,0,0,0,0
0,1,60052,0,0,0,0,0,0,0,0,0,0
1,1,60052,7,0,0,6,8,0,0,0,7,7
0,1,60053,0,0,0,0,0,0,0,0,0,0
1,1,60053,0,0,0,0,0,0,0,0,0,0
1,1,60054,0,0,0,0,0,0,0,0,0,0
1,1,60055,13,13,13,13,13,13,13,13,13,13
1,1,60056,0,0,0,0,0,0,0,0,0,0
1,1,60057,12,12,12,12,12,12,12,12,12,12
1,1,60058,18,18,18,18,18,18,18,18,18,18
0,1,60059,0,0,0,0,0,0,0,0,0,0
1,1,60059,0,0,0,0,0,0,0,0,0,0
1,1,60060,16,16,16,16,16,16,16,16,16,16
0,1,60061,29,29,29,29,29,29,29,29,29,29
1,1,60061,0,0,0,0,0,0,0,0,0,0
1,1,60062,0,0,0,0,0,0,0,0,0,0
1,1,60063,20,20,20,20,20,20,20,20,20,20
1,1,60064,0,0,0,0,0,0,0,0,0,0
0,1,60065,0,0,0,0,0,0,0,0,0,0
1,1,60065,0,0,0,0,0,0,0,0,0,0
1,1,60066,0,0,0,0,0,0,0,0,0,0
1,1,60067,21,21,21,21,21,21,21,21,21,21
1,1,60068,0,0,0,0,0,0,0,0,0,0
0,1,60069,28,28,28,28,28,28,28,28,28,28
1,1,60069,0,0,0,0,0,0,0,0,0,0
1,1,60070,0,0,0,0,0,0,0,0,0,0
0,1,60071,46,46,46,46,46,46,46,46,46,46
1,1,60071,0,0,0,0,0,0,0,0,9,0
0,1,60072,32,32,32,32,32,32,32,32,32,32
1,1,60072,0,0,15,0,0,0,0,0,0,0
1,1,60073,0,0,0,0,0,0,0,0,0,0
1,1,60074,15,15,15,15,15,15,15,15,15,15
1,1,60075,39,39,39,39,39,39,39,39,39,39
0,1,60076,0,0,0,0,0,0,0,0,0,0
1,1,60076,0,0,0,0,0,0,0,0,0,0
1,1,60077,13,13,13,13,13,13,13,13,13,13
2,1,60077,0,7,0,0,0,0,0,0,0,0
0,1,60078,0,0,0,0,0,0,0,0,0,0
1,1,60078,0,0,0,0,0,0,0,0,0,0
1,1,60079,0,0,0,0,0,3,0,0,0,0
2,1,60079,0,0,0,0,0,0,0,0,0,0
0,1,60080,35,35,35,35,35,35,35,35,35,35
1,1,60080,0,0,0,0,0,0,0,0,0,0
0,1,60081,21,21,21,21,21,21,21,21,21,21
1,1,60081,0,0,0,0,18,0,0,0,0,0
0,1,60082,0,0,0,0,0,0,0,0,0,0
0,2,60082,0,0,0,0,0,0,0,0,0,0
1,1,60082,0,0,0,0,0,0,0,0,0,0
0,1,60083,9,9,9,9,9,9,9,9,9,9
1,1,60083,0,0,0,0,0,0,0,0,0,0
0,1,60084,21,8,20,13,11,18,29,18,23,23
1,1,60084,0,0,0,0,0,0,0,0,0,0
0,1,60085,23,23,23,23,23,23,23,23,23,23
1,1,60085,0,0,0,0,0,0,0,0,0,0
0,1,60086,5,5,5,5,5,5,5,5,5,5
1,1,60086,10,10,10,10,10,10,10,10,10,10
0,1,60087,0,0,0,0,0,0,0,0,0,0
1,1,60087,0,0,0,0,5,0,0,0,0,0
1,1,60088,0,0,0,0,0,0,0,0,0,0
2,1,60088,0,0,0,0,0,0,0,0,0,0
1,1,60089,13,13,13,13,13,13,13,13,13,13
1,1,60090,0,0,0,0,0,0,0,0,0,0
2,1,60090,0,0,0,0,0,0,0,0,0,0
1,1,60091,0,0,0,0,0,0,0,0,0,0
2,1,60091,0,0,0,0,0,0,0,0,0,0
1,1,60092,0,0,0,0,0,0,0,0,0,0
2,1,60092,0,0,0,0,0,0,0,0,0,0
1,1,60093,0,0,0,0,0,0,0,0,0,0
2,1,60093,0,0,0,0,0,0,0,0,0,0
1,1,60094,16,16,16,16,16,16,16,16,16,16
2,1,60094,0,0,0,0,0,0,0,0,0,0
1,1,60095,0,0,0,0,0,0,0,0,0,0
2,1,60095,0,0,0,0,0,0,0,0,0,0
0,1,60096,30,30,30,30,30,30,30,30,30,30
1,1,60096,20,20,20,20,20,20,20,20,20,20
1,1,60097,0,0,0,0,0,0,0,0,0,0
2,1,60097,0,0,0,0,0,0,0,0,0,0
1,1,60098,0,0,0,0,0,0,0,0,0,0
2,1,60098,0,0,0,0,0,0,0,0,0,0
1,1,60099,0,0,0,0,0,0,0,0,0,0
2,1,60099,0,0,0,0,0,0,0,0,0,0
1,1,60100,0,0,0,0,0,0,0,0,0,0
1,1,60101,34,34,34,34,34,34,34,34,34,34
1,1,60102,17,17,17,17,17,17,17,17,17,17
2,1,60102,0,0,0,0,0,0,0,0,0,0
1,1,60103,0,0,0,0,0,0,0,0,0,0
2,1,60103,0,0,0,0,0,0,0,0,0,0
1,1,60104,6,6,6,6,6,6,6,6,6,6
2,1,60104,3,3,3,3,3,3,3,3,3,3
3,1,60104,9,0,0,0,0,0,0,0,0,0
0,1,60105,0,0,0,0,0,0,0,0,0,0
0,2,60105,0,0,0,0,0,0,0,0,0,0
0,3,60105,0,0,0,0,11,17,0,0,0,10
1,1,60105,0,0,0,0,9,0,0,0,0,0
1,1,60106,0,0,0,0,0,0,0,0,0,0
1,1,60107,6,6,6,6,6,6,6,6,6,6
2,1,60107,0,0,0,0,0,0,0,0,0,0
1,1,60108,18,18,18,18,18,18,18,18,18,18
2,1,60108,0,0,0,0,0,0,0,0,0,0
1,1,60109,15,15,15,15,15,15,15,15,15,15
2,1,60109,0,0,0,0,0,0,0,0,0,0
1,1,60110,0,0,0,0,6,0,0,0,0,0
2,1,60110,0,0,0,0,0,0,0,0,0,0
3,1,60110,0,0,0,0,0,0,0,0,0,0
0,1,60111,0,0,0,0,0,0,0,0,0,0
1,1,60111,14,0,6,0,8,0,0,6,0,0
2,1,60111,21,0,6,0,0,0,0,0,0,0
3,1,60111,0,0,0,0,0,0,0,0,0,0
1,1,60112,21,21,21,21,21,21,21,21,21,21
2,1,60112,0,0,0,0,0,0,0,0,0,0
1,1,60113,14,14,14,14,14,14,14,14,14,14
1,1,60114,14,14,14,14,14,14,14,14,14,14
2,1,60114,0,0,0,0,0,0,0,0,0,0
1,1,60115,0,0,0,0,0,0,0,0,0,0
2,1,60115,0,0,0,0,9,0,0,0,0,0
0,1,60116,0,0,0,0,0,0,0,0,0,0
0,2,60116,0,0,0,0,0,0,0,15,0,5
1,1,60116,0,0,0,0,0,0,0,0,0,0
1,1,60117,0,0,0,0,0,0,0,0,0,0
2,1,60117,0,0,0,0,0,0,0,0,0,0
1,1,60118,2,2,2,2,2,2,2,2,2,2
2,1,60118,0,0,0,0,0,0,0,0,0,0
3,1,60118,0,0,0,0,0,0,0,0,0,0
1,1,60119,0,0,0,0,0,0,0,0,0,0
2,1,60119,0,0,0,0,0,0,0,0,0,0
1,1,60120,0,0,0,0,0,0,0,0,0,0
2,1,60120,0,0,0,0,0,0,0,0,0,0
1,1,60121,0,0,0,0,0,0,0,0,0,0
2,1,60121,0,0,0,0,0,0,0,0,0,0
0,1,60122,0,0,0,0,0,0,0,0,0,0
1,1,60122,0,0,0,0,0,0,0,0,0,0
0,1,60123,0,0,0,0,0,0,0,0,0,0
0,2,60123,0,0,0,0,0,0,0,0,0,0
1,1,60123,0,0,0,0,0,0,0,0,0,0
1,1,60124,0,0,0,0,0,0,0,0,0,0
2,1,60124,0,0,0,0,0,0,0,0,0,0
1,1,60125,0,0,0,0,0,0,0,0,0,0
2,1,60125,0,0,0,0,0,0,0,0,0,0
1,1,60126,0,0,0,0,0,0,0,0,0,0
2,1,60126,0,0,0,0,0,0,0,0,0,0
0,1,60127,28,28,28,28,28,28,28,28,28,28
1,1,60127,14,0,0,0,14,9,12,0,0,8
2,1,60127,13,0,21,0,0,8,0,0,0,0
0,1,60128,0,0,0,0,0,0,0,0,0,0
1,1,60128,0,0,0,0,0,0,0,0,0,0
1,1,60129,0,0,0,0,0,0,0,0,0,0
2,1,60129,0,0,0,0,0,0,0,0,0,0
1,1,60130,0,0,0,0,0,0,0,0,0,0
1,1,60131,18,18,18,18,18,18,18,18,18,18
2,1,60131,0,0,0,0,0,0,0,0,0,0
1,1,60132,20,20,20,20,20,20,20,20,20,20
2,1,60132,0,0,0,0,0,0,0,0,0,0
3,1,60132,0,0,0,0,0,0,0,0,0,0
1,1,60133,21,21,21,21,21,21,21,21,21,21
1,1,60134,0,0,0,0,0,0,0,0,0,0
1,1,60135,11,11,11,11,11,11,11,11,11,11
1,1,60136,12,0,0,0,0,0,0,0,0,21
1,1,60137,1,1,1,1,1,1,1,1,1,1
1,1,60138,16,16,16,16,16,16,16,16,16,16
2,1,60138,0,0,0,0,0,0,0,0,0,0
1,1,60139,18,18,18,18,18,18,18,18,18,18
1,1,60140,20,20,20,20,20,20,20,20,20,20
1,1,60141,0,0,0,0,0,0,0,0,0,0
1,1,60142,0,0,0,0,0,0,0,0,0,0
1,1,60143,0,0,0,0,0,0,0,0,0,0
2,1,60143,0,0,0,0,0,0,0,0,0,0
1,1,60144,0,0,0,0,0,0,0,0,0,0
2,1,60144,0,0,0,0,0,0,0,0,0,0
1,1,60145,0,0,0,0,0,0,0,0,0,0
2,1,60145,0,0,0,0,0,0,0,0,0,0
1,1,60146,0,0,0,0,0,0,0,0,0,0
2,1,60146,0,0,0,0,0,0,0,0,0,0
1,1,60147,0,0,0,0,0,0,0,0,0,0
2,1,60147,0,0,0,0,0,0,0,14,0,0
3,1,60147,0,0,0,0,0,0,0,0,0,0
1,1,60148,13,13,13,13,13,13,13,13,13,13
2,1,60148,0,0,0,0,0,0,0,0,5,0
1,1,60149,17,17,17,17,17,17,17,17,17,17
2,1,60149,0,4,8,4,7,0,3,12,5,8
0,1,60150,23,23,23,23,23,23,23,23,23,23
1,1,60150,0,0,0,0,0,0,7,0,19,0
1,1,60151,9,9,9,9,9,9,9,9,9,9
2,1,60151,0,0,0,0,0,0,0,0,0,0
3,1,60151,0,0,0,0,0,0,0,0,0,0
4,1,60151,0,0,0,0,0,0,0,0,0,0
5,1,60151,0,0,0,0,0,0,0,0,0,0
1,1,60152,0,0,0,0,0,0,0,0,0,0
2,1,60152,25,25,25,25,25,25,25,25,25,25
1,1,60153,39,39,39,39,39,39,39,39,39,39
1,1,60154,16,16,16,16,16,16,16,16,16,16
1,1,60155,0,0,0,0,0,0,0,0,0,0
1,1,60156,11,11,11,11,11,11,11,11,11,11
1,1,60157,0,0,0,0,0,0,0,0,0,0
1,1,60158,0,0,0,0,0,0,0,0,0,0
2,1,60158,0,0,0,0,0,0,0,0,0,0
1,1,60159,0,0,0,0,0,0,0,0,0,0
1,1,60160,0,0,0,0,0,0,0,0,0,0
1,1,60161,0,0,0,0,0,0,0,0,0,0
1,1,60162,0,0,0,0,0,0,0,0,0,0
2,1,60162,0,0,0,0,0,0,0,0,0,0
1,1,60163,7,0,0,0,0,0,0,0,0,0
2,1,60163,0,0,0,0,0,0,0,0,0,0
0,1,60164,14,14,14,14,14,14,14,14,14,14
1,1,60164,0,0,0,0,0,0,0,0,0,0
1,1,60165,0,0,0,0,0,0,0,0,0,0
0,1,60166,0,0,0,0,0,0,0,0,0,0
1,1,60166,0,0,0,0,0,0,0,0,0,0
0,1,60167,0,0,0,0,0,0,0,0,0,0
1,1,60167,0,0,0,0,0,13,0,0,0,0
1,1,60168,20,20,20,20,20,20,20,20,20,20
2,1,60168,0,0,0,0,0,0,0,0,0,0
1,1,60169,7,7,7,7,7,7,7,7,7,7
1,1,60170,0,0,0,0,0,0,0,0,0,0
1,1,60171,21,21,21,21,21,21,21,21,21,21
0,1,60172,0,14,0,0,0,0,0,0,21,0
1,1,60172,0,0,0,0,9,0,0,0,0,0
1,1,60173,0,0,0,0,0,0,0,0,0,0
2,1,60173,0,0,0,0,16,0,0,0,0,0
1,1,60174,0,0,0,0,0,0,0,0,0,0
2,1,60174,0,0,0,0,0,0,0,7,0,0
1,1,60175,0,0,0,0,0,0,0,0,0,0
2,1,60175,0,0,0,0,0,0,0,0,0,0
1,1,60176,0,0,0,0,0,0,0,0,0,0
1,1,60177,14,14,14,14,14,14,14,14,14,14
1,1,60178,0,0,0,0,0,0,0,0,0,0
2,1,60178,0,0,0,0,0,0,0,0,0,0
0,1,60179,0,0,0,0,0,0,0,0,0,0
1,1,60179,0,0,0,0,0,0,0,0,0,0
1,1,60180,24,24,24,24,24,24,24,24,24,24
2,1,60180,15,0,11,0,0,0,0,0,14,0
1,1,60181,12,12,12,12,12,12,12,12,12,12
2,1,60181,0,0,0,0,0,0,0,0,0,0
1,1,60182,6,6,6,6,6,6,6,6,6,6
2,1,60182,0,0,0,0,0,0,0,0,0,0
3,1,60182,0,0,0,0,7,0,0,0,0,0
4,1,60182,0,0,0,0,0,0,0,9,0,0
5,1,60182,0,0,0,0,0,0,0,0,0,0
1,1,60183,19,19,19,19,19,19,19,19,19,19
2,1,60183,0,0,0,0,0,0,0,0,0,0
1,1,60184,0,0,0,0,0,0,0,0,0,0
1,1,60185,25,25,25,25,25,25,25,25,25,25
2,1,60185,0,0,0,0,0,0,0,0,0,0
3,1,60185,0,0,0,0,0,0,0,0,0,0
4,1,60185,3,3,3,3,3,3,3,3,3,3
1,1,60186,0,0,0,0,0,0,0,0,0,0
1,1,60187,0,0,0,0,0,0,0,0,0,0
2,1,60187,0,0,0,0,0,0,0,0,0,0
0,1,60188,0,0,0,0,0,0,0,0,0,0
1,1,60188,0,0,0,0,0,0,0,0,0,0
3,1,60188,0,0,0,0,0,9,5,0,0,0
4,1,60188,0,0,0,0,0,0,0,0,0,0
5,1,60188,0,0,0,0,0,0,0,0,0,0
1,1,60189,0,0,0,0,15,0,0,0,0,0
2,1,60189,0,0,0,0,0,0,0,0,0,0
1,1,60190,9,9,9,9,9,9,9,9,9,9
1,1,60191,20,0,0,0,0,7,0,0,0,0
1,1,60192,20,0,20,21,0,0,0,0,6,17
8,1,60192,0,0,0,0,0,0,19,0,0,0
1,1,60193,0,0,0,0,0,0,0,0,0,0
2,1,60193,0,0,0,0,0,0,0,0,0,0
1,1,60194,19,19,19,19,19,19,19,19,19,19
2,1,60194,0,0,0,0,0,0,0,0,0,0
1,1,60195,0,0,0,0,0,0,0,0,0,0
2,1,60195,0,0,0,0,0,0,0,0,0,0
1,1,60196,0,0,0,0,0,0,0,0,0,0
2,1,60196,0,0,0,0,0,0,0,0,0,0
1,1,60197,0,0,0,0,0,0,0,0,0,0
2,1,60197,0,0,0,0,0,0,0,0,0,0
3,1,60197,0,0,0,0,0,0,0,0,0,0
1,1,60198,0,0,0,0,0,0,0,0,0,0
2,1,60198,0,0,0,0,0,0,0,0,0,0
3,1,60198,0,0,0,0,0,0,0,0,0,0
1,1,60199,2,2,2,2,2,2,2,2,2,2
2,1,60199,0,0,0,0,0,0,0,0,0,0
1,1,60200,11,11,11,11,11,11,11,11,11,11
2,1,60200,0,0,0,0,0,0,0,0,0,0
1,1,60201,0,0,0,0,0,15,0,0,11,0
2,1,60201,13,13,13,13,13,13,13,13,13,13
3,1,60201,0,0,0,0,0,0,0,0,0,0
1,1,60202,9,16,16,17,12,14,9,3,8,8
2,1,60202,0,0,0,0,0,0,0,0,0,0
1,1,60203,9,9,9,9,9,9,9,9,9,9
1,1,60204,6,6,6,6,6,6,6,6,6,6
2,1,60204,0,0,0,0,0,0,0,0,0,0
3,1,60204,0,0,0,0,0,0,0,0,0,0
4,1,60204,0,0,0,0,0,26,0,0,0,0
5,1,60204,0,0,0,0,0,0,0,0,0,0
1,1,60205,0,0,0,0,0,0,0,0,0,0
2,1,60205,0,0,0,0,0,0,0,0,0,0
1,1,60206,0,0,0,0,0,0,0,0,0,0
2,1,60206,7,7,7,7,7,7,7,7,7,7
1,1,60207,0,0,0,0,0,0,0,0,0,0
2,1,60207,0,0,0,0,0,0,0,0,0,0
1,1,60208,0,0,0,0,0,0,0,0,0,0
2,1,60208,0,0,0,0,0,0,0,0,0,0
3,1,60208,0,0,0,0,0,0,0,0,0,0
4,1,60208,0,0,0,0,0,0,0,0,10,0
1,1,60209,0,0,0,0,0,0,0,0,0,0
2,1,60209,0,0,0,0,0,0,0,0,0,0
1,1,60210,0,0,0,0,0,0,0,0,0,0
2,1,60210,0,0,0,0,0,0,0,0,0,0
1,1,60211,0,0,0,0,0,0,0,0,0,0
2,1,60211,0,0,0,0,0,0,0,0,0,0
1,1,60212,0,0,0,0,0,0,0,0,0,0
2,1,60212,0,0,0,0,0,0,0,0,0,0
1,1,60213,0,0,0,0,8,0,0,0,0,0
2,1,60213,0,0,0,7,0,0,0,0,0,0
3,1,60213,0,0,0,0,0,0,0,0,0,0
0,1,60214,28,28,28,28,28,28,28,28,28,28
1,1,60214,0,0,0,0,0,0,0,0,0,0
1,1,60215,7,7,7,7,7,7,7,7,7,7
1,1,60216,0,0,0,0,0,0,0,0,0,0
2,1,60216,0,0,0,0,0,0,0,0,0,0
1,1,60217,36,36,36,36,36,36,36,36,36,36
2,1,60217,0,0,0,0,0,0,0,0,6,0
1,1,60218,4,0,0,0,4,0,0,3,4,0
2,1,60218,0,0,0,0,0,0,0,0,0,0
1,1,60219,12,12,12,12,12,12,12,12,12,12
1,1,60220,13,13,13,13,13,13,13,13,13,13
1,1,60221,0,0,0,0,0,0,0,0,0,0
2,1,60221,0,0,0,0,0,0,0,0,0,0
0,1,60222,36,36,36,36,36,36,36,36,36,36
1,1,60222,0,0,0,0,0,0,0,0,0,0
1,1,60223,15,15,15,15,15,15,15,15,15,15
2,1,60223,0,0,0,0,0,0,0,0,0,0
0,1,60224,33,33,33,33,33,33,33,33,33,33
1,1,60224,15,0,0,0,0,0,0,13,0,3
1,1,60225,0,0,0,0,0,0,0,0,0,0
2,1,60225,0,0,0,0,0,0,0,0,0,0
3,1,60225,0,0,0,0,0,0,0,0,0,0
1,1,60226,0,0,0,0,0,0,0,0,0,0
2,1,60226,0,14,0,0,0,0,0,0,0,0
1,1,60227,0,0,0,0,0,0,0,0,0,0
1,1,60228,0,0,0,0,0,0,0,0,0,0
2,1,60228,0,0,0,0,0,0,0,0,0,0
3,1,60228,0,0,0,0,0,0,0,0,0,0
1,1,60229,0,0,0,0,0,0,0,0,0,0
1,1,60230,0,0,0,10,0,0,0,0,6,0
2,1,60230,0,0,0,0,0,0,0,0,0,0
1,1,60231,0,0,0,0,0,0,0,0,0,0
1,1,60232,0,0,0,0,0,0,0,0,0,0
0,1,60233,0,0,0,0,0,0,0,0,0,0
1,1,60233,0,0,0,0,0,0,0,0,0,0
1,1,60234,0,0,0,0,0,0,0,0,0,0
2,1,60234,0,0,0,0,0,0,0,0,0,0
1,1,60235,16,16,16,16,16,16,16,16,16,16
1,1,60236,0,0,0,0,0,0,0,0,0,0
2,1,60236,0,0,0,0,0,0,0,0,0,0
1,1,60237,27,27,27,27,27,27,27,27,27,27
1,1,60238,8,8,8,8,8,8,8,8,8,8
0,1,60239,0,0,0,0,0,0,0,0,0,0
1,1,60239,8,8,8,8,8,8,8,8,8,8
1,1,60240,9,9,9,9,9,9,9,9,9,9
0,1,60241,23,23,23,23,23,23,23,23,23,23
1,1,60241,0,0,0,0,0,0,0,0,0,0
1,1,60242,31,31,31,31,31,31,31,31,31,31
1,1,60243,8,8,8,8,8,8,8,8,8,8
2,1,60243,0,0,0,0,0,0,0,0,0,0
1,1,60244,0,0,0,0,0,0,0,0,0,0
0,1,60245,0,0,0,0,0,0,0,0,0,0
1,1,60245,0,0,0,0,0,0,0,0,0,0
1,1,60246,0,12,10,12,8,12,0,16,0,0
1,1,60247,18,18,18,18,18,18,18,18,18,18
2,1,60247,0,0,5,0,0,0,0,0,0,0
0,1,60248,6,6,6,6,6,6,6,6,6,6
1,1,60248,0,0,0,0,0,0,0,32,0,0
2,1,60248,0,0,0,0,0,0,0,0,0,0
1,1,60249,0,0,0,0,0,0,0,0,0,0
2,1,60249,0,0,0,0,0,0,0,0,0,0
3,1,60249,0,0,0,0,0,0,0,0,0,0
1,1,60250,0,0,0,0,0,0,0,0,0,0
2,1,60250,0,0,0,0,0,0,0,0,0,0
1,1,60251,0,0,0,0,0,0,0,0,0,0
1,1,60252,22,22,22,22,22,22,22,22,22,22
2,1,60252,0,0,0,6,0,0,0,0,18,0
1,1,60253,10,10,10,10,10,10,10,10,10,10
1,1,60254,0,0,0,0,0,0,0,0,0,0
2,1,60254,0,0,0,0,0,0,0,0,3,0
1,1,60255,0,0,0,0,0,0,0,0,0,0
2,1,60255,0,0,0,0,0,0,0,0,0,0
3,1,60255,0,0,0,0,0,0,0,0,0,0
1,1,60256,0,0,0,0,0,0,0,0,0,0
2,1,60256,0,0,0,0,0,0,0,13,0,0
0,1,60257,0,0,0,0,0,0,0,0,0,0
1,1,60258,0,0,0,0,0,0,0,0,9,0
2,1,60258,0,0,0,0,0,0,0,0,0,0
3,1,60258,0,0,0,0,0,0,0,0,0,0
4,1,60258,0,0,0,0,0,0,13,0,0,0
1,1,60259,24,24,24,24,24,24,24,24,24,24
2,1,60259,0,0,0,0,0,0,0,0,0,0
1,1,60260,0,0,0,0,0,0,0,0,0,0
2,1,60260,0,0,0,0,0,0,0,0,0,0
0,1,60261,31,31,31,31,31,31,31,31,31,31
1,1,60261,0,0,0,0,0,0,0,0,0,0
2,1,60261,0,0,0,0,0,0,0,0,0,0
0,1,60262,0,0,0,0,0,0,0,0,0,0
1,1,60262,0,0,0,0,0,0,0,0,0,0
1,1,60263,0,0,0,0,0,0,0,0,0,0
2,1,60263,0,8,0,0,0,0,18,0,0,0
0,1,60264,0,0,0,0,0,0,0,0,0,0
1,1,60264,0,0,4,0,0,0,0,0,0,0
3,1,60264,0,0,0,0,0,0,0,0,0,0
4,1,60264,0,0,0,4,0,0,0,0,0,0
0,1,60265,0,0,0,0,0,0,0,0,0,0
1,1,60265,7,7,7,7,7,7,7,7,7,7
0,1,60266,16,16,16,16,16,16,16,16,16,16
1,1,60266,0,0,0,19,13,0,0,0,0,0
1,1,60267,7,7,7,7,7,7,7,7,7,7
1,1,60268,20,20,20,20,20,20,20,20,20,20
2,1,60268,0,0,0,0,0,0,0,0,0,0
3,1,60268,0,0,0,0,0,0,0,0,0,0
4,1,60268,0,0,0,6,0,15,0,0,0,0
1,1,60269,27,27,27,27,27,27,27,27,27,27
2,1,60269,0,0,0,0,0,0,0,0,0,0
1,1,60270,0,0,0,0,0,0,0,0,0,0
2,1,60270,0,0,0,0,0,0,0,0,0,0
3,1,60270,0,0,0,0,0,0,0,0,0,0
0,1,60271,30,30,30,30,30,30,30,30,30,30
1,1,60271,0,0,0,0,0,0,0,0,0,0
0,1,60272,0,0,0,0,0,0,0,0,0,0
1,1,60272,0,0,0,0,0,0,0,0,0,0
0,1,60273,34,34,34,34,34,34,34,34,34,34
1,1,60273,0,0,0,0,0,0,0,0,0,0
0,1,60274,24,24,24,24,24,24,24,24,24,24
1,1,60274,0,0,0,0,0,0,0,0,0,0
0,1,60275,21,21,21,21,21,21,21,21,21,21
1,1,60275,0,0,6,0,0,0,0,0,0,0
0,1,60276,26,26,26,26,26,26,26,26,26,26
1,1,60276,15,15,15,15,15,15,15,15,15,15