VEH_NO,PER_NO,ST_CASE,P1,P2,P3,P4,P5,P6,P7,P8,P9,P10
1,1,60277,15,15,15,15,15,15,15,15,15,15
1,1,60278,0,0,0,0,0,0,0,0,0,0
2,1,60278,0,0,0,0,0,0,0,0,0,0
1,1,60279,14,14,14,14,14,14,14,14,14,14
1,1,60280,0,0,0,0,0,0,0,0,0,0
1,1,60281,0,0,0,0,0,0,0,0,0,0
2,1,60281,4,4,4,4,4,4,4,4,4,4
0,1,60282,0,0,0,0,0,0,0,0,0,0
1,1,60282,0,0,0,0,0,0,12,0,0,0
0,1,60283,17,17,17,17,17,17,17,17,17,17
1,1,60283,0,0,0,0,0,0,0,0,0,0
1,1,60284,35,35,35,35,35,35,35,35,35,35
1,1,60285,26,26,26,26,26,26,26,26,26,26
1,1,60286,0,0,0,0,0,0,0,0,0,0
1,1,60287,0,0,0,0,0,0,0,0,0,0
2,1,60287,0,0,0,0,0,0,0,0,0,0
0,1,60288,0,27,29,8,23,18,32,40,11,10
1,1,60288,0,0,0,0,0,0,0,0,0,0
1,1,60289,14,14,14,14,14,14,14,14,14,14
2,1,60289,0,0,0,0,0,0,0,0,0,0
0,1,60290,30,30,30,30,30,30,30,30,30,30
1,1,60290,6,13,22,20,11,20,6,31,19,9
1,1,60291,3,0,0,0,0,0,0,0,0,0
1,1,60292,0,0,0,0,0,0,0,0,0,0
2,1,60292,0,0,0,0,0,0,0,0,0,0
0,1,60293,34,34,34,34,34,34,34,34,34,34
1,1,60293,0,0,0,0,5,0,0,0,0,0
1,1,60294,8,8,8,8,8,8,8,8,8,8
0,1,60295,40,40,40,40,40,40,40,40,40,40
1,1,60295,0,0,0,0,0,0,0,0,0,0
1,1,60296,12,12,12,12,12,12,12,12,12,12
2,1,60296,0,0,0,0,0,0,0,0,0,0
1,1,60297,0,0,0,0,0,0,0,0,0,0
1,1,60298,0,0,0,0,0,0,0,0,0,0
1,1,60299,0,0,0,0,0,0,0,0,0,0
2,1,60299,0,0,0,0,0,0,0,0,0,0
1,1,60300,15,15,15,15,15,15,15,15,15,15
1,1,60301,19,19,19,19,19,19,19,19,19,19
2,1,60301,0,0,0,0,0,0,0,0,0,0
0,1,60302,0,0,0,0,0,0,0,0,0,0
1,1,60302,0,0,0,0,0,5,0,0,11,0
2,1,60302,9,9,9,9,9,9,9,9,9,9
1,1,60303,0,0,0,0,0,0,0,0,0,0
0,1,60304,0,0,0,0,0,0,0,0,0,0
1,1,60304,0,0,0,0,0,0,0,0,0,0
1,1,60305,18,18,18,18,18,18,18,18,18,18
1,1,60306,15,15,15,15,15,15,15,15,15,15
1,1,60307,0,0,0,0,0,0,0,0,0,0
1,1,60308,18,18,18,18,18,18,18,18,18,18
1,1,60309,15,6,9,11,9,0,15,0,4,5
2,1,60309,28,0,0,29,17,0,0,8,0,12
1,1,60310,19,19,19,19,19,19,19,19,19,19
2,1,60310,0,0,0,0,0,0,0,0,0,0
1,1,60311,0,0,0,0,0,0,0,0,0,0
1,1,60312,21,21,21,21,21,21,21,21,21,21
2,1,60312,19,19,19,19,19,19,19,19,19,19
1,1,60313,0,0,0,0,0,0,0,0,0,0
0,1,60314,0,0,0,0,0,0,0,0,0,0
1,1,60314,17,17,17,17,17,17,17,17,17,17
1,1,60315,0,0,0,0,0,0,0,0,0,0
2,1,60315,0,0,0,0,0,0,0,0,0,0
1,1,60316,0,0,0,0,0,0,0,0,0,0
2,1,60316,0,0,0,0,0,0,0,0,0,0
3,1,60316,0,0,0,0,0,0,0,0,0,0
0,1,60317,0,0,0,0,0,0,0,0,0,0
1,1,60317,0,0,0,0,0,0,0,0,0,0
1,1,60318,12,12,12,12,12,12,12,12,12,12
2,1,60318,10,0,0,0,0,0,0,0,0,0
1,1,60319,13,13,13,13,13,13,13,13,13,13
2,1,60319,0,0,0,0,0,0,0,0,0,0
1,1,60320,24,24,24,24,24,24,24,24,24,24
1,1,60321,0,0,0,0,0,0,0,0,0,0
2,1,60321,0,0,0,0,0,0,0,0,0,0
1,1,60322,12,12,12,12,12,12,12,12,12,12
2,1,60322,0,0,0,0,0,0,0,0,0,0
3,1,60322,0,0,0,0,0,0,0,0,0,0
1,1,60323,0,0,0,0,0,0,0,0,0,0
2,1,60323,0,0,0,0,0,0,0,0,0,0
3,1,60323,0,0,0,0,0,0,0,0,0,0
1,1,60324,8,0,0,0,0,0,0,0,0,0
2,1,60324,0,0,0,0,0,0,0,0,0,0
3,1,60324,0,0,0,0,0,0,0,0,0,0
1,1,60325,0,0,0,0,0,0,0,0,0,0
2,1,60325,0,0,0,0,0,0,0,0,0,0
3,1,60325,0,0,0,0,0,0,0,0,0,0
0,1,60326,17,17,17,17,17,17,17,17,17,17
1,1,60326,0,0,0,0,0,0,0,0,0,0
0,1,60327,0,0,0,0,0,7,0,0,0,0
1,1,60327,0,0,0,0,0,0,0,0,0,0
1,1,60328,13,13,13,13,13,13,13,13,13,13
2,1,60328,0,0,0,0,0,0,0,0,0,0
3,1,60328,0,0,0,0,0,0,0,0,0,0
1,1,60329,29,29,29,29,29,29,29,29,29,29
2,1,60329,0,0,0,0,0,0,0,0,8,0
1,1,60330,0,0,0,0,0,0,0,0,0,0
2,1,60330,0,0,0,0,0,0,0,0,0,0
1,1,60331,0,0,0,0,0,0,0,0,0,0
2,1,60331,0,0,0,0,0,0,0,0,0,0
0,1,60332,28,28,28,28,28,28,28,28,28,28
1,1,60332,0,0,0,0,0,0,0,0,0,0
0,1,60333,27,27,27,27,27,27,27,27,27,27
1,1,60333,2,0,0,0,0,0,0,0,0,0
0,1,60334,0,0,0,0,0,0,0,0,0,0
1,1,60334,0,0,0,0,0,0,0,0,0,0
1,1,60335,0,0,0,0,0,0,0,0,0,0
0,1,60336,16,15,27,23,39,19,26,25,21,33
1,1,60336,0,0,0,0,0,0,0,0,0,0
0,1,60337,0,0,0,0,0,0,0,0,0,0
1,1,60337,0,0,0,0,0,0,0,0,24,0
1,1,60338,19,19,19,19,19,19,19,19,19,19
0,1,60339,9,9,9,9,9,9,9,9,9,9
1,1,60339,0,0,0,4,0,0,0,0,0,0
0,1,60340,39,39,39,39,39,39,39,39,39,39
1,1,60340,0,0,0,12,6,0,0,0,0,0
0,1,60341,31,31,31,31,31,31,31,31,31,31
1,1,60341,0,0,0,0,0,0,0,0,0,0
1,1,60342,0,0,0,0,0,0,0,0,0,0
2,1,60342,0,0,0,0,0,0,0,0,0,0
0,1,60343,0,0,0,0,0,0,0,0,0,0
1,1,60343,0,0,0,0,0,9,0,8,0,0
1,1,60344,0,0,0,0,0,0,0,0,0,0
2,1,60344,0,0,0,0,0,0,0,0,0,0
3,1,60344,0,0,0,0,0,0,0,0,0,0
1,1,60345,12,12,12,12,12,12,12,12,12,12
2,1,60345,0,0,0,0,0,0,0,0,0,0
3,1,60345,0,0,0,0,0,0,0,0,0,0
1,1,60346,0,0,0,0,0,0,0,0,0,0
2,1,60346,0,0,0,0,0,0,0,0,0,0
3,1,60346,0,0,0,0,0,0,0,0,0,0
1,1,60347,6,6,6,6,6,6,6,6,6,6
2,1,60347,0,0,0,0,0,0,0,0,0,0
1,1,60348,14,14,14,14,14,14,14,14,14,14
2,1,60348,0,0,0,0,0,0,0,0,0,0
1,1,60349,0,0,0,0,0,0,0,0,0,0
2,1,60349,0,0,0,0,0,0,0,0,0,0
3,1,60349,0,0,0,0,0,0,0,0,0,0
0,1,60350,25,25,25,25,25,25,25,25,25,25
1,1,60350,0,0,0,0,0,0,0,0,0,0
1,1,60351,38,38,38,38,38,38,38,38,38,38
2,1,60351,0,0,0,5,0,0,0,0,6,0
1,1,60352,2,2,2,2,2,2,2,2,2,2
0,1,60353,0,0,0,0,0,0,0,0,0,0
1,1,60353,4,0,0,0,0,0,0,0,0,0
1,1,60354,0,0,0,0,0,0,0,0,0,0
2,1,60354,0,0,0,0,0,0,0,0,0,0
1,1,60355,10,10,10,10,10,10,10,10,10,10
2,1,60355,0,0,0,0,0,0,0,0,0,0
1,1,60356,0,0,0,0,0,0,0,0,0,0
2,1,60356,0,0,0,0,0,0,0,0,0,0
1,1,60357,0,0,0,0,0,0,0,0,0,0
2,1,60357,0,0,0,0,0,0,0,0,0,0
0,1,60358,0,0,0,0,0,0,0,0,0,0
1,1,60358,0,0,0,0,0,0,0,0,0,0
0,1,60359,0,0,0,0,0,0,0,0,0,0
1,1,60359,0,0,0,0,0,0,0,4,0,0
1,1,60360,0,0,0,0,0,0,0,0,0,0
2,1,60360,0,0,0,0,0,0,0,0,0,0
1,1,60361,0,0,0,0,0,0,0,0,0,0
2,1,60361,0,0,0,0,0,0,0,0,0,0
1,1,60362,0,0,0,0,0,0,0,0,0,0
0,1,60363,12,12,12,12,12,12,12,12,12,12
1,1,60363,10,10,10,10,10,10,10,10,10,10
1,1,60364,0,0,0,0,0,0,0,0,0,0
2,1,60364,0,0,0,0,0,0,0,0,0,0
1,1,60365,0,0,0,0,0,0,0,0,0,0
2,1,60365,0,0,0,0,0,0,0,0,0,0
1,1,60366,16,16,16,16,16,16,16,16,16,16
0,1,60367,0,0,0,0,0,0,0,0,0,0
1,1,60367,0,0,0,0,0,0,0,0,0,0
1,1,60368,0,0,0,0,0,0,0,0,0,0
0,1,60369,26,26,26,26,26,26,26,26,26,26
1,1,60369,11,0,0,0,0,5,0,0,0,0
1,1,60370,14,14,14,14,14,14,14,14,14,14
0,1,60371,15,15,15,15,15,15,15,15,15,15
1,1,60371,0,0,0,0,9,0,16,0,2,0
0,1,60372,0,0,0,0,0,0,0,0,0,0
1,1,60372,5,0,0,10,0,0,0,0,0,0
1,1,60373,8,8,8,8,8,8,8,8,8,8
1,1,60374,24,24,24,24,24,24,24,24,24,24
1,1,60375,1,1,1,1,1,1,1,1,1,1
1,1,60376,0,0,0,0,0,0,0,0,0,0
1,1,60377,0,0,0,0,0,0,0,0,0,0
1,1,60378,24,24,24,24,24,24,24,24,24,24
0,1,60379,0,0,0,0,0,0,0,0,0,0
1,1,60379,0,0,0,0,0,13,0,0,0,0
0,1,60380,0,0,0,0,0,0,0,0,0,0
1,1,60380,0,0,0,0,0,0,0,0,0,0
1,1,60381,8,0,0,0,0,21,26,0,0,0
1,1,60382,0,0,0,0,0,0,0,0,0,0
1,1,60383,0,0,0,0,0,0,0,0,0,0
0,1,60384,0,0,0,0,0,0,0,0,0,0
1,1,60384,0,0,0,0,0,0,13,0,0,0
1,1,60385,2,2,2,2,2,2,2,2,2,2
1,1,60386,0,0,0,0,0,0,0,0,0,0
1,1,60387,14,14,14,14,14,14,14,14,14,14
1,1,60388,0,0,0,0,0,0,0,0,0,0
1,1,60389,20,20,20,20,20,20,20,20,20,20
1,1,60390,0,14,0,0,0,0,0,0,0,0
0,1,60391,36,36,36,36,36,36,36,36,36,36
1,1,60391,0,0,0,0,0,0,0,0,0,0
0,1,60392,24,24,24,24,24,24,24,24,24,24
1,1,60392,0,0,0,0,6,0,0,0,0,0
1,1,60393,0,0,0,0,0,0,0,0,14,0
0,1,60394,0,0,0,0,0,0,0,0,0,0
1,1,60394,0,0,0,0,0,0,0,0,0,0
1,1,60395,0,0,0,0,0,0,0,0,0,0
1,1,60396,0,0,0,0,0,0,0,0,0,0
0,1,60397,24,25,0,12,26,15,0,4,16,4
1,1,60397,0,0,0,0,0,0,0,0,0,0
1,1,60398,28,28,28,28,28,28,28,28,28,28
0,1,60399,21,21,21,21,21,21,21,21,21,21
1,1,60399,0,0,0,0,0,0,0,0,0,0
1,1,60400,0,0,0,0,0,0,0,0,0,0
1,1,60401,5,5,5,5,5,5,5,5,5,5
0,1,60402,0,0,0,0,0,0,0,17,0,0
1,1,60402,0,0,0,0,0,0,0,0,0,0
1,1,60403,0,0,0,0,0,0,0,0,0,0
1,1,60404,0,0,0,0,0,0,0,0,0,0
1,1,60405,2,2,2,2,2,2,2,2,2,2
0,1,60406,0,0,0,0,0,0,0,0,0,0
1,1,60406,0,0,0,0,0,0,0,0,0,0
1,1,60407,10,10,10,10,10,10,10,10,10,10
1,1,60408,23,23,23,23,23,23,23,23,23,23
1,1,60409,0,0,0,0,0,0,0,0,0,0
1,1,60410,20,20,20,20,20,20,20,20,20,20
2,1,60410,9,0,0,0,0,0,0,0,0,0
1,1,60411,23,23,23,23,23,23,23,23,23,23
1,1,60412,0,0,0,0,0,0,0,0,0,0
1,1,60413,0,0,0,0,0,0,0,0,0,0
1,1,60414,0,0,0,0,0,0,0,0,0,0
0,1,60415,28,28,28,28,28,28,28,28,28,28
1,1,60415,0,0,0,0,0,0,0,0,0,0
1,1,60416,0,0,0,0,0,0,0,0,0,0
1,1,60417,11,11,11,11,11,11,11,11,11,11
1,1,60418,0,0,0,0,0,0,0,0,0,0
1,1,60419,0,0,0,0,0,0,0,0,0,0
1,1,60420,21,21,21,21,21,21,21,21,21,21
1,1,60421,6,6,6,6,6,6,6,6,6,6
0,1,60422,24,24,24,24,24,24,24,24,24,24
1,1,60422,0,0,0,0,0,0,0,0,0,0
1,1,60423,22,22,22,22,22,22,22,22,22,22
1,1,60424,0,0,0,0,0,0,0,0,0,0
0,1,60425,13,0,23,0,0,25,25,0,11,13
1,1,60425,0,0,0,0,0,0,0,0,0,0
1,1,60426,0,0,0,0,0,0,0,0,0,0
0,1,60427,0,0,0,0,0,0,0,0,0,0
1,1,60427,0,0,0,0,0,0,0,0,0,0
1,1,60428,29,29,29,29,29,29,29,29,29,29
0,1,60429,0,0,0,0,0,0,0,0,0,0
1,1,60429,0,0,0,0,0,0,0,0,0,0
1,1,60430,20,20,20,20,20,20,20,20,20,20
0,1,60431,0,0,0,0,0,0,0,0,0,0
1,1,60431,0,0,0,0,0,0,0,0,0,0
0,1,60432,0,0,0,0,0,0,0,0,0,0
1,1,60432,0,0,0,0,0,0,0,0,0,0
1,1,60433,19,25,13,16,9,3,22,22,0,0
0,1,60434,21,21,21,21,21,21,21,21,21,21
1,1,60434,0,0,0,0,0,0,0,0,0,0
1,1,60435,8,8,8,8,8,8,8,8,8,8
0,1,60436,0,0,0,0,0,0,0,0,0,0
1,1,60436,0,0,0,0,0,0,27,0,13,0
1,1,60437,0,0,0,0,0,0,0,0,0,0
1,1,60438,0,0,0,0,0,0,0,0,0,0
1,1,60439,0,0,0,0,0,0,0,0,0,0
1,1,60440,17,17,17,17,17,17,17,17,17,17
1,1,60441,7,7,7,7,7,7,7,7,7,7
1,1,60442,0,0,0,0,0,0,0,0,0,0
0,1,60443,0,0,0,0,0,0,0,0,0,0
1,1,60443,0,0,21,11,10,11,0,10,0,0
1,1,60444,2,2,2,2,2,2,2,2,2,2
1,1,60445,11,11,11,11,11,11,11,11,11,11
1,1,60446,16,16,16,16,16,16,16,16,16,16
1,1,60447,8,8,8,8,8,8,8,8,8,8
1,1,60448,18,18,18,18,18,18,18,18,18,18
1,1,60449,21,21,21,21,21,21,21,21,21,21
1,1,60450,0,0,0,0,0,0,0,0,0,0
1,1,60451,23,23,23,23,23,23,23,23,23,23
1,1,60452,3,3,3,3,3,3,3,3,3,3
1,1,60453,0,0,0,0,0,0,0,0,0,0
0,1,60454,0,0,0,0,0,0,0,0,0,0
1,1,60454,0,0,0,0,0,0,0,0,0,0
1,1,60455,0,0,0,0,0,0,0,0,0,0
1,1,60456,0,0,0,0,0,0,0,0,0,0
0,1,60457,0,0,0,0,0,0,0,0,0,0
1,1,60457,0,0,0,0,0,0,0,0,0,0
1,1,60458,0,0,0,0,0,0,0,0,0,0
0,1,60459,0,0,0,0,0,0,0,0,0,0
1,1,60459,0,0,0,0,0,0,0,0,0,0
1,1,60460,0,0,0,0,0,0,0,0,0,0
1,1,60461,0,0,0,0,0,0,0,0,0,0
0,1,60462,0,0,0,0,0,0,0,0,0,0
1,1,60462,0,0,0,0,0,0,0,0,0,0
0,1,60463,0,0,0,0,0,0,0,0,0,0
1,1,60463,0,0,0,0,0,0,0,0,0,0
0,1,60464,4,4,4,4,4,4,4,4,4,4
1,1,60464,0,0,0,0,0,0,0,0,0,0
0,1,60465,0,0,0,0,0,0,0,0,0,0
1,1,60465,3,0,0,0,0,0,0,0,0,16
1,1,60466,9,9,9,9,9,9,9,9,9,9
1,1,60467,0,0,0,0,0,0,0,0,0,0
1,1,60468,20,20,20,20,20,20,20,20,20,20
1,1,60469,0,0,0,0,0,0,0,0,0,0
0,1,60470,6,6,6,6,6,6,6,6,6,6
1,1,60470,0,0,0,0,0,0,10,0,0,0
0,1,60471,12,12,12,12,12,12,12,12,12,12
1,1,60471,0,0,0,18,0,0,0,21,0,22
1,1,60472,0,0,0,0,0,0,0,0,0,0
0,1,60473,29,29,29,29,29,29,29,29,29,29
1,1,60473,0,0,0,0,0,0,0,0,0,0
1,1,60474,0,0,0,0,0,0,0,0,0,0
1,1,60475,0,0,0,0,0,0,0,0,0,0
1,1,60476,0,0,0,0,0,0,0,0,0,0
1,1,60477,0,0,0,0,0,0,0,0,0,0
1,1,60478,0,0,0,0,0,0,0,0,0,0
1,1,60479,0,0,0,0,0,0,0,0,0,0
0,1,60480,0,0,0,0,0,0,0,0,0,0
1,1,60480,0,0,0,0,0,0,0,0,0,0
1,1,60481,0,0,0,0,0,0,0,0,0,0
0,1,60482,0,0,0,0,0,0,0,0,0,0
1,1,60482,0,0,0,0,0,0,0,0,0,0
1,1,60483,7,7,7,7,7,7,7,7,7,7
1,1,60484,28,28,28,28,28,28,28,28,28,28
1,1,60485,0,0,0,0,0,0,0,0,0,0
1,1,60486,0,0,0,0,0,0,0,0,0,0
2,1,60486,0,0,0,0,0,0,0,0,0,0
1,1,60487,0,0,0,0,0,0,0,0,0,0
2,1,60487,0,0,0,0,0,0,0,0,0,0
1,1,60488,20,20,20,20,20,20,20,20,20,20
1,1,60489,14,14,14,14,14,14,14,14,14,14
2,1,60489,0,0,0,0,0,0,0,0,0,0
1,1,60490,10,0,0,0,0,0,0,0,0,0
2,1,60490,0,0,0,0,0,0,0,0,0,0
1,1,60491,0,0,0,0,0,0,0,0,0,0
2,1,60491,0,0,0,7,0,0,0,0,0,0
1,1,60492,0,0,0,0,16,0,0,0,0,0
2,1,60492,0,0,0,0,0,0,0,0,0,0
3,1,60492,9,0,0,0,0,0,0,0,0,0
1,1,60493,0,0,0,0,0,0,0,0,0,0
1,1,60494,0,0,0,0,0,0,0,0,0,0
2,1,60494,0,0,0,0,0,0,0,9,0,0
3,1,60494,0,0,0,0,0,0,0,0,0,0
1,1,60495,0,0,0,0,0,12,0,0,25,0
1,1,60496,37,37,37,37,37,37,37,37,37,37
2,1,60496,0,0,0,0,0,0,0,0,0,0
1,1,60497,10,10,10,10,10,10,10,10,10,10
2,1,60497,0,0,0,0,0,0,0,0,0,0
1,1,60498,0,0,0,0,0,0,0,0,0,0
0,1,60499,17,17,17,17,17,17,17,17,17,17
1,1,60499,17,17,17,17,17,17,17,17,17,17
0,1,60500,17,17,17,17,17,17,17,17,17,17
1,1,60500,0,0,0,0,0,0,0,0,0,0
1,1,60501,0,0,10,0,0,0,9,0,0,0
2,1,60501,0,0,0,0,0,0,0,0,0,0
1,1,60502,0,0,0,0,0,0,2,0,0,0
2,1,60502,0,0,0,0,0,0,0,0,0,0
0,1,60503,0,0,0,0,0,0,0,0,0,0
1,1,60503,0,0,0,0,0,0,0,0,0,0
1,1,60504,0,0,0,0,0,0,0,0,0,0
2,1,60504,0,0,0,0,0,0,0,0,0,0
1,1,60505,0,0,0,0,0,0,0,0,0,0
2,1,60505,0,0,0,0,0,0,0,0,16,0
1,1,60506,0,0,0,0,0,0,0,0,0,0
1,1,60507,0,0,0,0,0,0,0,0,0,4
2,1,60507,9,9,9,9,9,9,9,9,9,9
1,1,60508,9,9,9,9,9,9,9,9,9,9
2,1,60508,0,0,0,0,0,0,0,7,0,0
1,1,60509,0,0,0,0,0,0,0,0,0,0
2,1,60509,0,0,0,0,0,0,0,0,0,0
1,1,60510,0,0,0,0,0,0,0,0,0,0
2,1,60510,0,0,0,0,0,0,0,0,0,0
1,1,60511,0,0,0,0,0,0,0,0,0,0
2,1,60511,0,0,0,0,0,0,0,0,0,0
0,1,60512,0,0,0,0,0,0,0,0,0,0
1,1,60512,0,0,0,0,0,0,0,0,0,0
1,1,60513,15,15,15,15,15,15,15,15,15,15
2,1,60513,0,0,0,0,0,0,0,0,0,0
1,1,60514,8,8,8,8,8,8,8,8,8,8
2,1,60514,0,0,0,0,0,0,0,0,0,0
0,1,60515,0,0,0,0,0,0,0,0,0,0
1,1,60515,0,0,0,0,0,0,0,0,0,10
1,1,60516,0,0,0,0,0,0,0,0,0,0
2,1,60516,0,0,0,0,0,0,0,0,0,0
1,1,60517,16,16,16,16,16,16,16,16,16,16
1,1,60518,0,0,0,0,0,0,0,0,0,0
2,1,60518,0,0,0,0,0,0,0,0,0,0
1,1,60519,2,2,2,2,2,2,2,2,2,2
1,1,60520,10,39,8,6,0,24,19,22,23,26
2,1,60520,21,15,9,6,10,22,0,16,5,4
1,1,60521,0,0,0,0,0,0,0,0,0,0
2,1,60521,0,0,0,0,0,0,0,0,0,0
1,1,60522,0,0,0,0,0,0,0,0,0,0
2,1,60522,0,0,0,0,0,0,0,0,0,0
1,1,60523,0,0,0,0,0,0,0,0,0,0
2,1,60523,29,29,29,29,29,29,29,29,29,29
1,1,60524,0,0,0,0,0,0,0,0,0,0
2,1,60524,0,0,0,0,0,0,0,0,0,0
1,1,60525,16,16,16,16,16,16,16,16,16,16
2,1,60525,0,0,0,0,0,0,0,0,0,0
1,1,60526,0,0,0,0,0,0,0,0,0,0
2,1,60526,0,7,0,0,0,0,0,0,0,0
1,1,60527,12,18,21,12,13,14,19,15,0,10
1,1,60528,24,24,24,24,24,24,24,24,24,24
1,1,60529,19,0,0,0,0,0,6,0,0,0
1,1,60530,0,0,0,0,0,0,0,0,0,0
0,1,60531,0,0,0,0,0,0,0,0,0,0
1,1,60531,0,0,0,0,0,0,0,0,0,0
0,1,60532,24,24,24,24,24,24,24,24,24,24
1,1,60532,6,27,0,0,0,0,0,0,0,0
1,1,60533,0,0,0,0,0,0,0,0,0,0
2,1,60533,0,0,0,0,0,0,0,0,0,0
0,1,60534,0,0,0,0,0,0,0,0,0,0
0,2,60534,0,0,0,0,0,0,0,0,0,0
0,3,60534,0,0,0,0,0,0,0,0,0,0
1,1,60534,0,0,0,0,0,0,0,0,0,0
0,1,60535,19,19,19,19,19,19,19,19,19,19
1,1,60535,0,0,0,0,0,0,0,0,0,0
1,1,60536,25,25,25,25,25,25,25,25,25,25
0,1,60537,0,0,0,0,0,0,0,0,0,0
1,1,60537,0,0,0,0,0,0,0,0,0,0
0,1,60538,0,0,0,0,0,0,0,0,0,0
1,1,60538,0,0,0,0,0,0,0,0,0,0
0,1,60539,0,0,0,0,0,0,0,0,0,0
1,1,60539,0,0,0,0,0,0,0,0,0,0
0,1,60540,0,0,0,0,0,0,0,0,0,0
1,1,60540,0,0,0,0,0,0,0,0,0,0
1,1,60541,30,30,30,30,30,30,30,30,30,30
2,1,60541,0,12,6,0,0,0,0,0,0,0
0,1,60542,0,0,0,0,0,0,0,0,0,0
1,1,60542,0,0,0,0,0,0,0,0,0,0
1,1,60543,0,0,0,0,0,0,0,0,0,0
0,1,60544,0,0,0,0,0,0,0,0,0,0
1,1,60544,0,0,0,0,20,0,0,0,0,0
1,1,60545,15,15,15,15,15,15,15,15,15,15
0,1,60546,22,22,22,22,22,22,22,22,22,22
1,1,60546,0,0,0,0,0,0,0,0,0,0
0,1,60547,0,0,0,0,0,0,0,0,0,0
1,1,60547,0,0,0,0,0,0,0,0,0,0
1,1,60548,0,0,0,0,0,0,0,0,0,0
0,1,60549,0,0,0,0,0,0,0,0,0,0
1,1,60549,0,0,0,0,0,0,0,0,0,0
1,1,60550,0,0,0,0,0,0,0,0,0,0
0,1,60551,30,30,30,30,30,30,30,30,30,30
1,1,60551,0,0,0,0,5,0,0,0,0,0
0,1,60552,31,31,31,31,31,31,31,31,31,31
1,1,60552,0,0,3,0,0,0,0,0,0,0
0,1,60553,40,40,40,40,40,40,40,40,40,40
1,1,60553,0,0,0,10,23,0,0,0,0,0
0,1,60554,36,36,36,36,36,36,36,36,36,36
1,1,60554,0,0,0,0,0,0,0,0,21,0
1,1,60555,25,25,25,25,25,25,25,25,25,25
0,1,60556,0,0,0,0,0,0,0,0,0,0
1,1,60556,0,0,0,0,8,0,0,0,0,0
1,1,60557,0,0,0,0,0,0,0,0,0,0
1,1,60558,20,20,20,20,20,20,20,20,20,20
1,1,60559,20,20,20,20,20,20,20,20,20,20
1,1,60560,0,0,0,0,0,0,0,0,0,0
1,1,60561,0,0,0,0,0,0,0,0,0,0
0,1,60562,0,0,0,0,0,0,0,0,0,0
0,2,60562,0,0,0,0,0,0,0,0,0,0
0,3,60562,0,0,0,0,0,0,0,0,0,0
1,1,60562,0,0,0,0,0,0,0,0,0,0
1,1,60563,23,10,9,14,16,21,22,16,21,15
0,1,60564,0,0,0,0,0,0,0,0,0,0
1,1,60564,0,0,0,0,0,0,0,0,0,0
0,1,60565,26,26,26,26,26,26,26,26,26,26
1,1,60565,0,0,9,6,0,0,22,0,0,0
1,1,60566,15,15,15,15,15,15,15,15,15,15
1,1,60567,0,0,0,0,0,0,0,0,0,0
1,1,60568,32,32,32,32,32,32,32,32,32,32
1,1,60569,0,0,0,0,0,11,0,0,0,0
0,1,60570,35,35,35,35,35,35,35,35,35,35
1,1,60570,9,0,0,2,0,0,0,0,0,0
1,1,60571,11,11,11,11,11,11,11,11,11,11
1,1,60572,16,16,16,16,16,16,16,16,16,16
0,1,60573,0,0,0,0,0,0,0,0,0,0
1,1,60573,5,0,0,0,3,0,0,0,0,0
0,1,60574,0,0,0,0,0,0,0,0,0,0
1,1,60574,0,0,0,0,0,0,0,0,0,0
1,1,60575,10,10,10,10,10,10,10,10,10,10
1,1,60576,12,12,12,12,12,12,12,12,12,12
0,1,60577,0,0,0,0,0,0,0,0,0,0
1,1,60577,19,0,19,13,0,0,0,17,0,0
1,1,60578,7,7,7,7,7,7,7,7,7,7
1,1,60579,28,28,28,28,28,28,28,28,28,28
1,1,60580,27,27,27,27,27,27,27,27,27,27
0,1,60581,15,15,15,15,15,15,15,15,15,15
1,1,60581,0,0,0,0,0,16,0,0,0,0
0,1,60582,0,6,9,0,0,0,0,0,0,0
1,1,60582,0,0,0,0,0,0,0,0,0,0
1,1,60583,0,0,0,0,0,0,0,0,0,0
1,1,60584,10,11,0,10,18,8,18,27,13,11
0,1,60585,0,0,0,0,0,0,0,0,0,0
1,1,60585,0,0,0,0,0,0,0,0,0,0
0,1,60586,0,0,0,0,0,0,0,0,0,0
1,1,60586,0,0,0,0,0,0,0,0,0,0
1,1,60587,22,22,22,22,22,22,22,22,22,22
2,1,60587,0,0,0,0,0,0,0,0,0,0