VEH_NO,PER_NO,ST_CASE,P1,P2,P3,P4,P5,P6,P7,P8,P9,P10
1,1,60588,26,26,26,26,26,26,26,26,26,26
2,1,60588,0,0,0,0,0,0,0,0,0,0
1,1,60589,0,0,0,0,0,0,0,27,0,0
2,1,60589,0,0,0,0,0,0,0,0,0,0
1,1,60590,0,0,0,0,0,0,0,0,0,0
2,1,60590,0,0,0,0,0,0,0,0,0,0
1,1,60591,24,24,24,24,24,24,24,24,24,24
1,1,60592,0,0,0,0,0,0,0,0,0,0
1,1,60593,0,0,0,0,0,0,0,0,0,0
1,1,60594,15,15,15,15,15,15,15,15,15,15
0,1,60595,23,23,23,23,23,23,23,23,23,23
1,1,60595,0,0,0,0,0,0,0,0,26,38
1,1,60596,10,10,10,10,10,10,10,10,10,10
1,1,60597,6,6,6,6,6,6,6,6,6,6
1,1,60598,0,0,0,0,0,0,0,0,0,0
1,1,60599,26,26,26,26,26,26,26,26,26,26
1,1,60600,0,0,0,0,0,0,0,0,0,0
0,1,60601,0,0,0,0,0,0,0,0,0,0
1,1,60601,0,0,0,0,0,0,0,0,0,0
1,1,60602,0,0,0,0,0,0,0,0,0,0
2,1,60602,0,0,0,0,0,0,0,0,0,0
1,1,60603,0,0,0,0,0,0,0,0,0,0
2,1,60603,0,0,0,0,0,0,0,0,0,0
3,1,60603,0,0,0,0,0,0,0,0,0,0
0,1,60604,24,24,24,24,24,24,24,24,24,24
1,1,60604,0,0,20,0,0,0,0,0,0,0
2,1,60604,0,0,0,0,0,0,0,0,0,0
1,1,60605,0,0,0,0,0,0,0,0,0,0
2,1,60605,0,0,0,0,0,0,0,0,0,0
1,1,60606,0,0,0,0,0,0,0,0,0,0
2,1,60606,0,0,0,4,0,11,0,0,0,0
3,1,60606,0,0,0,0,0,0,0,0,0,0
1,1,60607,0,0,0,0,0,0,0,0,0,0
2,1,60607,0,0,0,0,0,0,0,0,0,0
0,1,60608,9,9,9,9,9,9,9,9,9,9
1,1,60608,0,0,0,0,0,0,0,0,0,0
1,1,60609,0,0,0,0,0,0,0,0,0,0
2,1,60609,0,0,0,0,0,0,0,0,0,0
1,1,60610,0,0,0,0,0,0,0,0,0,0
2,1,60610,0,0,0,0,0,0,0,0,0,0
1,1,60611,0,0,0,0,0,0,0,0,0,0
2,1,60611,8,0,0,0,0,0,0,0,0,0
1,1,60612,0,0,0,0,0,0,0,0,0,0
2,1,60612,0,0,0,0,0,0,0,0,0,0
0,1,60613,5,5,5,5,5,5,5,5,5,5
1,1,60613,0,0,0,0,0,0,0,0,0,0
0,1,60614,43,43,43,43,43,43,43,43,43,43
1,1,60614,6,6,6,6,6,6,6,6,6,6
1,1,60615,0,0,0,0,0,0,0,0,0,0
0,1,60616,26,26,26,26,26,26,26,26,26,26
1,1,60616,20,20,20,20,20,20,20,20,20,20
1,1,60617,12,12,12,12,12,12,12,12,12,12
0,1,60618,0,0,0,0,0,0,0,0,0,0
1,1,60618,11,11,11,11,11,11,11,11,11,11
1,1,60619,0,0,0,0,0,0,0,0,0,0
0,1,60620,18,18,18,18,18,18,18,18,18,18
1,1,60620,3,0,0,0,0,0,0,0,0,0
1,1,60621,0,0,0,0,0,0,0,0,0,0
1,1,60622,0,0,0,0,0,0,0,0,0,0
1,1,60623,0,0,0,0,0,0,0,0,0,0
1,1,60624,0,0,0,0,0,0,0,0,0,0
1,1,60625,16,16,16,16,16,16,16,16,16,16
1,1,60626,21,21,21,21,21,21,21,21,21,21
1,1,60627,0,0,0,0,0,0,0,0,0,0
1,1,60628,0,0,0,0,0,0,0,0,0,0
1,1,60629,1,1,1,1,1,1,1,1,1,1
1,1,60630,8,8,8,8,8,8,8,8,8,8
1,1,60631,18,18,18,18,18,18,18,18,18,18
0,1,60632,11,11,11,11,11,11,11,11,11,11
1,1,60632,13,28,17,12,12,9,15,30,20,21
1,1,60633,9,9,9,9,9,9,9,9,9,9
1,1,60634,0,0,0,0,0,0,0,0,0,0
0,1,60635,0,0,0,0,0,0,0,0,0,0
1,1,60635,0,0,0,0,5,0,0,0,0,0
0,1,60636,0,0,0,0,0,0,0,0,0,0
1,1,60636,0,0,0,0,0,0,0,0,0,0
1,1,60637,0,0,0,0,0,0,0,0,0,0
2,1,60637,0,0,0,0,0,0,0,0,0,0
1,1,60638,0,0,0,0,0,0,0,0,0,0
2,1,60638,0,0,0,0,0,0,0,0,0,0
3,1,60638,0,0,0,0,0,0,0,0,0,0
1,1,60639,3,3,3,3,3,3,3,3,3,3
1,1,60640,0,0,0,0,0,0,0,0,0,0
2,1,60640,0,0,0,0,0,0,0,0,0,0
1,1,60641,0,0,0,0,0,0,0,0,0,0
2,1,60641,0,0,0,0,0,0,0,0,0,0
3,1,60641,0,0,0,0,0,0,0,0,5,0
1,1,60642,21,21,21,21,21,21,21,21,21,21
1,1,60643,13,6,20,26,19,9,0,12,48,14
1,1,60644,31,31,31,31,31,31,31,31,31,31
1,1,60645,0,0,0,0,0,0,0,0,0,0
2,1,60645,0,0,0,0,0,0,0,0,0,0
1,1,60646,13,13,13,13,13,13,13,13,13,13
1,1,60647,0,0,0,0,0,0,0,0,0,0
2,1,60647,0,0,0,0,0,0,0,0,0,0
0,1,60648,0,0,0,0,0,0,0,0,0,0
1,1,60648,0,0,0,0,0,0,0,0,0,0
0,1,60649,0,0,0,0,0,0,0,0,0,0
1,1,60649,0,0,0,0,0,0,0,0,0,0
1,1,60650,0,0,0,0,0,0,0,0,0,0
2,1,60650,0,0,0,0,0,0,0,0,0,0
1,1,60651,0,0,0,0,0,0,0,0,0,0
2,1,60651,0,0,0,0,0,0,0,0,0,0
1,1,60652,16,16,16,16,16,16,16,16,16,16
0,1,60653,0,0,0,0,0,0,0,0,0,0
1,1,60653,0,0,0,0,0,0,0,0,0,0
0,1,60654,14,14,14,14,14,14,14,14,14,14
1,1,60654,0,0,0,0,0,0,0,0,0,0
1,1,60655,0,0,0,0,0,0,0,0,0,0
2,1,60655,0,0,0,0,0,0,0,0,0,0
1,1,60656,0,0,0,0,0,0,0,0,0,0
2,1,60656,0,0,0,0,0,0,0,0,0,0
1,1,60657,32,32,32,32,32,32,32,32,32,32
1,1,60658,0,0,0,0,0,0,0,0,0,0
2,1,60658,0,0,0,0,0,0,0,0,0,0
1,1,60659,0,0,0,0,0,0,0,0,0,0
2,1,60659,0,0,0,0,0,0,0,0,0,0
0,1,60660,33,33,33,33,33,33,33,33,33,33
1,1,60660,0,0,0,0,0,0,0,0,0,0
1,1,60661,18,18,18,18,18,18,18,18,18,18
1,1,60662,11,11,11,11,11,11,11,11,11,11
1,1,60663,10,7,11,6,10,9,13,9,11,9
1,1,60664,11,12,22,5,2,10,15,23,7,22
0,1,60665,0,0,0,0,0,0,0,0,0,0
1,1,60665,0,0,0,0,0,0,0,0,0,0
1,1,60666,9,9,9,9,9,9,9,9,9,9
1,1,60667,0,0,0,0,0,0,0,0,0,0
2,1,60667,0,0,0,0,0,0,0,0,0,0
1,1,60668,0,0,0,0,0,0,0,0,0,0
1,1,60669,0,0,0,0,0,0,0,0,0,0
2,1,60669,0,0,0,0,0,0,0,0,0,0
1,1,60670,0,0,0,0,0,0,0,0,0,0
2,1,60670,0,0,0,0,0,0,0,0,0,0
1,1,60671,0,0,24,24,8,20,8,7,24,15
2,1,60671,0,0,0,0,0,0,0,0,0,0
0,1,60672,35,35,35,35,35,35,35,35,35,35
1,1,60672,6,6,6,6,6,6,6,6,6,6
1,1,60673,0,0,0,0,0,0,0,0,0,0
1,1,60674,0,0,0,0,0,0,0,0,0,0
1,1,60675,0,0,0,0,0,0,0,0,0,0
1,1,60676,0,0,0,0,0,0,0,0,0,0
1,1,60677,26,26,26,26,26,26,26,26,26,26
1,1,60678,24,24,24,24,24,24,24,24,24,24
1,1,60679,0,0,0,0,0,0,0,0,0,0
1,1,60680,0,0,0,0,0,0,0,0,0,0
1,1,60681,0,0,0,0,0,0,0,0,0,0
1,1,60682,0,0,0,0,0,0,0,0,0,0
1,1,60683,0,0,0,0,0,0,0,0,0,0
1,1,60684,0,0,0,0,0,0,0,0,0,0
1,1,60685,35,35,35,35,35,35,35,35,35,35
0,1,60686,0,0,0,0,0,0,0,0,0,0
1,1,60686,17,0,0,0,0,13,8,0,17,0
1,1,60687,0,0,0,0,0,0,0,0,0,0
1,1,60688,0,0,0,0,0,0,0,0,0,0
1,1,60689,0,0,0,0,0,0,0,0,0,0
1,1,60690,0,0,0,0,0,0,0,0,0,0
1,1,60691,34,34,34,34,34,34,34,34,34,34
1,1,60692,0,0,0,0,0,0,0,0,0,0
1,1,60693,0,0,0,0,0,0,0,0,0,0
1,1,60694,0,0,0,0,0,0,0,0,0,0
1,1,60695,11,11,11,11,11,11,11,11,11,11
0,1,60696,0,0,0,0,0,0,0,0,0,0
1,1,60696,0,0,0,0,0,0,0,5,0,0
1,1,60697,5,5,5,5,5,5,5,5,5,5
1,1,60698,16,16,16,16,16,16,16,16,16,16
1,1,60699,0,0,0,0,0,0,0,0,0,0
1,1,60700,0,0,0,0,0,0,0,0,0,0
1,1,60701,26,26,26,26,26,26,26,26,26,26
1,1,60702,0,10,0,0,0,0,17,0,0,0
1,1,60703,0,0,0,0,0,0,0,0,0,0
1,1,60704,0,0,0,0,0,0,0,0,0,0
0,1,60705,0,0,0,0,0,0,0,0,0,0
1,1,60705,0,0,0,0,0,0,0,0,0,0
0,1,60706,9,9,9,9,9,9,9,9,9,9
1,1,60706,0,0,0,0,0,0,0,0,0,0
2,1,60706,0,0,0,0,5,0,0,0,0,0
1,1,60707,24,24,24,24,24,24,24,24,24,24
1,1,60708,34,34,34,34,34,34,34,34,34,34
1,1,60709,18,18,18,18,18,18,18,18,18,18
1,1,60710,21,21,21,21,21,21,21,21,21,21
2,1,60710,0,0,0,0,0,0,0,0,0,0
3,1,60710,0,0,0,0,0,0,0,0,0,0
4,1,60710,0,0,0,0,0,0,0,0,0,0
1,1,60711,0,0,0,0,0,0,0,0,0,0
2,1,60711,0,0,0,0,0,0,0,0,0,0
3,1,60711,0,0,0,0,0,0,0,0,0,0
4,1,60711,0,0,0,0,0,0,0,0,0,0
5,1,60711,0,0,0,0,0,0,0,0,0,0
1,1,60712,0,0,0,0,0,0,0,0,0,0
2,1,60712,0,0,0,0,0,0,0,0,0,0
3,1,60712,0,0,0,0,0,0,0,0,0,0
4,1,60712,0,0,0,0,0,0,0,0,0,0
1,1,60713,19,19,19,19,19,19,19,19,19,19
2,1,60713,0,0,0,0,0,0,0,0,0,0
1,1,60714,15,15,15,15,15,15,15,15,15,15
2,1,60714,0,0,0,0,0,0,0,0,0,0
0,1,60715,0,0,0,0,0,0,0,0,0,0
1,1,60715,0,0,0,0,0,0,0,0,0,0
3,1,60715,0,0,0,0,0,0,0,0,0,0
4,1,60715,0,0,0,0,0,0,0,0,0,0
1,1,60716,0,0,0,0,0,0,0,0,0,0
2,1,60716,0,0,0,0,0,0,0,0,0,0
1,1,60717,0,0,0,0,0,0,0,0,0,0
2,1,60717,0,0,0,0,0,0,0,0,0,0
3,1,60717,0,0,0,0,0,0,0,0,0,0
0,1,60718,0,0,0,0,0,0,0,0,0,0
1,1,60718,16,16,16,16,16,16,16,16,16,16
2,1,60718,0,0,7,0,0,0,0,0,0,0
0,1,60719,0,0,0,0,0,0,0,0,0,0
1,1,60719,0,0,0,0,0,0,0,0,0,0
1,1,60720,34,34,34,34,34,34,34,34,34,34
2,1,60720,0,0,0,0,0,0,0,0,0,0
3,1,60720,0,0,0,0,0,0,0,0,0,0
4,1,60720,0,0,0,0,0,0,0,0,0,0
1,1,60721,0,0,0,0,0,0,0,0,0,0
2,1,60721,0,0,0,0,0,0,0,0,0,0
1,1,60722,12,12,12,12,12,12,12,12,12,12
2,1,60722,0,0,0,0,0,0,0,0,0,0
1,1,60723,23,23,23,23,23,23,23,23,23,23
2,1,60723,0,0,0,0,0,0,0,0,0,0
1,1,60724,0,0,0,0,0,0,0,0,0,0
2,1,60724,0,0,0,0,0,0,0,0,0,0
1,1,60725,0,0,0,0,0,0,0,0,0,0
2,1,60725,0,0,0,0,0,0,0,0,7,0
1,1,60726,14,14,14,14,14,14,14,14,14,14
1,1,60727,0,0,0,0,0,0,0,0,0,0
2,1,60727,0,0,0,0,0,0,0,0,0,5
1,1,60728,0,0,0,0,0,0,0,0,0,0
2,1,60728,0,0,0,0,0,0,0,0,0,0
1,1,60729,0,0,0,0,0,0,0,0,0,0
2,1,60729,0,0,0,0,0,0,0,0,0,0
1,1,60730,30,30,30,30,30,30,30,30,30,30
2,1,60730,0,0,0,0,0,0,0,0,4,0
1,1,60731,0,0,0,0,0,0,0,0,0,0
2,1,60731,0,0,0,0,0,0,0,0,0,0
1,1,60732,18,18,18,18,18,18,18,18,18,18
2,1,60732,0,0,0,0,0,0,0,0,0,0
1,1,60733,8,8,8,8,8,8,8,8,8,8
2,1,60733,0,0,0,0,14,0,0,0,0,0
1,1,60734,27,27,27,27,27,27,27,27,27,27
2,1,60734,10,0,0,0,0,0,0,0,0,0
1,1,60735,15,15,15,15,15,15,15,15,15,15
2,1,60735,0,0,0,0,0,0,0,0,0,0
1,1,60736,0,0,0,0,0,0,0,0,0,0
2,1,60736,0,10,18,19,15,0,11,18,12,21
1,1,60737,30,30,30,30,30,30,30,30,30,30
2,1,60737,0,0,0,0,0,0,0,0,0,0
1,1,60738,21,0,0,24,13,0,9,0,0,0
2,1,60738,0,0,0,0,0,0,0,0,0,0
3,1,60738,0,2,0,0,0,0,0,0,0,0
1,1,60739,20,20,20,20,20,20,20,20,20,20
2,1,60739,0,0,0,0,0,0,0,0,0,0
3,1,60739,0,0,0,0,0,0,0,0,0,0
1,1,60740,0,0,0,0,0,0,0,0,0,0
2,1,60740,0,0,0,0,0,0,0,0,0,0
3,1,60740,0,0,0,0,0,0,0,0,0,0
4,1,60740,0,0,0,0,0,0,0,0,0,0
1,1,60741,0,0,0,0,0,0,0,0,0,0
2,1,60741,0,0,0,0,0,0,0,0,0,0
3,1,60741,0,0,0,0,0,22,0,0,0,0
0,1,60742,0,0,0,0,0,0,0,0,0,0
1,1,60742,0,0,0,0,0,0,0,0,0,0
2,1,60742,0,0,0,0,0,0,0,0,0,0
3,1,60742,0,0,0,0,0,0,13,0,0,0
4,1,60742,0,0,0,0,0,0,0,0,0,0
0,1,60743,14,14,14,14,14,14,14,14,14,14
1,1,60743,0,0,0,0,0,13,0,0,0,0
1,1,60744,11,11,11,11,11,11,11,11,11,11
1,1,60745,0,0,0,0,0,0,0,0,0,0
2,1,60745,0,0,0,0,0,0,0,0,0,0
1,1,60746,41,41,41,41,41,41,41,41,41,41
1,1,60747,0,0,0,0,0,0,0,0,0,0
1,1,60748,0,0,0,0,0,0,0,0,0,0
2,1,60748,13,0,0,0,0,0,0,0,0,0
0,1,60749,0,0,0,0,0,0,0,0,0,0
1,1,60749,0,0,0,0,0,0,0,0,0,0
1,1,60750,0,0,0,0,0,0,0,0,0,0
0,1,60751,0,0,0,0,0,0,0,0,0,0
1,1,60751,0,0,0,0,15,0,9,0,0,0
1,1,60752,0,0,0,0,0,0,0,0,0,0
2,1,60752,0,0,0,0,0,0,0,0,0,0
1,1,60753,0,0,0,0,0,0,0,0,0,0
1,1,60754,21,21,21,21,21,21,21,21,21,21
1,1,60755,0,0,0,0,0,0,0,0,0,0
2,1,60755,0,0,0,0,0,0,0,0,0,0
1,1,60756,0,0,0,0,0,0,0,0,0,0
2,1,60756,0,0,0,0,0,0,0,0,0,0
1,1,60757,0,0,0,0,0,0,0,0,0,0
2,1,60757,9,9,9,9,9,9,9,9,9,9
0,1,60758,0,0,0,0,0,0,0,0,0,0
1,1,60758,0,0,0,0,0,0,0,0,0,0
1,1,60759,0,0,0,0,0,0,0,0,0,0
2,1,60759,0,0,0,0,0,0,0,0,0,0
1,1,60760,10,10,10,10,10,10,10,10,10,10
1,1,60761,32,32,32,32,32,32,32,32,32,32
1,1,60762,23,23,23,23,23,23,23,23,23,23
1,1,60763,14,14,14,14,14,14,14,14,14,14
1,1,60764,0,0,0,0,0,0,0,0,0,0
0,1,60765,0,0,0,0,0,0,0,0,0,0
1,1,60765,0,0,0,0,0,0,8,0,0,0
0,1,60766,0,2,0,0,0,0,14,0,23,0
1,1,60766,7,15,0,0,0,0,0,0,4,0
1,1,60767,0,0,0,0,0,0,0,0,0,0
1,1,60768,35,35,35,35,35,35,35,35,35,35
0,1,60769,0,0,0,0,0,0,0,0,0,0
1,1,60769,0,0,0,0,0,0,0,0,0,0
0,1,60770,0,0,0,0,0,0,0,0,0,0
0,2,60770,0,0,0,0,0,0,0,12,0,0
1,1,60770,10,0,0,13,8,19,0,0,0,14
1,1,60771,10,10,10,10,10,10,10,10,10,10
1,1,60772,0,0,0,0,0,0,0,0,0,0
2,1,60772,0,0,0,0,0,0,0,0,0,0
0,1,60773,0,0,0,0,0,0,0,0,0,0
1,1,60773,0,0,7,0,12,0,0,5,0,0
1,1,60774,0,0,0,0,0,0,0,0,0,0
1,1,60775,21,21,21,21,21,21,21,21,21,21
2,1,60775,0,0,0,2,0,0,0,0,0,0
1,1,60776,0,17,0,0,9,0,2,0,0,0
2,1,60776,19,0,5,13,8,19,18,17,13,27
1,1,60777,0,0,0,0,0,0,0,0,0,0
2,1,60777,0,3,0,0,0,0,0,0,0,0
1,1,60778,5,5,5,5,5,5,5,5,5,5
1,1,60779,0,3,0,0,0,0,0,0,0,0
1,1,60780,0,0,0,0,0,0,0,0,0,0
1,1,60781,17,17,17,17,17,17,17,17,17,17
1,1,60782,0,9,0,0,0,17,9,8,0,0
1,1,60783,12,12,12,12,12,12,12,12,12,12
1,1,60784,12,12,12,12,12,12,12,12,12,12
0,1,60785,0,0,0,0,0,0,0,0,0,0
1,1,60785,0,0,0,0,0,0,0,0,0,0
1,1,60786,0,0,0,0,0,0,0,0,0,27
1,1,60787,0,0,0,0,0,0,0,0,0,0
1,1,60788,19,19,19,19,19,19,19,19,19,19
0,1,60789,0,0,0,0,0,0,0,0,0,0
1,1,60789,8,0,0,30,0,6,11,12,0,0
1,1,60790,7,7,7,7,7,7,7,7,7,7
1,1,60791,0,0,0,0,0,0,0,0,0,0
0,1,60792,0,0,0,0,0,0,0,0,0,0
1,1,60792,0,0,0,0,0,0,0,0,0,0
0,1,60793,0,0,0,0,0,0,0,0,0,0
1,1,60793,0,0,0,0,0,0,0,0,0,0
1,1,60794,8,8,8,8,8,8,8,8,8,8
1,1,60795,0,0,0,0,0,0,0,0,0,0
1,1,60796,0,0,0,0,0,0,0,0,0,0
1,1,60797,15,15,15,15,15,15,15,15,15,15
1,1,60798,22,22,22,22,22,22,22,22,22,22
1,1,60799,21,21,21,21,21,21,21,21,21,21
1,1,60800,30,30,30,30,30,30,30,30,30,30
0,1,60801,0,0,0,0,0,0,0,0,0,0
1,1,60801,0,5,0,0,0,0,0,0,0,0
0,1,60802,0,0,0,0,0,0,0,0,0,0
1,1,60802,0,0,0,0,0,0,0,0,0,0
0,1,60803,0,0,0,0,0,0,0,0,0,0
1,1,60803,0,0,0,0,0,0,0,0,0,0
1,1,60804,0,0,0,0,0,0,0,0,0,0
2,1,60804,0,0,0,0,0,0,0,0,0,0
1,1,60805,14,0,0,0,0,0,0,0,4,0
2,1,60805,0,8,0,0,0,0,0,0,0,0
0,1,60806,16,16,16,16,16,16,16,16,16,16
1,1,60806,0,0,0,0,0,0,0,0,0,0
2,1,60806,7,0,0,0,0,0,0,0,0,0
3,1,60806,0,17,0,0,0,0,0,0,0,0
1,1,60807,0,0,0,0,0,0,0,0,0,0
1,1,60808,0,0,0,0,0,0,0,0,0,0
2,1,60808,0,0,0,0,0,0,0,0,0,0
1,1,60809,0,0,0,0,0,0,0,0,0,0
2,1,60809,0,0,0,0,0,0,0,0,0,0
1,1,60810,1,1,1,1,1,1,1,1,1,1
2,1,60810,0,0,0,0,0,10,0,0,0,0
1,1,60811,0,24,0,0,0,0,0,0,0,0
2,1,60812,13,13,13,13,13,13,13,13,13,13
1,1,60813,10,10,10,10,10,10,10,10,10,10
1,1,60814,0,0,0,0,0,0,0,0,0,0
2,1,60814,0,0,0,0,0,0,0,0,0,0
1,1,60815,0,0,0,0,0,0,0,0,0,0
1,1,60816,0,0,0,0,0,0,0,0,0,0
1,1,60817,0,0,0,0,0,0,0,0,0,0
1,1,60818,0,0,0,0,0,0,0,0,0,0
2,1,60818,0,0,0,0,0,0,0,0,0,0
1,1,60819,0,0,0,0,0,0,0,0,0,0
1,1,60820,16,16,16,16,16,16,16,16,16,16
2,1,60820,0,0,0,0,0,0,0,0,0,0
1,1,60821,0,0,0,0,0,0,0,0,0,0
2,1,60821,0,0,0,0,0,0,0,0,0,0
1,1,60822,0,0,0,0,0,0,0,0,0,0
0,1,60823,0,0,0,0,0,0,0,0,0,0
1,1,60823,0,0,0,0,0,0,0,0,0,0
0,1,60824,0,0,0,0,0,0,0,0,0,0
0,2,60824,0,0,0,0,0,0,0,0,0,0
1,1,60824,0,0,0,0,0,0,0,0,0,0
1,1,60825,0,0,0,0,0,0,0,0,0,0
2,1,60825,0,0,0,0,0,0,0,0,0,0
1,1,60826,23,23,23,23,23,23,23,23,23,23
1,1,60827,38,38,38,38,38,38,38,38,38,38
2,1,60827,0,0,0,8,0,0,0,0,0,0
1,1,60828,23,23,23,23,23,23,23,23,23,23
1,1,60829,0,0,0,0,0,0,0,0,0,0
1,1,60830,16,16,16,16,16,16,16,16,16,16
1,1,60831,17,17,17,17,17,17,17,17,17,17
1,1,60832,0,0,0,0,0,0,0,0,0,0
0,1,60833,0,0,0,0,0,0,0,0,0,0
1,1,60833,0,0,0,0,0,0,0,0,0,0
0,1,60834,23,23,23,23,23,23,23,23,23,23
1,1,60834,0,0,0,0,0,0,0,0,0,0
1,1,60835,0,0,0,0,0,0,0,0,0,0
1,1,60836,0,0,0,0,0,0,0,0,0,0
2,1,60836,0,0,0,0,0,8,0,0,0,0
1,1,60837,28,28,28,28,28,28,28,28,28,28
0,1,60838,18,18,18,18,18,18,18,18,18,18
1,1,60838,18,0,0,0,0,0,4,0,0,17
1,1,60839,0,0,0,0,0,0,0,0,0,0
0,1,60840,0,0,0,0,0,0,0,0,0,0
1,1,60840,0,0,0,0,0,0,0,0,0,0
1,1,60841,16,16,16,16,16,16,16,16,16,16
0,1,60842,0,0,0,0,0,0,0,0,0,0
1,1,60842,0,0,0,0,0,0,0,0,0,0
1,1,60843,0,0,0,0,0,0,0,0,0,0
2,1,60843,0,0,0,0,0,0,0,0,0,0
0,1,60844,0,0,0,0,0,0,0,0,0,0
1,1,60844,0,0,0,0,0,0,0,0,0,0
1,1,60845,0,0,0,0,0,0,0,0,0,0
0,1,60846,12,20,14,39,16,27,17,17,5,10
1,1,60846,0,0,20,0,16,0,0,0,0,0
0,1,60847,0,0,0,0,0,0,0,0,0,0
1,1,60847,0,0,0,0,0,0,0,0,0,0
1,1,60848,0,0,0,0,0,0,0,0,0,0
0,1,60849,0,0,0,0,0,0,0,0,0,0
1,1,60849,0,0,0,0,0,0,0,0,0,0
0,1,60850,0,0,0,0,0,0,0,0,0,0
1,1,60850,0,0,0,0,0,0,0,0,0,0
1,1,60851,0,0,0,0,0,0,0,0,0,0
1,1,60852,0,0,0,0,0,0,0,0,0,0
2,1,60852,0,0,0,0,0,0,0,0,0,0
1,1,60853,15,15,15,15,15,15,15,15,15,15
1,1,60854,0,0,0,0,0,0,0,0,0,0
2,1,60854,0,0,0,0,0,0,0,0,0,0
0,1,60855,0,0,0,0,0,0,0,0,0,0
1,1,60855,0,0,0,0,0,0,0,0,0,0
0,1,60856,0,0,0,0,0,0,0,0,0,0
1,1,60856,0,0,19,0,0,0,0,0,0,0
1,1,60857,0,0,0,0,0,0,0,0,0,0
1,1,60858,0,0,0,0,0,0,0,0,0,0
2,1,60858,0,0,0,0,0,0,0,0,0,0
0,1,60859,0,0,0,0,0,0,0,0,0,0
1,1,60859,0,0,0,0,0,0,0,0,0,0
1,1,60860,0,0,0,0,0,0,0,0,0,0
2,1,60860,0,0,0,0,0,0,0,0,0,0
1,1,60861,0,0,0,0,0,0,0,0,0,0
1,1,60862,3,3,3,3,3,3,3,3,3,3
1,1,60863,0,0,0,0,0,0,0,0,0,0
2,1,60863,0,0,0,0,0,0,0,0,0,0
1,1,60864,0,0,0,0,0,0,0,0,0,0
1,1,60865,0,0,0,0,0,0,0,0,0,0
1,1,60866,0,0,0,0,0,0,0,0,0,0
2,1,60866,0,0,0,0,0,0,0,0,0,0
3,1,60866,14,0,0,0,0,0,0,0,0,0
1,1,60867,34,34,34,34,34,34,34,34,34,34
2,1,60867,0,0,0,0,0,0,0,0,0,0
3,1,60867,0,0,0,0,0,0,13,0,0,0
4,1,60867,0,0,4,0,0,0,0,0,0,0
1,1,60868,13,13,13,13,13,13,13,13,13,13
2,1,60868,0,0,0,0,0,0,0,0,0,0
3,1,60868,0,0,0,0,0,0,0,0,0,0
4,1,60868,0,0,0,0,11,0,0,0,10,0
5,1,60868,0,0,0,0,0,0,0,0,0,0
6,1,60868,0,0,0,0,0,9,0,0,0,0
7,1,60868,0,6,0,0,0,0,0,0,0,0
0,1,60869,0,0,0,0,0,0,0,0,0,0
0,2,60869,0,0,0,0,0,0,0,0,0,0
1,1,60869,0,0,0,0,0,0,0,0,0,0
0,1,60870,15,15,15,15,15,15,15,15,15,15
0,2,60870,35,12,14,8,0,37,15,18,0,31
0,3,60870,13,19,23,14,0,21,0,11,0,11
1,1,60870,0,0,0,26,0,24,9,0,14,11
2,1,60870,14,0,11,21,11,13,2,17,20,24
0,1,60871,19,19,19,19,19,19,19,19,19,19
1,1,60871,0,0,0,0,0,0,0,0,0,0
0,1,60872,0,0,0,0,0,0,0,0,0,0
1,1,60872,0,0,0,0,0,0,0,0,0,0
1,1,60873,0,0,0,0,0,0,0,0,0,0
1,1,60874,0,0,0,0,0,0,0,0,0,0
1,1,60875,0,0,0,0,6,0,0,0,0,14
2,1,60875,0,0,0,0,0,0,0,0,0,0
0,1,60876,0,0,14,8,3,0,0,22,19,0
1,1,60876,0,0,0,0,0,0,0,0,0,0
1,1,60877,0,0,0,0,0,0,0,0,0,0
2,1,60877,0,0,0,0,0,0,0,0,0,0
3,1,60877,0,0,0,0,0,0,0,0,0,0
1,1,60878,16,16,16,16,16,16,16,16,16,16
1,1,60879,0,0,0,0,0,0,0,0,0,0
2,1,60879,2,2,2,2,2,2,2,2,2,2
1,1,60880,0,0,0,0,0,0,0,0,0,0
2,1,60880,0,0,0,0,0,0,0,0,0,0
1,1,60881,0,0,0,15,0,0,0,0,0,0
1,1,60882,0,0,0,0,0,0,0,0,0,0
1,1,60883,4,4,4,4,4,4,4,4,4,4
1,1,60884,0,0,0,0,0,0,0,0,0,0
2,1,60884,0,0,0,0,0,0,0,0,0,0
0,1,60885,0,0,0,0,0,0,0,0,0,0
1,1,60885,0,0,0,0,0,0,0,0,0,0
1,1,60886,0,0,0,0,0,0,0,0,0,0
1,1,60887,20,20,20,20,20,20,20,20,20,20
0,1,60888,0,0,0,0,0,0,0,0,0,0