VEH_NO,PER_NO,ST_CASE,P1,P2,P3,P4,P5,P6,P7,P8,P9,P10
1,1,60888,0,0,0,0,0,0,0,0,0,0
1,1,60889,29,29,29,29,29,29,29,29,29,29
0,1,60890,29,29,29,29,29,29,29,29,29,29
1,1,60890,0,0,0,0,0,0,0,0,0,0
1,1,60891,21,21,21,21,21,21,21,21,21,21
1,1,60892,8,8,8,8,8,8,8,8,8,8
0,1,60893,0,0,0,0,0,0,0,0,0,0
1,1,60893,0,0,0,0,0,0,0,0,0,20
1,1,60894,0,0,0,0,0,0,0,0,0,0
2,1,60894,0,0,0,0,0,0,0,0,0,0
1,1,60895,0,0,0,0,0,0,0,0,0,0
2,1,60895,0,0,0,0,0,0,0,0,0,0
1,1,60896,0,0,0,0,0,0,0,0,0,0
2,1,60896,0,0,0,0,0,0,0,0,0,0
1,1,60897,0,0,0,0,0,0,0,0,0,0
2,1,60897,0,0,0,0,0,0,0,0,0,0
3,1,60897,0,0,0,0,0,0,0,10,0,0
1,1,60898,0,0,0,0,0,0,0,0,0,0
2,1,60898,0,0,0,0,0,0,0,0,0,0
0,1,60899,0,0,0,0,0,0,0,0,0,0
0,2,60899,4,37,0,0,19,0,0,0,0,0
1,1,60899,0,0,0,0,0,0,0,0,0,0
2,1,60899,0,0,0,0,0,0,0,0,0,0
1,1,60900,0,0,0,0,0,0,0,0,0,0
2,1,60900,0,0,0,0,0,0,0,0,0,0
1,1,60901,0,0,0,0,0,0,0,0,0,0
2,1,60901,0,0,0,0,0,0,0,0,0,0
1,1,60902,0,0,0,0,0,0,0,0,0,0
2,1,60902,0,0,0,0,0,0,0,0,0,0
1,1,60903,11,11,11,11,11,11,11,11,11,11
2,1,60903,0,0,0,0,0,0,0,0,0,0
1,1,60904,0,0,0,0,0,0,0,0,0,0
2,1,60904,0,0,0,0,0,0,0,0,0,0
1,1,60905,0,0,0,0,0,0,0,0,0,0
2,1,60905,0,0,0,0,0,0,0,0,0,0
1,1,60906,0,0,0,0,0,0,0,0,0,0
2,1,60906,0,0,0,0,0,0,0,0,0,0
3,1,60906,0,0,0,0,0,0,0,0,0,0
1,1,60907,0,0,0,0,0,0,0,0,0,0
2,1,60907,0,0,0,0,0,0,0,0,0,0
1,1,60908,0,0,0,0,0,0,0,0,0,0
2,1,60908,0,0,0,0,0,0,0,0,0,0
0,1,60909,0,0,0,0,0,0,0,0,0,0
1,1,60909,0,0,0,0,0,0,0,0,0,0
1,1,60910,0,0,0,0,0,0,0,0,0,0
2,1,60910,0,0,0,0,0,0,0,0,0,0
1,1,60911,0,0,0,0,0,0,0,0,0,0
2,1,60911,0,0,0,0,0,0,0,0,0,0
3,1,60911,0,0,0,0,0,0,0,0,0,0
4,1,60911,0,0,0,0,0,0,0,0,0,0
5,1,60911,0,0,0,0,0,0,0,0,0,0
6,1,60911,0,0,0,0,0,0,0,0,0,0
0,1,60912,0,0,0,0,0,0,0,0,0,0
1,1,60912,0,0,0,0,0,0,0,16,0,0
2,1,60912,0,0,0,0,0,0,0,0,0,0
3,1,60912,0,4,0,8,0,26,0,0,16,0
4,1,60912,0,0,0,0,0,0,0,0,0,0
0,1,60913,0,0,0,0,0,0,0,0,0,0
0,2,60913,0,0,0,0,0,0,0,0,0,0
2,1,60913,0,0,0,0,0,0,0,0,0,0
0,1,60914,0,0,32,0,0,0,0,0,0,0
0,2,60914,0,0,33,0,23,0,0,25,36,0
1,1,60914,0,0,0,0,0,0,0,0,0,0
1,1,60915,8,18,0,31,24,10,4,0,13,21
2,1,60915,16,0,15,3,0,10,9,16,0,35
1,1,60916,0,0,0,0,0,0,0,0,0,0
2,1,60916,0,0,0,0,0,0,0,0,0,0
1,1,60917,0,0,0,0,0,0,0,0,0,0
2,1,60917,0,0,0,0,0,0,0,0,0,0
3,1,60917,0,0,0,0,0,0,0,0,0,0
0,1,60918,0,20,0,0,6,0,15,0,29,19
1,1,60918,0,0,0,0,0,0,0,0,0,0
1,1,60919,0,0,0,0,0,0,0,0,0,0
2,1,60919,12,12,12,12,12,12,12,12,12,12
1,1,60920,0,0,0,0,0,0,0,0,0,0
2,1,60920,0,0,0,0,0,0,0,0,0,0
1,1,60921,29,29,29,29,29,29,29,29,29,29
2,1,60921,0,0,0,0,0,0,0,0,0,0
3,1,60921,0,0,0,0,0,0,0,0,0,0
1,1,60922,35,35,35,35,35,35,35,35,35,35
1,1,60923,0,0,0,0,0,0,0,0,0,0
2,1,60923,0,0,0,0,0,0,0,0,0,0
1,1,60924,0,0,0,0,0,0,0,0,0,0
2,1,60924,0,0,0,0,0,0,0,0,0,0
1,1,60925,0,0,0,0,0,0,0,0,0,0
2,1,60925,0,0,0,0,0,0,0,0,0,0
3,1,60925,0,0,0,0,0,0,0,0,0,0
1,1,60926,0,0,0,0,0,0,0,0,0,0
2,1,60926,0,0,0,0,0,12,0,0,0,0
3,1,60926,0,0,0,0,0,0,0,0,0,0
1,1,60927,0,0,0,0,0,0,0,0,0,0
2,1,60927,0,0,0,0,0,0,0,0,0,0
1,1,60928,0,0,0,0,0,0,0,0,0,0
2,1,60928,0,0,0,0,0,0,0,0,0,0
3,1,60928,0,0,0,0,0,0,0,0,0,0
1,1,60929,0,0,0,0,0,0,0,13,0,0
2,1,60929,0,0,0,0,0,0,0,0,0,0
1,1,60930,16,16,16,16,16,16,16,16,16,16
2,1,60930,0,0,0,0,0,0,0,0,0,0
1,1,60931,0,0,0,0,0,0,0,0,0,0
2,1,60931,0,0,0,0,0,0,0,0,0,0
1,1,60932,15,15,15,15,15,15,15,15,15,15
2,1,60932,0,0,0,0,0,0,0,0,0,0
1,1,60933,0,0,0,0,0,0,0,0,0,0
2,1,60933,0,0,0,0,0,0,0,0,0,0
1,1,60934,0,0,0,0,0,0,0,0,0,0
2,1,60934,0,8,11,0,0,0,0,0,0,0
1,1,60935,0,0,0,0,0,0,0,0,0,0
2,1,60935,0,0,0,0,0,0,0,0,0,0
1,1,60936,27,27,27,27,27,27,27,27,27,27
1,1,60937,0,0,0,0,0,0,0,0,0,0
2,1,60937,0,0,0,0,0,0,0,0,0,0
3,1,60937,0,0,0,0,0,0,0,0,0,0
1,1,60938,0,0,0,0,0,0,0,0,0,0
1,1,60939,0,0,0,0,0,0,0,0,0,0
2,1,60939,0,0,0,0,0,0,0,0,0,0
1,1,60940,0,0,0,0,0,0,0,0,0,0
2,1,60940,0,0,0,0,0,0,0,0,0,0
1,1,60941,11,10,13,9,14,14,9,28,24,6
2,1,60941,0,0,0,0,25,0,8,0,0,0
1,1,60942,17,3,28,18,12,0,16,28,14,14
2,1,60942,16,16,16,16,16,16,16,16,16,16
1,1,60943,0,0,0,0,0,0,0,0,0,0
2,1,60943,0,0,0,0,0,0,0,0,0,0
1,1,60944,0,12,0,17,0,0,0,0,0,24
2,1,60944,0,0,0,0,0,0,0,32,7,0
1,1,60945,26,26,26,26,26,26,26,26,26,26
2,1,60945,0,0,0,0,0,0,0,0,0,0
3,1,60945,0,0,0,0,0,0,0,0,0,0
1,1,60946,15,15,15,15,15,15,15,15,15,15
1,1,60947,0,0,0,0,16,13,0,0,0,0
0,1,60948,0,0,0,0,0,0,0,0,0,0
1,1,60948,0,0,0,0,0,0,0,0,0,0
1,1,60949,7,7,7,7,7,7,7,7,7,7
2,1,60949,0,0,0,0,0,0,0,0,0,0
1,1,60950,18,18,18,18,18,18,18,18,18,18
1,1,60951,0,0,0,0,0,0,0,0,0,0
2,1,60951,0,0,0,0,0,0,0,0,0,0
1,1,60952,0,0,0,0,0,0,0,0,0,0
2,1,60952,0,0,0,0,0,0,0,0,0,0
3,1,60952,0,0,0,0,0,0,0,0,0,0
4,1,60952,0,0,0,0,0,0,0,0,0,0
1,1,60953,0,0,0,0,0,0,0,0,0,0
2,1,60953,0,0,0,0,0,0,0,0,0,0
1,1,60954,0,0,0,0,0,0,0,0,0,0
2,1,60954,0,0,0,0,0,0,0,0,0,0
1,1,60955,0,0,0,0,0,0,0,0,0,0
2,1,60955,0,0,0,0,0,0,0,0,0,0
1,1,60956,0,0,0,0,0,0,0,0,0,0
2,1,60956,0,0,0,0,0,0,0,0,0,0
1,1,60957,0,0,0,0,0,0,0,0,0,0
1,1,60958,0,0,0,0,0,0,0,0,0,0
1,1,60959,0,0,0,0,0,0,0,0,0,0
2,1,60959,0,0,0,0,0,0,0,0,0,0
1,1,60960,0,0,0,0,0,0,0,0,0,0
1,1,60961,0,0,0,0,0,0,0,11,0,0
1,1,60962,0,0,0,0,0,0,0,0,0,0
0,1,60963,25,25,25,25,25,25,25,25,25,25
1,1,60963,0,0,0,0,0,0,0,0,0,0
0,1,60964,23,23,23,23,23,23,23,23,23,23
1,1,60964,0,0,0,0,0,0,0,0,0,0
1,1,60965,0,0,0,0,0,0,0,0,0,0
1,1,60966,0,0,0,0,0,0,0,0,0,0
1,1,60967,13,13,13,13,13,13,13,13,13,13
1,1,60968,0,0,0,0,0,0,0,0,0,0
2,1,60968,0,0,0,0,0,0,0,0,0,0
1,1,60969,0,0,0,0,0,0,0,0,0,0
2,1,60969,0,9,10,0,0,10,0,0,0,0
1,1,60970,0,0,0,0,0,0,0,0,0,0
2,1,60970,0,0,0,0,0,0,0,0,0,0
1,1,60971,22,22,22,22,22,22,22,22,22,22
1,1,60972,0,0,0,0,0,0,0,0,0,0
1,1,60973,0,0,0,0,0,0,0,0,0,0
1,1,60974,0,0,0,0,0,0,0,0,0,0
0,1,60975,25,25,25,25,25,25,25,25,25,25
1,1,60975,0,0,0,4,0,3,21,0,0,0
1,1,60976,24,24,24,24,24,24,24,24,24,24
1,1,60977,23,23,23,23,23,23,23,23,23,23
1,1,60978,0,0,0,0,0,0,0,0,0,0
1,1,60979,0,0,0,0,0,0,0,0,0,0
2,1,60979,0,0,0,0,0,0,0,0,0,0
1,1,60980,16,12,0,0,0,0,21,0,5,0
2,1,60980,0,0,0,0,0,0,0,0,0,0
1,1,60981,0,0,0,0,0,0,0,0,0,0
2,1,60981,0,0,0,8,0,0,0,22,0,0
1,1,60982,0,0,0,0,0,0,0,0,0,0
2,1,60982,0,0,0,0,0,0,0,15,0,0
3,1,60982,0,0,0,0,0,0,0,0,0,0
1,1,60983,0,0,0,0,0,0,0,0,0,0
2,1,60983,0,0,0,0,0,0,0,0,0,0
3,1,60983,0,0,0,0,0,0,0,0,0,0
1,1,60984,0,0,0,0,0,0,0,0,0,0
2,1,60984,0,0,0,0,0,0,0,0,0,0
1,1,60985,0,0,0,0,0,0,0,0,0,0
2,1,60985,0,0,0,0,0,0,0,0,0,0
1,1,60986,0,0,0,0,0,0,0,0,0,0
2,1,60986,0,0,0,0,0,0,0,0,0,0
3,1,60986,0,0,0,0,0,0,10,0,0,0
1,1,60987,0,0,0,0,0,0,0,0,0,0
2,1,60987,0,0,0,0,0,0,0,0,0,0
3,1,60987,0,0,0,0,0,0,0,0,0,0
0,1,60988,0,0,0,0,0,0,0,0,0,0
1,1,60988,0,0,0,0,0,0,0,0,0,0
1,1,60989,0,0,0,0,0,0,0,0,0,0
2,1,60989,0,0,0,0,0,0,0,0,0,0
3,1,60989,0,0,0,0,0,0,0,0,0,0
1,1,60990,0,0,0,0,0,0,0,0,0,0
2,1,60990,0,0,0,0,0,0,0,0,0,0
3,1,60990,0,0,0,0,0,0,0,0,0,0
1,1,60991,0,0,0,0,0,0,0,0,0,0
2,1,60991,0,0,0,0,0,0,0,0,0,0
3,1,60991,0,0,0,0,0,0,0,0,0,0
1,1,60992,0,0,0,0,0,0,0,0,0,0
2,1,60992,0,0,0,0,0,0,0,0,0,0
3,1,60992,0,0,0,0,0,0,0,0,0,0
1,1,60993,6,6,6,6,6,6,6,6,6,6
1,1,60994,0,0,0,0,0,0,0,0,0,0
0,1,60995,25,25,25,25,25,25,25,25,25,25
1,1,60995,16,16,16,16,16,16,16,16,16,16
2,1,60995,21,15,15,10,16,7,12,16,21,10
1,1,60996,0,0,0,0,0,0,0,0,0,0
2,1,60996,4,4,4,4,4,4,4,4,4,4
3,1,60996,0,0,0,0,0,0,0,8,0,0
4,1,60996,0,0,0,0,0,0,0,0,0,0
1,1,60997,0,0,0,0,0,0,0,0,0,0
2,1,60997,0,0,0,0,0,0,0,0,0,0
3,1,60997,14,14,14,14,14,14,14,14,14,14
4,1,60997,0,0,0,13,0,0,0,0,0,0
0,1,60998,0,0,0,0,0,0,0,0,0,0
1,1,60998,0,0,0,0,0,6,0,0,4,0
1,1,60999,16,16,16,16,16,16,16,16,16,16
1,1,61000,13,13,13,13,13,13,13,13,13,13
0,1,61001,23,19,0,0,16,0,6,0,20,30
1,1,61001,0,0,0,0,0,0,0,0,0,0
1,1,61002,0,0,0,0,0,0,0,0,0,0
2,1,61002,0,0,0,0,0,0,0,0,0,0
3,1,61002,0,0,0,0,0,6,0,0,0,0
4,1,61002,0,0,0,0,0,0,0,0,0,0
0,1,61003,0,0,0,0,0,0,0,0,0,0
1,1,61003,0,0,0,0,0,0,0,0,0,0
0,1,61004,0,0,0,0,0,0,0,0,0,0
1,1,61004,0,0,0,0,0,0,0,0,0,0
1,1,61005,0,0,0,0,0,0,0,0,0,0
2,1,61005,0,5,0,0,0,0,0,0,0,0
1,1,61006,0,0,0,0,0,0,0,0,0,0
1,1,61007,0,0,0,0,0,0,0,0,0,0
2,1,61007,0,0,0,0,0,0,0,0,0,0
0,1,61008,0,0,0,0,0,0,0,0,0,0
1,1,61008,0,0,0,0,0,0,0,0,0,0
1,1,61009,0,0,0,0,0,0,0,0,0,0
2,1,61009,0,0,0,0,0,0,0,0,0,0
1,1,61010,0,0,0,0,0,0,0,0,0,0
2,1,61010,0,0,0,0,0,0,0,0,0,0
3,1,61010,0,0,0,0,0,0,0,0,0,0
4,1,61010,0,0,0,0,0,0,0,0,0,0
1,1,61011,0,0,0,0,0,0,0,0,0,0
1,1,61012,22,22,22,22,22,22,22,22,22,22
2,1,61012,0,0,0,0,0,0,0,0,0,0
1,1,61013,25,25,25,25,25,25,25,25,25,25
2,1,61013,0,0,0,0,0,0,0,0,0,0
3,1,61013,0,0,27,0,0,0,0,0,0,0
0,1,61014,23,23,23,23,23,23,23,23,23,23
1,1,61014,0,0,0,0,0,0,0,0,0,0
1,1,61015,0,0,0,0,0,0,0,0,0,0
0,1,61016,20,20,20,20,20,20,20,20,20,20
1,1,61016,0,0,0,0,0,0,0,0,0,0
2,1,61016,0,0,0,0,0,0,0,0,0,0
1,1,61017,14,14,14,14,14,14,14,14,14,14
1,1,61018,9,9,9,9,9,9,9,9,9,9
1,1,61019,13,13,13,13,13,13,13,13,13,13
1,1,61020,0,0,0,0,0,0,0,0,0,0
2,1,61020,0,0,0,0,0,0,0,0,0,0
1,1,61021,0,0,0,0,7,0,0,0,0,0
1,1,61022,6,6,6,6,6,6,6,6,6,6
2,1,61022,0,0,0,0,0,0,0,0,0,0
1,1,61023,0,0,7,0,0,12,0,10,0,34
2,1,61023,0,0,0,0,0,0,0,0,0,0
3,1,61023,0,0,0,5,0,0,0,0,0,0
1,1,61024,3,3,3,3,3,3,3,3,3,3
2,1,61024,0,0,0,0,0,0,0,0,0,0
1,1,61025,0,0,0,0,0,0,0,0,0,0
2,1,61025,0,0,0,0,0,0,0,0,0,0
1,1,61026,0,0,0,0,0,0,0,0,0,0
2,1,61026,0,0,0,0,0,0,0,0,0,0
1,1,61027,0,0,0,0,0,0,0,0,0,0
2,1,61027,0,0,0,0,0,0,0,0,0,0
1,1,61028,0,0,0,0,0,0,0,0,0,0
0,1,61029,0,0,0,0,0,0,0,0,0,0
1,1,61029,27,19,0,0,9,0,8,14,0,23
1,1,61030,0,0,0,0,0,0,0,0,0,0
2,1,61030,0,0,0,0,0,0,0,0,0,0
1,1,61031,0,0,0,0,0,0,0,0,0,0
1,1,61032,24,24,24,24,24,24,24,24,24,24
1,1,61033,0,0,0,0,12,0,0,0,0,0
1,1,61034,0,0,0,0,0,0,0,0,0,0
2,1,61034,0,0,0,0,0,0,0,0,0,0
1,1,61035,0,0,0,0,0,0,0,0,0,0
2,1,61035,0,0,0,0,0,0,0,0,0,0
1,1,61036,5,5,5,5,5,5,5,5,5,5
2,1,61036,0,0,0,0,0,0,0,0,0,0
3,1,61036,0,0,0,0,0,0,0,0,0,0
1,1,61037,0,0,0,0,0,0,0,0,0,0
2,1,61037,0,0,0,0,0,0,0,0,0,0
1,1,61038,0,0,0,0,0,0,0,0,0,0
2,1,61038,0,0,0,0,0,0,0,0,0,0
1,1,61039,0,0,0,0,0,0,0,0,0,0
1,1,61040,0,0,0,0,0,0,0,0,0,0
2,1,61040,0,0,0,0,0,0,12,0,0,0
1,1,61041,2,2,2,2,2,2,2,2,2,2
1,1,61042,0,0,0,0,0,0,0,0,0,0
0,1,61043,20,20,20,20,20,20,20,20,20,20
1,1,61043,0,0,0,0,0,0,0,0,0,0
0,1,61044,0,0,0,0,0,0,0,0,0,0
1,1,61044,0,0,0,0,0,0,0,0,0,0
1,1,61045,0,0,0,0,0,0,0,0,0,0
2,1,61045,0,0,0,0,0,0,0,0,0,0
1,1,61046,0,0,0,0,0,0,0,0,0,0
2,1,61046,0,0,0,0,0,0,0,0,0,0
1,1,61047,17,17,17,17,17,17,17,17,17,17
1,1,61048,0,0,0,0,0,0,0,0,0,0
2,1,61048,0,0,0,0,0,0,0,0,0,0
1,1,61049,0,0,0,0,0,0,0,0,0,0
2,1,61049,0,0,0,0,0,0,0,0,0,0
0,1,61050,0,0,0,0,0,0,0,0,0,0
1,1,61050,0,0,0,0,0,0,0,0,0,0
1,1,61051,24,24,24,24,24,24,24,24,24,24
1,1,61052,27,27,27,27,27,27,27,27,27,27
1,1,61053,17,17,17,17,17,17,17,17,17,17
0,1,61054,0,0,0,0,0,0,0,0,0,0
1,1,61054,0,0,0,0,0,0,0,0,0,0
1,1,61055,14,14,14,14,14,14,14,14,14,14
0,1,61056,29,29,29,29,29,29,29,29,29,29
1,1,61056,0,0,0,0,6,9,0,8,0,0
1,1,61057,0,0,0,0,0,0,0,0,0,0
1,1,61058,0,0,0,0,0,0,0,0,0,0
2,1,61058,0,0,0,0,0,0,0,0,0,0
3,1,61058,0,0,0,0,0,0,0,0,0,0
1,1,61059,0,0,0,0,0,0,0,0,0,0
2,1,61059,0,0,0,0,0,0,0,0,0,0
1,1,61060,23,23,23,23,23,23,23,23,23,23
2,1,61060,0,0,0,0,0,0,0,0,0,0
3,1,61060,0,0,0,0,0,0,0,0,0,0
0,1,61061,0,0,0,0,0,0,0,0,0,0
0,2,61061,21,0,0,0,0,0,0,0,0,0
1,1,61061,0,10,0,0,0,0,0,0,0,8
1,1,61062,0,0,0,0,0,0,0,0,0,0
2,1,61062,0,0,0,0,0,0,0,0,0,0
3,1,61062,0,0,0,0,0,0,0,0,0,0
0,1,61063,0,0,0,0,0,0,0,0,0,0
0,2,61063,0,0,0,0,0,0,0,11,0,0
0,3,61063,0,0,0,0,0,0,0,0,0,0
0,4,61063,0,0,0,0,0,0,0,0,0,0
0,5,61063,0,0,0,0,0,0,0,0,0,0
1,1,61063,0,0,0,0,0,0,0,0,0,0
1,1,61064,0,0,0,0,0,0,0,0,0,0
1,1,61065,11,11,11,11,11,11,11,11,11,11
2,1,61065,0,0,0,0,0,0,0,0,0,0
3,1,61065,0,0,0,0,0,0,0,0,0,0
4,1,61065,0,0,0,0,0,0,0,0,0,0
1,1,61066,18,18,18,18,18,18,18,18,18,18
2,1,61066,0,0,0,0,0,0,0,0,0,0
0,1,61067,17,0,9,6,15,0,0,18,0,0
1,1,61067,2,2,2,2,2,2,2,2,2,2
1,1,61068,13,13,13,13,13,13,13,13,13,13
1,1,61069,22,22,22,22,22,22,22,22,22,22
2,1,61069,0,0,0,0,0,0,0,0,0,0
1,1,61070,4,4,4,4,4,4,4,4,4,4
0,1,61071,0,0,0,0,0,0,0,0,0,0
1,1,61071,0,0,0,0,0,0,0,0,0,0
1,1,61072,3,3,3,3,3,3,3,3,3,3
2,1,61072,0,0,0,0,0,0,0,0,0,0
1,1,61073,0,0,0,0,0,0,0,0,0,0
2,1,61073,0,0,0,0,0,0,0,0,0,0
3,1,61073,0,0,0,0,0,0,0,0,0,0
4,1,61073,0,0,0,0,0,0,0,0,0,0
5,1,61073,0,0,0,0,0,0,0,0,0,0
1,1,61074,28,18,24,22,16,0,43,33,29,22
2,1,61074,0,0,0,0,0,0,0,0,0,0
1,1,61075,0,0,0,0,0,0,0,0,0,0
2,1,61075,0,0,0,0,0,0,0,0,0,0
0,1,61076,0,0,0,0,11,0,0,0,0,28
0,2,61076,0,0,0,0,0,15,0,21,0,0
1,1,61076,0,0,0,0,0,0,0,0,0,0
2,1,61076,0,0,0,0,0,0,0,0,0,0
1,1,61077,0,0,14,0,0,0,14,11,0,0
1,1,61078,0,0,0,0,0,0,0,0,0,0
2,1,61078,0,0,0,0,0,0,0,0,0,0
1,1,61079,0,0,0,0,0,0,0,0,0,0
2,1,61079,0,0,0,0,0,0,0,0,0,0
0,1,61080,0,0,0,0,0,0,0,0,0,0
1,1,61080,0,0,0,0,0,0,0,0,0,0
1,1,61081,7,7,7,7,7,7,7,7,7,7
2,1,61081,3,3,3,3,3,3,3,3,3,3
1,1,61082,0,10,0,0,0,0,0,0,0,0
1,1,61083,0,0,0,0,0,0,0,0,0,0
2,1,61083,0,0,0,0,0,0,0,0,0,0
0,1,61084,0,0,0,0,0,0,0,0,0,0
1,1,61084,0,0,0,0,0,0,0,0,0,0
2,1,61084,0,0,0,0,0,0,0,0,0,0
1,1,61085,25,25,25,25,25,25,25,25,25,25
1,1,61086,0,0,0,0,0,0,0,0,0,0
1,1,61087,0,0,0,0,0,0,0,0,0,0
2,1,61087,0,0,0,0,0,0,0,0,0,0
1,1,61088,0,0,0,0,0,0,0,0,0,0
0,1,61089,0,0,0,0,0,0,0,0,0,0
1,1,61089,0,0,0,0,0,0,0,0,0,0
1,1,61090,0,0,0,0,0,0,0,0,0,0
2,1,61090,0,0,0,0,0,0,0,0,0,0
1,1,61091,0,0,0,0,0,0,0,0,0,0
1,1,61092,0,0,0,0,0,0,0,0,0,0
2,1,61092,0,0,0,0,0,0,0,0,0,0
1,1,61093,0,0,0,0,0,0,0,0,0,0
2,1,61093,0,0,0,0,0,0,0,0,0,0
1,1,61094,8,8,8,8,8,8,8,8,8,8
1,1,61095,8,8,8,8,8,8,8,8,8,8
2,1,61095,0,0,0,0,0,0,0,0,0,0
3,1,61095,0,0,0,0,0,0,0,0,0,0
1,1,61096,37,37,37,37,37,37,37,37,37,37
1,1,61097,5,9,17,15,0,9,7,7,0,18
2,1,61097,0,0,0,0,0,0,0,0,0,0
1,1,61098,0,0,0,0,0,0,0,0,0,0
1,1,61099,1,1,1,1,1,1,1,1,1,1
0,1,61100,0,0,0,0,0,0,0,0,0,0
1,1,61100,0,0,0,0,0,9,0,0,0,0
0,1,61101,0,0,0,0,0,0,0,0,0,0
1,1,61101,0,0,0,0,0,0,0,0,0,0
1,1,61102,2,2,2,2,2,2,2,2,2,2
2,1,61102,0,0,0,0,0,0,0,0,0,0
0,1,61103,9,9,9,9,9,9,9,9,9,9
1,1,61103,0,0,0,0,0,0,0,0,0,0
0,1,61104,0,0,0,0,0,0,0,0,0,0
0,2,61104,0,0,0,0,0,0,0,0,0,0
1,1,61104,0,0,0,0,0,0,0,0,0,0
1,1,61105,0,0,0,0,0,0,0,0,0,0
1,1,61106,0,0,0,0,0,0,0,0,0,0
1,1,61107,12,12,12,12,12,12,12,12,12,12
1,1,61108,0,0,0,0,0,0,0,0,0,0
1,1,61109,0,0,0,0,0,0,0,0,0,0
1,1,61110,19,19,19,19,19,19,19,19,19,19
0,1,61111,0,0,0,0,0,0,0,0,0,0
1,1,61111,0,0,0,0,0,0,0,0,0,0
0,1,61112,0,0,0,0,0,0,0,0,0,0
1,1,61112,0,0,0,7,0,0,0,0,0,0
1,1,61113,13,13,13,13,13,13,13,13,13,13
1,1,61114,0,0,0,0,0,0,0,0,0,0
2,1,61114,0,0,0,0,0,0,0,0,0,0
1,1,61115,0,0,0,0,0,0,0,0,0,0
1,1,61116,17,17,17,17,17,17,17,17,17,17
2,1,61116,0,0,6,0,0,8,0,0,0,0
3,1,61116,0,0,0,0,0,0,0,0,0,0
1,1,61117,27,27,27,27,27,27,27,27,27,27
1,1,61118,0,0,0,0,0,0,0,0,0,0
1,1,61119,34,34,34,34,34,34,34,34,34,34
2,1,61119,0,0,0,0,0,0,0,0,0,0
3,1,61119,0,0,0,0,0,0,0,0,9,0
1,1,61120,12,12,12,12,12,12,12,12,12,12
1,1,61121,7,7,7,7,7,7,7,7,7,7
2,1,61121,0,0,0,0,0,0,0,0,0,0
1,1,61122,23,23,23,23,23,23,23,23,23,23
2,1,61122,0,0,0,0,0,0,0,0,0,0
0,1,61123,0,0,0,0,0,0,0,0,0,0
1,1,61123,0,0,0,0,0,0,0,0,0,0
2,1,61123,0,0,0,0,0,0,0,0,0,0
1,1,61124,0,0,0,0,0,0,0,0,0,0
2,1,61124,0,0,0,0,0,0,0,0,0,0
1,1,61125,0,0,0,0,0,0,0,0,0,0
2,1,61125,0,0,0,0,0,0,0,0,0,0
3,1,61125,0,0,0,0,0,0,0,0,0,0
1,1,61126,16,11,22,11,9,11,19,21,13,9
2,1,61126,0,0,0,0,0,0,0,0,0,0
1,1,61127,0,0,0,0,0,0,0,0,0,0
2,1,61127,0,0,0,0,0,0,0,0,0,0
1,1,61128,0,0,0,0,0,0,0,0,0,0
2,1,61128,0,0,0,0,0,0,0,0,0,0
1,1,61129,8,8,8,8,8,8,8,8,8,8
2,1,61129,0,0,0,0,0,17,0,0,0,0
3,1,61129,0,0,0,0,0,0,0,0,0,0
4,1,61129,0,0,0,0,0,0,0,0,0,7
1,1,61130,0,0,0,0,0,0,0,0,0,0
0,1,61131,6,6,6,6,6,6,6,6,6,6
1,1,61131,28,28,28,28,28,28,28,28,28,28
1,1,61132,0,0,0,0,0,0,0,0,0,0
2,1,61132,0,0,0,0,0,0,0,0,0,0
1,1,61133,11,11,11,11,11,11,11,11,11,11
1,1,61134,0,0,0,0,0,0,0,0,0,0
1,1,61135,0,0,0,0,0,0,0,0,0,0
2,1,61135,0,0,0,0,0,0,0,0,0,0
3,1,61135,0,5,0,0,0,0,0,0,0,0
1,1,61136,0,0,0,0,0,0,0,0,0,0
1,1,61137,0,0,0,0,0,0,0,0,0,0
0,1,61138,33,33,33,33,33,33,33,33,33,33
1,1,61138,0,0,0,0,0,0,0,0,0,0
1,1,61139,8,8,8,8,8,8,8,8,8,8
2,1,61139,0,0,0,0,0,0,0,0,0,0
0,1,61140,29,29,29,29,29,29,29,29,29,29
1,1,61140,0,0,0,0,0,0,0,0,0,0
1,1,61141,5,0,19,0,9,0,0,0,0,0
2,1,61141,0,0,0,0,0,0,0,0,0,0
1,1,61142,0,0,0,0,0,0,0,0,0,0
2,1,61142,0,0,0,0,0,0,0,0,0,0
1,1,61143,0,0,0,0,0,0,0,0,0,0
1,1,61144,0,0,0,0,0,0,0,0,0,0
2,1,61144,0,0,0,0,0,0,0,0,0,0
3,1,61144,0,0,0,0,0,0,0,0,0,0
0,1,61145,0,0,0,0,0,0,0,0,0,0
1,1,61145,0,0,0,0,0,0,0,0,0,0
0,1,61146,0,0,0,0,0,0,0,0,0,0
1,1,61146,0,0,0,0,0,0,0,0,0,0
1,1,61147,18,18,18,18,18,18,18,18,18,18
1,1,61148,0,0,0,0,0,0,0,0,0,0
1,1,61149,0,0,0,0,0,0,0,0,0,0
1,1,61150,0,0,0,0,0,0,0,0,0,0
2,1,61150,0,0,0,0,0,0,0,0,0,0
1,1,61151,0,21,4,0,0,0,0,0,18,0