VEH_NO,PER_NO,ST_CASE,P1,P2,P3,P4,P5,P6,P7,P8,P9,P10
2,1,61151,0,0,0,0,0,0,0,0,0,0
3,1,61151,4,0,0,0,5,0,0,0,0,0
1,1,61152,0,0,0,0,0,0,0,0,0,0
1,1,61153,20,20,20,20,20,20,20,20,20,20
2,1,61153,0,0,0,0,0,0,0,0,0,0
1,1,61154,0,0,0,0,0,0,0,0,0,0
1,1,61155,0,0,28,29,12,38,19,17,11,11
2,1,61155,0,0,8,0,16,0,20,20,0,0
1,1,61156,0,0,0,0,0,0,0,0,0,0
1,1,61157,0,0,0,0,0,0,0,0,0,0
2,1,61157,0,0,0,0,0,0,0,0,0,0
3,1,61157,0,0,0,0,0,0,0,0,0,0
0,1,61158,0,0,0,0,0,0,0,0,0,0
1,1,61158,6,6,6,6,6,6,6,6,6,6
1,1,61159,0,0,0,0,0,0,0,0,0,0
2,1,61159,5,5,5,5,5,5,5,5,5,5
0,1,61160,0,0,0,0,0,0,0,0,0,0
1,1,61160,19,19,19,19,19,19,19,19,19,19
1,1,61161,16,16,16,16,16,16,16,16,16,16
1,1,61162,7,7,7,7,7,7,7,7,7,7
1,1,61163,0,0,0,0,0,0,0,0,0,0
2,1,61163,0,0,0,0,0,0,0,0,11,0
0,1,61164,18,18,18,18,18,18,18,18,18,18
1,1,61164,0,0,0,0,0,25,0,15,0,0
1,1,61165,10,10,10,10,10,10,10,10,10,10
1,1,61166,23,23,23,23,23,23,23,23,23,23
1,1,61167,26,26,26,26,26,26,26,26,26,26
1,1,61168,26,26,26,26,26,26,26,26,26,26
0,1,61169,0,0,0,0,0,0,0,0,0,0
1,1,61169,10,0,9,0,6,13,0,5,0,11
1,1,61170,30,30,30,30,30,30,30,30,30,30
1,1,61171,0,0,0,0,0,0,0,0,0,0
1,1,61172,0,0,0,0,0,0,0,0,0,0
1,1,61173,0,0,0,0,0,0,0,0,0,0
0,1,61174,36,36,36,36,36,36,36,36,36,36
1,1,61174,0,0,0,0,0,0,0,0,0,0
1,1,61175,26,26,26,26,26,26,26,26,26,26
2,1,61175,0,0,0,0,0,0,0,0,0,0
1,1,61176,0,0,0,0,0,0,0,0,0,0
2,1,61176,0,0,0,0,0,0,0,0,0,0
1,1,61177,10,10,10,10,10,10,10,10,10,10
2,1,61177,0,0,0,0,0,0,0,0,0,0
3,1,61177,0,0,0,0,0,0,0,0,0,0
4,1,61177,0,0,0,0,0,0,0,0,0,0
1,1,61178,0,0,0,0,0,0,0,0,0,0
1,2,61179,0,10,0,4,11,0,0,0,0,0
0,1,61180,0,0,0,0,0,0,0,0,0,0
1,1,61180,0,0,0,0,0,0,0,0,0,0
1,1,61181,0,0,0,0,0,0,0,0,0,0
1,1,61182,0,0,0,0,0,0,0,0,0,0
2,1,61182,0,0,0,0,0,0,0,0,0,0
1,1,61183,0,0,3,0,0,0,0,0,0,0
0,1,61184,0,0,0,0,0,0,0,0,0,0
1,1,61184,0,0,0,0,0,0,0,27,0,0
1,1,61185,0,0,0,0,0,0,0,0,0,0
0,1,61186,0,0,0,0,0,0,0,0,0,0
1,1,61186,0,0,0,0,0,0,0,0,0,0
0,1,61187,0,0,0,0,0,0,0,0,0,0
1,1,61187,23,0,0,0,0,0,0,0,0,4
1,1,61188,0,0,0,0,0,0,0,0,0,0
0,1,61189,0,0,0,0,0,0,0,0,0,0
1,1,61189,14,14,14,14,14,14,14,14,14,14
0,1,61190,13,13,13,13,13,13,13,13,13,13
1,1,61190,0,0,0,0,0,0,0,0,0,0
1,1,61191,0,0,0,0,0,0,0,0,0,0
2,1,61191,0,0,0,0,0,0,0,0,0,0
1,1,61192,0,0,0,0,0,0,0,0,0,0
2,1,61192,0,0,0,0,0,0,0,0,0,0
3,1,61192,0,0,0,0,0,0,0,0,0,0
0,1,61193,0,0,0,0,0,0,0,0,0,0
1,1,61193,0,0,0,0,0,0,0,0,0,0
1,1,61194,28,28,28,28,28,28,28,28,28,28
1,1,61195,19,19,19,19,19,19,19,19,19,19
2,1,61195,0,0,0,0,0,0,0,0,0,0
1,1,61196,0,0,0,0,0,0,0,0,0,0
1,1,61197,0,0,0,0,0,0,0,0,0,0
2,1,61197,0,0,0,0,0,0,0,0,6,0
1,1,61198,0,0,0,0,0,0,0,0,0,0
2,1,61198,0,0,0,0,0,0,0,0,0,0
3,1,61198,0,0,0,0,0,0,0,0,0,0
4,1,61198,0,0,0,0,0,0,0,0,0,0
1,1,61199,0,0,0,0,0,0,0,0,0,0
2,1,61199,0,0,0,0,0,0,0,0,0,0
1,1,61200,0,0,0,0,0,0,0,0,0,0
1,1,61201,0,0,0,0,0,0,0,0,0,0
2,1,61201,0,0,0,0,0,0,5,0,0,0
0,1,61202,0,0,0,0,0,0,0,0,0,0
0,2,61202,0,0,0,0,0,0,0,0,0,0
0,3,61202,0,0,0,0,0,0,0,16,0,0
1,1,61202,0,0,0,0,0,0,0,0,0,0
1,1,61203,0,0,0,0,0,0,0,0,0,0
2,1,61203,0,0,0,0,0,0,14,0,0,0
1,1,61204,10,10,10,10,10,10,10,10,10,10
1,1,61205,0,0,0,0,0,0,0,0,0,0
2,1,61205,26,26,26,26,26,26,26,26,26,26
1,1,61206,0,0,0,0,0,0,0,0,0,0
1,1,61207,8,8,8,8,8,8,8,8,8,8
1,1,61208,0,0,0,0,0,0,0,0,0,0
2,1,61208,0,0,0,0,0,0,0,0,0,0
1,1,61209,8,14,0,0,0,0,0,0,0,0
1,1,61210,10,10,10,10,10,10,10,10,10,10
0,1,61211,12,12,12,12,12,12,12,12,12,12
1,1,61211,0,0,0,0,0,0,0,0,0,0
1,1,61212,11,18,28,40,11,24,13,16,18,19
1,1,61213,8,8,8,8,8,8,8,8,8,8
1,1,61214,23,23,23,23,23,23,23,23,23,23
1,1,61215,0,0,28,0,0,0,0,0,19,0
1,1,61216,0,0,0,7,0,0,0,0,0,0
1,1,61217,0,0,0,0,0,0,0,0,0,0
2,1,61217,0,0,0,0,0,0,0,0,0,0
3,1,61217,0,0,0,0,0,0,0,0,0,0
1,1,61218,0,0,0,0,0,0,0,0,0,0
1,1,61219,0,0,0,0,0,0,0,0,0,0
2,1,61219,0,0,0,0,0,0,0,0,0,0
1,1,61220,0,0,0,0,0,0,0,0,0,0
1,1,61221,0,0,0,0,0,0,0,0,0,0
1,1,61222,23,23,23,23,23,23,23,23,23,23
1,1,61223,0,0,0,0,0,0,0,0,0,0
1,1,61224,0,0,0,0,0,0,0,0,0,0
2,1,61224,0,0,0,0,0,0,0,0,0,0
0,1,61225,0,0,0,0,0,0,0,0,0,0
1,1,61225,0,0,0,0,0,0,0,0,0,0
1,1,61226,0,10,0,0,0,0,0,0,0,0
1,1,61227,0,0,0,0,0,0,0,0,0,0
2,1,61227,0,0,0,0,0,0,0,0,0,0
1,1,61228,7,15,24,10,9,0,10,10,0,13
1,1,61229,10,10,10,10,10,10,10,10,10,10
0,1,61230,0,0,0,0,0,0,0,0,0,0
0,2,61230,0,0,0,0,0,0,0,0,0,0
1,1,61230,0,0,11,0,0,0,0,0,0,0
1,1,61231,0,0,0,0,0,0,0,0,0,0
2,1,61231,0,0,0,0,0,0,0,0,0,0
3,1,61231,0,0,0,0,0,0,0,0,0,0
1,1,61232,31,0,0,0,0,0,14,0,0,0
1,1,61233,11,11,11,11,11,11,11,11,11,11
0,1,61234,0,0,0,0,0,0,0,0,0,0
1,1,61234,0,0,0,0,0,0,0,0,0,0
1,1,61235,0,0,0,0,0,0,0,0,0,0
2,1,61235,0,0,0,0,0,0,0,0,0,0
1,1,61236,18,18,18,18,18,18,18,18,18,18
2,1,61236,0,0,0,0,0,0,0,0,0,0
1,1,61237,0,0,0,0,0,0,0,0,0,0
1,1,61238,0,0,0,0,0,0,0,0,0,0
2,1,61238,0,0,0,0,0,0,0,0,0,0
1,1,61239,0,0,0,0,0,0,0,0,0,0
0,1,61240,0,0,0,0,0,0,0,0,0,0
1,1,61240,0,0,0,0,0,0,0,0,0,0
1,1,61241,0,0,0,0,0,0,0,0,0,0
2,1,61241,0,0,0,0,0,0,0,0,0,0
0,1,61242,0,0,0,0,0,0,0,0,0,0
0,1,61243,0,0,0,0,0,0,0,0,0,0
1,1,61243,0,0,0,0,0,0,0,0,0,0
1,1,61244,2,2,2,2,2,2,2,2,2,2
1,1,61245,15,15,15,15,15,15,15,15,15,15
2,1,61245,0,0,0,0,0,6,0,0,0,0
1,1,61246,0,0,0,0,0,0,0,0,0,0
1,1,61247,0,0,0,0,0,0,0,0,0,0
0,1,61248,23,23,23,23,23,23,23,23,23,23
1,1,61248,0,0,0,0,0,0,0,0,0,0
2,1,61248,0,0,0,0,11,0,0,0,0,0
3,1,61248,0,0,0,0,0,0,0,0,0,0
1,1,61249,0,0,0,0,0,0,0,0,0,0
2,1,61249,0,0,0,0,0,0,0,0,0,0
1,1,61250,0,0,0,0,0,0,0,0,0,0
1,1,61251,0,0,0,0,0,0,7,6,0,0
1,1,61252,0,0,0,0,0,0,0,0,0,0
0,1,61253,0,0,0,0,0,0,0,0,0,0
1,1,61253,0,0,0,16,0,0,0,0,0,0
0,1,61254,0,0,0,0,0,0,0,0,0,0
1,1,61254,0,0,0,0,0,0,0,0,0,0
2,1,61254,0,0,0,0,0,0,0,0,0,0
1,1,61255,25,0,0,0,0,0,0,0,0,0
1,1,61256,0,0,0,0,0,0,0,0,0,0
2,1,61256,0,0,0,0,0,0,0,0,0,0
1,1,61257,21,11,13,6,0,14,9,11,8,16
1,1,61258,0,0,0,0,0,0,0,0,0,0
2,1,61258,0,0,0,0,0,0,0,0,0,0
0,1,61259,15,15,15,15,15,15,15,15,15,15
1,1,61259,0,0,0,0,0,0,0,0,0,0
1,1,61260,10,10,10,10,10,10,10,10,10,10
1,1,61261,0,0,0,0,0,0,0,0,0,0
1,1,61262,35,35,35,35,35,35,35,35,35,35
1,1,61263,0,0,0,0,0,0,0,0,0,0
2,1,61263,0,0,0,0,0,0,0,0,0,0
1,1,61264,0,0,0,0,10,0,0,0,0,0
2,1,61264,0,0,0,0,0,0,0,0,0,0
1,1,61265,11,11,11,11,11,11,11,11,11,11
1,1,61266,12,12,12,12,12,12,12,12,12,12
1,1,61267,17,17,17,17,17,17,17,17,17,17
2,1,61267,0,0,0,0,0,0,0,0,0,0
1,1,61268,0,0,0,0,0,0,0,0,0,0
0,1,61269,37,14,18,5,18,18,21,16,20,29
1,1,61269,0,0,0,0,0,0,0,0,0,0
1,1,61270,0,0,0,0,0,0,0,0,0,0
2,1,61270,13,0,0,0,0,0,0,7,0,0
1,1,61271,21,3,14,16,20,17,17,19,13,12
1,1,61272,19,19,19,19,19,19,19,19,19,19
2,1,61272,0,0,0,0,0,0,0,0,0,0
1,1,61273,31,31,31,31,31,31,31,31,31,31
2,1,61273,0,0,0,0,0,0,0,0,0,0
1,1,61274,8,0,0,12,0,0,0,0,17,21
1,1,61275,12,12,12,12,12,12,12,12,12,12
1,1,61276,0,0,0,0,0,0,0,0,0,0
1,1,61277,0,0,0,0,0,0,0,0,0,0
2,1,61277,0,0,0,0,0,0,0,0,0,0
1,1,61278,14,14,14,14,14,14,14,14,14,14
1,1,61279,0,0,0,0,0,0,0,0,0,0
1,1,61280,0,0,0,0,0,0,0,0,0,0
2,1,61280,0,0,0,0,0,0,0,0,0,0
1,1,61281,0,0,0,0,0,0,0,0,0,0
2,1,61281,0,0,0,0,0,0,0,0,0,0
1,1,61282,0,0,0,0,0,0,0,0,0,0
2,1,61282,0,0,0,0,0,0,0,0,0,0
1,1,61283,10,0,5,7,6,10,13,0,12,13
1,1,61284,0,0,0,0,0,0,0,0,0,0
2,1,61284,0,0,0,0,0,0,0,0,0,0
0,1,61285,0,0,10,21,0,34,32,17,0,0
1,1,61285,0,12,0,0,22,0,0,0,18,0
1,1,61286,20,20,20,20,20,20,20,20,20,20
1,1,61287,0,0,0,0,0,0,0,0,0,0
2,1,61287,0,0,0,0,0,0,0,0,0,0
1,1,61288,17,17,17,17,17,17,17,17,17,17
1,1,61289,0,0,0,0,0,0,0,0,0,0
2,1,61289,0,0,0,0,0,0,0,0,0,0
1,1,61290,0,0,0,0,0,0,0,0,0,0
2,1,61290,0,4,0,0,0,0,0,0,0,0
1,1,61291,12,12,12,12,12,12,12,12,12,12
1,1,61292,0,0,0,0,0,0,0,0,0,0
1,1,61293,0,0,0,0,0,0,0,0,0,0
1,1,61294,0,0,0,0,0,0,0,0,0,0
1,1,61295,0,0,0,0,0,0,0,0,0,0
1,1,61296,0,0,0,0,0,0,0,0,0,0
2,1,61296,0,0,0,0,0,0,0,0,0,0
1,1,61297,16,16,16,16,16,16,16,16,16,16
2,1,61297,0,0,0,0,0,0,0,0,0,0
1,1,61298,0,0,0,0,0,0,0,0,0,0
1,1,61299,0,0,0,0,0,0,0,0,0,0
2,1,61299,0,0,0,0,0,0,0,0,0,0
3,1,61299,0,0,0,0,0,0,0,0,0,0
4,1,61299,0,0,0,0,0,0,0,0,0,0
5,1,61299,0,0,0,0,0,0,0,0,0,0
6,1,61299,0,0,0,0,0,0,0,0,0,0
7,1,61299,0,0,0,0,0,0,0,0,0,0
8,1,61299,0,0,0,0,0,0,0,0,0,0
9,1,61299,0,0,0,0,0,0,0,0,0,0
1,1,61300,0,0,0,0,0,0,0,0,0,0
2,1,61300,6,6,6,6,6,6,6,6,6,6
3,1,61300,0,0,0,0,0,0,0,0,0,0
4,1,61300,0,0,0,0,11,0,0,0,0,0
1,1,61301,19,19,19,19,19,19,19,19,19,19
2,1,61301,0,0,0,6,0,0,0,0,0,0
3,1,61301,0,0,0,0,0,0,0,0,0,0
1,1,61302,19,19,19,19,19,19,19,19,19,19
1,1,61303,0,0,0,0,0,0,0,0,0,0
1,1,61304,0,0,0,0,0,0,0,0,0,0
1,1,61305,0,0,0,0,0,0,0,0,0,0
2,1,61305,0,0,0,0,0,0,0,0,0,0
1,1,61306,0,0,0,0,0,0,0,0,0,0
2,1,61306,0,0,0,0,0,0,0,0,0,0
1,1,61307,11,11,11,11,11,11,11,11,11,11
0,1,61308,0,0,0,0,0,0,0,0,0,0
1,1,61308,15,16,20,8,11,0,21,6,0,0
1,1,61309,18,18,18,18,18,18,18,18,18,18
1,1,61310,27,27,27,27,27,27,27,27,27,27
1,1,61311,16,16,16,16,16,16,16,16,16,16
1,1,61312,0,0,0,0,0,0,0,0,0,0
2,1,61312,0,0,0,0,0,0,0,0,0,0
0,1,61313,21,21,21,21,21,21,21,21,21,21
1,1,61313,0,0,0,0,0,0,0,0,0,0
1,1,61314,22,22,22,22,22,22,22,22,22,22
1,1,61315,0,0,0,0,0,0,0,0,0,0
1,1,61316,2,2,2,2,2,2,2,2,2,2
2,1,61316,0,0,0,0,0,0,0,0,0,0
1,1,61317,0,0,0,0,0,0,0,0,0,0
1,1,61318,0,10,0,0,0,0,0,0,0,0
1,1,61319,0,0,0,0,0,0,0,0,0,0
2,1,61319,0,0,0,0,0,0,0,0,0,0
1,1,61320,0,0,0,0,0,0,0,0,0,0
0,1,61321,0,0,0,0,0,0,0,0,0,0
1,1,61321,0,0,0,0,0,0,0,9,0,0
1,1,61322,0,0,0,0,0,0,0,0,0,0
2,1,61322,0,0,0,0,0,0,0,0,0,0
3,1,61322,0,0,0,0,0,0,4,0,0,0
4,1,61322,0,0,0,0,0,0,0,0,18,0
5,1,61322,0,0,0,0,0,0,0,0,0,0
1,1,61323,26,26,26,26,26,26,26,26,26,26
1,1,61324,0,0,0,0,0,0,0,0,15,0
2,1,61324,0,0,0,0,0,0,0,0,0,0
3,1,61324,0,0,0,10,0,0,0,0,0,0
1,1,61325,0,0,0,0,0,0,0,0,0,0
2,1,61325,0,0,0,0,0,10,0,0,0,0
1,1,61326,0,0,0,0,0,0,0,0,0,0
0,1,61327,0,0,0,6,0,0,0,0,0,0
1,1,61327,0,0,0,0,0,0,0,0,0,0
1,1,61328,20,20,20,20,20,20,20,20,20,20
1,1,61329,27,27,27,27,27,27,27,27,27,27
1,1,61330,10,10,10,10,10,10,10,10,10,10
1,1,61331,15,15,15,15,15,15,15,15,15,15
2,1,61331,0,0,19,0,0,0,0,0,0,0
3,1,61331,12,0,0,0,0,0,0,0,0,0
1,1,61332,0,0,0,0,0,0,0,0,0,0
2,1,61332,0,8,0,0,0,0,10,0,0,18
3,1,61332,0,0,0,0,0,0,0,0,0,0
0,1,61333,0,0,0,0,0,0,0,0,0,0
1,1,61333,0,0,0,0,0,0,0,0,0,0
0,1,61334,0,0,0,0,0,0,0,0,0,0
1,1,61334,0,0,0,0,0,0,0,0,0,0
0,1,61335,31,31,31,31,31,31,31,31,31,31
1,1,61335,0,0,0,0,0,0,0,0,0,11
0,1,61336,14,14,14,14,14,14,14,14,14,14
1,1,61336,0,0,0,0,0,0,0,0,0,0
0,1,61337,0,0,0,0,0,0,0,0,0,0
1,1,61337,0,0,0,0,0,0,0,0,0,0
1,1,61338,0,0,0,0,0,0,0,0,21,0
2,1,61338,0,0,0,0,0,0,0,0,0,0
1,1,61339,0,0,0,0,0,0,0,0,0,0
2,1,61339,0,0,0,0,0,0,0,0,0,0
3,1,61339,0,0,0,0,0,0,0,0,0,0
1,1,61340,0,0,0,0,0,0,0,0,0,0
1,1,61341,0,0,0,11,0,0,0,0,0,0
2,1,61341,0,0,0,0,0,0,0,0,0,0
1,1,61342,0,0,0,22,0,0,0,0,0,0
0,1,61343,24,24,24,24,24,24,24,24,24,24
1,1,61343,0,0,0,0,7,0,0,0,0,0
2,1,61343,0,0,0,0,0,0,0,0,0,0
1,1,61344,0,0,0,0,0,0,0,0,0,0
1,1,61345,0,0,0,0,0,0,0,0,0,0
1,1,61346,15,15,15,15,15,15,15,15,15,15
1,1,61347,0,0,0,0,0,0,0,0,0,0
1,1,61348,0,0,0,0,0,0,0,0,0,0
2,1,61348,0,0,0,0,0,0,0,0,0,0
1,1,61349,18,18,18,18,18,18,18,18,18,18
1,1,61350,0,0,0,0,0,0,0,0,0,0
2,1,61350,0,0,0,0,0,0,0,0,0,0
1,1,61351,0,0,0,0,0,0,0,0,0,0
1,1,61352,0,0,0,0,0,0,0,0,0,0
2,1,61352,0,0,0,0,0,0,0,0,0,0
1,1,61353,33,33,33,33,33,33,33,33,33,33
0,1,61354,33,33,33,33,33,33,33,33,33,33
1,1,61354,0,0,0,0,0,0,0,13,0,0
1,1,61355,0,0,0,0,0,0,0,0,0,0
2,1,61355,0,0,0,0,0,0,0,0,0,4
1,1,61356,0,0,0,0,0,0,0,0,0,0
1,1,61357,29,29,29,29,29,29,29,29,29,29
0,1,61358,0,0,0,0,0,0,0,0,0,0
1,1,61358,0,0,0,0,0,0,0,0,0,0
1,1,61359,0,0,0,0,0,0,0,0,0,0
0,1,61360,0,0,0,0,0,0,0,0,0,0
1,1,61360,0,0,0,0,0,0,0,0,0,0
1,1,61361,11,11,11,11,11,11,11,11,11,11
1,1,61362,0,0,0,0,0,0,0,0,0,0
0,1,61363,24,24,24,24,24,24,24,24,24,24
1,1,61363,0,0,0,0,0,0,0,0,0,0
1,1,61364,0,0,0,0,0,0,0,0,0,0
0,1,61365,0,0,0,0,0,0,0,0,0,0
1,1,61365,0,0,0,0,0,0,16,0,0,0
1,1,61366,0,0,0,0,0,0,0,0,0,0
2,1,61366,0,0,0,0,0,0,0,0,0,0
0,1,61367,0,0,0,0,33,0,0,0,0,0
1,1,61367,21,21,21,21,21,21,21,21,21,21
0,1,61368,14,14,14,14,14,14,14,14,14,14
1,1,61368,0,0,0,0,0,0,0,0,0,0
1,1,61369,17,17,17,17,17,17,17,17,17,17
0,1,61370,0,0,0,0,0,0,0,0,0,0
1,1,61370,0,0,0,0,24,0,0,0,0,0
1,1,61371,0,0,0,0,0,0,0,0,0,0
1,1,61372,0,0,0,0,0,0,0,0,0,0
2,1,61372,0,0,0,0,0,0,0,0,0,0
3,1,61372,0,0,0,0,0,0,0,0,0,0
4,1,61372,0,0,0,0,0,0,0,0,0,0
0,1,61373,0,0,0,0,0,0,0,13,0,22
1,1,61373,0,0,0,0,0,0,0,0,0,0
2,1,61373,0,0,0,0,0,0,0,0,0,0
1,1,61374,5,5,5,5,5,5,5,5,5,5
1,1,61375,22,22,22,22,22,22,22,22,22,22
2,1,61375,0,0,0,0,0,0,0,7,21,0
0,1,61376,0,0,0,0,0,0,0,0,0,0
1,1,61376,0,0,0,0,0,0,14,0,0,0
1,1,61377,0,0,0,0,0,0,0,0,0,0
2,1,61377,0,0,0,0,0,0,0,0,0,0
1,1,61378,0,11,0,0,0,0,0,0,0,0
2,1,61378,0,0,0,0,0,0,0,0,0,0
3,1,61378,0,8,0,0,0,0,0,0,0,0
4,1,61378,0,0,0,0,0,0,0,0,0,0
5,1,61378,0,0,0,0,7,0,0,0,0,0
1,1,61379,16,16,16,16,16,16,16,16,16,16
1,1,61380,0,0,0,7,0,0,0,0,0,0
2,1,61380,0,0,0,0,0,0,0,0,0,0
1,1,61381,8,8,8,8,8,8,8,8,8,8
1,1,61382,28,28,28,28,28,28,28,28,28,28
0,1,61383,0,0,0,0,0,0,0,0,0,0
1,1,61383,0,0,0,0,0,0,0,0,0,0
1,1,61384,18,18,18,18,18,18,18,18,18,18
1,1,61385,0,0,0,0,0,0,0,0,0,0
2,1,61385,0,0,0,0,0,0,0,0,13,0
3,1,61385,0,0,0,0,0,0,0,0,0,0
4,1,61385,0,0,0,0,0,0,0,0,0,0
5,1,61385,0,0,0,0,0,0,0,0,0,0
6,1,61385,0,0,0,0,0,0,0,0,0,0
1,1,61386,13,13,13,13,13,13,13,13,13,13
2,1,61386,0,0,0,0,0,8,0,1,0,0
1,1,61387,0,0,0,0,0,0,0,0,0,0
2,1,61387,0,0,0,0,0,0,0,0,0,0
1,1,61388,11,11,11,11,11,11,11,11,11,11
1,1,61389,15,15,15,15,15,15,15,15,15,15
1,1,61390,0,0,0,0,0,0,0,0,0,0
2,1,61390,0,0,0,0,0,0,0,0,0,0
3,1,61390,0,0,0,0,0,0,0,0,0,0
1,1,61391,0,0,0,0,0,0,0,0,0,0
0,1,61392,12,12,12,12,12,12,12,12,12,12
1,1,61392,0,0,0,0,0,0,0,0,0,0
1,1,61393,0,0,0,0,0,0,0,0,0,0
1,1,61394,27,27,27,27,27,27,27,27,27,27
1,1,61395,0,0,0,0,0,0,0,0,0,0
2,1,61395,0,0,0,0,0,0,0,0,0,0
1,1,61396,0,0,0,0,0,0,0,14,0,7
1,1,61397,0,0,0,0,0,0,0,0,0,0
1,1,61398,0,0,0,0,0,0,0,0,0,0
1,1,61399,0,0,0,0,0,0,0,0,0,0
1,1,61400,0,0,0,0,0,0,0,0,0,0
1,1,61401,0,0,0,0,0,0,0,0,0,0
2,1,61401,0,0,0,0,0,0,0,0,0,0
1,1,61402,0,0,0,0,0,0,0,0,0,0
2,1,61402,0,0,0,0,0,0,0,0,0,0
1,1,61403,14,14,14,14,14,14,14,14,14,14
2,1,61403,1,1,1,1,1,1,1,1,1,1
1,1,61404,0,0,0,0,0,0,0,0,0,0
1,1,61405,21,21,21,21,21,21,21,21,21,21
0,1,61406,0,0,0,0,0,0,0,0,0,0
1,1,61406,0,0,0,0,0,0,3,0,0,0
1,1,61407,0,0,0,0,0,0,0,0,0,0
1,1,61408,21,34,0,8,0,21,20,16,8,0
1,1,61409,0,0,0,0,0,0,0,0,0,0
0,1,61410,4,4,4,4,4,4,4,4,4,4
1,1,61410,0,0,0,0,0,0,0,13,0,0
1,1,61411,20,20,20,20,20,20,20,20,20,20
2,1,61411,0,0,0,0,0,0,0,0,0,0
1,1,61412,0,0,0,0,0,0,0,0,0,0
0,1,61413,0,0,0,0,0,0,0,0,0,0
0,2,61413,0,0,0,0,0,0,0,0,0,0
1,1,61413,0,14,0,12,0,11,0,0,0,0
1,1,61414,20,20,20,20,20,20,20,20,20,20
1,1,61415,0,0,0,9,0,0,0,0,0,0
2,1,61415,0,0,0,0,0,0,0,0,0,0
1,1,61416,0,0,4,0,0,5,0,0,0,0
1,1,61417,22,22,22,22,22,22,22,22,22,22
1,1,61418,0,0,0,0,0,0,0,0,0,0
2,1,61418,0,0,0,0,14,0,0,0,0,0
3,1,61418,26,26,26,26,26,26,26,26,26,26
1,1,61419,0,0,0,0,0,0,0,0,0,0
1,1,61420,0,0,0,0,0,0,0,0,0,0
2,1,61420,0,0,0,0,0,0,0,0,8,0
1,1,61421,0,0,0,0,0,0,0,0,0,0
2,1,61421,0,0,0,0,0,0,0,0,0,0
1,1,61422,0,0,0,0,0,0,0,0,0,0
2,1,61422,0,0,0,0,0,0,0,0,0,0
1,1,61423,22,22,22,22,22,22,22,22,22,22
1,1,61424,2,2,2,2,2,2,2,2,2,2
2,1,61424,0,0,0,0,0,0,0,0,0,0
0,1,61425,0,0,0,0,0,0,0,0,0,0
1,1,61425,20,3,0,7,0,0,0,8,0,0
0,1,61426,21,21,21,21,21,21,21,21,21,21
1,1,61426,0,0,0,0,13,0,0,0,0,0
1,1,61427,0,0,0,0,0,0,0,0,0,0
2,1,61427,0,0,0,0,0,0,0,0,0,0
1,1,61428,29,29,29,29,29,29,29,29,29,29
1,1,61429,0,0,0,0,0,0,0,0,0,0
2,1,61429,0,0,0,0,0,0,0,0,0,0
3,1,61429,0,0,0,0,0,0,0,0,0,0
1,1,61430,7,7,7,7,7,7,7,7,7,7
2,1,61430,20,20,20,20,20,20,20,20,20,20
1,1,61431,0,0,0,0,0,0,0,0,0,0
1,1,61432,0,0,0,0,0,0,0,0,0,0
2,1,61432,0,0,0,0,0,0,0,0,0,0
0,1,61433,0,0,0,0,0,0,0,0,0,0
1,1,61433,0,0,0,0,0,0,0,0,0,0
1,1,61434,0,0,0,0,0,0,0,0,0,0
2,1,61434,0,0,0,0,0,0,0,0,0,0
1,1,61435,17,17,17,17,17,17,17,17,17,17
1,1,61436,17,17,17,17,17,17,17,17,17,17
1,1,61437,0,0,0,0,0,0,0,0,0,0
2,1,61437,0,0,0,0,0,0,0,0,0,0
3,1,61437,0,0,0,0,0,0,0,0,0,0
4,1,61437,0,0,0,0,0,0,0,0,0,0
1,1,61438,22,22,22,22,22,22,22,22,22,22
0,1,61439,0,0,0,0,0,0,0,0,0,0
1,1,61439,0,0,0,0,0,0,0,0,0,0
0,1,61440,0,0,0,0,0,0,0,0,0,0
1,1,61440,0,9,9,14,0,7,0,0,17,16
0,1,61441,27,27,27,27,27,27,27,27,27,27
1,1,61441,28,26,10,28,21,25,14,13,12,23
1,1,61442,24,24,24,24,24,24,24,24,24,24
1,1,61443,22,22,22,22,22,22,22,22,22,22
2,1,61443,0,0,0,0,0,0,0,0,0,0
1,1,61444,15,15,15,15,15,15,15,15,15,15
1,1,61445,0,0,0,0,0,0,0,7,0,0
2,1,61445,0,0,0,0,0,0,0,0,0,0
0,1,61446,0,0,0,0,0,0,0,0,0,0
1,1,61446,0,0,0,0,0,0,0,0,0,0
1,1,61447,0,0,0,0,0,0,0,0,0,0
1,1,61448,15,15,15,15,15,15,15,15,15,15
0,1,61449,0,0,0,0,0,0,0,0,0,0