VEH_NO,PER_NO,ST_CASE,P1,P2,P3,P4,P5,P6,P7,P8,P9,P10
1,1,61449,0,0,0,0,0,0,0,0,0,0
1,1,61450,0,0,0,0,0,0,0,0,0,0
2,1,61450,0,0,0,0,0,0,0,6,0,0
1,1,61451,0,0,0,0,0,0,0,0,0,0
2,1,61451,0,0,0,0,0,0,0,0,0,0
0,1,61452,0,0,0,0,0,0,0,0,0,0
1,1,61452,0,0,0,0,0,0,0,0,0,0
1,1,61453,0,0,0,0,0,0,0,0,0,0
2,1,61453,0,0,0,0,0,0,0,0,0,0
1,1,61454,0,0,0,0,0,0,0,0,0,0
2,1,61454,0,0,0,0,0,0,0,0,0,0
1,1,61455,0,0,0,0,0,0,0,0,0,0
2,1,61455,0,0,0,0,0,0,0,0,0,0
1,1,61456,14,14,14,14,14,14,14,14,14,14
1,1,61457,0,0,0,0,0,0,0,0,0,0
1,1,61458,28,28,28,28,28,28,28,28,28,28
2,1,61458,0,0,0,0,0,0,0,0,0,0
1,1,61459,19,19,19,19,19,19,19,19,19,19
2,1,61459,0,0,0,0,0,0,0,0,0,0
3,1,61459,8,0,0,0,0,0,0,0,0,0
1,1,61460,0,0,0,0,0,0,0,0,0,0
2,1,61460,0,0,0,0,0,0,0,0,0,0
1,1,61461,19,19,19,19,19,19,19,19,19,19
1,1,61462,18,18,18,18,18,18,18,18,18,18
1,1,61463,0,0,0,0,0,0,0,0,0,0
1,1,61464,0,0,0,0,0,0,0,0,0,0
1,1,61465,0,0,0,0,0,0,0,0,0,0
2,1,61465,0,0,0,0,0,0,0,0,0,0
3,1,61465,0,0,0,0,0,0,0,0,0,0
1,1,61466,0,0,0,0,0,0,0,0,0,0
2,1,61466,0,0,0,0,0,0,0,0,0,0
1,1,61467,11,11,11,11,11,11,11,11,11,11
1,1,61468,0,0,0,0,0,0,0,0,0,0
2,1,61468,0,0,0,0,0,0,10,0,0,0
1,1,61469,0,0,6,0,0,0,0,0,0,0
1,1,61470,0,0,0,0,0,0,0,0,0,9
1,1,61471,17,17,17,17,17,17,17,17,17,17
2,1,61471,0,0,0,0,0,0,0,0,0,0
1,1,61472,24,24,24,24,24,24,24,24,24,24
1,1,61473,23,23,23,23,23,23,23,23,23,23
1,1,61474,0,0,0,0,0,0,0,0,0,0
1,1,61475,0,0,0,0,0,0,0,0,0,0
2,1,61475,0,0,0,0,0,0,0,0,0,0
0,1,61476,0,0,0,25,0,0,0,0,0,0
0,2,61476,0,0,0,0,0,0,0,0,0,0
0,3,61476,0,0,0,0,0,0,0,0,0,0
0,4,61476,0,0,0,0,0,0,0,0,0,0
0,5,61476,0,0,0,0,0,0,0,0,0,0
1,1,61476,0,0,0,0,6,0,0,0,0,0
1,1,61477,0,0,0,0,0,0,0,0,0,0
2,1,61477,0,0,0,0,0,0,0,0,0,0
3,1,61477,0,0,0,0,0,0,0,0,0,0
4,1,61477,0,0,0,0,0,0,0,0,0,0
1,1,61478,0,0,0,0,0,0,0,0,0,0
1,1,61479,0,0,0,0,0,0,0,0,0,0
2,1,61479,4,0,9,0,12,0,0,0,0,0
3,1,61479,0,0,0,0,0,0,0,0,0,0
1,1,61480,16,16,16,16,16,16,16,16,16,16
0,1,61481,26,26,26,26,26,26,26,26,26,26
1,1,61481,0,0,0,0,0,0,0,0,0,0
2,1,61481,0,0,0,11,0,0,0,0,0,0
1,1,61482,11,11,11,11,11,11,11,11,11,11
1,1,61483,11,11,11,11,11,11,11,11,11,11
1,1,61484,0,0,0,0,0,0,0,0,0,0
1,1,61485,0,0,0,0,0,0,0,0,0,0
1,1,61486,32,32,32,32,32,32,32,32,32,32
2,1,61486,0,0,0,0,0,0,0,0,0,0
3,1,61486,0,0,0,0,0,0,0,0,0,0
1,1,61487,27,27,27,27,27,27,27,27,27,27
2,1,61487,0,0,0,0,0,0,0,0,0,0
3,1,61487,0,0,0,0,0,0,0,0,0,0
1,1,61488,22,22,22,22,22,22,22,22,22,22
1,1,61489,0,0,0,0,0,0,0,0,0,0
2,1,61489,0,0,0,0,0,0,0,0,0,0
3,1,61489,0,0,0,0,0,0,0,0,0,0
1,1,61490,0,0,0,0,0,0,0,0,0,0
2,1,61490,0,0,0,0,0,0,0,0,0,0
3,1,61490,0,0,0,0,0,0,0,0,0,0
4,1,61490,0,0,0,0,0,0,0,0,0,0
5,1,61490,0,0,0,0,0,0,0,0,0,14
1,1,61491,12,12,12,12,12,12,12,12,12,12
2,1,61491,0,0,0,0,0,0,0,0,0,0
1,1,61492,0,0,0,0,0,0,0,0,0,0
2,1,61492,0,0,0,0,0,0,0,0,0,0
1,1,61493,0,0,0,0,0,0,0,0,0,0
1,1,61494,0,0,0,0,0,0,0,0,0,0
0,1,61495,0,0,0,0,0,0,0,0,0,0
1,1,61495,0,0,0,0,0,0,0,0,0,0
0,1,61496,0,0,0,0,0,0,0,0,0,0
1,1,61496,18,18,18,18,18,18,18,18,18,18
1,1,61497,0,0,0,0,0,0,0,0,0,0
1,1,61498,0,0,0,0,0,0,0,0,0,0
0,1,61499,13,13,13,13,13,13,13,13,13,13
1,1,61499,0,0,0,0,0,0,0,0,0,0
1,1,61500,0,0,0,0,0,0,0,0,0,0
2,1,61500,0,0,0,0,0,0,0,0,0,0
0,1,61501,0,0,0,0,0,0,0,0,0,0
1,1,61501,0,0,0,0,0,0,0,0,0,0
1,1,61502,0,0,0,0,0,0,0,0,0,0
2,1,61502,0,0,0,0,0,0,0,0,0,0
3,1,61502,0,0,0,0,0,0,0,0,0,0
1,1,61503,6,6,6,6,6,6,6,6,6,6
2,1,61503,0,0,0,0,0,0,0,0,0,0
1,1,61504,11,11,11,11,11,11,11,11,11,11
0,1,61505,0,0,0,0,0,0,0,0,0,0
1,1,61505,19,19,19,19,19,19,19,19,19,19
1,1,61506,0,0,0,0,0,0,12,0,0,0
2,1,61506,0,0,0,0,0,0,0,0,0,7
1,1,61507,0,0,0,0,0,0,0,0,0,0
2,1,61507,0,0,0,0,0,0,0,0,0,0
3,1,61507,0,0,0,0,0,0,0,0,0,0
4,1,61507,0,0,0,0,0,0,0,0,0,0
0,1,61508,16,16,16,16,16,16,16,16,16,16
1,1,61508,0,0,0,0,0,0,0,0,6,0
0,1,61509,0,0,17,0,0,0,0,0,0,15
1,1,61509,0,0,0,0,0,0,0,0,0,0
1,1,61510,0,0,0,0,0,0,0,0,0,0
2,1,61510,6,11,0,0,0,0,0,0,0,0
1,1,61511,0,0,0,0,0,0,0,0,0,0
2,1,61511,0,0,0,0,0,0,0,0,0,0
3,1,61511,0,0,0,0,0,0,0,0,0,0
4,1,61511,0,0,0,0,0,0,0,0,0,0
5,1,61511,0,0,0,0,0,0,0,0,0,0
1,1,61512,23,23,23,23,23,23,23,23,23,23
1,1,61513,25,25,25,25,25,25,25,25,25,25
1,1,61514,0,0,0,0,0,0,0,0,0,0
1,1,61515,0,0,0,0,0,0,0,0,0,0
1,1,61516,0,0,0,0,0,0,0,0,0,0
2,1,61516,15,15,15,15,15,15,15,15,15,15
1,1,61517,0,0,0,0,0,0,0,0,0,0
2,1,61517,0,0,0,0,0,0,0,0,0,0
1,1,61518,46,46,46,46,46,46,46,46,46,46
1,1,61519,11,11,11,11,11,11,11,11,11,11
1,1,61520,12,12,12,12,12,12,12,12,12,12
1,1,61521,16,14,20,33,18,0,14,18,16,16
1,1,61522,19,0,27,19,22,8,16,13,16,0
1,1,61523,22,22,22,22,22,22,22,22,22,22
1,1,61524,0,0,0,0,0,0,0,0,0,0
1,1,61525,0,0,0,0,0,0,0,0,0,0
2,1,61525,0,0,0,0,0,0,0,0,0,0
1,1,61526,0,0,0,0,0,0,0,0,0,0
2,1,61526,0,0,0,0,0,0,0,0,0,0
1,1,61527,0,0,0,0,0,0,0,0,0,0
0,1,61528,0,0,0,0,0,0,0,0,0,0
1,1,61528,0,0,0,0,0,0,0,0,0,0
1,1,61529,0,0,0,0,0,0,0,0,0,0
0,1,61530,0,0,0,0,0,0,0,0,0,0
1,1,61530,0,0,0,0,0,0,0,0,0,0
1,1,61531,23,23,23,23,23,23,23,23,23,23
2,1,61531,0,0,0,0,0,0,0,0,0,0
1,1,61532,0,0,0,0,0,0,0,0,0,0
0,1,61533,0,0,0,0,0,0,0,0,0,0
1,1,61533,3,3,3,3,3,3,3,3,3,3
1,1,61534,5,5,5,5,5,5,5,5,5,5
1,1,61535,20,20,20,20,20,20,20,20,20,20
1,1,61536,0,0,0,0,0,0,0,0,0,0
2,1,61536,0,0,0,0,0,0,0,0,0,0
1,1,61537,0,0,0,0,0,0,0,0,0,0
2,1,61537,0,0,0,0,0,0,0,0,0,0
1,1,61538,0,0,0,0,0,0,0,0,0,0
2,1,61538,0,0,0,0,0,0,0,0,0,0
1,1,61539,0,0,0,0,0,0,0,0,0,0
1,1,61540,0,0,0,0,0,0,0,0,0,0
1,1,61541,20,20,20,20,20,20,20,20,20,20
1,1,61542,0,0,0,0,0,0,0,0,0,0
2,1,61542,0,0,0,0,0,0,0,0,0,0
1,1,61543,0,0,0,0,13,0,0,0,0,0
0,1,61544,21,0,15,20,14,0,9,16,0,21
1,1,61544,0,0,0,0,0,0,0,0,0,0
1,1,61545,12,12,12,12,12,12,12,12,12,12
2,1,61545,0,0,0,0,0,0,0,0,0,0
1,1,61546,9,9,9,9,9,9,9,9,9,9
1,1,61547,20,20,20,20,20,20,20,20,20,20
1,1,61548,0,22,22,0,10,0,0,0,0,0
1,1,61549,18,18,18,18,18,18,18,18,18,18
1,1,61550,33,33,33,33,33,33,33,33,33,33
1,1,61551,14,14,14,14,14,14,14,14,14,14
1,1,61552,9,9,9,9,9,9,9,9,9,9
2,1,61552,0,0,0,0,0,0,0,0,0,0
1,1,61553,0,0,0,0,0,0,0,0,0,0
2,1,61553,0,0,0,0,0,0,0,0,0,0
1,1,61554,0,0,0,0,0,0,0,0,0,0
2,1,61554,0,0,0,0,0,0,0,0,0,0
3,1,61554,0,0,0,0,0,0,0,0,0,0
1,1,61555,0,0,0,0,0,0,0,0,0,0
0,1,61556,0,0,0,0,0,0,0,0,0,0
1,1,61556,0,0,0,0,0,0,0,0,0,0
0,1,61557,0,0,0,0,0,0,0,0,0,0
1,1,61557,0,0,0,0,0,0,0,0,0,0
1,1,61558,0,0,0,0,0,0,0,0,0,0
2,1,61558,0,0,0,0,0,0,0,0,0,0
0,1,61559,25,25,25,25,25,25,25,25,25,25
1,1,61559,0,15,9,0,0,2,14,18,0,0
1,1,61560,28,28,28,28,28,28,28,28,28,28
1,1,61561,12,12,12,12,12,12,12,12,12,12
2,1,61561,0,0,0,0,0,0,0,0,0,0
1,1,61562,0,0,0,0,0,0,0,0,0,0
1,1,61563,0,0,0,0,0,0,0,0,0,0
1,1,61564,18,18,18,18,18,18,18,18,18,18
0,1,61565,16,16,16,16,16,16,16,16,16,16
1,1,61565,0,0,0,14,0,0,0,0,15,0
1,1,61566,0,0,0,0,0,0,0,0,0,0
0,1,61567,0,0,0,0,0,0,0,0,0,0
1,1,61567,0,0,0,0,0,0,0,0,0,0
1,1,61568,16,16,16,16,16,16,16,16,16,16
0,1,61569,0,0,0,0,0,0,0,0,0,0
1,1,61569,0,0,0,0,0,0,0,0,0,0
2,1,61569,0,0,0,0,0,0,0,0,0,0
1,1,61570,0,0,0,0,0,0,0,0,0,0
1,1,61571,0,0,0,0,0,0,0,0,21,0
1,1,61572,0,0,0,0,0,0,0,0,0,0
2,1,61572,0,0,0,0,0,0,0,0,0,0
1,1,61573,16,16,16,16,16,16,16,16,16,16
2,1,61573,0,0,0,0,0,0,0,0,0,0
1,1,61574,21,21,21,21,21,21,21,21,21,21
2,1,61574,0,0,0,0,0,0,0,0,0,0
0,1,61575,21,21,21,21,21,21,21,21,21,21
1,1,61575,0,0,0,7,0,0,0,0,0,13
0,1,61576,0,0,0,0,0,0,0,0,0,0
1,1,61576,0,0,0,0,0,0,0,0,0,0
0,1,61577,0,0,0,0,0,0,0,0,0,0
1,1,61577,0,0,0,0,0,0,0,0,0,0
1,1,61578,21,21,21,21,21,21,21,21,21,21
0,1,61579,23,23,23,23,23,23,23,23,23,23
1,1,61579,0,0,10,0,16,9,0,0,13,0
0,1,61580,29,29,29,29,29,29,29,29,29,29
1,1,61580,0,0,0,0,9,0,0,0,0,0
1,1,61581,11,16,20,23,25,21,22,21,10,0
0,1,61582,0,0,0,0,0,0,0,0,0,0
1,1,61582,0,0,0,0,0,0,0,0,0,0
1,1,61583,33,33,33,33,33,33,33,33,33,33
0,1,61584,20,20,20,20,20,20,20,20,20,20
1,1,61584,7,0,11,0,0,0,0,0,0,0
1,1,61585,9,9,9,9,9,9,9,9,9,9
2,1,61585,0,0,0,0,0,0,0,0,0,0
1,1,61586,0,0,8,0,0,0,0,0,0,0
1,1,61587,0,0,0,0,14,0,3,0,11,0
1,1,61588,8,16,12,9,19,19,24,14,26,8
1,1,61589,15,15,15,15,15,15,15,15,15,15
1,1,61590,0,0,0,0,0,0,0,0,0,0
2,1,61590,0,0,0,3,0,0,0,0,0,0
1,1,61591,0,0,0,0,0,0,0,0,0,0
1,1,61592,0,0,0,0,0,0,0,0,0,0
1,1,61593,0,0,0,0,0,0,0,0,0,0
0,1,61594,28,28,28,28,28,28,28,28,28,28
1,1,61594,0,0,0,0,0,0,0,0,0,0
1,1,61595,0,17,0,2,0,0,0,0,0,0
2,1,61595,0,0,0,0,0,0,0,0,0,0
1,1,61596,24,10,19,17,9,14,5,15,24,6
1,1,61597,12,12,12,12,12,12,12,12,12,12
1,1,61598,19,19,19,19,19,19,19,19,19,19
0,1,61599,22,22,22,22,22,22,22,22,22,22
1,1,61599,0,0,0,0,0,0,0,0,0,0
1,1,61600,0,0,0,13,0,0,0,26,0,12
1,1,61601,22,19,19,8,18,14,7,7,21,7
0,1,61602,0,0,0,0,0,0,0,0,0,0
1,1,61602,0,0,0,0,0,0,0,0,0,0
1,1,61603,2,2,2,2,2,2,2,2,2,2
2,1,61603,0,0,0,0,0,0,0,0,0,0
3,1,61603,0,0,0,0,0,0,0,0,0,0
1,1,61604,0,0,0,0,0,0,0,0,0,0
2,1,61604,0,0,0,0,0,0,0,0,0,0
1,1,61605,0,0,0,0,0,0,0,0,0,0
2,1,61605,0,0,0,0,0,0,0,0,0,0
1,1,61606,19,19,19,19,19,19,19,19,19,19
1,1,61607,0,0,0,0,0,0,0,0,0,0
2,1,61607,0,0,0,0,0,0,0,0,0,0
1,1,61608,0,0,0,0,0,0,0,0,0,0
2,1,61608,0,0,0,0,0,0,0,0,0,0
3,1,61608,0,0,0,0,0,0,0,0,0,0
4,1,61608,0,0,0,0,0,0,0,0,0,0
1,1,61609,0,0,0,0,0,0,0,0,0,0
2,1,61609,0,0,0,0,0,0,0,0,0,0
1,1,61610,9,9,9,9,9,9,9,9,9,9
2,1,61610,0,0,0,0,0,0,0,0,0,0
1,1,61611,0,0,0,0,2,3,0,0,0,0
2,1,61611,14,0,0,0,0,0,0,0,0,0
1,1,61612,0,0,0,0,0,0,0,0,0,0
1,1,61613,0,0,0,0,0,0,0,0,0,0
2,1,61613,0,0,0,0,0,0,0,0,0,0
1,1,61614,0,0,0,0,0,0,0,0,0,0
1,1,61615,0,0,0,0,0,0,0,0,0,0
2,1,61615,0,0,0,0,0,0,0,0,0,0
1,1,61616,0,0,0,0,0,0,0,0,0,0
2,1,61616,0,0,0,0,0,0,0,0,0,0
3,1,61616,0,0,0,0,0,0,0,0,0,0
1,1,61617,0,0,0,0,0,0,0,0,0,0
1,1,61618,0,0,0,0,0,0,0,0,0,0
0,1,61619,0,0,0,0,0,0,0,0,0,0
1,1,61619,0,0,0,0,0,0,0,0,0,0
2,1,61619,0,0,0,0,0,0,0,18,0,0
1,1,61620,0,13,0,0,0,0,0,0,0,0
1,1,61621,0,0,0,0,0,0,0,0,0,0
2,1,61621,0,0,0,0,0,0,0,0,0,0
1,1,61622,0,0,0,0,0,0,0,0,0,0
2,1,61622,0,0,0,0,0,0,0,0,0,0
1,1,61623,8,8,8,8,8,8,8,8,8,8
1,1,61624,0,0,0,0,0,0,0,0,0,0
2,1,61624,0,0,0,0,0,0,0,0,0,0
1,1,61625,0,8,18,0,4,0,4,12,0,0
1,1,61626,9,9,9,9,9,9,9,9,9,9
1,1,61627,0,0,0,0,0,0,0,0,0,0
1,1,61628,14,14,14,14,14,14,14,14,14,14
2,1,61628,0,0,0,0,0,0,0,0,0,0
0,1,61629,0,0,0,0,0,0,0,0,0,0
1,1,61629,0,0,0,0,0,0,0,0,0,0
1,1,61630,0,0,0,0,0,0,0,0,0,0
1,1,61631,11,11,11,11,11,11,11,11,11,11
1,1,61632,21,21,21,21,21,21,21,21,21,21
1,1,61633,0,0,0,0,0,0,0,0,0,0
1,1,61634,40,40,40,40,40,40,40,40,40,40
2,1,61634,0,0,0,0,0,0,0,0,0,0
1,1,61635,0,0,0,0,0,0,0,0,0,0
2,1,61635,0,0,0,0,0,0,0,0,0,0
1,1,61636,0,0,0,0,0,0,0,0,0,0
2,1,61636,0,0,0,0,0,0,0,0,0,0
1,1,61637,5,5,5,5,5,5,5,5,5,5
0,1,61638,0,0,0,0,0,0,0,0,0,0
0,2,61638,0,0,0,0,0,0,0,0,0,0
1,1,61638,0,0,0,10,0,0,0,0,17,9
0,1,61639,0,0,0,0,0,0,0,0,0,0
1,1,61639,13,13,13,13,13,13,13,13,13,13
1,1,61640,25,25,25,25,25,25,25,25,25,25
2,1,61640,0,0,0,0,0,0,0,0,0,0
1,1,61641,5,5,5,5,5,5,5,5,5,5
0,1,61642,3,3,3,3,3,3,3,3,3,3
1,1,61642,0,0,0,0,0,0,0,0,0,7
1,1,61643,24,24,24,24,24,24,24,24,24,24
2,1,61643,0,0,0,0,0,0,0,0,0,0
1,1,61644,0,0,0,0,0,0,0,0,0,0
1,1,61645,0,0,0,0,0,0,0,0,0,0
1,1,61646,0,0,0,0,0,0,0,0,0,0
1,1,61647,12,12,12,12,12,12,12,12,12,12
2,1,61647,0,0,0,0,0,0,0,0,0,0
1,1,61648,0,0,0,0,0,0,0,0,0,0
1,1,61649,0,0,0,0,0,0,0,0,0,0
1,1,61650,0,0,0,0,0,0,0,0,0,0
2,1,61650,0,0,0,0,9,0,6,0,0,0
0,1,61651,0,0,0,0,0,0,0,0,0,0
1,1,61651,0,0,0,0,0,0,0,0,0,0
1,1,61652,0,5,0,0,0,0,0,8,0,0
2,1,61652,14,14,14,14,14,14,14,14,14,14
0,1,61653,0,0,0,0,0,0,0,0,0,0
1,1,61653,0,0,0,0,0,0,0,0,0,0
1,1,61654,0,0,0,0,0,0,0,0,0,0
1,1,61655,10,10,10,10,10,10,10,10,10,10
1,1,61656,0,0,0,0,0,0,0,0,0,0
1,1,61657,0,0,0,0,0,0,0,0,0,0
2,1,61657,0,0,0,0,0,0,0,0,0,0
1,1,61658,8,8,8,8,8,8,8,8,8,8
1,1,61659,0,0,0,0,0,0,0,0,0,0
2,1,61659,0,0,0,0,0,0,0,0,0,0
3,1,61659,0,0,0,0,0,0,0,0,0,0
1,1,61660,0,0,0,0,0,0,0,0,0,0
0,1,61661,17,17,17,17,17,17,17,17,17,17
1,1,61661,14,14,14,14,14,14,14,14,14,14
0,1,61662,0,23,0,0,26,10,0,0,0,0
1,1,61662,0,0,0,0,0,0,0,0,0,0
1,1,61663,0,0,0,0,0,0,0,0,0,0
2,1,61663,0,0,0,0,0,0,0,0,0,0
1,1,61664,0,0,0,0,0,0,0,0,0,0
1,1,61665,0,0,0,0,0,0,0,0,0,0
2,1,61665,0,0,0,0,9,0,0,0,0,0
0,1,61666,0,0,0,0,0,0,0,0,0,0
1,1,61666,0,0,0,0,0,0,0,0,0,0
1,1,61667,23,23,23,23,23,23,23,23,23,23
0,1,61668,0,0,0,0,0,0,0,0,0,0
1,1,61668,0,0,0,0,0,0,0,0,0,0
1,1,61669,0,0,0,0,0,0,0,0,0,0
2,1,61669,0,0,0,0,0,0,0,0,0,0
1,1,61670,0,0,0,0,0,0,0,0,0,0
2,1,61670,0,0,0,0,0,0,0,0,0,0
1,1,61671,0,0,0,0,0,0,0,0,0,0
2,1,61671,0,0,0,0,0,0,0,0,0,0
3,1,61671,0,0,0,0,0,0,0,0,0,0
0,1,61672,0,0,0,16,0,0,0,0,0,0
1,1,61672,0,0,0,0,0,0,0,0,0,0
1,1,61673,13,13,13,13,13,13,13,13,13,13
1,1,61674,18,18,18,18,18,18,18,18,18,18
1,1,61675,0,0,0,0,0,0,0,0,0,0
2,1,61675,21,14,36,19,23,11,11,17,11,13
3,1,61675,0,0,0,0,0,0,0,0,0,0
1,1,61676,0,0,0,0,0,0,0,0,0,0
2,1,61676,0,0,0,0,0,0,0,0,0,0
3,1,61676,0,0,0,14,0,0,0,0,0,0
1,1,61677,20,20,20,20,20,20,20,20,20,20
2,1,61677,0,0,0,0,0,0,0,0,0,0
1,1,61678,0,0,0,0,0,0,0,0,0,0
0,1,61679,25,25,25,25,25,25,25,25,25,25
1,1,61679,0,0,0,0,0,0,0,0,0,0
1,1,61680,28,28,28,28,28,28,28,28,28,28
1,1,61681,0,0,0,0,0,0,0,0,0,0
2,1,61681,0,0,0,0,0,0,0,0,0,0
3,1,61681,0,0,0,0,13,0,0,0,0,4
4,1,61681,0,0,0,2,0,0,10,0,0,0
5,1,61681,0,0,0,0,0,0,0,0,0,0
0,1,61682,0,0,0,0,0,0,0,0,0,0
0,2,61682,6,37,0,0,0,0,0,24,0,23
0,3,61682,0,0,0,0,0,0,0,0,0,0
1,1,61682,22,22,22,22,22,22,22,22,22,22
0,1,61683,0,0,0,0,0,0,0,0,0,0
1,1,61683,0,0,0,0,0,0,0,0,0,0
1,1,61684,0,0,0,0,0,0,0,0,0,0
1,1,61685,0,0,0,0,0,0,0,0,0,0
1,1,61686,0,0,0,0,0,0,0,0,0,0
2,1,61686,0,0,0,0,0,0,0,0,0,0
1,1,61687,2,2,2,2,2,2,2,2,2,2
1,1,61688,0,0,0,0,0,0,0,0,0,0
2,1,61688,0,0,0,0,0,0,2,0,0,0
1,1,61689,0,0,0,0,0,0,0,0,0,0
2,1,61689,0,0,0,0,0,0,0,0,0,0
3,1,61689,0,0,0,0,0,0,0,0,12,0
4,1,61689,0,0,0,0,0,0,0,0,0,0
0,1,61690,0,0,0,0,0,0,0,0,0,0
1,1,61690,17,0,0,0,33,0,0,11,0,8
2,1,61690,0,0,0,0,0,0,16,0,0,8
3,1,61690,0,8,17,0,0,0,0,0,0,0
1,1,61691,0,0,0,0,0,0,0,0,0,0
2,1,61691,0,0,0,0,0,0,0,0,0,0
3,1,61691,0,0,0,0,0,0,0,0,0,0
0,1,61692,0,0,0,0,0,0,0,0,0,0
1,1,61692,0,0,0,0,0,0,0,0,0,0
1,1,61693,0,0,0,0,0,0,0,0,0,0
2,1,61693,0,0,0,0,0,0,0,0,0,0
3,1,61693,0,0,0,0,0,0,0,0,0,0
1,1,61694,0,0,0,0,0,0,0,0,0,0
2,1,61694,0,0,0,0,0,0,0,0,0,0
1,1,61695,0,0,0,0,0,0,0,0,0,0
1,1,61696,7,7,7,7,7,7,7,7,7,7
2,1,61696,0,0,0,0,0,0,0,0,0,0
3,1,61696,0,0,0,0,0,0,0,0,0,0
1,1,61697,31,31,31,31,31,31,31,31,31,31
1,1,61698,0,0,0,0,0,0,0,0,0,0
2,1,61698,0,0,0,0,0,0,0,0,0,0
1,1,61699,0,0,0,0,0,0,0,0,0,0
0,1,61700,0,0,0,0,0,0,0,0,0,0
1,1,61700,7,7,7,7,7,7,7,7,7,7
1,1,61701,19,19,19,19,19,19,19,19,19,19
1,1,61702,0,0,0,0,0,0,0,0,0,0
2,1,61702,0,0,0,0,0,0,0,0,0,0
0,1,61703,0,0,0,0,0,0,0,0,0,0
1,1,61703,0,0,0,0,0,0,0,0,0,0
1,1,61704,0,0,0,0,0,0,0,0,0,0
1,1,61705,21,21,21,21,21,21,21,21,21,21
1,1,61706,0,0,0,0,0,0,0,0,0,0
2,1,61706,0,0,0,0,0,0,0,0,0,0
1,1,61707,0,0,0,0,0,0,0,0,0,0
2,1,61707,0,0,0,0,0,0,0,0,0,0
1,1,61708,0,0,0,0,0,0,0,0,0,0
2,1,61708,0,0,0,0,0,0,0,0,0,0
1,1,61709,0,0,0,0,0,0,0,0,0,0
1,1,61710,0,0,0,0,0,0,0,0,0,0
1,1,61711,24,24,24,24,24,24,24,24,24,24
2,1,61711,0,0,0,0,0,0,21,3,0,0
1,1,61712,0,0,0,0,0,0,0,0,0,0
2,1,61712,0,0,0,0,0,2,0,0,8,0
1,1,61713,0,0,0,0,0,0,0,0,0,0
0,1,61714,15,13,19,20,40,5,64,18,29,29
1,1,61714,0,0,0,0,0,0,0,0,0,0
1,1,61715,32,32,32,32,32,32,32,32,32,32
1,1,61716,9,11,21,39,20,21,15,0,28,31
2,1,61716,0,0,0,0,0,0,0,0,0,0
1,1,61717,0,0,0,0,0,0,0,0,0,0
2,1,61717,0,0,0,0,0,0,0,0,0,0
1,1,61718,15,15,15,15,15,15,15,15,15,15
1,1,61719,0,0,23,0,0,0,0,0,0,17
2,1,61719,0,0,0,0,0,0,0,0,0,0
1,1,61720,21,21,21,21,21,21,21,21,21,21
0,1,61721,46,26,32,12,15,13,27,19,9,14
0,2,61721,0,0,0,0,0,0,0,20,0,0
0,3,61721,0,0,0,0,0,0,0,0,0,0
0,4,61721,0,0,0,0,0,0,0,0,0,0
1,1,61721,28,28,28,28,28,28,28,28,28,28
1,1,61722,6,6,6,6,6,6,6,6,6,6
1,1,61723,21,21,21,21,21,21,21,21,21,21
0,1,61724,19,19,19,19,19,19,19,19,19,19
1,1,61724,0,0,0,0,0,0,0,0,0,0
1,1,61725,0,0,0,0,0,0,0,0,0,0
2,1,61725,7,0,0,0,0,0,0,0,0,0
3,1,61725,0,0,0,0,0,0,0,0,0,0
1,1,61726,22,22,22,22,22,22,22,22,22,22
1,1,61727,0,13,0,0,14,11,19,0,0,11
1,1,61728,26,26,26,26,26,26,26,26,26,26
1,1,61729,4,4,4,4,4,4,4,4,4,4
1,1,61730,5,0,0,5,0,0,0,0,0,17
1,1,61731,0,0,0,0,0,0,0,0,0,0
2,1,61731,0,0,0,0,0,0,0,0,0,0
3,1,61731,0,0,0,0,0,0,0,0,0,0
1,1,61732,25,25,25,25,25,25,25,25,25,25
1,1,61733,0,0,0,0,0,0,0,0,0,0
2,1,61733,19,19,19,19,19,19,19,19,19,19
3,1,61733,0,0,0,0,0,0,0,0,0,0
1,1,61734,0,0,0,18,0,0,3,0,0,0
2,1,61734,0,0,0,0,0,0,0,0,0,0
1,1,61735,3,3,3,3,3,3,3,3,3,3
1,1,61736,26,26,26,26,26,26,26,26,26,26
1,1,61737,10,11,0,0,12,11,6,0,12,10
1,1,61738,15,15,15,15,15,15,15,15,15,15
1,1,61739,0,0,0,0,0,0,0,0,0,0
1,1,61740,16,16,16,16,16,16,16,16,16,16
1,1,61741,0,0,0,0,0,0,0,0,0,0
2,1,61741,0,0,0,0,0,0,0,0,0,0