VEH_NO,PER_NO,ST_CASE,P1,P2,P3,P4,P5,P6,P7,P8,P9,P10
1,1,61742,0,0,9,25,0,0,0,0,0,0
1,1,61743,0,0,0,0,0,0,0,0,0,0
1,1,61744,16,10,0,23,11,18,16,32,14,0
1,1,61745,0,0,0,0,0,0,0,0,0,0
0,1,61746,35,35,35,35,35,35,35,35,35,35
1,1,61746,0,0,0,0,36,0,0,0,0,0
1,1,61747,21,21,21,21,21,21,21,21,21,21
1,1,61748,0,0,0,0,0,0,0,0,0,0
1,1,61749,0,0,0,0,0,0,0,0,0,0
2,1,61749,0,0,0,0,0,0,0,0,0,0
1,1,61750,0,0,0,0,0,0,0,0,0,0
2,1,61750,0,0,0,0,0,0,0,0,0,0
1,1,61751,0,0,0,0,0,0,0,0,0,0
2,1,61751,0,0,0,0,0,0,0,0,0,0
1,1,61752,16,16,16,16,16,16,16,16,16,16
1,1,61753,24,24,24,24,24,24,24,24,24,24
1,1,61754,0,0,0,0,0,0,0,0,0,0
2,1,61754,0,0,0,0,0,0,0,0,0,0
1,1,61755,0,0,0,0,0,0,0,0,0,0
2,1,61755,0,0,0,0,0,0,0,0,0,0
3,1,61755,0,0,0,0,0,0,0,0,0,0
1,1,61756,0,0,0,0,0,0,0,0,0,0
1,1,61757,0,0,0,0,0,0,0,0,0,0
2,1,61757,0,0,0,0,0,0,0,0,0,0
1,1,61758,7,7,7,7,7,7,7,7,7,7
0,1,61759,7,7,7,7,7,7,7,7,7,7
0,2,61759,0,22,0,0,0,0,0,0,0,0
0,3,61759,0,23,0,0,0,0,0,0,5,0
1,1,61759,0,0,0,0,0,0,0,0,0,0
1,1,61760,0,0,0,0,0,0,0,0,0,0
2,1,61760,0,0,0,0,0,0,0,0,0,0
1,1,61761,21,21,21,21,21,21,21,21,21,21
2,1,61761,0,0,0,0,0,0,0,0,0,0
3,1,61761,0,0,0,0,0,0,0,0,0,0
4,1,61761,13,0,0,0,0,0,0,0,0,15
0,1,61762,0,0,0,0,0,0,0,0,0,0
1,1,61762,0,0,0,0,0,0,0,0,0,0
0,1,61763,0,0,0,0,0,0,0,0,0,0
1,1,61763,7,7,7,7,7,7,7,7,7,7
1,1,61764,0,0,0,0,0,0,0,0,0,0
2,1,61764,1,1,1,1,1,1,1,1,1,1
1,1,61765,0,0,0,0,0,0,0,0,0,0
2,1,61765,0,0,0,0,0,0,0,0,0,0
1,1,61766,0,0,0,0,0,0,0,0,0,0
1,1,61767,0,0,5,0,0,0,0,0,0,0
2,1,61767,0,0,0,0,0,0,0,0,0,0
3,1,61767,0,0,0,0,0,0,0,0,0,0
1,1,61768,0,0,0,0,0,0,0,0,0,0
2,1,61768,0,0,0,0,0,0,0,0,0,0
1,1,61769,0,0,0,0,0,0,0,0,0,0
2,1,61769,0,0,0,0,0,0,0,0,0,0
1,1,61770,0,0,0,0,0,0,0,0,0,0
1,1,61771,32,32,32,32,32,32,32,32,32,32
2,1,61771,17,17,17,17,17,17,17,17,17,17
1,1,61772,0,0,0,0,0,0,0,0,0,0
1,1,61773,10,20,21,19,14,16,18,26,3,28
2,1,61773,0,0,0,0,0,0,0,0,0,12
1,1,61774,0,0,0,0,0,0,19,0,11,0
1,1,61775,0,0,0,0,0,0,0,0,0,0
2,1,61775,14,14,14,14,14,14,14,14,14,14
1,1,61776,0,0,0,0,0,0,0,0,0,0
1,1,61777,0,0,0,0,0,0,0,0,0,0
2,1,61777,0,0,0,0,0,0,0,0,0,0
1,1,61778,7,7,7,7,7,7,7,7,7,7
1,1,61779,3,3,3,3,3,3,3,3,3,3
2,1,61779,0,0,0,0,0,0,0,0,0,0
0,1,61780,43,43,43,43,43,43,43,43,43,43
1,1,61780,0,0,0,0,8,0,0,0,15,0
1,1,61781,16,16,16,16,16,16,16,16,16,16
1,1,61782,0,0,0,0,0,8,0,0,0,0
1,1,61783,6,6,6,6,6,6,6,6,6,6
1,1,61784,0,0,0,0,0,0,0,0,0,0
2,1,61784,0,0,0,0,0,0,0,0,0,0
1,1,61785,31,31,31,31,31,31,31,31,31,31
2,1,61785,0,0,0,0,0,0,0,0,0,0
1,1,61786,0,0,0,0,0,4,0,0,0,0
0,1,61787,0,0,0,0,0,0,0,0,0,0
1,1,61787,0,0,0,0,0,0,0,0,0,0
1,1,61788,0,0,0,0,0,0,0,0,0,0
2,1,61788,0,0,0,0,0,0,9,0,0,0
1,1,61789,0,0,0,0,0,0,0,0,0,0
2,1,61789,0,0,0,0,0,0,7,0,0,0
0,1,61790,0,0,0,0,0,0,0,0,0,0
0,2,61790,0,0,0,0,0,8,0,0,0,13
1,1,61790,0,0,0,0,0,0,0,0,0,0
1,1,61791,0,0,0,0,0,0,0,0,0,0
2,1,61791,0,0,0,0,0,0,0,0,0,0
1,1,61792,18,18,18,18,18,18,18,18,18,18
2,1,61792,0,0,0,0,0,0,0,0,0,0
0,1,61793,0,0,0,0,0,0,0,0,0,0
1,1,61793,0,9,0,0,0,0,0,0,0,0
1,1,61794,27,27,27,27,27,27,27,27,27,27
0,1,61795,0,9,0,0,5,0,0,18,14,0
1,1,61795,8,0,0,5,0,0,0,0,0,0
0,1,61796,0,0,0,0,0,0,0,0,0,0
1,1,61796,0,0,0,0,0,0,0,0,0,0
1,1,61797,0,0,0,0,0,0,0,0,0,0
2,1,61797,0,0,0,0,0,0,0,0,0,0
0,1,61798,0,0,0,0,0,0,0,0,0,0
1,1,61798,0,0,0,0,0,0,0,0,0,0
1,1,61799,11,11,11,11,11,11,11,11,11,11
1,1,61800,0,0,0,0,0,0,0,0,0,0
2,1,61800,0,0,0,0,0,0,0,0,0,0
1,1,61801,0,0,0,0,0,0,0,0,0,0
1,1,61802,0,0,0,0,0,0,0,0,0,0
1,1,61803,11,11,11,11,11,11,11,11,11,11
1,1,61804,24,24,24,24,24,24,24,24,24,24
0,1,61805,0,0,0,0,0,0,0,0,0,0
1,1,61805,0,0,0,0,0,0,0,0,0,0
1,1,61806,0,0,0,0,0,0,0,0,0,0
1,1,61807,0,0,0,0,0,0,0,0,0,0
0,1,61808,0,0,0,0,0,0,0,0,0,0
1,1,61808,0,0,0,0,0,0,0,0,0,0
2,1,61809,0,0,0,0,2,0,0,0,0,0
1,1,61810,0,0,0,0,0,0,0,0,0,0
1,1,61811,0,0,0,0,0,7,18,0,0,0
2,1,61811,0,0,0,0,0,0,0,0,0,0
3,1,61811,0,13,0,0,15,11,15,23,0,51
4,1,61811,0,0,0,0,10,0,33,0,9,0
5,1,61811,34,11,9,12,0,23,0,9,17,0
0,1,61812,0,0,0,0,0,0,0,0,0,0
1,1,61812,0,0,0,0,0,0,0,0,11,0
0,1,61813,43,43,43,43,43,43,43,43,43,43
1,1,61813,0,0,0,0,0,0,0,0,0,0
1,1,61814,0,0,0,0,0,0,0,0,0,0
0,1,61815,0,0,0,0,0,0,0,0,0,0
1,1,61815,7,7,7,7,7,7,7,7,7,7
1,1,61816,0,0,0,0,0,0,0,0,0,0
2,1,61816,0,0,0,0,0,0,0,0,0,0
1,1,61817,0,0,0,0,0,0,0,0,0,0
2,1,61817,0,0,0,0,0,0,0,0,0,0
1,1,61818,17,17,17,17,17,17,17,17,17,17
1,1,61819,12,20,22,7,0,7,19,0,10,11
2,1,61819,0,0,0,16,10,0,0,0,0,0
1,1,61820,25,25,25,25,25,25,25,25,25,25
2,1,61820,0,0,0,0,0,0,0,0,0,0
3,1,61820,0,0,0,8,0,0,0,0,0,0
1,1,61821,20,20,20,20,20,20,20,20,20,20
1,1,61822,0,0,0,0,0,0,0,0,0,0
1,1,61823,23,23,23,23,23,23,23,23,23,23
0,1,61824,0,26,0,0,0,0,8,0,19,0
1,1,61824,0,0,0,0,0,0,0,0,0,0
1,1,61825,11,11,11,11,11,11,11,11,11,11
2,1,61825,0,0,0,0,0,0,0,0,0,0
1,1,61826,21,21,21,21,21,21,21,21,21,21
1,1,61827,0,0,0,0,0,0,0,0,0,0
2,1,61827,0,0,0,0,0,0,0,0,0,0
1,1,61828,17,17,17,17,17,17,17,17,17,17
0,1,61829,22,28,38,18,17,12,0,19,27,26
1,1,61829,0,0,0,0,0,20,0,14,0,0
1,1,61830,0,0,0,0,0,0,0,0,0,0
2,1,61830,0,0,0,0,0,0,0,0,0,0
1,1,61831,25,25,25,25,25,25,25,25,25,25
0,1,61832,16,16,16,16,16,16,16,16,16,16
1,1,61832,0,0,0,0,0,0,0,0,0,0
0,1,61833,0,0,0,0,0,0,0,0,0,0
1,1,61833,10,10,10,10,10,10,10,10,10,10
1,1,61834,14,14,14,14,14,14,14,14,14,14
0,1,61835,0,0,0,0,0,0,0,0,0,0
1,1,61835,0,0,0,0,0,0,0,0,0,0
0,1,61836,26,26,26,26,26,26,26,26,26,26
1,1,61836,14,14,14,14,14,14,14,14,14,14
1,1,61837,28,28,28,28,28,28,28,28,28,28
2,1,61837,0,0,0,0,0,0,0,0,0,0
1,1,61838,21,21,21,21,21,21,21,21,21,21
1,1,61839,0,0,0,0,0,0,0,0,0,0
2,1,61839,0,0,0,0,0,0,0,0,0,0
1,1,61840,0,0,0,17,0,0,0,18,0,0
0,1,61841,3,3,3,3,3,3,3,3,3,3
1,1,61841,0,33,0,13,0,13,0,0,0,0
1,1,61842,0,0,0,0,0,0,0,0,0,0
2,1,61842,0,0,0,0,0,0,0,0,0,0
1,1,61843,0,0,0,0,0,0,0,0,0,0
0,1,61844,0,0,0,0,0,0,0,0,0,0
1,1,61844,0,0,0,0,0,0,0,0,0,0
1,1,61845,27,27,27,27,27,27,27,27,27,27
0,1,61846,14,14,14,14,14,14,14,14,14,14
1,1,61846,0,0,0,0,0,0,0,0,0,0
1,1,61847,28,28,28,28,28,28,28,28,28,28
2,1,61847,0,0,0,0,0,0,0,0,0,0
1,1,61848,0,0,0,0,0,0,0,0,0,0
2,1,61848,0,0,0,0,0,0,0,0,0,0
1,1,61849,0,0,0,7,0,0,0,0,0,0
2,1,61849,0,0,0,0,0,0,0,0,0,0
0,1,61850,3,3,3,3,3,3,3,3,3,3
1,1,61850,0,0,0,0,0,0,0,0,0,0
1,2,61851,0,0,0,0,0,13,0,0,0,0
1,1,61852,0,0,0,0,0,0,0,0,0,0
2,1,61852,0,0,0,0,0,0,0,0,0,0
1,1,61853,0,0,0,0,0,0,0,0,0,0
2,1,61853,0,0,0,0,0,0,0,0,0,0
1,1,61854,0,0,0,0,0,0,0,0,0,0
2,1,61854,0,0,0,0,0,0,0,0,0,0
0,1,61855,0,0,0,0,0,0,0,0,0,0
1,1,61855,0,0,0,0,0,0,0,0,0,0
0,1,61856,0,0,0,0,0,0,0,0,0,0
1,1,61856,0,0,0,0,0,0,0,0,0,0
2,1,61856,0,8,0,0,0,11,0,0,0,14
3,1,61856,0,14,0,0,15,10,0,0,0,0
1,1,61857,34,34,34,34,34,34,34,34,34,34
0,1,61858,0,0,0,0,0,0,0,0,0,0
1,1,61858,0,0,0,17,0,0,0,0,0,0
1,1,61859,23,23,23,23,23,23,23,23,23,23
1,1,61860,0,0,0,0,0,0,0,0,0,0
2,1,61860,0,0,0,0,0,0,0,0,0,0
1,1,61861,19,19,19,19,19,19,19,19,19,19
1,1,61862,41,41,41,41,41,41,41,41,41,41
0,1,61863,0,0,0,0,0,0,0,0,0,0
0,2,61863,0,0,0,0,0,0,0,0,0,0
0,3,61863,0,0,0,0,0,0,0,0,0,0
3,1,61863,0,0,0,0,0,0,0,0,0,0
1,1,61864,12,12,12,12,12,12,12,12,12,12
1,1,61865,18,18,18,18,18,18,18,18,18,18
1,1,61866,0,0,0,0,0,0,0,0,0,0
2,1,61866,12,12,12,12,12,12,12,12,12,12
1,1,61867,8,0,7,0,0,0,2,0,0,0
1,1,61868,0,0,0,0,0,0,0,0,0,0
1,1,61869,0,0,0,0,0,0,0,0,0,0
0,1,61870,21,21,21,21,21,21,21,21,21,21
1,1,61870,0,0,0,0,0,0,0,0,0,0
2,1,61870,0,0,19,0,17,0,20,0,0,0
3,1,61870,0,13,8,0,2,20,0,16,11,7
1,1,61871,0,0,0,0,0,0,0,0,0,0
2,1,61871,0,0,0,0,0,0,0,0,0,0
0,1,61872,0,0,0,0,0,0,0,0,0,0
1,1,61872,0,0,0,0,0,0,0,0,0,0
1,1,61873,0,0,0,0,0,0,0,0,0,0
0,1,61874,25,25,25,25,25,25,25,25,25,25
1,1,61874,0,17,0,9,0,0,11,0,0,0
2,1,61874,8,0,0,0,0,0,12,0,0,0
0,1,61875,0,0,0,0,0,0,0,0,0,0
1,1,61875,0,0,0,0,0,0,0,0,0,0
0,1,61876,0,0,0,0,15,0,2,0,0,0
1,1,61876,0,0,0,0,0,0,0,0,5,0
1,1,61877,0,0,0,0,0,0,0,0,0,0
1,1,61878,0,0,0,0,0,0,0,0,0,0
1,1,61879,10,0,0,0,0,0,0,0,0,0
0,1,61880,0,0,0,0,0,0,0,0,0,0
1,1,61880,0,0,0,0,0,0,0,0,0,0
0,1,61881,0,0,0,0,0,0,0,0,0,0
1,1,61881,0,0,0,0,7,0,0,0,0,0
1,1,61882,0,0,0,0,0,0,0,0,0,0
2,1,61882,0,0,0,0,0,0,0,0,0,0
1,1,61883,0,0,0,0,0,0,0,0,0,0
2,1,61883,0,0,0,0,0,0,0,0,0,0
1,1,61884,0,0,0,0,22,2,0,0,0,0
0,1,61885,23,0,14,21,4,11,11,22,0,21
1,1,61885,20,0,6,3,30,27,7,9,14,0
0,1,61886,0,0,0,0,0,0,0,0,0,0
1,1,61886,0,0,0,0,0,0,0,0,0,0
0,1,61887,19,19,19,19,19,19,19,19,19,19
1,1,61887,0,0,0,0,0,0,0,0,0,0
2,1,61887,0,0,0,0,0,0,0,0,0,0
1,1,61888,0,0,0,0,0,0,0,0,0,0
1,1,61889,0,0,0,0,0,0,0,0,0,0
1,1,61890,21,21,21,21,21,21,21,21,21,21
1,1,61891,0,0,0,0,0,0,0,0,0,0
2,1,61891,0,0,0,0,0,0,0,0,0,0
3,1,61891,0,0,0,0,0,0,0,0,0,0
0,1,61892,0,0,0,0,0,0,0,0,0,0
1,1,61892,0,0,0,0,0,0,0,0,0,0
1,1,61893,0,0,0,0,0,0,0,0,0,0
2,1,61893,0,0,0,0,0,0,0,0,0,0
1,1,61894,0,0,0,0,0,0,0,0,0,0
1,1,61895,0,0,0,0,0,0,0,0,0,0
2,1,61895,0,0,0,0,0,0,0,0,0,0
3,1,61895,0,0,0,0,0,0,0,0,0,0
1,1,61896,13,13,13,13,13,13,13,13,13,13
0,1,61897,11,11,11,11,11,11,11,11,11,11
1,1,61897,14,14,14,14,14,14,14,14,14,14
1,1,61898,56,56,56,56,56,56,56,56,56,56
1,1,61899,0,0,0,0,0,0,0,0,0,0
1,1,61900,0,0,0,0,0,0,0,0,0,0
1,1,61901,0,0,0,0,0,0,0,0,0,0
2,1,61901,0,0,0,0,0,0,0,0,0,0
1,1,61902,0,0,0,0,0,0,0,0,0,0
2,1,61902,10,10,10,10,10,10,10,10,10,10
1,1,61903,18,0,0,0,0,0,0,10,0,0
2,1,61903,0,0,0,0,0,0,0,0,0,0
1,1,61904,0,0,0,0,7,0,0,0,16,0
2,1,61904,0,0,0,0,0,0,0,0,0,0
1,1,61905,0,0,0,0,0,0,0,0,0,0
2,1,61905,0,0,0,0,0,0,0,8,0,6
1,1,61906,0,0,0,8,22,10,0,0,0,0
1,1,61907,0,0,0,0,0,0,0,0,0,0
2,1,61907,0,0,0,0,0,0,0,0,0,0
1,1,61908,0,0,0,0,0,0,0,0,0,0
1,1,61909,0,0,0,0,0,0,0,0,0,0
2,1,61909,9,9,9,9,9,9,9,9,9,9
1,1,61910,8,8,8,8,8,8,8,8,8,8
1,1,61911,13,13,13,13,13,13,13,13,13,13
1,1,61912,0,0,0,0,0,0,0,0,0,0
1,1,61913,0,0,0,0,0,0,0,0,0,0
1,1,61914,8,16,15,29,22,13,15,3,6,22
0,1,61915,0,0,0,0,0,0,0,0,0,0
1,1,61915,0,0,11,0,0,0,0,0,0,5
1,1,61916,8,8,8,8,8,8,8,8,8,8
2,1,61916,0,0,0,0,0,0,0,0,0,0
1,1,61917,0,0,0,0,0,0,0,0,0,0
2,1,61917,0,0,0,0,0,0,0,0,0,0
1,1,61918,9,0,0,0,0,0,0,0,0,0
2,1,61918,0,0,0,0,0,0,0,0,0,0
1,1,61919,0,0,0,0,0,0,0,0,0,0
2,1,61919,0,0,0,0,0,0,0,0,0,0
0,1,61920,37,37,37,37,37,37,37,37,37,37
1,1,61920,0,0,0,0,0,0,0,0,0,0
0,1,61921,0,0,0,0,0,0,0,0,0,0
1,1,61921,14,16,0,0,0,0,0,0,0,5
0,1,61922,16,16,16,16,16,16,16,16,16,16
1,1,61922,0,0,0,0,0,0,0,0,0,0
1,1,61923,0,0,0,0,0,0,0,0,0,0
1,1,61924,0,0,0,0,0,0,0,0,0,0
2,1,61924,0,0,0,0,0,0,0,0,0,0
3,1,61924,0,0,0,0,0,0,0,0,0,0
1,1,61925,13,13,13,13,13,13,13,13,13,13
2,1,61925,0,0,0,0,0,0,0,0,0,0
1,1,61926,0,0,0,0,0,0,0,0,0,0
1,1,61927,7,7,7,7,7,7,7,7,7,7
1,1,61928,22,22,22,22,22,22,22,22,22,22
1,1,61929,0,0,0,0,0,0,0,0,0,0
2,1,61929,0,0,0,0,0,0,0,0,0,0
0,1,61930,38,38,38,38,38,38,38,38,38,38
1,1,61930,0,2,0,0,0,0,0,0,0,0
0,1,61931,0,0,0,0,0,0,0,0,0,0
1,1,61931,0,0,15,0,0,0,8,0,7,0
2,1,61931,0,0,0,0,0,0,0,0,0,0
1,1,61932,0,0,0,27,18,19,0,0,13,30
1,1,61933,0,0,0,0,0,0,0,0,0,0
1,1,61934,0,0,0,0,0,0,0,0,0,0
0,1,61935,0,0,0,0,0,0,0,0,0,0
0,2,61935,0,0,0,0,0,0,0,0,0,0
0,3,61935,0,0,0,0,0,0,0,0,0,0
0,4,61935,0,0,0,0,0,0,0,5,0,0
1,1,61935,27,27,27,27,27,27,27,27,27,27
0,1,61936,0,0,0,0,0,0,0,0,0,0
1,1,61936,0,0,0,0,0,0,0,0,0,0
2,1,61936,0,0,0,0,0,0,0,0,0,0
0,1,61937,0,0,0,0,0,0,0,0,0,0
1,1,61937,0,0,15,0,27,9,25,20,17,0
1,1,61938,3,3,3,3,3,3,3,3,3,3
1,1,61939,0,0,0,0,0,0,0,0,0,0
1,1,61940,0,0,0,0,0,0,0,0,0,0
1,1,61941,0,0,0,0,0,0,0,0,0,0
1,1,61942,19,19,19,19,19,19,19,19,19,19
1,1,61943,22,22,22,22,22,22,22,22,22,22
1,1,61944,14,14,14,14,14,14,14,14,14,14
2,1,61944,0,0,0,0,0,0,0,0,0,0
1,1,61945,0,0,0,0,0,0,0,0,0,0
2,1,61945,0,0,0,0,0,0,0,0,0,0
1,1,61946,0,0,0,0,0,0,0,0,0,0
1,1,61947,0,0,0,0,0,0,0,0,0,0
1,1,61948,19,19,19,19,19,19,19,19,19,19
1,1,61949,11,11,11,11,11,11,11,11,11,11
1,1,61950,0,0,0,0,0,0,0,0,0,0
2,1,61950,0,0,0,0,0,0,0,0,0,0
3,1,61950,0,0,0,8,0,0,0,0,0,0
4,1,61950,0,0,0,0,0,0,0,0,0,0
1,1,61951,16,16,16,16,16,16,16,16,16,16
2,1,61951,0,0,0,0,0,0,0,0,0,0
3,1,61951,0,0,0,0,0,0,0,0,0,0
1,1,61952,0,0,0,0,0,0,0,0,0,0
2,1,61952,0,0,0,0,0,0,0,0,0,0
1,1,61953,0,0,0,0,0,0,0,0,0,0
0,1,61954,31,31,31,31,31,31,31,31,31,31
1,1,61954,0,0,0,0,0,0,0,0,0,0
1,1,61955,15,15,15,15,15,15,15,15,15,15
1,1,61956,15,15,15,15,15,15,15,15,15,15
1,1,61957,0,0,0,0,0,0,0,0,0,0
1,1,61958,45,45,45,45,45,45,45,45,45,45
1,1,61959,23,23,23,23,23,23,23,23,23,23
0,1,61960,24,24,24,24,24,24,24,24,24,24
1,1,61960,0,23,0,0,0,15,0,19,0,9
0,1,61961,0,0,17,0,31,18,17,23,29,20
1,1,61961,0,0,0,0,0,0,0,0,0,0
1,1,61962,14,8,18,10,11,13,12,0,14,14
2,1,61962,0,0,0,0,0,0,0,0,0,0
1,1,61963,3,3,3,3,3,3,3,3,3,3
0,1,61964,3,3,3,3,3,3,3,3,3,3
1,1,61964,0,0,0,0,0,0,0,0,0,0
1,1,61965,0,0,0,0,0,0,0,0,0,0
1,1,61966,13,13,13,13,13,13,13,13,13,13
1,1,61967,0,0,0,0,0,0,0,0,0,0
1,1,61968,0,0,0,0,0,0,0,0,0,0
1,1,61969,20,20,20,20,20,20,20,20,20,20
1,1,61970,26,26,26,26,26,26,26,26,26,26
0,1,61971,18,18,18,18,18,18,18,18,18,18
1,1,61971,0,0,0,0,0,0,0,0,0,0
1,1,61972,23,23,23,23,23,23,23,23,23,23
0,1,61973,19,19,19,19,19,19,19,19,19,19
1,1,61973,0,0,0,0,0,0,0,0,0,0
1,1,61974,0,0,0,0,0,0,0,0,0,0
1,1,61975,0,0,0,0,0,0,0,0,0,0
2,1,61975,0,0,0,0,0,0,0,0,0,0
0,1,61976,29,29,29,29,29,29,29,29,29,29
1,1,61976,0,0,0,32,0,0,0,24,0,0
1,1,61977,0,0,0,0,0,0,0,0,0,0
2,1,61977,0,0,0,0,0,0,0,0,0,0
0,1,61978,0,0,0,0,0,0,0,0,0,0
1,1,61978,0,0,0,0,0,0,0,0,10,0
1,1,61979,0,0,0,0,0,0,0,0,0,0
2,1,61979,0,0,0,0,0,0,0,0,0,0
1,1,61980,12,12,12,12,12,12,12,12,12,12
2,1,61980,0,0,0,0,0,0,0,0,0,0
3,1,61980,16,0,0,0,0,0,0,0,0,0
1,1,61981,0,0,0,0,0,0,0,0,0,0
1,1,61982,0,0,0,0,0,0,0,0,0,0
1,1,61983,29,29,29,29,29,29,29,29,29,29
1,1,61984,27,27,27,27,27,27,27,27,27,27
1,1,61985,0,0,0,0,0,0,0,0,0,0
2,1,61985,0,0,0,0,0,0,0,0,0,0
1,1,61986,0,9,21,13,25,15,0,9,8,10
1,1,61987,0,0,0,0,0,0,0,0,0,0
1,1,61988,0,0,0,0,15,0,0,0,0,0
2,1,61988,0,0,0,0,0,0,0,0,0,6
0,1,61989,0,0,0,0,0,0,0,0,0,0
1,1,61989,0,0,0,0,0,0,0,0,0,0
0,1,61990,0,0,0,0,0,0,0,0,0,0
1,1,61990,0,0,0,0,0,0,0,0,0,0
1,1,61991,21,21,21,21,21,21,21,21,21,21
1,1,61992,6,6,6,6,6,6,6,6,6,6
0,1,61993,0,0,0,0,0,0,0,0,0,0
1,1,61993,0,0,0,0,0,0,0,0,0,0
1,1,61994,0,0,0,0,0,0,0,0,0,0
2,1,61994,0,0,0,0,0,0,0,0,0,0
1,1,61995,0,0,0,0,0,0,0,0,0,0
2,1,61995,0,0,0,0,0,0,0,0,0,0
0,1,61996,20,20,20,20,20,20,20,20,20,20
1,1,61996,0,0,0,0,0,0,0,0,0,0
1,1,61997,0,0,0,20,0,0,0,0,0,0
2,1,61997,0,0,0,0,0,0,0,0,0,0
1,1,61998,1,1,1,1,1,1,1,1,1,1
1,1,61999,0,0,0,0,0,0,0,0,0,0
2,1,61999,0,0,0,0,0,0,0,0,0,4
3,1,61999,0,0,0,0,0,0,0,0,0,0
1,1,62000,0,0,0,0,0,0,0,0,8,0
1,1,62001,0,0,0,0,0,0,0,0,0,0
1,1,62002,0,0,0,0,0,0,0,0,0,0
2,1,62002,0,0,0,0,0,0,0,0,0,0
0,1,62003,34,34,34,34,34,34,34,34,34,34
1,1,62003,0,0,0,0,0,0,0,0,0,0
1,1,62004,16,16,16,16,16,16,16,16,16,16
2,1,62004,0,0,0,0,0,0,0,0,0,0
1,1,62005,0,0,0,0,0,0,0,0,0,0
2,1,62005,0,0,0,0,0,0,0,0,0,0
3,1,62005,0,0,0,0,0,14,0,0,0,0
1,1,62006,0,0,0,0,0,0,0,0,0,0
0,1,62007,15,15,15,15,15,15,15,15,15,15
1,1,62007,0,22,0,0,0,0,13,0,0,0
1,1,62008,22,22,22,22,22,22,22,22,22,22
1,1,62009,16,16,16,16,16,16,16,16,16,16
2,1,62009,0,0,0,0,0,0,0,0,0,0
0,1,62010,0,0,0,0,0,0,0,0,0,0
1,1,62010,0,25,7,0,0,0,0,0,0,27
2,1,62010,0,0,0,5,0,0,0,0,0,0
1,1,62011,0,0,0,0,0,0,0,0,0,0
2,1,62011,0,0,0,0,0,0,0,0,0,0
3,1,62011,0,0,0,0,0,0,0,0,0,0
1,1,62012,0,0,0,0,0,0,0,0,0,0
2,1,62012,0,0,0,0,0,0,0,0,0,0
1,1,62013,0,0,0,0,0,0,0,0,0,0
2,1,62013,0,0,0,0,0,0,0,0,0,0
1,1,62014,16,16,16,16,16,16,16,16,16,16
1,1,62015,26,12,0,0,17,10,0,0,17,0
2,1,62015,0,0,0,0,0,0,0,0,0,0
1,1,62016,0,0,0,0,0,0,0,0,0,0
2,1,62016,0,0,0,0,12,0,0,0,0,0
1,1,62017,0,0,0,0,0,0,0,0,0,0
2,1,62017,0,0,0,0,0,0,0,0,0,0
3,1,62017,0,0,19,0,0,0,0,0,0,0
1,1,62018,6,6,6,6,6,6,6,6,6,6
1,1,62019,21,21,21,21,21,21,21,21,21,21
1,1,62020,26,26,26,26,26,26,26,26,26,26
1,1,62021,17,17,17,17,17,17,17,17,17,17
1,1,62022,0,0,0,0,0,0,0,0,0,0
2,1,62022,0,0,0,0,0,0,0,0,0,0
1,1,62023,0,0,0,0,0,0,0,0,5,0
2,1,62023,0,0,0,0,0,0,0,0,0,0
1,1,62024,0,0,0,0,0,0,0,0,0,0
0,1,62025,0,0,0,0,0,0,0,0,0,0
1,1,62025,0,0,0,0,0,0,0,16,0,0
0,1,62026,0,0,0,0,0,0,0,0,0,0
0,2,62026,0,0,0,0,0,0,0,0,0,0
1,1,62026,0,0,0,0,0,0,0,0,0,0
0,1,62027,40,40,40,40,40,40,40,40,40,40
1,1,62027,8,24,0,0,0,14,0,8,0,0
1,1,62028,21,21,21,21,21,21,21,21,21,21
1,1,62029,0,0,0,0,0,0,0,0,0,0
1,1,62030,0,0,0,0,0,0,0,0,0,0
1,1,62031,0,0,0,0,0,0,0,0,0,0
1,1,62032,0,0,0,0,0,0,0,0,0,0
1,1,62033,0,0,0,0,0,0,0,0,0,0
2,1,62033,0,0,0,0,0,0,0,0,0,0
0,1,62034,0,0,0,0,0,0,0,0,0,0
1,1,62034,0,0,0,0,0,0,0,0,0,0
1,1,62035,19,19,19,19,19,19,19,19,19,19
1,1,62036,0,0,0,0,0,0,0,0,0,0
2,1,62036,0,9,0,0,0,0,0,0,0,0
1,1,62037,0,0,0,0,0,0,0,0,0,0
2,1,62037,0,0,0,0,0,0,0,0,0,0
3,1,62037,0,0,0,0,0,0,0,0,0,0
1,1,62038,0,0,0,0,0,0,0,0,0,0