VEH_NO,PER_NO,ST_CASE,P1,P2,P3,P4,P5,P6,P7,P8,P9,P10
2,1,62038,0,0,0,0,0,0,0,0,0,0
3,1,62038,0,0,0,0,0,0,0,0,0,0
1,1,62039,13,13,13,13,13,13,13,13,13,13
1,1,62040,17,17,17,17,17,17,17,17,17,17
0,1,62041,44,44,44,44,44,44,44,44,44,44
1,1,62041,0,0,0,0,0,0,0,0,0,0
1,1,62042,0,0,0,0,0,0,0,0,0,0
2,1,62042,0,0,0,0,0,0,0,0,0,0
1,1,62043,19,19,19,19,19,19,19,19,19,19
1,1,62044,0,0,0,0,0,0,0,0,0,0
1,1,62045,18,18,18,18,18,18,18,18,18,18
2,1,62045,0,0,0,0,0,0,0,0,0,0
1,1,62046,0,0,0,0,0,0,0,0,0,0
2,1,62046,0,0,0,0,0,0,0,21,0,0
1,1,62047,0,0,0,12,0,0,0,0,0,0
1,1,62048,0,0,0,0,0,0,0,0,0,0
2,1,62048,0,0,0,0,0,0,0,0,0,0
0,1,62049,32,32,32,32,32,32,32,32,32,32
1,1,62049,0,0,0,0,0,0,0,0,0,0
0,1,62050,29,29,29,29,29,29,29,29,29,29
1,1,62050,0,0,0,0,0,0,0,0,0,0
1,1,62051,20,20,20,20,20,20,20,20,20,20
1,1,62052,14,14,14,14,14,14,14,14,14,14
2,1,62052,0,0,0,0,0,0,0,0,0,0
3,1,62052,0,0,0,0,0,0,0,0,0,0
4,1,62052,6,6,6,6,6,6,6,6,6,6
1,1,62053,7,7,7,7,7,7,7,7,7,7
2,1,62053,0,0,0,0,0,0,0,0,0,0
0,1,62054,0,0,0,0,0,0,0,0,0,0
1,1,62054,0,0,0,0,0,0,0,0,0,0
0,1,62055,0,0,0,0,0,0,0,0,0,0
1,1,62055,0,0,0,0,0,0,0,0,0,0
1,1,62056,0,0,0,0,0,0,0,0,0,0
1,1,62057,0,0,0,0,0,0,0,0,0,0
2,1,62057,0,0,0,0,0,0,0,0,0,0
1,1,62058,0,0,0,0,0,0,0,0,0,0
2,1,62058,0,0,0,0,0,0,0,0,0,0
1,1,62059,0,0,0,0,0,0,0,0,0,0
0,1,62060,0,0,0,0,0,0,0,0,0,0
1,1,62060,0,6,0,0,10,0,0,0,0,0
1,1,62061,1,0,0,0,0,0,0,0,0,0
2,1,62061,0,0,0,0,0,0,0,0,0,0
1,1,62062,0,0,0,0,0,0,0,0,0,0
2,1,62062,0,0,0,0,0,0,0,0,0,0
0,1,62063,0,0,0,0,0,0,0,0,0,0
1,1,62063,0,0,0,0,0,0,0,0,0,0
1,1,62064,0,0,0,0,0,0,0,0,0,0
2,1,62064,0,0,0,0,0,0,0,0,0,0
1,1,62065,14,14,14,14,14,14,14,14,14,14
2,1,62065,0,0,0,0,0,0,0,0,0,0
0,1,62066,0,0,0,0,0,8,21,15,0,3
0,2,62066,0,0,29,0,18,8,7,0,0,0
1,1,62066,13,0,0,0,0,0,0,0,9,0
1,1,62067,33,33,33,33,33,33,33,33,33,33
0,1,62068,0,0,0,0,0,0,0,0,0,0
1,1,62068,0,0,0,0,0,0,0,0,0,0
1,1,62069,0,0,0,0,0,0,0,0,0,0
2,1,62069,0,0,0,0,0,0,0,0,0,0
1,1,62070,31,31,31,31,31,31,31,31,31,31
1,1,62071,0,0,0,0,0,0,0,0,0,0
2,1,62071,0,0,0,0,0,0,0,0,0,0
3,1,62071,0,0,0,0,0,0,0,0,0,0
0,1,62072,0,0,0,0,0,0,0,0,0,0
1,1,62072,0,0,0,0,0,0,0,0,0,0
0,1,62073,0,0,0,0,0,0,0,0,0,0
1,1,62073,0,0,0,0,0,0,0,0,0,0
0,1,62074,0,0,0,0,0,0,0,0,0,0
1,1,62074,0,0,0,0,0,0,0,0,0,0
1,1,62075,0,0,0,0,0,0,0,0,0,0
1,1,62076,0,0,0,0,0,0,0,0,0,0
2,1,62076,0,0,0,0,0,0,0,0,0,0
3,1,62076,0,0,0,0,0,0,0,0,0,0
0,1,62077,0,0,0,0,0,0,0,0,0,0
1,1,62077,0,0,0,0,0,0,0,0,0,0
0,1,62078,0,0,0,0,0,0,0,0,0,0
1,1,62078,0,0,0,0,0,0,0,0,0,0
1,1,62079,0,0,0,0,0,0,0,0,0,0
2,1,62079,0,0,0,0,0,0,0,0,0,0
1,1,62080,0,0,0,0,0,0,0,0,0,0
0,1,62081,0,0,0,0,0,0,0,0,0,0
1,1,62081,0,0,0,0,0,0,0,0,0,0
1,1,62082,0,0,0,0,0,0,0,0,0,0
1,1,62083,0,0,0,0,0,0,0,0,0,0
2,1,62083,0,0,0,0,0,0,0,0,0,0
1,1,62084,11,11,11,11,11,11,11,11,11,11
0,1,62085,0,0,0,0,0,0,0,0,0,0
1,1,62085,0,0,0,0,0,0,0,0,0,0
0,1,62086,0,0,0,0,0,0,0,0,0,0
1,1,62086,0,0,0,0,0,0,0,0,0,0
1,1,62087,0,0,0,0,0,0,0,0,0,0
2,1,62087,0,0,0,0,0,0,0,0,0,0
1,1,62088,19,19,19,19,19,19,19,19,19,19
1,1,62089,0,0,0,0,0,0,0,0,0,0
2,1,62089,0,0,0,0,0,0,0,0,0,0
1,1,62090,0,0,0,0,0,0,0,0,0,0
1,1,62091,13,13,13,13,13,13,13,13,13,13
1,1,62092,0,0,0,0,0,0,0,0,0,0
1,1,62093,0,0,0,0,0,0,0,0,0,0
2,1,62093,0,0,0,0,0,0,0,0,0,0
3,1,62093,0,0,0,0,0,0,0,0,0,0
0,1,62094,25,25,25,25,25,25,25,25,25,25
1,1,62094,2,2,2,2,2,2,2,2,2,2
1,1,62095,5,13,12,14,19,13,15,5,18,11
1,1,62096,0,0,0,0,0,0,0,0,0,0
2,1,62096,0,0,0,0,0,0,0,0,0,0
3,1,62096,0,0,0,0,0,0,0,0,0,0
0,1,62097,0,0,0,0,0,0,17,0,0,0
1,1,62097,0,0,0,0,0,0,0,0,0,0
2,1,62097,0,0,0,0,0,0,0,0,0,0
3,1,62097,0,0,10,0,15,0,9,0,0,7
5,1,62097,0,0,0,0,0,0,0,0,0,0
6,1,62097,0,0,0,0,0,0,0,0,0,0
7,1,62097,0,0,0,0,0,0,0,0,0,0
8,1,62097,0,0,0,0,0,0,0,0,0,0
1,1,62098,17,17,17,17,17,17,17,17,17,17
2,1,62098,0,0,0,0,0,0,0,0,0,0
1,1,62099,0,0,0,0,0,0,0,0,0,0
0,1,62100,19,41,0,0,25,0,0,17,21,0
1,1,62100,0,0,0,0,0,0,0,0,0,0
0,1,62101,0,0,0,0,0,0,0,0,0,0
1,1,62101,0,0,0,0,0,0,0,0,0,0
0,1,62102,38,38,38,38,38,38,38,38,38,38
1,1,62102,0,0,0,0,0,0,0,0,0,0
0,1,62103,0,0,0,0,0,0,0,0,0,0
1,1,62103,1,1,1,1,1,1,1,1,1,1
2,1,62103,0,0,0,0,0,0,0,0,0,0
1,1,62104,15,15,15,15,15,15,15,15,15,15
2,1,62104,1,1,1,1,1,1,1,1,1,1
1,1,62105,0,0,0,0,0,0,0,0,0,0
2,1,62105,14,14,14,14,14,14,14,14,14,14
1,1,62106,20,16,19,9,0,14,10,16,19,13
1,1,62107,0,0,0,0,0,0,0,0,0,0
2,1,62107,0,0,0,0,0,0,0,0,0,0
1,1,62108,0,0,0,0,0,0,0,0,0,0
2,1,62108,0,0,0,0,0,0,0,0,0,0
1,1,62109,8,8,8,8,8,8,8,8,8,8
1,1,62110,11,11,11,11,11,11,11,11,11,11
1,1,62111,17,17,17,17,17,17,17,17,17,17
1,1,62112,0,0,0,0,0,0,0,0,0,0
2,1,62112,0,0,10,0,0,0,0,14,0,0
0,1,62113,37,37,37,37,37,37,37,37,37,37
1,1,62113,0,0,0,0,0,0,0,0,0,0
1,1,62114,9,9,9,9,9,9,9,9,9,9
2,1,62114,0,0,0,0,0,0,0,0,0,0
1,1,62115,0,0,0,0,0,0,0,0,0,0
2,1,62115,0,0,0,0,0,0,0,0,0,0
3,1,62115,0,0,0,0,0,0,0,0,0,0
1,1,62116,0,0,0,0,0,0,0,0,0,0
1,1,62117,14,14,14,14,14,14,14,14,14,14
2,1,62117,17,17,17,17,17,17,17,17,17,17
1,1,62118,0,0,0,0,0,0,0,0,0,0
2,1,62118,5,0,0,0,0,0,0,0,0,0
1,1,62119,0,0,0,0,0,0,0,0,0,0
1,1,62120,0,0,0,0,0,0,0,0,0,0
1,1,62121,0,0,0,0,0,0,0,0,0,0
0,1,62122,29,29,29,29,29,29,29,29,29,29
1,1,62122,0,0,0,0,0,0,0,8,0,0
2,1,62122,0,0,0,0,0,0,0,0,0,0
0,1,62123,20,20,20,20,20,20,20,20,20,20
1,1,62123,0,0,0,0,0,0,0,4,0,0
1,1,62124,33,33,33,33,33,33,33,33,33,33
0,1,62125,0,0,0,0,0,0,0,0,0,0
1,1,62125,0,0,0,0,0,0,0,0,0,0
1,1,62126,0,0,0,0,0,0,0,0,0,0
2,1,62126,0,0,0,0,0,0,0,0,0,0
1,1,62127,0,0,0,0,0,0,0,0,0,0
2,1,62127,0,0,0,0,0,0,0,0,0,0
1,1,62128,0,0,0,0,0,0,0,0,0,0
1,1,62129,0,0,0,0,0,0,0,0,0,0
1,1,62130,0,0,0,0,0,0,0,0,0,0
2,1,62130,0,0,0,0,0,0,0,0,0,0
1,1,62131,0,0,0,0,0,0,0,0,0,0
1,1,62132,27,27,27,27,27,27,27,27,27,27
1,1,62133,16,16,16,16,16,16,16,16,16,16
1,1,62134,19,19,19,19,19,19,19,19,19,19
1,1,62135,9,9,9,9,9,9,9,9,9,9
1,1,62136,23,23,23,23,23,23,23,23,23,23
2,1,62136,0,0,0,0,0,0,0,0,0,0
1,1,62137,0,0,0,0,0,0,0,0,0,0
2,1,62137,0,0,0,0,0,0,0,0,0,0
1,1,62138,0,0,0,0,0,0,0,0,0,0
2,1,62138,9,9,9,9,9,9,9,9,9,9
0,1,62139,0,0,0,0,0,0,0,0,0,0
0,2,62139,0,0,0,0,0,0,0,0,0,0
1,1,62139,0,0,0,0,0,0,0,0,0,0
1,1,62140,23,23,23,23,23,23,23,23,23,23
2,1,62140,0,0,0,0,0,0,0,0,0,0
3,1,62140,0,0,0,0,0,0,0,4,0,0
1,1,62141,0,0,0,0,0,0,0,0,0,0
2,1,62141,0,0,0,0,0,0,0,0,0,0
1,1,62142,0,0,0,0,0,0,0,0,0,0
2,1,62142,0,0,0,0,0,0,0,0,0,0
0,1,62143,0,0,0,0,0,0,0,0,0,0
0,2,62143,0,0,0,0,0,0,0,0,0,0
0,3,62143,0,0,0,0,0,0,0,0,0,0
1,1,62143,0,0,0,0,0,0,0,0,0,0
1,1,62144,17,17,17,17,17,17,17,17,17,17
0,1,62145,11,11,11,11,11,11,11,11,11,11
1,1,62145,0,0,0,0,0,0,0,0,0,0
1,1,62146,17,17,17,17,17,17,17,17,17,17
1,1,62147,0,0,0,0,0,0,0,0,0,0
1,1,62148,0,0,0,0,0,0,0,0,0,0
0,1,62149,0,0,0,0,0,0,0,0,0,0
1,1,62149,0,0,0,0,0,0,0,0,0,0
0,1,62150,0,0,0,0,0,0,0,0,0,0
1,1,62150,0,0,0,0,0,0,0,0,0,0
1,1,62151,0,0,0,0,0,0,4,0,0,0
2,1,62151,0,0,0,0,0,0,0,0,0,0
1,1,62152,16,16,16,16,16,16,16,16,16,16
1,1,62153,0,0,15,0,13,0,0,0,0,0
1,1,62154,26,26,26,26,26,26,26,26,26,26
1,1,62155,14,14,14,14,14,14,14,14,14,14
1,1,62156,0,0,0,0,0,0,0,0,0,0
1,1,62157,0,0,0,0,0,0,0,0,0,0
1,1,62158,20,10,8,8,26,0,7,0,14,13
2,1,62158,0,11,0,0,0,0,0,0,0,0
3,1,62158,0,0,0,0,0,0,0,0,0,0
1,1,62159,0,0,0,0,0,0,0,0,0,0
2,1,62159,0,0,0,0,0,0,0,0,0,0
3,1,62159,0,0,0,0,0,0,0,0,21,0
1,1,62160,46,46,46,46,46,46,46,46,46,46
1,1,62161,0,0,0,0,0,0,12,0,0,0
2,1,62161,0,0,0,0,0,0,0,0,0,0
1,1,62162,0,0,0,0,0,0,0,0,0,0
2,1,62162,0,0,0,23,0,0,0,0,0,0
1,1,62163,0,0,0,0,0,0,0,0,0,0
2,1,62163,0,0,0,0,0,0,0,0,0,0
1,1,62164,0,0,0,0,0,0,0,0,0,0
2,1,62164,0,0,0,0,0,0,0,0,0,0
1,1,62165,0,0,0,0,0,0,0,0,0,0
0,1,62166,0,0,0,0,0,0,0,0,0,0
1,1,62166,0,0,0,0,0,0,0,0,0,0
1,1,62167,0,0,0,0,0,0,0,0,0,0
2,1,62167,0,0,0,0,0,0,0,0,0,0
3,1,62167,0,0,0,0,0,0,0,0,0,0
1,1,62168,26,26,26,26,26,26,26,26,26,26
0,1,62169,19,19,19,19,19,19,19,19,19,19
1,1,62169,0,19,0,0,8,0,0,0,5,0
0,1,62170,0,0,0,0,0,0,0,0,0,0
1,1,62170,0,0,0,15,0,0,0,0,0,0
0,1,62171,0,0,0,0,0,0,0,0,0,0
1,1,62171,0,0,0,0,0,0,0,0,0,0
1,1,62172,0,0,0,0,0,0,0,0,0,0
0,1,62173,0,0,0,0,0,0,0,0,0,0
1,1,62173,0,0,0,0,0,0,0,0,0,0
1,1,62174,4,0,0,0,0,0,0,0,0,0
2,1,62174,0,0,0,0,0,0,0,0,0,0
1,1,62175,0,0,0,0,0,0,0,0,0,0
2,1,62175,0,0,0,0,0,0,0,0,0,0
3,1,62175,0,0,0,0,0,0,0,0,0,0
1,1,62176,0,0,0,0,0,0,0,0,0,0
2,1,62176,0,0,0,0,0,0,0,0,0,0
1,1,62177,0,0,0,0,0,0,0,0,0,0
2,1,62177,0,0,0,0,0,0,0,0,0,0
1,1,62178,0,0,0,0,0,0,0,0,0,0
2,1,62178,0,0,0,0,0,0,0,0,0,0
0,1,62179,25,0,17,0,0,0,0,0,0,0
1,1,62179,0,0,0,0,0,0,0,0,0,0
1,1,62180,6,6,6,6,6,6,6,6,6,6
1,1,62181,29,29,29,29,29,29,29,29,29,29
1,1,62182,0,0,0,0,0,0,0,0,8,0
2,1,62182,0,0,0,0,0,0,0,0,0,0
1,1,62183,0,0,0,0,0,0,0,0,0,0
2,1,62183,0,0,0,0,0,0,0,0,0,0
3,1,62183,0,0,0,0,0,0,0,0,0,0
4,1,62183,0,0,0,0,0,0,0,0,0,0
5,1,62183,0,0,15,0,0,0,0,0,0,0
1,1,62184,2,2,2,2,2,2,2,2,2,2
2,1,62184,0,0,0,0,0,0,0,0,0,0
3,1,62184,0,0,0,0,0,0,0,0,0,0
1,1,62185,11,0,0,0,30,0,0,6,0,0
1,1,62186,0,0,0,0,0,0,0,4,0,0
2,1,62186,0,0,0,0,0,0,0,0,0,0
0,1,62187,0,0,0,0,0,0,0,0,0,0
1,1,62187,0,0,0,0,0,0,0,0,0,0
0,1,62188,0,0,0,0,0,0,0,0,0,0
1,1,62188,0,0,0,0,0,0,0,0,0,0
1,1,62189,0,0,0,0,0,0,0,0,0,0
1,1,62190,0,0,0,0,0,0,0,0,0,0
2,1,62190,0,0,0,0,0,0,0,0,0,0
0,1,62191,0,0,0,0,0,0,0,0,0,0
1,1,62191,0,0,0,0,0,0,0,0,0,0
1,1,62192,0,0,0,0,0,7,2,0,0,0
2,1,62192,0,0,0,0,0,0,0,0,0,0
0,1,62193,0,0,0,0,0,0,0,0,0,0
1,1,62193,0,0,0,0,0,0,0,0,0,0
1,1,62194,0,0,0,0,0,0,0,0,0,0
2,1,62194,0,0,0,0,0,0,0,0,0,0
1,1,62195,2,2,2,2,2,2,2,2,2,2
1,1,62196,27,27,27,27,27,27,27,27,27,27
1,1,62197,17,17,17,17,17,17,17,17,17,17
1,1,62198,28,28,28,28,28,28,28,28,28,28
1,1,62199,7,17,0,0,0,20,12,4,7,21
2,1,62199,0,0,0,0,0,0,0,0,0,0
0,1,62200,0,0,0,0,0,0,0,0,0,0
1,1,62200,0,0,0,0,0,0,0,0,0,0
2,1,62200,0,0,0,0,0,0,0,0,0,0
3,1,62200,0,0,0,0,0,0,0,0,0,0
4,1,62200,0,0,0,0,0,0,0,0,0,0
1,1,62201,12,12,12,12,12,12,12,12,12,12
2,1,62201,0,0,0,0,0,0,0,0,0,0
3,1,62201,0,0,0,0,0,0,0,0,0,0
1,1,62202,3,3,3,3,3,3,3,3,3,3
2,1,62202,0,0,0,0,0,0,0,0,0,0
1,1,62203,2,2,2,2,2,2,2,2,2,2
2,1,62203,0,0,0,0,0,0,0,0,0,0
1,1,62204,0,0,0,0,0,0,0,0,0,0
2,1,62204,0,0,0,0,0,0,0,0,0,0
3,1,62204,0,0,0,0,0,0,0,0,0,0
1,1,62205,0,0,0,0,0,0,0,0,0,0
1,1,62206,0,0,0,0,0,0,0,0,0,0
0,1,62207,0,0,0,0,0,0,0,0,0,0
1,1,62207,0,0,25,0,9,21,0,14,0,12
1,1,62208,0,0,0,0,0,0,0,0,0,0
2,1,62208,0,0,0,0,0,0,0,0,0,0
1,1,62209,0,0,0,0,0,0,0,0,0,0
2,1,62209,0,0,0,0,0,0,0,0,0,0
1,1,62210,0,0,0,0,0,0,0,0,0,0
0,1,62211,16,16,16,16,16,16,16,16,16,16
1,1,62211,17,19,0,0,0,0,0,0,14,0
1,1,62212,0,0,0,0,0,0,0,0,0,0
1,1,62213,0,0,0,0,0,0,0,0,0,0
2,1,62213,0,0,0,0,0,0,0,0,0,0
1,1,62214,0,0,0,0,0,0,0,0,0,0
2,1,62214,0,0,0,0,0,0,0,0,0,0
1,1,62215,0,0,0,0,0,0,0,0,0,0
2,1,62215,0,0,0,0,0,0,0,0,0,0
1,1,62216,0,0,0,0,0,0,0,0,0,0
0,1,62217,0,0,0,0,0,0,0,0,0,0
1,1,62217,0,0,0,0,0,0,7,0,0,0
2,1,62217,0,0,14,0,0,0,0,0,0,5
1,1,62218,0,0,0,0,0,0,0,0,0,0
0,1,62219,0,0,0,0,0,0,0,0,0,0
1,1,62219,0,0,0,0,0,0,0,0,0,0
2,1,62219,0,0,0,0,0,0,0,0,0,0
3,1,62219,0,0,0,0,0,0,0,0,0,0
0,1,62220,0,0,0,0,0,0,0,0,0,0
1,1,62220,0,0,0,0,0,0,0,0,0,0
0,1,62221,0,0,0,0,0,0,0,0,0,0
1,1,62221,19,19,19,19,19,19,19,19,19,19
1,1,62222,38,38,38,38,38,38,38,38,38,38
0,1,62223,0,0,0,0,0,0,0,0,0,0
1,1,62223,0,0,0,0,0,0,0,0,0,0
1,1,62224,22,22,22,22,22,22,22,22,22,22
1,1,62225,0,0,0,0,0,0,0,0,0,0
2,1,62225,0,0,0,0,0,0,0,0,0,0
3,1,62225,0,0,0,0,0,0,0,0,0,0
1,1,62226,16,16,16,16,16,16,16,16,16,16
1,1,62227,0,0,0,0,0,0,0,0,0,0
2,1,62227,0,0,0,0,0,0,0,0,0,0
0,1,62228,0,0,0,0,0,0,0,0,0,0
1,1,62228,0,0,0,0,0,0,0,0,0,0
3,1,62228,0,0,0,0,0,0,0,0,0,0
4,1,62228,0,0,0,0,0,0,0,0,0,0
1,1,62229,0,0,0,0,0,0,0,0,0,0
2,1,62229,0,0,0,0,0,0,0,0,0,0
1,1,62230,0,0,0,0,0,0,0,0,0,0
1,1,62231,19,19,19,19,19,19,19,19,19,19
2,1,62231,0,4,0,0,0,0,0,0,0,9
1,1,62232,12,9,8,0,0,8,0,0,10,0
1,1,62233,0,0,0,0,0,0,0,0,0,0
1,1,62234,0,0,0,0,0,0,0,0,0,0
2,1,62234,0,0,0,0,0,0,0,0,0,0
0,1,62235,24,24,24,24,24,24,24,24,24,24
1,1,62235,0,0,0,0,0,0,0,0,0,0
1,1,62236,0,0,0,0,0,0,0,0,0,0
2,1,62236,0,0,0,0,0,0,0,0,0,0
1,1,62237,30,30,30,30,30,30,30,30,30,30
2,1,62237,0,0,0,0,0,0,0,0,0,0
0,1,62238,4,4,4,4,4,4,4,4,4,4
1,1,62238,0,0,11,0,0,0,0,0,0,0
0,1,62239,18,18,18,18,18,18,18,18,18,18
1,1,62239,0,0,0,0,16,0,0,0,0,5
1,1,62240,0,0,0,0,0,0,0,0,0,0
1,1,62241,12,12,12,12,12,12,12,12,12,12
0,1,62242,0,0,0,0,0,0,0,6,0,0
2,1,62242,0,0,0,0,0,0,0,0,0,0
1,1,62243,0,0,0,0,0,0,0,0,0,0
2,1,62243,0,0,0,0,0,0,0,0,0,0
0,1,62244,23,23,23,23,23,23,23,23,23,23
1,1,62244,0,0,0,0,0,0,0,0,0,0
1,1,62245,0,0,0,0,0,0,0,0,0,14
0,1,62246,0,0,0,0,0,0,0,0,0,0
1,1,62246,10,0,0,0,0,0,0,0,0,14
1,1,62247,15,15,15,15,15,15,15,15,15,15
2,1,62247,0,0,0,0,0,0,0,0,0,0
1,1,62248,18,18,18,18,18,18,18,18,18,18
2,1,62248,0,0,0,0,0,0,0,0,0,0
1,1,62249,24,24,24,24,24,24,24,24,24,24
1,1,62250,0,0,0,0,0,0,0,0,0,0
2,1,62250,14,14,14,14,14,14,14,14,14,14
1,1,62251,0,0,0,0,0,0,0,0,0,0
2,1,62251,0,0,0,0,0,0,0,0,0,0
1,1,62252,0,0,0,0,0,0,0,0,0,0
2,1,62252,0,0,0,0,0,0,0,0,0,0
1,1,62253,21,21,21,21,21,21,21,21,21,21
0,1,62254,0,0,0,0,0,0,0,0,0,0
1,1,62254,0,0,0,0,0,0,15,0,0,0
0,1,62255,0,0,0,0,0,0,0,0,0,0
1,1,62255,0,0,0,0,0,0,0,0,0,0
1,1,62256,0,0,0,0,0,0,0,0,0,0
1,1,62257,0,0,0,0,0,0,0,0,0,0
2,1,62257,0,0,0,0,0,0,0,0,0,0
0,1,62258,0,0,0,0,0,0,0,0,0,0
1,1,62258,0,0,0,0,0,0,0,0,0,0
1,1,62259,21,21,21,21,21,21,21,21,21,21
0,1,62260,0,0,0,0,0,0,0,0,0,0
1,1,62260,0,0,0,0,0,0,0,0,0,0
1,1,62261,0,0,0,0,0,0,0,0,0,0
2,1,62261,0,0,0,0,0,0,0,0,0,0
1,1,62262,0,0,0,0,0,0,0,0,0,0
2,1,62262,0,0,0,0,0,0,0,0,0,0
0,1,62263,0,0,0,0,0,0,0,0,0,0
1,1,62263,0,0,0,0,0,0,0,0,0,0
0,1,62264,0,0,0,0,0,0,0,0,0,0
1,1,62264,21,21,21,21,21,21,21,21,21,21
1,1,62265,0,0,0,0,0,0,0,0,0,0
2,1,62265,0,0,0,0,0,0,0,0,0,0
1,1,62266,0,0,0,0,0,0,0,0,0,0
1,1,62267,27,27,27,27,27,27,27,27,27,27
0,1,62268,0,0,0,0,0,0,0,0,0,0
1,1,62268,0,0,0,0,0,0,0,0,0,0
0,1,62269,0,0,0,0,0,0,0,0,0,0
1,1,62269,0,0,0,0,0,0,0,0,0,0
1,1,62270,0,0,0,0,0,0,0,0,0,0
2,1,62270,31,31,31,31,31,31,31,31,31,31
1,1,62271,38,38,38,38,38,38,38,38,38,38
1,1,62272,0,0,0,0,0,0,0,0,0,0
1,1,62273,26,26,26,26,26,26,26,26,26,26
0,1,62274,13,13,13,13,13,13,13,13,13,13
1,1,62274,0,0,0,0,0,0,0,0,0,0
1,1,62275,0,0,0,0,0,0,0,0,0,0
2,1,62275,0,0,0,0,0,0,0,0,0,0
1,1,62276,0,0,0,0,0,0,0,0,0,0
1,1,62277,0,0,0,0,4,26,0,42,16,0
2,1,62277,0,0,0,0,0,0,0,0,0,0
1,1,62278,14,5,0,13,15,0,0,0,7,12
1,1,62279,0,0,0,0,0,0,0,0,0,0
2,1,62279,0,0,0,0,0,0,0,0,0,0
0,1,62280,0,0,0,0,0,0,0,0,0,0
1,1,62280,0,0,0,0,0,0,0,0,0,0
0,1,62281,0,0,0,0,0,0,0,0,0,0
1,1,62281,0,0,0,0,0,0,0,0,0,0
1,1,62282,33,33,33,33,33,33,33,33,33,33
1,1,62283,0,0,0,0,0,0,0,0,0,0
2,1,62283,0,0,0,0,0,0,0,0,0,0
1,1,62284,0,0,0,0,0,0,0,0,0,0
2,1,62284,0,0,0,0,0,0,0,0,0,0
3,1,62284,0,0,0,0,0,0,0,0,0,0
4,1,62284,0,0,0,8,0,0,0,0,0,0
1,1,62285,0,0,0,0,0,0,0,0,0,0
2,1,62285,0,0,0,0,0,0,0,0,0,0
1,1,62286,0,0,0,0,0,0,0,0,0,0
2,1,62286,7,7,7,7,7,7,7,7,7,7
3,1,62286,0,0,0,0,0,0,0,0,0,0
4,1,62286,0,0,0,0,0,0,0,0,0,0
1,1,62287,0,0,0,26,0,0,9,0,0,6
1,1,62288,14,0,0,0,5,10,0,17,0,0
0,1,62289,33,33,33,33,33,33,33,33,33,33
1,1,62289,16,9,0,0,13,22,0,0,21,7
1,1,62290,0,0,0,0,0,0,0,0,0,0
2,1,62290,0,0,0,0,0,0,0,0,0,0
0,1,62291,25,25,25,25,25,25,25,25,25,25
1,1,62291,0,0,0,0,0,0,0,0,0,0
0,1,62292,0,0,0,0,0,0,0,0,0,0
1,1,62292,0,0,0,0,0,0,0,0,0,0
1,1,62293,0,0,0,0,0,0,0,0,0,0
2,1,62293,0,0,0,0,0,0,0,0,0,0
1,1,62294,23,23,23,23,23,23,23,23,23,23
2,1,62294,0,0,0,0,0,0,0,0,3,0
1,1,62295,0,0,0,0,0,0,0,0,0,0
2,1,62295,0,0,0,0,0,0,0,0,0,0
1,1,62296,0,0,0,0,0,0,0,0,0,0
1,1,62297,12,12,12,12,12,12,12,12,12,12
1,1,62298,0,0,0,0,0,0,0,0,0,0
2,1,62298,0,0,0,0,0,0,0,0,0,0
1,1,62299,0,0,0,0,0,0,0,0,0,0
2,1,62299,0,0,0,0,0,0,0,0,0,0
1,1,62300,0,0,0,0,0,0,0,0,0,0
2,1,62300,0,0,0,0,0,0,0,0,0,0
1,1,62301,14,14,14,14,14,14,14,14,14,14
2,1,62301,14,6,0,0,0,0,0,0,15,0
1,1,62302,0,0,0,0,0,0,0,0,0,0
2,1,62302,0,0,0,0,0,0,0,0,0,0
1,1,62303,0,0,0,0,0,0,0,0,0,0
2,1,62303,0,0,0,0,0,0,0,0,0,0
3,1,62303,0,0,0,0,0,0,0,0,0,0
4,1,62303,0,0,0,0,0,0,0,0,0,0
5,1,62303,0,0,0,0,0,0,0,0,0,0
6,1,62303,0,0,0,0,0,0,0,0,0,0
1,1,62304,0,0,0,0,0,0,0,0,0,0
2,1,62304,0,0,0,0,0,0,14,0,0,0
1,1,62305,0,0,0,0,0,0,0,0,0,0
2,1,62305,0,0,0,0,0,0,0,0,0,0
1,1,62306,0,0,0,0,0,0,0,0,0,0
2,1,62306,0,0,0,0,17,0,0,0,0,0
0,1,62307,0,0,0,0,0,0,0,0,0,0
1,1,62307,0,0,0,0,0,0,0,0,0,0
1,1,62308,10,10,10,10,10,10,10,10,10,10
2,1,62308,2,0,0,0,0,0,0,0,0,0
3,1,62308,0,0,0,0,0,0,0,0,0,0
0,1,62309,0,0,0,0,0,0,0,0,0,0
1,1,62309,0,0,0,0,0,0,0,0,0,0
1,1,62310,0,0,0,0,0,0,0,0,0,0
2,1,62310,0,0,0,0,0,0,0,0,0,0
1,1,62311,0,0,0,0,0,0,0,0,0,0
2,1,62311,0,0,0,0,0,0,0,0,0,0
0,1,62312,0,0,0,0,0,0,0,0,0,0
1,1,62312,0,0,0,0,0,0,0,0,0,0