VEH_NO,PER_NO,ST_CASE,P1,P2,P3,P4,P5,P6,P7,P8,P9,P10
1,1,62313,15,15,15,15,15,15,15,15,15,15
2,1,62313,0,0,0,0,0,0,0,0,0,0
0,1,62314,2,2,2,2,2,2,2,2,2,2
1,1,62314,0,0,0,0,0,0,0,0,0,0
1,1,62315,0,0,0,0,0,0,0,0,0,0
1,1,62316,1,1,1,1,1,1,1,1,1,1
1,1,62317,0,0,0,0,0,0,0,0,0,0
1,1,62318,0,0,0,0,0,0,0,0,0,16
2,1,62318,0,0,0,0,0,0,0,0,0,0
0,1,62319,0,0,0,0,0,0,0,0,0,0
1,1,62319,0,0,0,0,0,0,0,0,0,0
1,1,62320,0,0,0,0,0,0,0,0,0,0
2,1,62320,0,0,0,0,0,0,0,0,0,0
0,1,62321,0,0,0,0,0,0,0,0,0,0
0,2,62321,0,0,0,0,24,0,0,0,0,10
1,1,62321,0,12,0,0,17,15,0,16,0,0
1,1,62322,13,13,13,13,13,13,13,13,13,13
1,1,62323,19,19,19,19,19,19,19,19,19,19
2,1,62323,0,0,0,0,0,2,0,0,0,0
1,1,62324,0,0,0,0,0,0,0,0,0,0
1,1,62325,0,0,0,0,0,0,0,0,0,0
1,2,62326,0,0,0,0,0,0,0,0,0,0
1,1,62327,0,0,0,0,0,6,0,0,0,0
0,1,62328,0,0,0,0,0,0,0,0,0,0
1,1,62328,0,0,27,0,0,0,0,0,0,0
0,1,62329,27,27,27,27,27,27,27,27,27,27
1,1,62329,0,0,0,0,0,0,0,0,0,0
0,1,62330,12,22,10,10,16,0,16,0,22,0
1,1,62330,0,0,0,0,0,0,0,0,0,0
1,1,62331,0,0,0,0,0,0,0,0,0,0
2,1,62331,0,14,0,0,0,0,0,0,0,0
3,1,62331,0,0,0,0,0,0,0,0,0,0
1,1,62332,0,0,0,9,0,0,0,9,0,0
1,1,62333,0,0,0,0,0,0,0,0,0,0
1,1,62334,0,0,0,0,0,0,0,0,0,0
1,1,62335,0,0,0,0,0,0,0,0,0,0
2,1,62335,0,0,0,0,0,0,0,0,0,0
1,1,62336,0,0,0,0,0,0,0,0,0,0
0,1,62337,23,23,23,23,23,23,23,23,23,23
1,1,62337,10,0,2,0,14,0,9,12,0,0
0,1,62338,0,0,0,0,0,0,0,0,0,0
1,1,62338,0,0,0,0,0,0,0,0,0,8
1,1,62339,0,0,0,0,0,0,0,0,0,0
2,1,62339,0,0,0,0,0,0,0,0,0,0
3,1,62339,0,0,0,0,0,0,0,0,0,0
1,1,62340,0,0,0,0,0,0,0,0,0,0
1,1,62341,0,0,0,0,0,0,0,0,0,0
1,1,62342,0,0,0,17,0,0,0,0,0,0
2,1,62342,0,0,0,0,0,0,0,0,0,0
1,1,62343,0,0,0,0,0,0,0,0,0,0
2,1,62343,0,0,0,0,0,0,0,0,0,0
0,1,62344,6,6,6,6,6,6,6,6,6,6
1,1,62344,0,0,15,19,0,0,15,18,24,0
1,1,62345,0,0,0,0,0,0,0,0,0,0
2,1,62345,0,0,0,0,0,0,0,0,0,0
0,1,62346,0,0,0,0,0,0,0,0,0,0
1,1,62346,0,0,0,0,0,0,0,0,0,0
1,1,62347,0,0,0,0,0,0,0,0,0,0
1,1,62348,0,0,0,0,0,0,0,0,0,0
1,1,62349,0,0,0,0,0,0,0,0,0,0
1,1,62350,0,0,0,0,0,0,0,0,0,0
0,1,62351,0,0,0,0,0,0,0,0,0,0
1,1,62351,0,0,0,0,0,0,0,0,0,0
1,1,62352,0,0,0,0,0,0,0,0,0,0
2,1,62352,0,0,0,0,0,0,0,0,0,0
0,1,62353,0,0,0,0,0,0,0,0,0,0
1,1,62354,24,24,24,24,24,24,24,24,24,24
0,1,62355,0,0,0,0,0,0,0,0,0,0
0,1,62356,0,0,0,19,0,0,0,0,0,0
1,1,62356,0,0,0,0,0,0,0,0,0,0
1,1,62357,0,0,0,0,0,0,0,0,0,0
2,1,62357,0,0,0,0,0,0,0,0,0,0
1,1,62358,0,0,0,0,0,0,0,0,0,0
2,1,62358,0,0,0,0,0,0,0,0,13,0
3,1,62358,0,0,0,0,0,0,0,0,0,0
0,1,62359,0,0,0,0,0,0,0,0,0,0
1,1,62359,0,0,0,0,0,0,0,0,0,0
0,1,62360,24,24,24,24,24,24,24,24,24,24
1,1,62360,0,0,0,0,0,0,0,0,0,0
1,1,62361,13,13,13,13,13,13,13,13,13,13
1,1,62362,0,0,0,0,0,0,0,0,0,0
2,1,62362,0,0,0,0,0,0,0,0,0,0
1,1,62363,0,0,0,0,0,0,0,0,0,0
2,1,62363,0,0,0,0,0,0,0,0,0,0
1,1,62364,24,24,24,24,24,24,24,24,24,24
2,1,62364,0,0,0,0,0,0,0,0,0,0
3,1,62364,0,0,0,0,0,0,0,0,0,0
4,1,62364,0,0,0,0,0,0,0,0,0,0
1,1,62365,0,0,0,0,0,0,0,0,0,0
2,1,62365,0,0,0,0,0,0,0,0,0,0
0,1,62366,0,0,0,0,0,0,0,0,0,0
1,1,62366,0,0,0,0,0,0,0,0,0,0
1,1,62367,0,0,0,0,0,0,0,0,0,0
1,1,62368,0,0,0,0,0,0,0,0,0,0
2,1,62368,0,0,0,0,0,0,7,0,0,0
1,1,62369,0,0,0,0,0,0,0,0,0,0
2,1,62369,0,0,0,0,0,0,0,0,0,0
3,1,62369,0,0,0,0,0,0,0,0,0,0
4,1,62369,0,0,0,0,0,0,0,0,0,0
0,1,62370,6,6,6,6,6,6,6,6,6,6
1,1,62370,0,0,0,0,0,0,0,0,0,0
1,1,62371,14,8,18,11,0,0,0,14,15,4
2,1,62371,0,0,0,0,0,0,0,0,0,0
1,1,62372,11,11,11,11,11,11,11,11,11,11
1,1,62373,20,20,20,20,20,20,20,20,20,20
0,1,62374,21,21,21,21,21,21,21,21,21,21
1,1,62374,0,0,0,10,12,0,0,0,0,0
1,1,62375,0,0,0,0,0,0,0,0,0,0
1,1,62376,0,0,0,0,0,0,0,0,0,0
2,1,62376,9,0,0,0,0,0,0,2,0,0
1,1,62377,0,0,0,0,0,0,0,0,0,0
1,1,62378,12,18,20,27,23,31,7,38,25,17
0,1,62379,31,31,31,31,31,31,31,31,31,31
1,1,62379,0,0,0,0,0,0,0,0,0,0
1,1,62380,0,0,0,0,0,0,0,0,0,0
2,1,62380,0,0,0,0,8,0,14,0,0,0
1,1,62381,0,0,0,0,0,0,0,0,0,0
1,1,62382,0,0,0,0,0,0,0,0,0,0
2,1,62382,0,0,0,0,0,0,0,0,0,11
1,1,62383,0,0,0,0,0,0,0,0,0,0
2,1,62383,0,0,0,0,0,0,0,0,0,0
1,1,62384,0,0,0,0,0,0,0,0,0,2
2,1,62384,0,0,0,0,0,0,0,0,0,0
3,1,62384,0,0,0,0,0,0,0,0,0,0
4,1,62384,0,0,0,0,0,0,0,0,0,0
1,1,62385,0,0,0,0,0,0,0,0,0,0
1,1,62386,13,13,13,13,13,13,13,13,13,13
2,1,62386,0,0,0,0,0,0,0,0,0,0
1,1,62387,0,0,0,0,0,0,0,0,0,0
1,1,62388,18,18,18,18,18,18,18,18,18,18
1,1,62389,0,0,0,0,0,0,0,0,0,0
1,1,62390,0,0,0,0,0,0,0,0,0,0
2,1,62390,0,0,0,0,0,0,0,0,0,0
0,1,62391,0,0,0,0,0,0,0,0,0,0
1,1,62391,28,28,28,28,28,28,28,28,28,28
2,1,62391,0,0,0,0,0,0,0,0,0,0
3,1,62391,0,0,0,0,0,0,0,0,0,0
0,1,62392,22,22,22,22,22,22,22,22,22,22
1,1,62392,0,0,0,0,0,0,0,0,0,0
1,1,62393,0,0,0,0,0,0,0,0,0,0
2,1,62393,0,0,0,0,0,0,0,16,0,0
3,1,62393,0,0,0,0,0,0,0,0,0,0
1,1,62394,0,0,0,0,0,0,0,0,0,0
2,1,62394,0,0,0,0,0,0,0,0,0,0
1,1,62395,0,0,0,0,0,0,0,0,0,0
2,1,62395,0,0,0,0,0,0,0,0,0,0
1,1,62396,0,0,0,0,0,0,0,0,0,0
2,1,62396,0,0,0,0,0,0,0,0,0,0
1,1,62397,10,10,10,10,10,10,10,10,10,10
1,1,62398,0,0,0,0,0,0,0,0,0,0
1,1,62399,18,18,18,18,18,18,18,18,18,18
2,1,62399,0,0,0,0,0,0,0,0,0,0
1,1,62400,0,0,0,0,0,0,0,0,0,0
2,1,62400,0,0,0,0,0,0,0,0,0,0
1,1,62401,0,0,0,0,0,0,0,0,0,0
2,1,62401,0,0,0,0,0,0,0,0,0,0
0,1,62402,0,0,0,0,0,0,0,0,0,0
1,1,62402,0,0,0,0,0,0,0,0,0,0
1,1,62403,0,0,0,0,0,0,0,0,0,0
2,1,62403,0,0,0,0,0,0,0,0,0,0
3,1,62403,0,0,0,0,0,0,0,0,0,0
1,1,62404,0,0,0,0,0,0,0,0,0,0
2,1,62404,0,0,0,0,0,0,0,0,0,0
0,1,62405,15,15,15,15,15,15,15,15,15,15
1,1,62405,0,0,0,0,0,0,0,0,0,0
2,1,62405,0,0,5,0,3,0,0,0,0,0
1,1,62406,27,27,27,27,27,27,27,27,27,27
1,1,62407,29,29,29,29,29,29,29,29,29,29
1,1,62408,24,24,24,24,24,24,24,24,24,24
2,1,62408,0,0,0,0,0,0,0,0,0,0
1,1,62409,16,16,16,16,16,16,16,16,16,16
1,1,62410,0,0,0,0,0,0,0,0,0,0
1,1,62411,0,0,0,0,0,0,0,0,0,0
1,1,62412,0,0,0,0,0,0,0,0,0,0
2,1,62412,0,0,0,0,0,0,0,0,0,0
3,1,62412,0,0,0,0,0,0,0,0,0,0
1,1,62413,7,7,7,7,7,7,7,7,7,7
2,1,62413,0,0,0,0,0,0,0,0,0,0
3,1,62413,0,0,0,0,0,0,0,0,0,0
4,1,62413,0,0,0,0,0,0,0,0,0,0
0,1,62414,0,0,0,0,0,0,0,0,0,0
1,1,62414,0,6,0,0,0,0,0,0,0,0
1,1,62415,0,0,0,0,0,0,0,0,0,0
1,1,62416,20,20,20,20,20,20,20,20,20,20
1,1,62417,0,0,0,0,0,0,0,0,0,0
1,1,62418,15,15,15,15,15,15,15,15,15,15
1,1,62419,11,11,11,11,11,11,11,11,11,11
2,1,62419,0,0,0,0,0,0,0,0,0,0
1,1,62420,13,13,13,13,13,13,13,13,13,13
0,1,62421,3,3,3,3,3,3,3,3,3,3
1,1,62421,0,0,0,0,0,14,0,0,0,0
1,1,62422,3,3,3,3,3,3,3,3,3,3
1,1,62423,0,0,0,0,0,0,0,0,0,0
2,1,62423,0,0,0,0,0,0,0,0,0,0
3,1,62423,0,0,0,0,0,0,0,0,0,0
4,1,62423,0,0,0,0,0,0,0,0,0,0
5,1,62423,0,0,0,0,0,0,0,0,0,0
6,1,62423,0,0,0,0,0,0,0,0,0,0
1,1,62424,0,0,0,0,0,0,0,0,0,0
1,1,62425,0,0,0,0,0,0,0,0,0,0
2,1,62425,0,0,0,0,0,0,0,0,0,0
1,1,62426,15,0,0,0,0,0,0,15,21,0
1,1,62427,0,0,0,0,0,0,0,0,0,0
2,1,62427,0,0,0,0,0,0,0,0,0,0
1,1,62428,0,0,0,0,0,0,0,0,0,0
2,1,62428,0,0,0,0,0,0,0,0,0,0
1,1,62429,0,0,0,0,0,0,0,0,0,0
2,1,62429,0,0,0,0,0,0,0,0,0,0
1,1,62430,0,0,0,0,0,0,0,0,0,0
2,1,62430,0,0,0,0,0,0,0,0,0,0
1,1,62431,0,0,0,0,0,0,0,0,0,0
2,1,62431,0,0,0,0,0,0,0,0,0,0
1,1,62432,0,0,0,0,0,0,0,0,0,0
2,1,62432,0,0,0,0,0,0,0,0,0,0
1,1,62433,0,0,0,0,0,0,0,0,0,0
1,1,62434,0,0,0,0,0,0,0,0,0,0
2,1,62434,20,0,0,0,0,0,0,10,0,0
1,1,62435,21,21,21,21,21,21,21,21,21,21
1,1,62436,0,0,8,0,0,0,0,0,0,0
1,1,62437,0,0,0,0,0,0,0,0,0,0
1,1,62438,27,27,27,27,27,27,27,27,27,27
2,1,62438,0,0,0,0,0,0,0,0,0,0
1,1,62439,9,9,2,16,5,0,12,8,0,0
1,1,62440,12,12,12,12,12,12,12,12,12,12
1,1,62441,22,22,22,22,22,22,22,22,22,22
1,1,62442,0,0,0,0,0,5,0,0,0,0
1,1,62443,0,0,0,0,0,0,0,0,0,0
2,1,62443,12,12,12,12,12,12,12,12,12,12
1,1,62444,15,15,15,15,15,15,15,15,15,15
2,1,62444,0,0,0,0,0,0,0,14,0,0
3,1,62444,0,0,0,0,0,0,0,0,0,0
0,1,62445,0,0,0,0,0,0,0,0,0,0
1,1,62445,18,0,0,0,0,0,0,0,0,0
0,1,62446,0,0,0,0,0,0,0,0,0,0
1,1,62446,0,0,0,0,0,0,0,0,0,0
1,1,62447,0,0,0,0,0,0,0,0,0,0
1,1,62448,0,0,0,0,0,0,0,0,0,0
1,1,62449,0,0,0,0,0,0,0,0,0,0
2,1,62449,0,0,0,0,0,0,0,0,0,0
1,1,62450,0,0,0,0,0,0,0,0,0,0
2,1,62450,0,0,0,0,0,0,0,0,0,0
1,1,62451,0,0,0,0,0,0,0,0,0,6
2,1,62451,0,0,0,0,0,0,0,0,0,0
1,1,62452,0,0,0,0,0,0,0,0,0,0
2,1,62452,0,0,0,0,0,0,0,0,0,0
1,1,62453,0,0,0,0,0,0,0,0,0,0
1,1,62454,24,0,0,0,0,0,0,26,0,0
0,1,62455,19,19,19,19,19,19,19,19,19,19
1,1,62455,0,0,0,0,0,0,0,0,0,0
1,1,62456,0,0,0,0,0,0,0,0,0,0
0,1,62457,0,0,0,0,0,0,0,0,0,0
1,1,62457,5,6,0,0,0,0,0,0,0,0
0,1,62458,0,0,0,0,0,0,0,0,0,0
1,1,62458,0,0,0,0,0,0,0,0,0,0
1,1,62459,0,0,0,0,0,0,0,0,0,0
2,1,62459,0,0,0,0,0,0,0,0,0,0
1,1,62460,23,23,23,23,23,23,23,23,23,23
1,1,62461,0,0,0,0,0,0,0,0,0,0
0,1,62462,7,7,7,7,7,7,7,7,7,7
1,1,62462,0,0,0,0,0,0,0,0,0,0
2,1,62462,0,2,0,0,0,0,11,0,0,0
1,1,62463,0,0,0,0,0,0,0,0,0,0
2,1,62463,0,17,0,0,0,0,0,0,0,0
1,1,62464,0,0,0,0,0,0,0,0,0,0
1,1,62465,0,0,0,0,0,0,0,0,0,0
2,1,62465,0,0,0,0,0,0,0,0,9,0
1,1,62466,0,0,0,0,0,0,0,0,0,0
2,1,62466,0,0,0,0,0,0,0,0,0,0
1,1,62467,20,20,20,20,20,20,20,20,20,20
1,1,62468,0,0,0,0,0,0,0,0,0,0
2,1,62468,0,0,0,0,0,0,0,0,0,0
1,1,62469,0,0,0,0,0,0,0,0,0,0
1,1,62470,0,0,0,0,0,0,0,0,0,0
2,1,62470,0,0,0,0,0,0,0,0,0,0
0,1,62471,18,18,18,18,18,18,18,18,18,18
1,1,62471,0,0,14,0,3,0,0,0,0,0
1,1,62472,27,27,27,27,27,27,27,27,27,27
1,1,62473,0,0,0,0,0,0,0,0,0,0
1,1,62474,0,0,0,0,0,0,0,0,0,0
1,1,62475,0,0,0,0,0,0,0,0,0,0
2,1,62475,0,0,0,0,0,0,0,0,0,0
3,1,62475,0,0,0,0,0,0,0,0,0,0
0,1,62476,0,16,0,0,0,12,20,0,0,0
1,1,62476,0,0,0,0,0,0,0,0,0,0
0,1,62477,0,0,0,0,0,0,0,0,0,0
1,1,62477,0,0,0,0,0,0,0,0,0,0
1,1,62478,0,0,0,0,0,0,0,0,0,0
1,1,62479,0,0,0,0,0,0,0,0,0,0
2,1,62479,0,0,0,0,0,0,0,0,0,0
0,1,62480,0,0,0,0,0,0,0,0,0,0
1,1,62480,0,0,0,0,0,0,0,0,0,0
2,1,62480,0,0,0,0,0,0,0,0,0,0
1,1,62481,0,0,0,0,0,0,0,0,0,0
0,1,62482,13,13,13,13,13,13,13,13,13,13
1,1,62482,0,0,0,0,0,0,0,0,0,0
0,1,62483,18,18,18,18,18,18,18,18,18,18
1,1,62483,0,6,0,16,0,0,0,0,0,0
1,1,62484,0,0,0,0,0,0,0,0,0,0
2,1,62484,0,0,0,0,0,0,0,0,0,0
1,1,62485,15,15,15,15,15,15,15,15,15,15
0,1,62486,0,0,0,0,0,0,0,0,0,0
1,1,62486,0,0,0,0,0,0,0,0,0,4
0,1,62487,18,18,18,18,18,18,18,18,18,18
1,1,62487,0,0,0,0,0,0,11,0,0,0
1,1,62488,0,14,0,0,0,17,3,2,0,0
2,1,62488,25,25,25,25,25,25,25,25,25,25
3,1,62488,0,0,0,0,0,0,0,0,0,0
0,1,62489,0,0,0,0,0,0,0,0,0,0
1,1,62489,14,10,14,22,3,15,20,25,12,33
1,1,62490,0,0,0,0,0,0,0,0,0,0
2,1,62490,0,0,0,0,0,0,0,0,0,0
1,1,62491,0,0,0,0,0,0,0,0,0,0
2,1,62491,0,0,0,0,0,9,0,0,0,0
3,1,62491,0,0,0,0,0,0,0,0,0,0
1,1,62492,21,21,21,21,21,21,21,21,21,21
1,1,62493,0,0,0,0,0,0,0,0,0,0
2,1,62493,0,0,0,0,0,0,0,0,0,0
1,1,62494,0,0,0,0,0,0,0,0,0,0
2,1,62494,0,0,0,0,0,0,0,0,0,0
3,1,62494,0,0,0,0,0,0,0,0,0,0
4,1,62494,0,0,0,0,0,0,0,0,0,0
0,1,62495,0,0,0,0,0,0,0,0,0,0
1,1,62495,0,0,0,0,0,0,0,0,0,0
1,1,62496,0,0,0,0,0,20,0,0,0,0
1,1,62497,24,24,24,24,24,24,24,24,24,24
2,1,62497,0,0,0,0,0,0,0,0,0,0
3,1,62497,0,0,0,0,0,0,0,0,0,0
1,1,62498,0,0,0,0,0,0,0,0,0,0
2,1,62498,0,0,14,0,0,0,0,0,0,0
1,1,62499,0,0,0,0,0,0,0,0,0,0
2,1,62499,0,0,0,0,0,0,0,0,0,0
1,1,62500,0,0,0,0,0,0,0,0,0,0
2,1,62500,0,0,0,0,0,0,0,0,0,0
1,1,62501,0,0,0,0,4,0,0,0,0,0
2,1,62501,0,0,0,0,0,0,0,0,0,0
0,1,62502,19,19,19,19,19,19,19,19,19,19
1,1,62502,0,0,0,0,0,0,0,0,0,0
2,1,62502,7,8,0,0,0,0,0,5,0,0
1,1,62503,0,0,0,0,0,0,0,0,0,0
2,1,62503,0,0,0,0,0,0,0,0,0,0
3,1,62503,0,0,0,0,0,0,0,0,0,0
4,1,62503,0,0,0,0,0,0,0,0,0,0
5,1,62503,0,0,0,0,0,24,0,0,0,0
6,1,62503,0,0,0,0,0,0,0,0,0,0
0,1,62504,0,0,0,0,0,0,0,0,0,0
0,2,62504,0,0,0,0,0,0,0,0,0,0
1,1,62504,0,0,11,0,0,0,0,27,0,11
1,1,62505,0,0,0,0,0,0,0,0,0,0
1,1,62506,0,0,0,0,0,0,0,0,0,0
2,1,62506,0,0,0,0,0,0,0,0,7,0
0,1,62507,37,37,37,37,37,37,37,37,37,37
1,1,62507,0,0,0,0,12,0,0,0,0,0
1,1,62508,0,0,0,0,0,0,0,0,0,0
0,1,62509,0,0,0,0,0,0,0,0,0,0
1,1,62509,0,0,0,0,0,0,0,0,0,0
1,1,62510,0,0,0,0,0,0,0,0,0,0
1,1,62511,0,0,0,0,0,0,0,0,0,0
0,1,62512,0,0,0,0,0,0,0,0,0,0
1,1,62512,0,0,0,0,0,0,0,0,0,0
0,1,62513,0,0,0,0,0,0,0,0,0,0
1,1,62513,0,0,0,24,0,0,0,4,0,0
1,1,62514,32,32,32,32,32,32,32,32,32,32
1,1,62515,23,23,23,23,23,23,23,23,23,23
1,1,62516,16,16,16,16,16,16,16,16,16,16
2,1,62516,0,14,0,0,0,0,0,0,0,0
0,1,62517,0,0,0,0,0,0,0,0,0,0
1,1,62517,0,0,0,0,0,0,0,0,0,0
1,1,62518,14,14,14,14,14,14,14,14,14,14
1,1,62519,21,21,21,21,21,21,21,21,21,21
1,1,62520,0,0,0,0,0,0,0,0,0,0
1,1,62521,28,28,28,28,28,28,28,28,28,28
1,1,62522,0,0,0,0,0,0,8,0,0,0
2,1,62522,12,12,12,12,12,12,12,12,12,12
1,1,62523,0,5,0,0,0,0,11,0,0,0
2,1,62523,0,0,13,0,0,0,0,0,0,0
0,1,62524,0,0,0,0,0,0,0,0,0,0
1,1,62524,0,0,0,0,0,0,0,0,0,0
0,1,62525,35,35,35,35,35,35,35,35,35,35
1,1,62525,0,0,0,0,0,0,0,0,0,0
1,1,62526,29,29,29,29,29,29,29,29,29,29
0,1,62527,26,26,26,26,26,26,26,26,26,26
1,1,62527,11,0,0,0,0,0,0,0,0,0
1,1,62528,21,21,21,21,21,21,21,21,21,21
0,1,62529,26,26,26,26,26,26,26,26,26,26
1,1,62529,16,16,16,16,16,16,16,16,16,16
0,1,62530,0,0,0,0,0,0,0,0,0,0
0,2,62530,11,0,0,0,0,13,0,20,0,0
1,1,62530,0,15,0,0,6,29,0,0,0,0
2,1,62530,0,0,0,0,0,0,0,0,0,0
1,1,62531,1,1,1,1,1,1,1,1,1,1
1,1,62532,0,0,0,0,0,0,0,0,0,0
2,1,62532,0,0,0,0,0,0,0,0,0,0
1,1,62533,0,0,0,0,0,0,0,0,0,0
2,1,62533,0,0,0,0,0,0,0,0,0,0
1,1,62534,8,8,8,8,8,8,8,8,8,8
2,1,62534,0,0,0,0,0,0,0,0,0,0
0,1,62535,12,12,12,12,12,12,12,12,12,12
1,1,62535,0,0,0,0,0,0,0,0,0,0
1,1,62536,15,15,15,15,15,15,15,15,15,15
2,1,62536,18,18,18,18,18,18,18,18,18,18
0,1,62537,18,18,18,18,18,18,18,18,18,18
1,1,62537,0,0,0,0,0,0,0,0,0,0
0,1,62538,0,0,0,0,0,0,0,0,0,0
1,1,62538,0,0,0,0,0,0,0,0,0,0
1,1,62539,0,0,0,0,0,0,0,0,0,0
2,1,62539,0,0,0,0,0,0,0,0,0,0
1,1,62540,17,17,17,17,17,17,17,17,17,17
1,1,62541,0,0,0,0,0,0,0,0,0,0
1,1,62542,0,0,0,0,0,0,0,0,0,0
1,1,62543,0,0,0,0,0,0,0,0,0,0
0,1,62544,0,0,0,0,0,0,0,0,0,0
1,1,62544,0,0,0,0,18,0,0,0,0,0
1,1,62545,26,26,26,26,26,26,26,26,26,26
2,1,62545,0,0,0,0,0,0,4,0,0,0
0,1,62546,0,0,0,0,0,0,0,0,0,0
1,1,62546,0,0,18,0,0,1,10,0,0,0
1,1,62547,0,0,0,0,0,0,0,0,10,0
2,1,62547,0,0,0,0,0,0,0,0,0,0
1,1,62548,35,35,35,35,35,35,35,35,35,35
1,1,62549,8,8,8,8,8,8,8,8,8,8
1,1,62550,18,18,18,18,18,18,18,18,18,18
1,1,62551,0,0,0,0,0,0,0,0,0,0
1,1,62552,0,0,0,0,0,0,0,0,0,0
2,1,62552,0,0,0,0,0,0,0,0,0,0
3,1,62552,0,0,0,0,0,0,0,0,0,0
4,1,62552,0,0,0,0,0,0,0,0,0,0
5,1,62552,0,0,0,0,0,0,0,0,0,0
0,1,62553,0,0,0,0,0,0,0,0,0,0
0,2,62553,0,0,0,0,0,0,0,0,0,0
1,1,62553,0,0,0,0,0,0,20,0,12,0
1,1,62554,0,0,0,0,0,0,0,0,0,0
1,1,62555,0,0,0,0,0,0,0,0,0,0
1,1,62556,0,0,0,0,0,0,0,0,0,0
2,1,62556,0,0,0,0,0,0,0,0,0,0
0,1,62557,33,33,33,33,33,33,33,33,33,33
1,1,62557,0,0,0,0,0,0,0,0,0,2
1,1,62558,0,0,0,0,0,0,0,0,0,0
0,1,62559,0,0,0,0,0,0,0,0,0,0
1,1,62559,0,0,0,0,0,0,0,0,0,0
0,1,62560,36,36,36,36,36,36,36,36,36,36
1,1,62560,0,0,0,0,0,0,0,0,0,0
1,1,62561,19,19,19,19,19,19,19,19,19,19
2,1,62561,0,0,0,0,0,0,0,0,0,0
3,1,62561,0,10,0,0,0,0,0,0,0,0
4,1,62561,0,0,0,13,8,1,0,0,0,0
1,1,62562,0,0,0,0,0,0,0,0,0,0
2,1,62562,22,22,22,22,22,22,22,22,22,22
0,1,62563,0,0,0,0,0,0,0,0,0,0
1,1,62563,0,0,0,0,0,0,0,0,0,0
2,1,62563,0,0,0,0,13,0,0,0,0,0
0,1,62564,0,0,0,0,0,0,0,0,0,0
1,1,62564,0,0,0,0,0,0,0,0,0,0
1,1,62565,0,12,0,9,13,0,20,7,11,14
2,1,62565,0,0,0,0,0,0,0,0,0,6
1,1,62566,0,0,0,0,0,0,0,0,13,0
2,1,62566,0,0,0,0,0,0,0,0,0,0
1,1,62567,23,23,23,23,23,23,23,23,23,23
0,1,62568,21,21,21,21,21,21,21,21,21,21
1,1,62568,21,21,21,21,21,21,21,21,21,21
0,1,62569,25,0,0,0,23,0,0,0,20,0
0,2,62569,0,0,0,0,0,0,0,0,0,0
1,1,62569,22,22,22,22,22,22,22,22,22,22
0,1,62570,0,0,0,0,0,0,0,0,0,0
1,1,62570,0,0,0,0,0,0,0,0,8,0
1,1,62571,13,13,13,13,13,13,13,13,13,13
1,1,62572,16,16,16,16,16,16,16,16,16,16
1,1,62573,18,18,18,18,18,18,18,18,18,18
1,1,62574,12,12,12,12,12,12,12,12,12,12
1,1,62575,19,19,19,19,19,19,19,19,19,19
1,1,62576,24,24,24,24,24,24,24,24,24,24
1,1,62577,7,7,7,7,7,7,7,7,7,7
1,1,62578,20,20,20,20,20,20,20,20,20,20
1,1,62579,0,0,11,0,0,0,0,0,0,0
2,1,62579,0,0,0,0,0,0,0,0,0,4
0,1,62580,31,31,31,31,31,31,31,31,31,31
1,1,62580,0,0,0,4,0,0,0,0,0,0
1,1,62581,0,0,0,0,0,0,0,0,0,0
2,1,62581,0,0,0,0,0,0,0,0,0,0
1,1,62582,0,0,0,0,0,0,0,0,0,0
2,1,62582,0,0,0,0,0,0,0,0,0,0
1,1,62583,13,13,13,13,13,13,13,13,13,13
0,1,62584,25,25,25,25,25,25,25,25,25,25
1,1,62584,0,0,0,0,0,0,0,0,0,0
1,1,62585,25,25,25,25,25,25,25,25,25,25
1,1,62586,21,21,21,21,21,21,21,21,21,21
2,1,62586,0,0,0,0,0,0,0,0,13,0
3,1,62586,0,0,0,0,0,0,0,0,0,0
4,1,62586,0,0,0,0,0,0,0,0,0,0
0,1,62587,0,0,0,0,0,0,0,0,0,0
1,1,62587,0,0,0,0,35,0,0,0,0,3
1,1,62588,0,0,0,0,0,0,0,0,0,0
2,1,62588,0,0,0,0,0,0,0,0,9,0
1,1,62589,18,18,18,18,18,18,18,18,18,18
1,1,62590,0,0,0,0,20,7,24,19,11,0
2,1,62590,11,0,0,0,0,0,36,0,0,0
1,1,62591,0,0,0,0,0,20,0,0,0,0
1,1,62592,0,0,0,0,0,0,0,0,0,0
2,1,62592,0,0,0,0,0,0,0,0,0,0
1,1,62593,25,25,25,25,25,25,25,25,25,25
2,1,62593,0,0,0,0,0,0,0,0,0,0
3,1,62593,0,0,0,0,0,0,0,0,0,0
4,1,62593,0,0,0,0,0,0,0,0,0,0
1,1,62594,0,0,0,0,0,0,0,0,0,0