VEH_NO,PER_NO,ST_CASE,P1,P2,P3,P4,P5,P6,P7,P8,P9,P10
2,1,62594,20,20,20,20,20,20,20,20,20,20
3,1,62594,17,17,17,17,17,17,17,17,17,17
1,1,62595,0,0,0,0,0,0,0,0,0,0
1,1,62596,0,0,0,0,0,0,0,0,0,0
1,1,62597,0,0,0,0,0,0,0,0,0,0
1,1,62598,0,0,0,0,0,0,0,0,0,0
2,1,62598,0,0,0,0,0,0,0,0,0,0
3,1,62598,0,0,0,0,0,0,0,0,0,0
1,1,62599,0,0,0,0,0,0,0,0,0,0
1,1,62600,0,0,0,0,0,0,0,0,0,0
2,1,62600,0,0,0,0,0,0,0,0,0,0
0,1,62601,22,22,22,22,22,22,22,22,22,22
1,1,62601,0,0,0,0,0,10,0,0,0,0
0,1,62602,30,30,30,30,30,30,30,30,30,30
1,1,62602,0,0,0,0,0,0,0,0,0,0
1,1,62603,38,38,38,38,38,38,38,38,38,38
2,1,62603,0,0,0,0,0,0,0,0,0,0
1,1,62604,0,0,0,0,0,0,0,0,0,0
2,1,62604,0,0,0,0,0,0,0,0,0,0
1,1,62605,0,0,0,0,0,0,0,0,0,0
2,1,62605,0,0,0,0,0,0,0,0,0,0
1,1,62606,0,0,0,0,0,0,0,0,0,0
1,1,62607,20,20,20,20,20,20,20,20,20,20
2,1,62607,0,0,0,0,0,0,0,0,0,0
1,1,62608,0,0,0,0,0,0,0,0,0,0
2,1,62608,0,0,0,0,0,0,0,0,0,0
1,1,62609,28,28,28,28,28,28,28,28,28,28
1,1,62610,0,0,0,0,0,0,0,0,0,0
1,1,62611,8,8,8,8,8,8,8,8,8,8
2,1,62611,0,0,0,0,0,18,0,0,0,0
1,1,62612,0,0,0,0,0,0,0,0,0,0
0,1,62613,0,0,0,0,0,0,0,0,0,0
1,1,62613,0,0,0,0,0,0,0,0,0,0
0,1,62614,0,0,0,0,0,0,0,0,0,22
1,1,62614,19,19,19,19,19,19,19,19,19,19
1,1,62615,0,0,0,0,0,0,0,0,0,0
2,1,62615,0,0,0,0,0,0,0,0,0,0
0,1,62616,0,26,0,0,0,0,0,0,0,0
1,1,62616,0,0,0,0,0,0,0,0,0,0
0,1,62617,28,28,28,28,28,28,28,28,28,28
1,1,62617,0,0,0,0,0,0,0,0,2,0
1,1,62618,0,0,0,0,0,0,0,0,0,0
2,1,62618,0,0,0,0,0,0,0,0,0,0
1,1,62619,19,19,19,19,19,19,19,19,19,19
1,1,62620,0,0,0,0,0,0,0,0,0,0
2,1,62620,0,0,0,0,0,0,0,0,0,0
1,1,62621,0,0,0,0,0,0,0,0,0,0
2,1,62621,0,0,0,0,0,0,0,0,0,0
0,1,62622,0,0,0,0,0,0,0,0,0,0
1,1,62622,0,0,0,0,0,0,0,0,0,0
0,1,62623,0,0,0,0,0,0,0,0,0,0
1,1,62623,0,0,0,0,0,0,0,0,0,0
1,1,62624,7,0,0,0,0,0,0,0,0,0
0,1,62625,0,0,0,0,0,0,0,0,0,0
1,1,62625,0,0,31,0,0,0,0,0,0,0
2,1,62625,0,0,0,0,0,0,0,18,0,0
1,1,62626,0,0,0,0,0,0,0,0,0,0
1,1,62627,0,0,0,0,0,0,0,0,0,0
2,1,62627,0,0,0,0,0,0,0,0,0,0
1,1,62628,32,32,32,32,32,32,32,32,32,32
1,1,62629,0,0,0,0,0,0,0,0,0,0
1,1,62630,0,0,0,0,0,0,0,0,0,0
2,1,62630,0,0,0,0,0,0,0,0,0,0
1,1,62631,0,0,0,0,0,0,0,0,0,0
2,1,62631,0,0,0,0,0,0,0,0,0,0
0,1,62632,30,30,30,30,30,30,30,30,30,30
1,1,62632,0,0,0,0,0,0,0,0,0,0
2,1,62632,0,0,0,0,0,0,0,0,0,0
0,1,62633,0,0,0,0,0,0,0,0,0,0
1,1,62633,0,0,0,0,0,0,0,0,4,0
0,1,62634,0,0,0,0,0,0,0,0,0,0
1,1,62634,0,11,11,0,0,0,0,0,0,0
1,1,62635,0,0,0,0,0,0,0,0,0,0
1,1,62636,16,16,16,16,16,16,16,16,16,16
1,1,62637,15,15,15,15,15,15,15,15,15,15
1,1,62638,7,7,7,7,7,7,7,7,7,7
1,1,62639,0,0,0,0,0,0,0,0,0,0
2,1,62639,0,0,0,0,0,0,0,0,0,0
3,1,62639,0,0,0,0,0,0,0,0,0,0
1,1,62640,0,0,0,0,0,0,0,0,0,0
1,1,62641,8,8,8,8,8,8,8,8,8,8
1,1,62642,0,0,0,0,0,0,0,0,0,0
2,1,62642,0,0,0,0,0,0,0,0,0,0
1,1,62643,0,0,0,0,0,0,0,0,0,0
2,1,62643,0,0,0,0,0,0,0,0,0,0
1,1,62644,0,0,0,0,0,0,0,0,0,0
1,1,62645,0,0,0,0,0,0,0,0,0,0
3,1,62645,0,0,0,0,0,0,11,0,0,0
4,1,62645,0,0,0,0,0,0,0,0,0,0
1,1,62646,19,19,19,19,19,19,19,19,19,19
2,1,62646,0,0,0,0,0,0,0,23,8,0
1,1,62647,13,13,13,13,13,13,13,13,13,13
0,1,62648,35,35,35,35,35,35,35,35,35,35
1,1,62648,0,0,0,0,0,0,14,0,0,18
2,1,62648,16,0,0,11,0,13,10,0,0,21
1,1,62649,19,19,19,19,19,19,19,19,19,19
1,1,62650,0,0,0,0,0,0,0,0,0,0
1,1,62651,0,0,0,0,0,0,0,0,0,0
2,1,62651,0,0,0,0,0,0,0,0,0,0
1,1,62652,0,0,0,0,0,0,0,0,0,0
2,1,62652,0,0,0,0,0,0,0,0,0,0
0,1,62653,23,23,23,23,23,23,23,23,23,23
1,1,62653,0,0,0,0,0,0,0,0,0,0
1,1,62654,0,0,0,0,0,0,0,0,0,0
0,1,62655,22,22,22,22,22,22,22,22,22,22
1,1,62655,0,0,0,0,0,0,0,0,0,0
0,1,62656,20,20,20,20,20,20,20,20,20,20
1,1,62656,0,0,0,0,0,0,0,0,0,13
1,1,62657,35,35,35,35,35,35,35,35,35,35
1,1,62658,0,0,0,0,0,0,0,0,0,0
2,1,62658,0,0,0,0,0,0,0,0,0,0
0,1,62659,0,0,0,0,0,0,0,0,0,0
1,1,62659,0,0,0,0,0,0,0,0,0,0
1,1,62660,0,0,0,0,0,0,0,0,0,0
2,1,62660,0,0,0,0,0,0,0,0,0,0
1,1,62661,5,5,5,5,5,5,5,5,5,5
2,1,62661,0,29,0,0,2,4,0,7,0,0
0,1,62662,31,31,31,31,31,31,31,31,31,31
1,1,62662,0,0,0,0,0,0,0,0,0,0
1,1,62663,0,0,0,0,0,0,0,0,0,0
1,1,62664,40,40,40,40,40,40,40,40,40,40
1,1,62665,0,0,0,0,0,0,0,0,0,0
2,1,62665,14,0,0,20,0,0,0,13,0,0
1,1,62666,0,0,0,0,0,0,0,0,0,0
1,1,62667,0,0,0,0,0,0,0,0,0,0
2,1,62667,0,0,0,0,0,0,0,0,0,0
0,1,62668,0,0,8,0,0,0,0,0,0,0
0,2,62668,0,0,0,0,0,0,0,0,0,0
1,1,62668,0,0,0,0,0,0,0,0,0,0
1,1,62669,5,0,0,0,0,0,0,0,0,0
2,1,62669,0,0,0,0,0,0,0,0,0,0
1,1,62670,0,0,0,0,0,0,0,0,0,0
2,1,62670,0,0,0,0,0,0,0,0,0,0
1,1,62671,0,0,0,0,0,0,0,0,0,0
2,1,62671,0,10,0,0,0,0,0,0,0,0
3,1,62671,0,0,0,0,0,0,0,0,0,0
1,1,62672,7,7,7,7,7,7,7,7,7,7
2,1,62672,0,0,0,0,0,0,0,0,0,0
1,1,62673,0,0,0,0,0,0,0,0,0,0
2,1,62673,0,0,0,0,0,0,0,0,0,0
1,1,62674,28,28,28,28,28,28,28,28,28,28
2,1,62674,0,0,0,0,0,0,0,0,0,0
0,1,62675,0,0,0,0,0,0,0,0,0,0
1,1,62675,0,0,0,0,0,0,0,0,0,0
1,1,62676,18,18,18,18,18,18,18,18,18,18
0,1,62677,0,0,0,0,0,0,0,0,0,0
1,1,62677,0,0,0,0,0,0,0,0,0,0
1,1,62678,12,23,22,29,17,22,23,38,8,13
1,1,62679,19,19,19,19,19,19,19,19,19,19
1,1,62680,0,0,0,0,0,0,0,0,0,0
0,1,62681,0,0,0,0,0,0,0,0,0,0
1,1,62681,0,0,0,0,0,0,0,0,0,0
0,1,62682,0,0,0,0,0,0,0,0,0,0
0,2,62682,0,0,0,0,0,0,0,0,0,0
1,1,62682,13,13,13,13,13,13,13,13,13,13
1,1,62683,0,0,0,0,0,0,0,0,0,0
2,1,62683,0,0,0,0,0,0,0,0,0,0
0,1,62684,0,0,0,0,0,0,0,0,0,0
1,1,62684,0,0,0,0,0,0,0,0,0,0
1,1,62685,16,16,16,16,16,16,16,16,16,16
1,1,62686,8,8,8,8,8,8,8,8,8,8
1,1,62687,22,22,22,22,22,22,22,22,22,22
0,1,62688,0,0,0,0,0,0,0,0,0,0
1,1,62688,0,0,0,0,0,0,0,0,0,0
1,1,62689,0,0,0,0,0,0,0,0,0,0
2,1,62689,0,0,0,0,0,0,0,0,0,0
1,1,62690,13,13,13,13,13,13,13,13,13,13
1,1,62691,0,0,0,0,0,0,0,0,0,0
2,1,62691,0,0,0,0,16,0,0,0,0,0
3,1,62691,0,0,0,0,0,0,0,0,0,0
0,1,62692,11,11,11,11,11,11,11,11,11,11
1,1,62692,0,0,0,0,0,0,0,0,0,0
1,1,62693,0,0,0,0,0,0,0,0,0,0
2,1,62693,0,0,0,0,0,0,0,0,0,0
3,1,62693,0,0,0,0,0,0,0,0,0,0
4,1,62693,0,0,0,0,0,0,0,0,0,0
5,1,62693,0,0,0,0,0,0,0,0,0,0
6,1,62693,0,0,0,0,0,0,0,0,0,0
7,1,62693,0,0,0,0,0,19,0,0,0,0
1,1,62694,39,19,6,37,17,19,17,11,18,13
2,1,62694,0,0,0,0,0,0,0,0,0,0
1,1,62695,0,0,0,0,0,0,0,0,0,0
2,1,62695,0,0,0,0,0,0,0,0,0,0
1,1,62696,14,14,14,14,14,14,14,14,14,14
1,1,62697,8,8,8,8,8,8,8,8,8,8
1,1,62698,23,23,23,23,23,23,23,23,23,23
1,1,62699,27,27,27,27,27,27,27,27,27,27
1,1,62700,17,17,17,17,17,17,17,17,17,17
2,1,62700,0,0,0,0,0,0,0,0,0,0
1,1,62701,0,0,0,0,0,0,0,0,0,0
1,1,62702,0,0,0,0,0,0,0,0,0,0
2,1,62702,0,0,0,0,0,0,0,0,0,0
3,1,62702,0,0,0,0,0,0,0,0,0,0
1,1,62703,0,0,0,0,0,0,0,0,0,0
0,1,62704,0,0,0,0,0,0,0,0,0,0
0,2,62704,0,0,0,3,0,0,0,0,0,0
1,1,62704,0,0,0,0,0,0,0,0,0,0
0,1,62705,0,0,0,0,0,0,0,0,0,0
1,1,62705,0,0,0,0,0,0,0,0,0,0
0,1,62706,0,0,0,0,0,0,0,0,0,0
1,1,62706,30,0,5,10,17,31,0,0,17,11
0,1,62707,38,38,38,38,38,38,38,38,38,38
1,1,62707,0,0,0,0,0,0,0,0,0,0
1,1,62708,10,28,6,23,17,26,13,9,8,27
1,1,62709,9,9,9,9,9,9,9,9,9,9
1,1,62710,0,0,0,0,0,0,0,0,0,0
1,1,62711,0,0,0,0,0,0,0,0,0,0
1,1,62712,0,0,0,0,0,0,0,0,0,0
2,1,62712,0,0,0,0,0,8,0,0,0,0
1,1,62713,0,0,0,0,0,0,0,0,0,0
0,1,62714,0,0,0,0,0,0,0,0,0,0
1,1,62714,0,0,0,0,0,0,0,0,0,0
0,1,62715,0,0,0,0,0,0,0,0,0,0
1,1,62715,21,21,21,21,21,21,21,21,21,21
0,1,62716,37,37,37,37,37,37,37,37,37,37
1,1,62716,0,0,0,0,0,0,0,0,0,0
1,1,62717,7,7,7,7,7,7,7,7,7,7
1,1,62718,18,18,18,18,18,18,18,18,18,18
0,1,62719,0,0,0,0,0,0,0,0,0,0
1,1,62719,0,0,0,0,0,0,0,0,0,0
1,1,62720,16,16,16,16,16,16,16,16,16,16
1,1,62721,24,24,24,24,24,24,24,24,24,24
1,1,62722,0,0,0,0,0,0,0,0,0,0
1,1,62723,0,0,0,0,0,0,0,0,0,0
1,1,62724,38,38,38,38,38,38,38,38,38,38
2,1,62724,0,0,0,0,0,0,0,0,0,0
1,1,62725,12,12,12,12,12,12,12,12,12,12
1,1,62726,12,6,0,0,0,0,0,0,0,0
2,1,62726,0,0,4,0,0,0,0,0,0,0
1,1,62727,0,0,0,0,0,0,0,0,0,0
2,1,62727,0,0,0,0,0,0,0,0,0,0
3,1,62727,0,0,0,0,0,0,0,0,0,0
4,1,62727,0,0,0,0,0,0,0,0,0,0
1,1,62728,0,0,0,0,0,0,0,0,0,0
1,1,62729,0,0,0,0,0,0,0,0,0,0
1,1,62730,28,28,28,28,28,28,28,28,28,28
2,1,62730,0,0,0,0,0,0,0,0,0,0
0,1,62731,0,0,0,0,0,0,0,0,0,0
1,1,62731,0,0,0,0,0,0,0,0,0,0
1,1,62732,0,0,0,0,0,0,0,0,0,0
2,1,62732,0,0,0,0,0,0,0,0,0,0
1,1,62733,0,0,0,0,0,0,0,0,0,0
0,1,62734,11,11,11,11,11,11,11,11,11,11
0,2,62734,35,15,12,7,13,19,24,26,26,24
1,1,62734,0,0,0,0,0,0,0,0,0,0
1,1,62735,14,14,14,14,14,14,14,14,14,14
1,1,62736,0,0,0,0,0,0,0,0,0,0
2,1,62736,0,0,0,0,0,0,0,0,0,0
1,1,62737,0,0,0,0,0,0,0,0,0,0
0,1,62738,0,0,0,0,0,0,0,0,0,0
1,1,62738,0,0,0,0,0,0,0,0,0,0
2,1,62738,0,0,10,0,8,0,0,0,9,0
0,1,62739,14,14,14,14,14,14,14,14,14,14
1,1,62739,0,0,0,7,0,0,0,0,0,0
0,1,62740,0,0,0,0,0,0,0,0,0,0
1,1,62740,19,13,0,0,0,0,0,3,0,0
1,1,62741,26,26,26,26,26,26,26,26,26,26
2,1,62741,0,0,0,0,0,0,0,0,0,0
3,1,62741,0,0,0,0,0,0,0,0,0,0
4,1,62741,0,0,0,0,0,8,0,0,0,0
1,1,62742,0,0,0,0,0,0,0,0,0,0
2,1,62742,0,0,0,0,0,0,0,0,0,0
0,1,62743,0,0,0,0,0,0,0,0,0,0
1,1,62743,0,0,0,0,0,0,0,0,0,0
1,1,62744,0,0,0,0,0,0,0,0,0,0
2,1,62744,0,0,0,0,0,0,0,0,0,0
1,1,62745,0,0,0,0,0,0,0,0,0,0
2,1,62745,0,0,0,0,0,0,0,0,0,0
3,1,62745,0,0,0,0,0,0,0,0,0,0
0,1,62746,0,0,0,0,0,0,0,0,0,0
1,1,62746,0,0,0,0,0,0,0,0,0,0
1,1,62747,0,0,0,0,0,0,0,0,0,0
2,1,62747,0,0,0,0,0,0,0,0,0,0
1,1,62748,16,16,16,16,16,16,16,16,16,16
2,1,62748,0,0,0,0,0,0,0,0,0,0
1,1,62749,31,31,31,31,31,31,31,31,31,31
2,1,62749,0,0,0,0,0,0,0,0,0,0
1,1,62750,17,17,17,17,17,17,17,17,17,17
0,1,62751,25,11,17,0,11,18,0,31,19,0
1,1,62751,9,9,9,9,9,9,9,9,9,9
2,1,62751,15,15,15,15,15,15,15,15,15,15
1,1,62752,0,0,0,0,0,0,0,0,0,0
1,1,62753,0,0,0,13,0,0,0,0,0,0
2,1,62753,0,0,0,0,0,0,0,0,0,0
1,1,62754,7,7,7,7,7,7,7,7,7,7
2,1,62754,0,0,0,0,0,0,16,0,0,0
1,1,62755,0,0,0,0,0,0,0,0,0,0
2,1,62755,0,0,0,0,0,0,0,0,0,0
0,1,62756,0,0,0,0,0,0,0,0,0,0
1,1,62756,0,2,0,0,0,0,0,0,0,0
2,1,62756,0,0,0,0,0,0,0,0,0,0
1,1,62757,0,0,0,0,0,0,0,0,0,0
2,1,62757,0,0,0,0,0,0,0,0,0,0
1,1,62758,0,0,0,0,0,0,0,0,0,0
1,1,62759,0,0,0,0,0,0,0,0,0,0
2,1,62759,0,0,0,0,0,0,0,0,0,0
1,1,62760,0,0,0,0,0,0,0,0,0,0
2,1,62760,0,0,0,0,0,0,0,0,0,0
1,1,62761,3,3,3,3,3,3,3,3,3,3
2,1,62761,0,0,0,0,0,0,0,0,0,0
1,1,62762,0,0,0,0,0,0,0,0,0,0
2,1,62762,0,0,0,0,0,0,0,0,0,0
3,1,62762,0,0,0,0,0,0,0,0,0,0
4,1,62762,0,0,0,0,0,0,0,0,0,0
0,1,62763,0,0,0,0,0,0,0,0,0,0
1,1,62763,0,0,0,0,0,0,0,0,0,0
1,1,62764,17,17,17,17,17,17,17,17,17,17
2,1,62764,12,12,12,12,12,12,12,12,12,12
1,1,62765,24,24,24,24,24,24,24,24,24,24
0,1,62766,20,20,20,20,20,20,20,20,20,20
1,1,62766,0,0,0,0,0,0,0,0,0,0
1,1,62767,0,0,0,0,0,0,0,0,0,0
1,1,62768,14,14,14,14,14,14,14,14,14,14
0,1,62769,24,24,24,24,24,24,24,24,24,24
1,1,62769,0,0,0,0,0,0,0,0,0,0
0,1,62770,0,0,0,0,0,0,0,0,0,0
1,1,62770,0,0,0,0,0,0,0,0,0,0
1,1,62771,0,0,0,0,0,0,0,0,0,0
2,1,62771,18,18,18,18,18,18,18,18,18,18
3,1,62771,0,0,0,0,0,0,0,0,0,0
1,1,62772,0,0,0,0,0,0,0,0,0,0
1,1,62773,0,0,0,0,0,0,0,0,0,0
1,1,62774,0,0,0,0,0,0,0,0,0,0
1,1,62775,0,0,0,0,0,0,0,0,0,0
1,1,62776,8,8,8,8,8,8,8,8,8,8
2,1,62776,0,0,0,0,4,0,0,0,0,0
1,1,62777,0,0,0,0,0,0,0,0,0,0
2,1,62777,0,0,0,0,8,0,0,0,0,0
0,1,62778,22,22,22,22,22,22,22,22,22,22
1,1,62778,0,0,3,0,0,0,0,0,0,0
0,1,62779,0,0,0,13,0,18,30,0,9,35
1,1,62779,0,0,0,0,0,0,0,0,0,0
0,1,62780,0,0,0,0,0,0,0,0,0,0
1,1,62780,0,0,0,0,0,0,0,0,0,0
0,1,62781,0,0,0,0,0,0,0,0,0,0
1,1,62781,0,0,0,0,0,0,0,0,0,0
0,1,62782,0,0,0,0,0,0,0,0,0,0
1,1,62782,0,0,0,0,0,0,0,0,0,0
1,1,62783,0,0,0,0,0,0,0,0,0,0
2,1,62783,0,0,0,0,0,0,0,0,0,0
1,1,62784,0,0,0,0,0,0,0,0,0,0
2,1,62784,25,25,25,25,25,25,25,25,25,25
1,1,62785,0,0,0,0,0,0,0,0,0,0
1,1,62786,0,0,0,0,0,0,0,0,0,0
1,1,62787,0,0,0,0,0,0,0,0,0,0
2,1,62787,0,0,0,0,0,0,0,0,0,0
1,1,62788,24,24,24,24,24,24,24,24,24,24
2,1,62788,0,0,0,0,0,0,0,0,0,0
1,1,62789,13,13,13,13,13,13,13,13,13,13
1,1,62790,31,31,31,31,31,31,31,31,31,31
1,1,62791,5,5,5,5,5,5,5,5,5,5
1,1,62792,0,0,0,0,0,0,0,0,0,0
0,1,62793,0,0,0,0,0,0,0,0,0,0
1,1,62793,0,0,0,0,0,0,0,0,0,0
1,1,62794,22,22,22,22,22,22,22,22,22,22
0,1,62795,0,0,0,0,0,0,0,0,0,0
1,1,62795,0,0,0,0,0,0,0,0,0,0
0,1,62796,0,0,0,0,0,0,0,0,0,0
1,1,62796,0,0,0,0,0,0,0,0,0,0
0,1,62797,0,0,0,0,0,0,0,0,0,0
1,1,62797,0,0,0,0,0,0,0,0,0,0
0,1,62798,0,0,0,0,0,0,0,0,0,0
1,1,62798,0,0,0,0,0,0,0,0,0,0
0,1,62799,0,0,0,0,0,0,0,0,0,0
1,1,62799,0,0,0,0,0,0,0,0,0,0
1,1,62800,0,0,0,0,0,0,0,0,0,0
0,1,62801,0,0,0,0,0,0,0,0,0,0
1,1,62801,6,6,6,6,6,6,6,6,6,6
1,1,62802,2,2,2,2,2,2,2,2,2,2
2,1,62802,0,0,0,0,0,0,0,0,0,0
1,1,62803,13,0,0,21,20,10,9,33,11,15
1,1,62804,0,0,0,0,0,0,0,0,0,0
2,1,62804,0,0,0,0,0,0,0,0,0,0
1,1,62805,10,10,10,10,10,10,10,10,10,10
1,1,62806,6,6,6,6,6,6,6,6,6,6
1,1,62807,0,0,0,0,0,0,0,0,0,0
0,1,62808,0,0,0,0,0,0,0,0,0,0
1,1,62808,0,11,0,0,0,0,0,0,0,0
1,1,62809,17,17,17,17,17,17,17,17,17,17
2,1,62809,0,0,0,0,0,0,0,0,0,0
1,1,62810,0,0,0,0,0,0,0,0,0,0
1,1,62811,0,0,0,0,0,0,0,0,0,0
1,1,62812,0,10,0,0,0,0,0,0,0,0
1,1,62813,0,0,0,0,0,0,0,0,0,0
1,1,62814,14,14,14,14,14,14,14,14,14,14
0,1,62815,34,34,34,34,34,34,34,34,34,34
1,1,62815,0,0,0,0,0,0,0,0,0,0
1,1,62816,0,0,0,0,0,0,0,0,0,0
2,1,62816,0,0,0,0,0,0,0,4,0,0
3,1,62816,0,0,0,0,0,0,0,0,14,0
1,1,62817,15,15,15,15,15,15,15,15,15,15
2,1,62817,0,0,0,0,0,0,0,0,0,0
0,1,62818,0,0,0,0,0,0,0,0,0,0
1,1,62818,0,0,0,0,0,0,0,0,0,0
1,1,62819,8,8,8,8,8,8,8,8,8,8
1,1,62820,21,21,21,21,21,21,21,21,21,21
1,1,62821,0,0,0,0,0,0,0,0,0,0
1,1,62822,0,0,0,0,0,0,0,0,0,0
1,1,62823,26,26,26,26,26,26,26,26,26,26
1,1,62824,0,0,0,0,0,0,0,0,0,0
1,1,62825,16,16,16,16,16,16,16,16,16,16
1,1,62826,12,12,12,12,12,12,12,12,12,12
2,1,62826,0,0,0,0,0,0,0,0,0,0
0,1,62827,0,0,0,0,0,0,0,0,0,0
1,1,62827,0,0,0,0,0,0,0,0,0,0
1,1,62828,0,0,0,0,0,0,0,0,0,0
2,1,62828,0,0,0,0,0,0,0,0,0,0
1,1,62829,0,0,0,0,0,0,0,0,0,0
2,1,62829,16,16,16,16,16,16,16,16,16,16
0,1,62830,0,0,0,0,0,0,0,0,0,0
1,1,62830,0,0,0,0,0,0,0,0,0,0
0,1,62831,0,0,0,0,0,0,0,0,0,0
1,1,62831,0,0,0,0,0,0,0,0,0,0
1,1,62832,0,0,0,0,0,0,0,0,0,0
0,1,62833,0,0,0,0,0,0,0,0,0,0
0,2,62833,0,0,0,0,0,0,0,0,0,0
0,3,62833,0,0,0,0,0,0,0,0,0,0
1,1,62833,0,0,0,0,0,0,0,0,0,0
1,1,62834,0,0,0,0,0,0,0,0,0,0
2,1,62834,0,0,0,0,0,0,9,0,0,0
1,1,62835,0,0,0,0,0,0,0,0,0,0
1,1,62836,23,23,23,23,23,23,23,23,23,23
1,1,62837,0,13,0,0,0,0,0,0,0,0
2,1,62837,0,0,0,0,0,0,0,0,0,0
1,1,62838,0,0,0,0,0,0,0,0,0,0
2,1,62838,0,0,0,0,0,0,0,0,0,0
1,1,62839,14,14,14,14,14,14,14,14,14,14
2,1,62839,0,0,0,0,0,0,0,0,0,0
0,1,62840,32,32,32,32,32,32,32,32,32,32
1,1,62840,0,0,0,0,0,0,0,0,0,0
1,1,62841,0,0,16,0,0,0,0,0,0,0
0,1,62842,21,21,21,21,21,21,21,21,21,21
1,1,62842,0,0,0,0,0,0,0,0,0,0
2,1,62842,0,0,0,0,12,0,0,0,0,0
3,1,62842,0,0,0,0,0,0,0,0,0,0
1,1,62843,0,0,0,0,0,6,0,0,0,0
2,1,62843,0,0,0,0,0,0,0,0,0,0
0,1,62844,0,0,0,0,0,0,0,0,0,0
1,1,62844,0,0,0,0,0,0,0,0,0,0
1,1,62845,0,0,0,0,0,0,0,0,0,0
2,1,62845,0,0,0,0,0,0,0,0,0,0
1,1,62846,38,38,38,38,38,38,38,38,38,38
1,1,62847,0,0,0,0,0,0,0,0,0,0
2,1,62847,0,0,0,0,0,0,0,0,0,0
3,1,62847,0,0,0,0,0,0,0,0,0,0
4,1,62847,0,0,0,0,0,0,0,0,0,0
1,1,62848,0,0,0,0,0,0,0,0,0,0
2,1,62848,0,0,0,0,0,0,0,0,0,0
1,1,62849,0,0,0,0,0,0,0,0,0,0
2,1,62849,0,0,0,0,0,0,0,0,0,0
0,1,62850,16,16,16,16,16,16,16,16,16,16
1,1,62850,0,0,0,0,0,0,0,0,0,0
0,1,62851,0,0,0,0,0,0,0,0,0,0
1,1,62851,0,0,14,0,25,17,0,0,0,0
0,1,62852,0,0,0,0,0,0,0,0,0,0
1,1,62852,0,0,0,0,0,0,0,0,0,0
1,1,62853,3,3,3,3,3,3,3,3,3,3
2,1,62853,0,0,0,0,0,0,0,0,0,0
0,1,62854,0,0,0,0,0,0,0,0,0,0
1,1,62854,0,0,0,0,0,0,0,0,0,0
1,1,62855,28,28,28,28,28,28,28,28,28,28
1,1,62856,31,31,31,31,31,31,31,31,31,31
1,1,62857,0,0,0,0,0,0,0,0,0,0
2,1,62857,3,3,3,3,3,3,3,3,3,3
0,1,62858,0,0,0,0,0,0,0,0,0,0
1,1,62858,0,0,0,0,0,0,0,0,0,0
2,1,62858,0,0,0,0,0,0,5,9,0,0
0,1,62859,0,0,0,0,0,0,0,0,0,0
1,1,62859,0,0,0,0,12,0,0,0,0,0
1,1,62860,0,0,0,0,0,0,0,6,0,0
2,1,62860,0,0,0,0,0,0,0,0,0,0
0,1,62861,0,0,34,8,0,0,0,0,0,0
1,1,62861,0,0,0,0,0,0,0,0,0,0
1,1,62862,0,0,0,0,0,0,0,0,0,0
1,1,62863,13,13,13,13,13,13,13,13,13,13
1,1,62864,0,0,0,0,0,3,0,0,0,0
2,1,62864,0,0,0,0,0,0,0,0,0,0
0,1,62865,0,0,0,0,0,0,0,0,0,0
0,2,62865,0,0,0,0,0,0,0,0,0,0
0,3,62865,0,0,0,0,0,0,0,10,0,0
1,1,62865,4,4,4,4,4,4,4,4,4,4
1,1,62866,0,0,0,0,0,0,0,0,0,0
1,1,62867,0,0,0,0,0,0,0,0,0,0
1,1,62868,0,0,0,0,0,0,0,0,0,0
2,1,62868,0,0,0,0,0,0,0,0,0,0
1,1,62869,0,0,0,0,0,0,15,0,0,0
1,1,62870,11,11,11,11,11,11,11,11,11,11
1,1,62871,0,0,0,0,0,0,0,0,0,0
1,1,62872,0,0,0,0,0,0,0,0,0,0
2,1,62872,0,0,0,0,0,0,0,0,0,0
1,1,62873,0,0,0,0,0,0,0,0,0,0
1,1,62874,21,21,21,21,21,21,21,21,21,21
1,1,62875,0,0,0,0,0,0,0,0,0,0
0,1,62876,20,15,0,9,24,17,0,0,13,8
1,1,62876,28,0,8,0,0,0,0,0,0,0
0,1,62877,26,26,26,26,26,26,26,26,26,26
1,1,62877,0,0,0,0,0,0,0,0,0,0
0,1,62878,29,20,45,25,29,0,35,18,24,26
1,1,62878,0,0,0,0,0,0,0,0,0,0
1,1,62879,0,0,0,0,0,0,0,0,0,0
2,1,62879,0,0,0,0,0,0,0,0,0,0
1,1,62880,0,0,0,0,0,0,0,0,0,0
2,1,62880,0,0,0,0,0,0,0,0,0,0
1,1,62881,33,33,33,33,33,33,33,33,33,33
1,1,62882,12,12,12,12,12,12,12,12,12,12