VEH_NO,PER_NO,ST_CASE,P1,P2,P3,P4,P5,P6,P7,P8,P9,P10
0,1,62883,26,26,26,26,26,26,26,26,26,26
1,1,62883,0,0,0,0,0,0,0,0,0,0
1,1,62884,0,0,0,0,0,0,0,0,0,0
0,1,62885,0,0,0,0,0,0,0,0,0,0
1,1,62885,0,0,0,0,0,0,0,0,0,0
0,1,62886,0,0,0,0,0,0,0,0,0,0
1,1,62886,0,0,0,0,0,0,0,0,0,0
0,1,62887,0,0,0,0,0,0,0,0,0,0
1,1,62887,0,0,0,0,0,0,0,0,0,0
0,1,62888,0,0,0,0,15,0,0,0,0,0
1,1,62888,0,0,0,0,8,0,0,0,0,0
0,1,62889,0,0,0,0,0,0,0,0,0,0
1,1,62889,0,0,0,0,0,0,6,0,0,0
1,1,62890,0,0,0,0,3,0,0,0,0,0
2,1,62890,0,0,0,0,0,0,0,0,0,0
3,1,62890,0,0,0,0,0,0,0,0,0,0
1,1,62891,0,0,0,0,0,0,0,0,0,0
2,1,62891,0,0,0,0,0,0,0,0,0,0
3,1,62891,0,0,0,0,0,0,0,0,0,0
4,1,62891,0,0,0,0,0,0,0,0,0,0
1,1,62892,18,18,18,18,18,18,18,18,18,18
0,1,62893,0,26,0,0,0,0,21,28,33,27
1,1,62893,21,21,21,21,21,21,21,21,21,21
1,1,62894,20,20,20,20,20,20,20,20,20,20
2,1,62894,0,0,0,0,0,0,0,0,0,0
1,1,62895,22,22,22,22,22,22,22,22,22,22
2,1,62895,0,0,0,0,0,0,0,0,0,0
1,1,62896,0,0,0,0,0,0,0,0,0,0
2,1,62896,0,0,0,0,0,0,0,0,0,0
1,1,62897,0,0,0,0,0,0,14,0,0,0
2,1,62897,0,0,0,0,0,0,0,0,0,0
0,1,62898,0,0,0,0,0,0,0,0,0,0
1,1,62898,0,15,3,22,0,0,0,15,0,23
1,1,62899,0,0,0,0,0,0,0,9,0,0
2,1,62899,0,0,0,0,0,0,0,0,0,0
0,1,62900,0,0,0,0,0,0,0,0,0,0
1,1,62900,0,0,0,0,0,0,0,0,0,0
1,1,62901,0,0,0,0,0,0,0,0,0,0
2,1,62901,0,0,0,0,0,0,0,0,0,0
3,1,62901,0,0,0,0,0,0,0,0,0,0
4,1,62901,0,0,0,0,0,0,0,0,0,0
1,1,62902,19,19,19,19,19,19,19,19,19,19
2,1,62902,0,0,0,0,0,0,0,0,0,0
1,1,62903,0,0,0,0,0,0,0,0,0,0
2,1,62903,0,0,0,0,0,0,0,0,0,11
1,1,62904,0,0,0,0,0,0,0,0,0,0
1,1,62905,0,0,0,0,0,0,0,0,0,0
1,1,62906,0,0,0,0,0,0,0,0,0,0
1,1,62907,0,0,0,0,0,0,0,0,0,0
1,1,62908,0,0,0,0,0,0,0,0,0,0
2,1,62908,13,13,13,13,13,13,13,13,13,13
3,1,62908,0,0,0,0,0,0,0,0,0,0
1,1,62909,0,0,0,0,0,0,0,0,0,0
1,1,62910,0,0,0,0,0,0,0,0,0,0
2,1,62910,0,0,0,0,0,0,0,0,0,0
0,1,62911,0,0,0,0,0,0,0,0,0,0
0,2,62911,0,0,0,0,0,0,16,11,0,0
1,1,62911,0,0,0,0,0,0,0,0,0,0
0,1,62912,20,20,20,20,20,20,20,20,20,20
1,1,62912,0,0,0,0,0,0,0,0,0,0
1,1,62913,0,0,0,0,0,0,0,0,0,0
2,1,62913,0,0,0,0,0,0,0,0,0,0
1,1,62914,12,12,12,12,12,12,12,12,12,12
1,1,62915,8,8,8,8,8,8,8,8,8,8
1,1,62916,0,0,0,0,0,0,0,0,0,0
2,1,62916,0,0,0,0,0,0,0,0,0,0
1,1,62917,0,0,0,0,0,0,0,0,0,0
1,1,62918,24,24,24,24,24,24,24,24,24,24
0,1,62919,0,0,0,0,0,0,0,0,0,0
1,1,62919,0,0,0,0,0,0,0,0,0,0
1,1,62920,13,13,13,13,13,13,13,13,13,13
2,1,62920,0,0,0,0,0,0,0,0,0,0
1,1,62921,11,11,11,11,11,11,11,11,11,11
0,1,62922,14,14,14,14,14,14,14,14,14,14
1,1,62922,0,0,11,22,0,0,0,0,3,0
1,1,62923,0,0,0,0,0,0,0,0,0,0
2,1,62923,0,0,0,0,0,0,0,0,0,0
1,1,62924,7,3,17,10,4,0,12,31,20,12
2,1,62924,0,0,0,0,0,0,0,0,0,0
1,1,62925,0,0,0,0,0,0,0,0,0,0
2,1,62925,0,0,0,0,0,0,0,0,0,11
1,1,62926,0,0,0,0,0,0,0,0,0,0
2,1,62926,29,29,29,29,29,29,29,29,29,29
1,1,62927,0,0,0,0,0,0,0,0,0,0
1,1,62928,0,0,0,0,0,0,0,0,0,0
0,1,62929,34,34,34,34,34,34,34,34,34,34
1,1,62929,0,0,0,0,0,0,0,0,0,0
1,1,62930,0,0,0,0,0,8,6,10,0,0
1,1,62931,0,0,0,0,0,0,0,0,0,0
2,1,62931,0,0,0,0,0,0,0,0,0,0
1,1,62932,0,0,0,0,0,0,0,0,0,0
1,1,62933,0,0,0,0,0,0,0,0,0,0
0,1,62934,26,26,26,26,26,26,26,26,26,26
1,1,62934,0,0,0,0,0,0,0,0,0,0
0,1,62935,18,23,31,0,0,0,12,20,26,20
1,1,62935,0,0,15,0,8,0,11,0,15,0
1,1,62936,0,0,0,0,0,0,0,0,0,0
2,1,62936,0,0,0,0,0,0,0,0,0,0
0,1,62937,0,0,0,0,0,0,0,0,0,0
1,1,62937,0,0,0,0,0,0,0,0,0,4
1,1,62938,12,12,12,12,12,12,12,12,12,12
0,1,62939,10,10,10,10,10,10,10,10,10,10
1,1,62939,0,0,0,0,0,0,0,0,0,0
1,1,62940,22,22,22,22,22,22,22,22,22,22
1,1,62941,0,0,0,0,0,0,0,0,0,0
1,1,62942,0,0,0,0,0,0,0,0,0,0
2,1,62942,0,0,0,0,0,0,0,0,0,0
3,1,62942,0,0,0,0,0,0,0,0,0,0
1,1,62943,0,0,0,0,0,0,0,0,0,0
2,1,62943,0,0,0,0,0,0,0,0,0,0
1,1,62944,16,16,16,16,16,16,16,16,16,16
1,1,62945,0,0,0,0,0,0,0,0,0,0
0,1,62946,4,4,4,4,4,4,4,4,4,4
1,1,62946,0,0,0,0,0,0,0,0,0,0
1,1,62947,0,0,0,0,0,0,17,0,0,0
2,1,62947,0,0,0,0,0,0,0,0,0,0
1,1,62948,0,0,0,0,0,0,0,0,0,0
2,1,62948,12,12,12,12,12,12,12,12,12,12
3,1,62948,0,0,0,0,0,0,0,0,0,0
0,1,62949,0,0,0,0,0,0,0,0,27,0
1,1,62949,0,0,0,0,0,0,0,0,0,0
0,1,62950,26,0,0,20,12,14,35,6,21,12
1,1,62950,14,14,14,14,14,14,14,14,14,14
0,1,62951,21,21,21,21,21,21,21,21,21,21
1,1,62951,0,0,0,0,0,0,0,0,22,0
1,1,62952,0,0,0,0,0,0,0,0,0,0
2,1,62952,0,0,0,0,0,0,0,0,0,0
0,1,62953,0,0,0,0,0,0,0,19,0,0
1,1,62953,0,0,0,0,0,0,0,0,0,0
0,1,62954,0,0,0,0,14,9,0,0,23,0
1,1,62954,0,0,25,0,0,0,0,0,0,0
1,1,62955,0,0,0,0,0,0,0,0,0,0
2,1,62955,0,0,0,0,0,0,0,0,0,0
1,1,62956,0,0,0,0,0,0,0,0,0,0
1,1,62957,4,4,4,4,4,4,4,4,4,4
1,1,62958,0,0,0,0,0,0,0,0,0,0
0,1,62959,0,0,0,0,0,0,0,0,0,0
1,1,62959,0,0,0,0,0,0,0,0,0,0
1,1,62960,0,0,0,0,0,0,0,0,0,0
2,1,62960,0,0,0,0,0,0,0,0,0,0
3,1,62960,0,0,0,0,0,0,0,0,0,0
4,1,62960,0,0,0,0,0,0,0,0,0,0
5,1,62960,0,0,0,0,0,0,0,0,0,0
6,1,62960,0,0,0,0,0,0,0,0,0,0
7,1,62960,0,0,0,0,0,0,0,0,0,0
8,1,62960,0,0,0,0,0,0,6,0,0,0
9,1,62960,0,0,0,0,0,0,0,0,0,0
0,1,62961,2,2,2,2,2,2,2,2,2,2
1,1,62961,0,0,0,0,24,0,0,0,0,0
1,1,62962,22,22,22,22,22,22,22,22,22,22
1,1,62963,17,17,17,17,17,17,17,17,17,17
2,1,62963,0,0,0,0,0,0,0,0,0,0
3,1,62963,0,0,0,0,0,0,0,0,0,0
4,1,62963,0,0,0,0,0,0,0,0,0,0
5,1,62963,0,0,0,0,0,0,0,0,0,0
6,1,62963,0,0,0,0,0,0,0,0,0,0
0,1,62964,0,0,0,0,0,0,0,0,0,0
1,1,62964,0,7,10,7,0,0,0,0,3,0
1,1,62965,0,0,0,0,0,0,0,0,0,0
2,1,62965,0,0,0,0,0,0,0,0,0,0
1,1,62966,0,0,0,0,0,0,0,0,0,0
1,1,62967,0,0,0,0,0,0,0,0,0,0
1,1,62968,0,0,0,0,0,0,0,0,0,0
0,1,62969,0,0,0,0,0,0,0,0,0,15
0,2,62969,0,0,0,0,0,0,0,0,0,0
1,1,62969,0,0,0,0,0,0,0,17,0,0
0,1,62970,0,0,0,0,0,0,0,0,0,0
1,1,62970,0,0,0,0,0,0,0,15,0,0
1,1,62971,11,11,11,11,11,11,11,11,11,11
0,1,62972,28,28,28,28,28,28,28,28,28,28
1,1,62972,7,23,17,4,12,30,26,17,26,12
2,1,62972,0,0,0,0,0,0,0,0,0,0
1,1,62973,12,12,12,12,12,12,12,12,12,12
2,1,62973,0,0,0,0,0,0,0,0,0,0
3,1,62973,0,0,0,0,0,0,0,0,0,0
1,1,62974,0,0,0,0,0,0,0,0,0,0
0,1,62975,0,0,0,0,0,0,0,0,0,0
1,1,62975,13,13,13,13,13,13,13,13,13,13
1,1,62976,27,27,27,27,27,27,27,27,27,27
2,1,62976,0,0,0,0,0,0,0,0,0,0
3,1,62976,0,0,0,0,0,0,0,0,0,0
0,1,62977,18,18,18,18,18,18,18,18,18,18
0,2,62977,0,0,0,10,20,0,0,12,33,0
1,1,62977,0,0,0,0,0,0,0,0,0,0
1,1,62978,0,0,0,0,0,0,0,0,0,0
1,1,62979,15,15,15,15,15,15,15,15,15,15
2,1,62979,0,0,0,0,0,0,0,0,0,0
3,1,62979,0,0,0,0,0,0,0,0,0,0
1,1,62980,20,20,20,20,20,20,20,20,20,20
2,1,62980,0,0,0,0,0,0,0,0,0,0
0,1,62981,0,0,0,0,0,0,0,0,0,0
1,1,62981,0,0,0,0,0,0,0,0,0,0
1,1,62982,0,0,0,0,0,0,0,0,0,0
1,1,62983,9,9,9,9,9,9,9,9,9,9
1,1,62984,23,23,23,23,23,23,23,23,23,23
2,1,62984,10,10,10,10,10,10,10,10,10,10
0,1,62985,23,23,23,23,23,23,23,23,23,23
1,1,62985,0,0,0,0,0,0,0,0,0,0
2,1,62985,7,0,0,0,18,0,15,8,0,18
0,1,62986,15,15,15,15,15,15,15,15,15,15
1,1,62986,0,0,0,0,0,0,0,0,0,0
1,1,62987,6,6,6,6,6,6,6,6,6,6
2,1,62987,0,0,0,0,0,0,0,0,0,0
1,1,62988,0,0,0,0,0,0,0,0,0,0
2,1,62988,0,0,0,0,0,0,0,0,0,0
1,1,62989,0,0,0,0,0,0,0,0,0,0
2,1,62989,0,0,0,0,0,0,0,0,0,0
1,1,62990,0,0,0,0,0,0,0,0,0,0
2,1,62990,0,0,0,0,0,0,0,0,0,0
1,1,62991,37,29,22,7,0,23,16,28,17,0
1,1,62992,0,0,0,0,0,0,0,0,0,0
1,1,62993,29,29,29,29,29,29,29,29,29,29
0,1,62994,0,0,0,0,0,0,0,0,0,0
0,2,62994,0,0,8,0,0,0,0,0,0,0
0,3,62994,0,0,0,0,0,0,0,0,0,0
1,1,62994,0,0,0,0,0,0,0,0,0,0
2,1,62994,0,0,0,0,0,0,0,0,0,0
1,1,62995,0,0,0,0,0,0,0,0,0,0
2,1,62995,0,0,0,0,0,0,0,0,0,0
1,1,62996,11,11,11,11,11,11,11,11,11,11
0,1,62997,8,8,8,8,8,8,8,8,8,8
1,1,62997,0,0,4,0,0,13,0,0,0,0
0,1,62998,0,0,0,0,0,0,0,0,0,0
1,1,62999,16,20,8,13,9,8,23,16,18,30
2,1,62999,0,0,0,0,0,0,0,0,0,0
0,1,63000,25,0,0,0,0,0,0,0,14,14
1,1,63000,0,0,0,0,0,0,0,0,0,0
0,1,63001,0,0,0,0,0,0,0,0,0,0
1,1,63001,23,23,23,23,23,23,23,23,23,23
1,1,63002,9,9,9,9,9,9,9,9,9,9
1,1,63003,0,0,0,0,0,0,0,22,0,0
2,1,63003,0,10,11,0,38,0,8,0,0,12
1,1,63004,0,0,0,0,0,0,9,0,11,0
2,1,63004,0,0,0,0,0,0,0,0,0,0
1,1,63005,3,3,3,3,3,3,3,3,3,3
1,1,63006,0,0,0,0,0,0,0,0,0,0
1,1,63007,0,0,0,0,0,0,0,0,0,0
2,1,63007,3,0,0,0,0,0,0,0,0,0
1,1,63008,18,18,18,18,18,18,18,18,18,18
2,1,63008,0,0,0,0,0,0,0,0,0,0
1,1,63009,0,0,0,0,0,0,0,0,0,0
2,1,63009,0,0,0,0,0,0,0,0,0,0
0,1,63010,0,0,0,0,0,0,0,0,0,0
1,1,63010,3,0,0,0,0,0,0,0,0,0
1,1,63011,0,0,0,0,0,0,0,0,0,0
2,1,63011,0,0,0,0,0,0,0,0,0,0
1,1,63012,0,0,0,0,0,0,0,0,0,0
2,1,63012,0,0,0,0,0,0,0,0,0,0
3,1,63012,0,0,0,0,0,0,0,0,0,0
4,1,63012,0,0,0,0,0,0,0,0,0,0
5,1,63012,0,0,0,0,0,0,0,0,0,0
6,1,63012,0,0,0,0,0,0,0,0,0,0
7,1,63012,0,0,0,0,0,0,0,0,0,0
8,1,63012,0,0,0,0,0,0,0,0,0,0
9,1,63012,0,0,4,14,0,2,0,0,0,0
10,1,63012,0,13,0,0,0,0,0,0,0,0
1,1,63013,0,0,0,0,0,0,0,0,0,0
0,1,63014,0,0,0,0,0,0,0,0,0,0
0,2,63014,0,11,0,0,0,0,20,0,0,0
1,1,63014,0,0,0,0,0,0,0,0,0,0
1,1,63015,15,15,15,15,15,15,15,15,15,15
1,1,63016,18,9,6,22,9,18,23,17,14,8
1,1,63017,18,0,14,12,4,20,17,25,6,7
2,1,63017,15,3,17,5,7,16,3,7,8,10
1,1,63018,17,17,17,17,17,17,17,17,17,17
2,1,63018,0,0,0,0,0,0,0,0,0,0
3,1,63018,0,0,0,0,0,0,0,0,0,19
1,1,63019,0,0,0,0,0,0,0,0,0,0
2,1,63019,0,0,0,0,0,0,0,0,0,0
3,1,63019,0,0,0,7,0,0,0,0,0,0
4,1,63019,0,0,0,0,0,0,0,0,0,0
1,1,63020,0,0,0,0,18,0,0,0,0,0
2,1,63020,0,0,0,0,0,0,0,0,0,0
0,1,63021,0,0,0,0,0,0,0,0,0,0
1,1,63021,0,6,0,0,0,20,0,0,9,0
0,1,63022,0,0,0,0,0,9,0,0,0,0
1,1,63022,0,0,0,0,0,0,0,0,0,0
1,1,63023,18,18,18,18,18,18,18,18,18,18
2,1,63023,0,0,0,0,0,0,0,0,0,0
3,1,63023,0,0,0,0,0,0,0,0,0,0
0,1,63024,31,31,31,31,31,31,31,31,31,31
1,1,63024,0,0,0,0,0,0,0,0,0,0
0,1,63025,28,28,28,28,28,28,28,28,28,28
1,1,63025,0,0,0,0,0,0,0,0,0,0
0,1,63026,20,20,20,20,20,20,20,20,20,20
1,1,63026,0,0,0,0,0,0,0,0,0,0
1,1,63027,6,6,6,6,6,6,6,6,6,6
2,1,63027,0,0,0,8,0,0,0,0,0,0
0,1,63028,0,0,0,0,0,0,0,0,0,0
1,1,63028,0,0,0,0,0,0,0,0,0,0
0,1,63029,0,0,0,0,0,0,0,0,0,0
1,1,63029,0,0,0,0,0,0,0,0,0,0
1,1,63030,0,0,0,0,0,0,0,0,0,0
1,1,63031,0,0,0,0,0,0,0,0,0,0
2,1,63031,0,0,0,0,0,0,0,0,0,0
1,1,63032,12,12,12,12,12,12,12,12,12,12
0,1,63033,0,0,0,0,0,0,0,0,0,0
1,1,63033,0,0,0,0,0,0,0,0,0,0
1,1,63034,0,0,0,0,0,0,0,0,0,0
0,1,63035,24,24,24,24,24,24,24,24,24,24
1,1,63035,0,0,0,0,0,0,0,0,0,0
1,1,63036,0,0,0,0,0,0,0,0,0,0
0,1,63037,0,0,0,0,0,0,0,0,0,0
1,1,63037,0,0,0,0,0,0,0,0,0,0
1,1,63038,0,0,0,0,0,0,0,0,0,0
2,1,63038,0,0,0,0,0,0,0,0,0,0
0,1,63039,0,0,0,0,0,0,0,0,0,0
1,1,63039,0,0,0,0,0,0,0,0,0,23
0,1,63040,36,36,36,36,36,36,36,36,36,36
1,1,63040,0,0,0,0,0,0,0,0,0,0
1,1,63041,0,0,0,0,0,6,0,0,0,0
1,1,63042,0,0,0,0,0,0,0,0,0,0
2,1,63042,0,0,0,0,0,0,0,0,0,0
0,1,63043,0,0,0,0,0,0,0,0,0,0
1,1,63043,0,0,0,4,0,0,0,0,0,0
1,1,63044,0,0,0,0,0,0,0,0,0,0
2,1,63044,0,0,0,0,0,0,0,0,0,0
1,1,63045,0,0,0,0,0,0,0,0,0,0
2,1,63045,0,0,0,0,0,0,0,0,0,0
1,1,63046,3,3,3,3,3,3,3,3,3,3
1,1,63047,0,0,0,0,0,0,0,0,0,0
2,1,63047,0,0,0,0,0,0,0,0,0,0
0,1,63048,0,0,0,0,0,0,0,0,0,0
1,1,63048,0,0,0,0,0,0,0,0,0,0
1,1,63049,0,0,0,0,0,0,0,0,0,0
1,1,63050,8,8,8,8,8,8,8,8,8,8
2,1,63050,0,0,0,0,0,0,0,0,0,0
0,1,63051,6,6,6,6,6,6,6,6,6,6
1,1,63051,0,0,0,0,0,0,0,0,0,0
1,1,63052,0,0,0,0,0,0,0,0,0,0
2,1,63052,0,0,0,0,0,0,0,0,0,0
1,1,63053,0,0,0,0,0,0,0,0,0,0
1,1,63054,0,0,0,0,0,0,0,0,0,0
2,1,63054,0,0,0,0,0,0,0,0,0,0
1,1,63055,0,6,0,0,0,0,0,7,0,0
2,1,63055,0,0,0,0,0,0,0,0,0,0
0,1,63056,0,0,0,0,0,0,0,0,0,0
1,1,63056,0,0,0,0,0,0,0,0,0,0
2,1,63056,0,0,0,0,0,0,13,0,4,0
1,1,63057,0,0,0,0,10,16,19,27,0,0
0,1,63058,0,0,0,0,0,0,0,0,0,0
1,1,63058,0,13,0,0,0,5,0,0,0,0
1,1,63059,11,17,8,2,16,20,14,17,13,28
2,1,63059,10,0,0,5,0,0,13,0,12,12
1,1,63060,13,13,13,13,13,13,13,13,13,13
2,1,63060,0,0,0,0,0,0,0,0,0,0
0,1,63061,0,0,0,0,0,0,0,0,0,0
1,1,63061,0,0,0,0,0,0,0,0,0,0
1,1,63062,0,0,0,0,0,0,0,0,0,0
2,1,63062,0,0,0,0,0,0,0,0,0,0
0,1,63063,21,21,21,21,21,21,21,21,21,21
1,1,63063,0,0,0,0,0,0,0,0,0,0
1,1,63064,0,0,0,0,0,0,0,0,0,0
2,1,63064,0,0,0,12,0,0,0,0,0,0
1,1,63065,0,0,0,0,0,0,0,0,0,0
2,1,63065,11,11,11,11,11,11,11,11,11,11
0,1,63066,0,0,0,0,0,0,0,0,0,0
1,1,63066,0,0,0,0,0,0,0,0,0,0
1,1,63067,0,0,0,0,0,0,0,0,0,0
2,1,63067,0,0,0,0,0,0,0,0,0,0
0,1,63068,0,0,0,0,0,0,0,0,0,0
1,1,63068,0,0,0,0,0,0,0,0,0,0
0,1,63069,0,0,0,0,0,0,0,0,0,0
0,2,63069,0,0,0,0,0,0,0,0,0,0
1,1,63069,0,0,0,0,0,0,0,0,0,0
2,1,63069,12,0,0,0,0,0,0,0,0,0
1,1,63070,21,7,0,13,15,13,9,5,24,17
1,1,63071,0,16,0,0,0,9,0,0,0,0
2,1,63071,0,0,0,0,6,12,0,0,0,0
1,1,63072,0,0,0,0,0,0,0,0,0,0
2,1,63072,0,0,10,0,0,11,0,0,0,0
1,1,63073,0,0,0,0,0,0,0,0,0,0
2,1,63073,0,0,0,0,0,0,0,0,0,0
1,1,63074,25,25,25,25,25,25,25,25,25,25
0,1,63075,29,29,29,29,29,29,29,29,29,29
1,1,63075,0,0,0,0,0,0,0,0,0,0
1,1,63076,0,0,0,0,0,0,0,0,0,0
2,1,63076,0,0,0,0,0,0,0,0,0,0
0,1,63077,12,12,12,12,12,12,12,12,12,12
1,1,63077,0,0,0,0,0,0,0,0,0,0
0,1,63078,12,24,18,42,5,23,20,20,23,19
1,1,63078,0,0,0,0,0,0,0,0,0,0
0,1,63079,0,0,0,0,0,0,0,0,0,0
1,1,63079,0,0,0,0,0,0,0,0,0,0
1,1,63080,0,0,0,0,0,0,0,0,0,0
2,1,63080,0,0,18,0,0,0,0,0,0,0
1,1,63081,19,20,0,0,20,34,8,28,0,21
0,1,63082,37,29,16,32,13,21,32,15,34,26
1,1,63082,0,10,7,28,14,8,13,31,13,24
1,1,63083,0,22,0,0,0,0,0,0,0,0
0,1,63084,0,0,0,0,0,0,0,0,0,0
1,1,63084,19,0,0,0,0,0,0,0,0,0
1,1,63085,0,0,0,0,0,0,0,0,0,0
2,1,63085,10,0,0,0,0,0,0,0,0,0
0,1,63086,0,20,0,0,19,0,0,18,0,0
1,1,63086,0,0,0,0,0,0,0,0,0,0
1,1,63087,14,0,0,23,0,0,6,0,5,5
2,1,63087,0,0,0,0,0,0,0,0,0,0
1,1,63088,0,0,0,0,0,0,0,0,0,0
2,1,63088,0,0,0,0,0,0,0,0,0,0
1,1,63089,0,0,0,0,0,0,0,0,0,0
2,1,63089,0,0,0,0,0,0,0,0,0,0
3,1,63089,0,0,0,0,0,0,0,0,0,0
1,1,63090,0,0,0,0,0,0,0,0,0,0
2,1,63090,1,1,1,1,1,1,1,1,1,1
3,1,63090,0,0,0,0,0,0,0,0,0,0
1,1,63091,0,0,0,0,0,0,0,0,0,0
2,1,63091,0,0,0,0,0,0,0,0,0,0
1,1,63092,10,10,10,10,10,10,10,10,10,10
0,1,63093,0,0,0,0,0,0,0,0,0,0
1,1,63093,0,0,6,0,16,0,0,0,0,0
0,1,63094,0,0,0,0,0,0,0,0,0,0
0,2,63094,0,0,0,0,0,0,0,0,0,0
1,1,63094,0,0,0,0,0,0,0,0,0,0
1,1,63095,0,0,0,0,0,0,0,0,0,0
2,1,63095,0,0,0,0,0,0,0,0,0,0
1,1,63096,23,23,23,23,23,23,23,23,23,23
1,1,63097,0,0,0,0,0,0,0,0,0,0
1,1,63098,0,0,0,0,0,0,0,0,0,0
2,1,63098,0,0,0,0,0,0,0,0,0,0
3,1,63098,0,0,0,0,0,0,0,0,0,0
4,1,63098,0,0,0,0,0,0,0,0,0,0
5,1,63098,0,0,0,0,0,0,0,0,0,0
1,1,63099,21,21,21,21,21,21,21,21,21,21
1,1,63100,0,0,0,0,0,0,0,0,0,0
0,1,63101,21,21,21,21,21,21,21,21,21,21
1,1,63101,0,0,0,0,0,0,0,0,0,0
0,1,63102,0,0,0,0,0,0,0,0,0,0
1,1,63102,0,0,0,0,0,0,0,0,0,0
1,1,63103,22,22,22,22,22,22,22,22,22,22
1,1,63104,20,20,20,20,20,20,20,20,20,20
0,1,63105,18,32,0,0,0,0,0,0,5,29
1,1,63105,0,17,0,0,0,18,0,0,0,0
1,1,63106,0,0,0,0,0,0,0,0,0,0
1,1,63107,0,0,0,0,0,0,0,0,0,0
2,1,63107,0,0,0,0,0,0,0,0,0,0
1,1,63108,4,4,4,4,4,4,4,4,4,4
2,1,63108,0,0,0,0,0,0,0,0,0,0
0,1,63109,0,0,0,0,0,0,8,0,0,0
1,1,63109,0,0,0,0,12,0,12,5,0,0
0,1,63110,7,7,7,7,7,7,7,7,7,7
1,1,63110,0,0,0,0,0,0,9,0,0,0
1,1,63111,0,0,0,0,0,0,0,0,0,0
1,1,63112,19,19,19,19,19,19,19,19,19,19
2,1,63112,0,0,0,0,0,0,0,0,0,0
3,1,63112,0,0,0,0,0,0,0,0,7,0
4,1,63112,0,0,0,0,0,0,0,6,10,0
5,1,63112,0,0,0,0,0,0,0,0,0,0
0,1,63113,0,0,0,0,0,0,0,0,0,0
1,1,63113,0,0,0,0,0,0,0,0,0,0
1,1,63114,0,0,0,0,0,0,0,0,0,0
2,1,63114,0,0,0,0,0,0,0,0,0,0
1,1,63115,0,13,0,0,0,0,0,0,0,0
1,1,63116,0,0,0,0,0,0,0,0,0,0
1,1,63117,2,2,2,2,2,2,2,2,2,2
1,1,63118,0,0,0,0,0,0,0,0,0,0
2,1,63118,0,0,0,0,0,0,0,0,0,0
0,1,63119,6,6,6,6,6,6,6,6,6,6
1,1,63119,0,0,13,0,0,0,0,0,0,0
1,1,63120,27,9,4,6,21,12,11,13,16,13
2,1,63120,0,9,10,10,6,10,24,7,9,17
1,1,63121,0,0,0,0,0,0,0,0,0,0
1,1,63122,10,10,10,10,10,10,10,10,10,10
2,1,63122,0,0,0,0,0,0,0,0,0,0
3,1,63122,0,0,0,0,0,0,0,0,0,0
4,1,63122,0,0,0,0,0,0,0,0,0,0
0,1,63123,3,3,3,3,3,3,3,3,3,3
1,1,63123,0,0,0,0,0,0,0,0,0,0
1,1,63124,0,0,0,0,0,0,0,0,0,0
2,1,63124,0,0,0,0,0,0,0,0,0,0
1,1,63125,0,14,22,0,0,0,0,0,0,3
1,1,63126,0,0,0,0,0,0,0,0,0,0
2,1,63126,0,0,0,0,0,0,0,0,0,0
1,1,63127,0,0,0,0,0,0,0,0,0,0
2,1,63127,0,0,0,0,0,0,0,0,0,0
1,1,63128,0,0,0,0,0,0,0,0,0,0
2,1,63128,0,0,0,0,0,0,0,0,0,0
1,1,63129,14,14,14,14,14,14,14,14,14,14
2,1,63129,0,0,0,0,0,0,0,0,0,0
1,1,63130,0,0,0,0,0,0,0,0,0,0
2,1,63130,0,0,0,0,0,0,0,0,0,0
1,1,63131,0,0,0,0,0,0,0,0,0,0
2,1,63131,0,0,0,0,0,0,0,0,0,0
1,1,63132,17,17,17,17,17,17,17,17,17,17
1,1,63133,0,0,0,0,0,0,0,0,0,0
1,1,63134,0,0,0,0,0,0,0,9,0,0
1,1,63135,0,0,0,0,0,0,0,0,0,0
0,1,63136,0,0,0,0,0,0,0,0,0,0
1,1,63136,0,0,0,0,0,0,0,0,0,0
0,1,63137,2,2,2,2,2,2,2,2,2,2
1,1,63137,0,0,0,0,0,12,0,4,0,0
1,1,63138,10,0,0,0,0,0,0,0,0,0
1,1,63139,17,17,17,17,17,17,17,17,17,17
0,1,63140,0,0,0,0,0,0,0,0,0,0
0,2,63140,0,0,0,0,0,0,0,0,0,0
0,3,63140,0,0,0,0,0,0,0,0,0,0
0,4,63140,0,0,10,0,0,0,0,0,0,0
0,5,63140,0,0,0,0,0,0,0,0,0,0
1,1,63140,0,0,0,0,0,0,0,0,0,0
1,1,63141,0,0,0,11,25,0,4,0,0,11
2,1,63141,0,0,0,0,0,0,0,0,0,0
0,1,63142,27,27,27,27,27,27,27,27,27,27
1,1,63142,0,0,0,0,0,0,0,0,0,0
1,1,63143,14,14,14,14,14,14,14,14,14,14
1,1,63144,0,0,0,0,0,0,0,0,0,0
1,1,63145,0,0,0,0,0,0,0,0,0,0
2,1,63145,0,0,0,4,22,0,0,9,0,0